lesion_id,area_mm2,diam_eq_mm,diam_max_mm,WSI,n_patches_lesion,median_occupancy,stage,n_slide_patches,pi,auc_vs_surround,mean_score_lesion,mean_score_surround,sd_score_surround,d_cohen,beta_hat,r_hat,above_detection_boundary
0,0.11633706061643848,0.3848700379285209,0.8661836576063128,tumor_001,5,0.328125,micro,6500,0.0007692307692307692,0.948565257636532,0.15602292120456696,-0.0871708020567894,0.059388235211372375,4.0949811935424805,0.8166834808563711,0.9549952295276987,True
1,0.5554977821884688,0.8410004419113218,1.3203183557836085,tumor_001,13,0.84375,micro,6500,0.002,0.9724681366150049,0.15080365538597107,-0.0871708020567894,0.059388235211372375,4.0070977210998535,0.7078498124364339,0.9144442773526675,True
0,0.05659547749036523,0.26843919235816105,0.5667176062375168,tumor_002,4,0.1171875,micro,2661,0.001503194287861706,0.938088069251035,0.05177375674247742,-0.1062922552227974,0.06138085573911667,2.5751678943634033,0.8242183640274727,0.42043527634163763,True
0,0.29280891735878906,0.6105865152722425,0.8878879722090118,tumor_003,9,0.53125,micro,3147,0.002859866539561487,0.9266120160403137,0.04439727962017059,-0.07536939531564713,0.06412097066640854,1.867823839187622,0.7271953463541679,0.21658040357957442,False
1,0.0025934777579190676,0.05746406215865395,0.06787414562445704,tumor_003,0,0.0,ITC,3147,0.0,,,-0.07536939531564713,0.06412097066640854,,,,
2,0.09029405759467676,0.3390663132547036,0.5146224258862026,tumor_003,4,0.234375,micro,3147,0.001271051795360661,0.7716384541679975,-0.013718947768211365,-0.07536939531564713,0.06412097066640854,0.961470901966095,0.8278794271020884,0.05738780594372703,False
3,0.006586350414545654,0.09157511563346431,0.16872270858599128,tumor_003,1,0.03125,ITC,3147,0.00031776294884016526,0.8492494410731396,-0.008344411849975586,-0.07536939531564713,0.06412097066640854,1.0452896356582642,1.0,0.06782981289765971,False
4,0.0030530636429985354,0.06234806623191238,0.08910101827385525,tumor_003,1,0.19723473489284515,ITC,3147,0.00031776294884016526,0.988502076014053,0.08406133949756622,-0.07536939531564713,0.06412097066640854,2.486405611038208,1.0,0.38378790592076784,False
5,0.002349308261597168,0.054692158317610165,0.07534498300681626,tumor_003,0,0.0,ITC,3147,0.0,,,-0.07536939531564713,0.06412097066640854,,,,
6,0.0008697264210944824,0.0332771704391837,0.04367260484174502,tumor_003,0,0.0,ITC,3147,0.0,,,-0.07536939531564713,0.06412097066640854,,,,
7,0.0005167096512528076,0.025649467072853375,0.03682602996601767,tumor_003,0,0.0,ITC,3147,0.0,,,-0.07536939531564713,0.06412097066640854,,,,
8,0.0010535461310895997,0.03662535455536252,0.0458446167666643,tumor_003,1,0.06806143373250961,ITC,3147,0.00031776294884016526,0.11306291919514531,-0.14970754086971283,-0.07536939531564713,0.06412097066640854,-1.1593421697616577,1.0,0.08343928940009683,False
9,0.0009052458938854981,0.033949887625795566,0.04496888374469594,tumor_003,0,0.0,ITC,3147,0.0,,,-0.07536939531564713,0.06412097066640854,,,,
10,0.003143013607480957,0.06325985468435313,0.09046713273447957,tumor_003,0,0.0,ITC,3147,0.0,,,-0.07536939531564713,0.06412097066640854,,,,
11,0.0055960815868615725,0.08441061764941929,0.15516610051241156,tumor_003,0,0.0,ITC,3147,0.0,,,-0.07536939531564713,0.06412097066640854,,,,
12,0.008078246768302735,0.1014176672850055,0.20618161565813495,tumor_003,0,0.0,micro,3147,0.0,,,-0.07536939531564713,0.06412097066640854,,,,
13,0.0004411281278023682,0.02369940456241384,0.037447071251697085,tumor_003,0,0.0,ITC,3147,0.0,,,-0.07536939531564713,0.06412097066640854,,,,
0,1.8560874185969767,1.5372845864845839,2.077244158158514,tumor_004,40,1.0,macro,4196,0.009532888465204958,0.8747049614643545,0.04484894126653671,-0.07742693275213242,0.06685065478086472,1.8290901184082031,0.5577883675966562,0.20052841002786753,True
1,0.0018697971845549927,0.0487924145335101,0.06600160388959805,tumor_004,0,0.0,ITC,4196,0.0,,,-0.07742693275213242,0.06685065478086472,,,,
2,0.00126076996845813,0.0400657232638498,0.06288418195491793,tumor_004,0,0.0,ITC,4196,0.0,,,-0.07742693275213242,0.06685065478086472,,,,
3,0.0016356941767924804,0.04563584675433573,0.06887822750964956,tumor_004,0,0.0,ITC,4196,0.0,,,-0.07742693275213242,0.06685065478086472,,,,
4,0.006581140933292358,0.09153889274916487,0.16513161074200353,tumor_004,1,0.109375,ITC,4196,0.00023832221163012392,0.9034200385356455,0.012120723724365234,-0.07742693275213242,0.06685065478086472,1.3395180702209473,1.0,0.10754812831949202,False
5,0.069093252603167,0.29660118254775714,0.4563429111878699,tumor_004,3,0.28125,micro,4196,0.0007149666348903718,0.9409120102761721,0.041326988488435745,-0.07742693275213242,0.06685065478086472,1.7764062881469727,0.8683017052757037,0.18914301476990192,False
6,0.007840558699833251,0.09991451040487066,0.219118346512855,tumor_004,0,0.0,micro,4196,0.0,,,-0.07742693275213242,0.06685065478086472,,,,
0,0.013769949676238525,0.1324101372886534,0.1535667718746474,tumor_005,1,0.34375,ITC,1277,0.0007830853563038371,0.99213217938631,0.11906544864177704,-0.0283477995544672,0.07824008166790009,1.8841142654418945,1.0,0.24816506738610075,False
1,0.11922075382244239,0.3896108036488073,0.6793594476637287,tumor_005,5,0.71875,micro,1277,0.003915426781519186,0.9948072383949645,0.1498953253030777,-0.0283477995544672,0.07824008166790009,2.278156280517578,0.7749751939097438,0.36282165442398145,True
2,0.004164856091160645,0.07282073518852201,0.08078891995645691,tumor_005,0,0.0,ITC,1277,0.0,,,-0.0283477995544672,0.07824008166790009,,,,
3,0.0035292602813620606,0.06703427297952386,0.0997220280871334,tumor_005,0,0.0,ITC,1277,0.0,,,-0.0283477995544672,0.07824008166790009,,,,
0,0.010091330514052735,0.11335202278514733,0.1873348030620788,tumor_006,1,0.15625,ITC,5606,0.00017838030681412772,1.0,0.34154629707336426,-0.04302111268043518,0.06551734358072281,5.869703769683838,1.0,1.9957743266320849,True
1,0.05552103272739258,0.26587887173119157,0.624122277627087,tumor_006,4,0.0859375,micro,5606,0.0007135212272565109,0.9973651304037157,0.24885869026184082,-0.04302111268043518,0.06551734358072281,4.455000400543213,0.8393929829399068,1.1496735993980585,True
2,0.01745328817405371,0.14907117994053629,0.30204979395020204,tumor_006,1,0.3125,micro,5606,0.00017838030681412772,0.9994640943193998,0.21292611956596375,-0.04302111268043518,0.06551734358072281,3.9065568447113037,1.0,0.8840307261526287,False
3,0.05435157771976465,0.26306382889244,0.3260028041993215,tumor_006,2,0.671875,micro,5606,0.00035676061362825543,0.9999106823865667,0.29985547065734863,-0.04302111268043518,0.06551734358072281,5.233371257781982,0.9196964914699534,1.5865075874766141,True
4,0.0015291467724418946,0.044124484590498746,0.07222650607019739,tumor_006,0,0.0,ITC,5606,0.0,,,-0.04302111268043518,0.06551734358072281,,,,
0,0.002067692447640564,0.05130952923859471,0.06449807787833682,tumor_007,0,0.0,ITC,2948,0.0,,,-0.0801258459687233,0.07793489843606949,,,,
1,0.029423598248050048,0.19355435628736847,0.41548338685921005,tumor_007,3,0.109375,micro,2948,0.0010176390773405698,0.9994332993312932,0.16436150670051575,-0.0801258459687233,0.07793489843606949,3.137071371078491,0.8624823531210474,0.615932021226359,True
2,0.00231787992870813,0.05432509903515235,0.08763174339244884,tumor_007,0,0.0,ITC,2948,0.0,,,-0.0801258459687233,0.07793489843606949,,,,
3,0.00045450015300000003,0.024055925837260596,0.027183435875547446,tumor_007,0,0.0,ITC,2948,0.0,,,-0.0801258459687233,0.07793489843606949,,,,
4,0.0014217806218463746,0.042547236240124395,0.08418178919504318,tumor_007,0,0.0,ITC,2948,0.0,,,-0.0801258459687233,0.07793489843606949,,,,
5,0.007371605476950348,0.09688043972567163,0.12023388277260892,tumor_007,1,0.4762221872806549,ITC,2948,0.00033921302578018993,1.0,0.19277644157409668,-0.0801258459687233,0.07793489843606949,3.5016698837280273,1.0,0.7674222491844029,False
6,0.0034561624695324555,0.06633643590997529,0.08985901094586189,tumor_007,0,0.0,ITC,2948,0.0,,,-0.0801258459687233,0.07793489843606949,,,,
7,0.09776341643318043,0.35281191565923165,0.627895683805041,tumor_007,3,0.515625,micro,2948,0.0010176390773405698,0.911934716082965,0.12306982278823853,-0.0801258459687233,0.07793489843606949,2.6072487831115723,0.8624823531210474,0.42545039477962954,True
8,0.0010319077423519135,0.03624728602365755,0.056323031847989924,tumor_007,0,0.0,ITC,2948,0.0,,,-0.0801258459687233,0.07793489843606949,,,,
0,0.013721960163077683,0.13217920528930058,0.18376745466485625,tumor_008,0,0.0,ITC,4376,0.0,,,-0.050963085144758224,0.06829361617565155,,,,
1,0.0057375269421030125,0.08547073295385368,0.11523182220583565,tumor_008,0,0.0,ITC,4376,0.0,,,-0.050963085144758224,0.06829361617565155,,,,
2,0.003875809434128174,0.07024837250349367,0.11646869491778189,tumor_008,1,0.25038594007492065,ITC,4376,0.00022851919561243144,0.9042066758116141,0.041488662362098694,-0.050963085144758224,0.06829361617565155,1.3537392616271973,1.0,0.10929353279055086,False
3,0.008035734633750412,0.10115045776806428,0.13539422379057522,tumor_008,1,0.125,ITC,4376,0.00022851919561243144,0.9670781893004116,0.08839298784732819,-0.050963085144758224,0.06829361617565155,2.0405433177948,1.0,0.24832248877910912,False
4,0.0015222547055391998,0.044024934846649,0.058907683495760255,tumor_008,0,0.0,ITC,4376,0.0,,,-0.050963085144758224,0.06829361617565155,,,,
5,0.002224200034524353,0.05321596977748052,0.07875785666136755,tumor_008,0,0.0,ITC,4376,0.0,,,-0.050963085144758224,0.06829361617565155,,,,
6,0.0012124474685292206,0.03929040675337232,0.07250092160804238,tumor_008,0,0.0,ITC,4376,0.0,,,-0.050963085144758224,0.06829361617565155,,,,
0,0.7847762842178614,0.9996040210185744,1.52118666878554,tumor_009,17,1.0,micro,4838,0.003513848697809012,0.9893142704277265,0.12223444133996964,-0.10112672299146652,0.06095670908689499,3.6642589569091797,0.6660622789731366,0.7912769610838828,True
1,20.10663463075766,5.059699825426617,6.352408092098951,tumor_009,350,1.0,macro,4838,0.07234394377842084,0.9833617267017974,0.0847904235124588,-0.10112672299146652,0.06095670908689499,3.0499866008758545,0.30955257865074626,0.5482164557328741,True
2,0.062345931068221436,0.2817468808867138,0.41589089343215174,tumor_009,2,0.375,micro,4838,0.00041339396444811904,0.9305204648812532,0.0684729516506195,-0.10112672299146652,0.06095670908689499,2.782297134399414,0.9183019555170528,0.4562083412766056,False
3,0.10974811776914795,0.3738123105302057,1.0328628389172119,tumor_009,5,0.390625,micro,4838,0.0010334849111202976,0.9898433552299141,0.11224417388439178,-0.10112672299146652,0.06095670908689499,3.5003676414489746,0.8103030152176878,0.7220770228495665,True
4,0.06828019975728589,0.2948508952901324,0.4181406483464107,tumor_009,2,0.3046875,micro,4838,0.00041339396444811904,0.9834512379989894,0.0752035528421402,-0.10112672299146652,0.06095670908689499,2.8927130699157715,0.9183019555170528,0.4931362410080272,False
5,29.095275523605665,6.08648136131376,8.027529658977322,tumor_009,504,1.0,macro,4838,0.10417527904092601,0.9741196251112876,0.08881871402263641,-0.10112672299146652,0.06095670908689499,3.1160709857940674,0.2665737854740366,0.5722303521658668,True
0,0.01662504184459424,0.145491101822119,0.28314311392457253,tumor_010,2,0.1796875,micro,3687,0.0005424464334147003,0.991180461329715,0.13112609088420868,-0.06638094782829285,0.07376381754875183,2.6775598526000977,0.9155992197630909,0.43648505659918746,False
1,0.0027568425757148437,0.05924627402638651,0.07768068358856728,tumor_010,0,0.0,ITC,3687,0.0,,,-0.06638094782829285,0.07376381754875183,,,,
2,0.004957540711792053,0.07944895769541692,0.11119299911069501,tumor_010,0,0.0,ITC,3687,0.0,,,-0.06638094782829285,0.07376381754875183,,,,
0,0.0036167380014572757,0.0678599576068378,0.11385180923854472,tumor_011,1,0.2336493581533432,ITC,4050,0.0002469135802469136,0.9957772499340195,0.12581932544708252,-0.08598459511995316,0.05766017735004425,3.673313617706299,1.0,0.812212012148798,False
1,0.020553327401326173,0.16176930865667097,0.3610201336786975,tumor_011,2,0.171875,micro,4050,0.0004938271604938272,0.9856162575877541,0.11028500646352768,-0.08598459511995316,0.05766017735004425,3.403902053833008,0.9165533613789236,0.6974410416821445,True
2,0.01616351474526416,0.1434574018849506,0.23940606191385136,tumor_011,1,0.421875,micro,4050,0.0002469135802469136,0.9852203747690683,0.07345330715179443,-0.08598459511995316,0.05766017735004425,2.765130043029785,1.0,0.4602401601724814,False
3,0.005799281103692139,0.08592947126717475,0.11391177455597809,tumor_011,1,0.37464651465415955,ITC,4050,0.0002469135802469136,0.9986803906043811,0.18217061460018158,-0.08598459511995316,0.05766017735004425,4.650613784790039,1.0,1.301888946258578,True
4,0.017163814983143556,0.14782979393564838,0.22976237895704335,tumor_011,1,0.46875,micro,4050,0.0002469135802469136,0.9973607812087623,0.15963824093341827,-0.08598459511995316,0.05766017735004425,4.259835243225098,1.0,1.092292609285221,True
5,0.019427748554203858,0.15727739101467741,0.22307095586158232,tumor_011,1,0.734375,micro,4050,0.0002469135802469136,0.9920823436262867,0.10014383494853973,-0.08598459511995316,0.05766017735004425,3.2280240058898926,1.0,0.627230115370377,False
6,0.0025063075366446533,0.056490086448187926,0.07209797997012048,tumor_011,0,0.0,ITC,4050,0.0,,,-0.08598459511995316,0.05766017735004425,,,,
7,0.016439210042807375,0.14467567974856652,0.24251176676646116,tumor_011,1,0.375,micro,4050,0.0002469135802469136,0.9986803906043811,0.1784047782421112,-0.08598459511995316,0.05766017735004425,4.585302829742432,1.0,1.2655795165025483,True
8,0.0009477288922758179,0.03473738480849735,0.0387618720612378,tumor_011,0,0.0,ITC,4050,0.0,,,-0.08598459511995316,0.05766017735004425,,,,
9,0.004273343931283814,0.07376306990333695,0.13367601258963108,tumor_011,0,0.0,ITC,4050,0.0,,,-0.08598459511995316,0.05766017735004425,,,,
10,0.004856802465456299,0.07863760525337858,0.10283954076618583,tumor_011,0,0.0,ITC,4050,0.0,,,-0.08598459511995316,0.05766017735004425,,,,
11,0.014484586782084962,0.1358026092536473,0.14906035599677991,tumor_011,1,0.15625,ITC,4050,0.0002469135802469136,0.9936658749010293,0.10967792570590973,-0.08598459511995316,0.05766017735004425,3.393373727798462,1.0,0.6931333202935452,False
12,0.05373610930078418,0.26157014229833153,0.40405712162622304,tumor_011,2,0.296875,micro,4050,0.0004938271604938272,0.9985484296648192,0.1788027584552765,-0.08598459511995316,0.05766017735004425,4.592205047607422,0.9165533613789236,1.2693925166310147,True
13,0.07315003080217529,0.30518439002662767,0.5500097641722292,tumor_011,2,0.6015625,micro,4050,0.0004938271604938272,0.9912905779889153,0.09895582497119904,-0.08598459511995316,0.05766017735004425,3.2074203491210938,0.9165533613789236,0.6192487675677412,True
14,0.05205942052873682,0.2574570117382419,0.4171806314239073,tumor_011,1,0.6875,micro,4050,0.0002469135802469136,0.9984164687252574,0.17458942532539368,-0.08598459511995316,0.05766017735004425,4.5191330909729,1.0,1.2293163391327722,True
15,0.0867319395866455,0.3323109015264142,0.4340666359500578,tumor_011,3,0.625,micro,4050,0.0007407407407407407,0.9882994633588458,0.1305195838212967,-0.08598459511995316,0.05766017735004425,3.7548303604125977,0.8677402069743642,0.8486605844053942,True
16,0.002993312336883728,0.06173494664340436,0.09541982983728847,tumor_011,0,0.0,ITC,4050,0.0,,,-0.08598459511995316,0.05766017735004425,,,,
17,0.0019906588536333617,0.05034466776653872,0.06304406345570597,tumor_011,0,0.0,ITC,4050,0.0,,,-0.08598459511995316,0.05766017735004425,,,,
18,0.041597878070803715,0.23013922598466116,0.4054463661830721,tumor_011,2,0.40625,micro,4050,0.0004938271604938272,0.9943256795988388,0.12736515700817108,-0.08598459511995316,0.05766017735004425,3.7001233100891113,0.9165533613789236,0.8241111416485514,True
19,0.06960465768351709,0.2976968301148135,0.5374042753963236,tumor_011,3,0.546875,micro,4050,0.0007407407407407407,0.9901469165127122,0.11152821034193039,-0.08598459511995316,0.05766017735004425,3.4254629611968994,0.8677402069743642,0.70630444985382,True
20,0.004538775756494202,0.07601939737891686,0.10641310714022655,tumor_011,0,0.0,ITC,4050,0.0,,,-0.08598459511995316,0.05766017735004425,,,,
21,0.0019669686572092895,0.0500442032368734,0.07995595504557493,tumor_011,0,0.0,ITC,4050,0.0,,,-0.08598459511995316,0.05766017735004425,,,,
22,0.003271316380408081,0.06453812345331607,0.08076219696595255,tumor_011,0,0.0,ITC,4050,0.0,,,-0.08598459511995316,0.05766017735004425,,,,
23,0.01019036705427356,0.11390688437872168,0.15375991815570791,tumor_011,0,0.0,ITC,4050,0.0,,,-0.08598459511995316,0.05766017735004425,,,,
24,0.003982524629326172,0.07120890285589175,0.09736451912576281,tumor_011,0,0.0,ITC,4050,0.0,,,-0.08598459511995316,0.05766017735004425,,,,
25,0.0030189646907797852,0.06199891312321519,0.0896028603332559,tumor_011,1,0.19503186643123627,ITC,4050,0.0002469135802469136,0.9970968593296384,0.14309577643871307,-0.08598459511995316,0.05766017735004425,3.9729392528533936,1.0,0.9501173303560525,False
26,0.013340617364664185,0.13032958827476987,0.17926482291474047,tumor_011,1,0.171875,ITC,4050,0.0002469135802469136,0.9883874373185537,0.08359162509441376,-0.08598459511995316,0.05766017735004425,2.9409592151641846,1.0,0.520632642748447,False
27,0.0016551544227533569,0.04590651439276211,0.06379949979544747,tumor_011,0,0.0,ITC,4050,0.0,,,-0.08598459511995316,0.05766017735004425,,,,
28,0.004053669988529663,0.07184213896246477,0.1024625179994988,tumor_011,0,0.0,ITC,4050,0.0,,,-0.08598459511995316,0.05766017735004425,,,,
29,0.012776357597937013,0.1275435758138016,0.20924042698594827,tumor_011,2,0.0390625,micro,4050,0.0004938271604938272,0.9965690155713909,0.16007399559020996,-0.08598459511995316,0.05766017735004425,4.267392158508301,0.9165533613789236,1.0961714843258812,True
30,0.029634818640240236,0.19424783909688312,0.3258907463019624,tumor_011,2,0.421875,micro,4050,0.0004938271604938272,0.9969648983900765,0.13834473490715027,-0.08598459511995316,0.05766017735004425,3.8905415534973145,0.9165533613789236,0.9111156510097789,True
31,0.02176658024592041,0.16647543579386448,0.23702233577502774,tumor_011,1,0.359375,micro,4050,0.0002469135802469136,0.9960411718131433,0.12695816159248352,-0.08598459511995316,0.05766017735004425,3.6930644512176514,1.0,0.8209697677890236,False
32,0.001682154700541565,0.04627943263580115,0.05690323008641053,tumor_011,0,0.0,ITC,4050,0.0,,,-0.08598459511995316,0.05766017735004425,,,,
33,0.0016270576082067262,0.04551520722056547,0.06440371073160303,tumor_011,0,0.0,ITC,4050,0.0,,,-0.08598459511995316,0.05766017735004425,,,,
34,0.003669540807319519,0.06835352563619967,0.0811958601243147,tumor_011,0,0.0,ITC,4050,0.0,,,-0.08598459511995316,0.05766017735004425,,,,
35,0.014833748074623048,0.1374296716333454,0.2025035975623118,tumor_011,1,0.453125,micro,4050,0.0002469135802469136,0.9973607812087623,0.15876005589962006,-0.08598459511995316,0.05766017735004425,4.244604587554932,1.0,1.084495785782192,True
36,0.0010490202040012208,0.03654660048432004,0.046385869167043764,tumor_011,0,0.0,ITC,4050,0.0,,,-0.08598459511995316,0.05766017735004425,,,,
37,0.004452533585546265,0.07529370382295553,0.1246552909791137,tumor_011,0,0.0,ITC,4050,0.0,,,-0.08598459511995316,0.05766017735004425,,,,
38,9.634426046081543e-06,0.003502418055100998,0.011498227313612072,tumor_011,0,0.0,ITC,4050,0.0,,,-0.08598459511995316,0.05766017735004425,,,,
39,0.005634947217706787,0.08470323270147168,0.11717407210678414,tumor_011,1,0.3640301823616028,ITC,4050,0.0002469135802469136,0.9997360781208762,0.23664893209934235,-0.08598459511995316,0.05766017735004425,5.595430850982666,1.0,1.8846055102982178,True
40,0.0012387667879802857,0.039714567367164645,0.05856181866639681,tumor_011,0,0.0,ITC,4050,0.0,,,-0.08598459511995316,0.05766017735004425,,,,
41,0.005043221160386352,0.08013256899818612,0.10704946058871936,tumor_011,0,0.0,ITC,4050,0.0,,,-0.08598459511995316,0.05766017735004425,,,,
42,0.006225397731571289,0.08903045868432412,0.1777535034148413,tumor_011,1,0.078125,ITC,4050,0.0002469135802469136,0.9984164687252574,0.1733817309141159,-0.08598459511995316,0.05766017735004425,4.498188495635986,1.0,1.2179478455043016,True
43,0.015749785202091065,0.14160949594002173,0.25173986720306857,tumor_011,1,0.140625,micro,4050,0.0002469135802469136,0.9899709685932964,0.08824530243873596,-0.08598459511995316,0.05766017735004425,3.021667718887329,1.0,0.5496000966103998,False
44,0.002273870886328125,0.05380689855487828,0.09578596732986167,tumor_011,1,0.14689713716506958,ITC,4050,0.0002469135802469136,0.9989443124835049,0.1877879947423935,-0.08598459511995316,0.05766017735004425,4.748035907745361,1.0,1.3570047877561495,True
45,0.004147798642859619,0.07267146108127803,0.09498998681604189,tumor_011,0,0.0,ITC,4050,0.0,,,-0.08598459511995316,0.05766017735004425,,,,
46,0.0043553407984519045,0.0744673897446888,0.10841714631129015,tumor_011,0,0.0,ITC,4050,0.0,,,-0.08598459511995316,0.05766017735004425,,,,
47,0.004381574606957154,0.07469132518428949,0.1518579404418814,tumor_011,0,0.0,ITC,4050,0.0,,,-0.08598459511995316,0.05766017735004425,,,,
48,0.002420992089727295,0.0555202923815411,0.0736991398592955,tumor_011,0,0.0,ITC,4050,0.0,,,-0.08598459511995316,0.05766017735004425,,,,
49,0.004972000649220703,0.07956473994827547,0.10553889956044202,tumor_011,0,0.0,ITC,4050,0.0,,,-0.08598459511995316,0.05766017735004425,,,,
50,0.0016215155979016113,0.04543762517620406,0.07331447820952881,tumor_011,1,0.1047535315155983,ITC,4050,0.0002469135802469136,0.9648983900765373,0.04067756235599518,-0.08598459511995316,0.05766017735004425,2.1967008113861084,1.0,0.29046593799009096,False
51,0.00300303224414209,0.061835098506887565,0.15839872567669225,tumor_011,1,0.078125,ITC,4050,0.0002469135802469136,0.9973607812087623,0.1583109349012375,-0.08598459511995316,0.05766017735004425,4.236815452575684,1.0,1.0805191923358428,True
52,0.020099411106846682,0.15997301349642176,0.31423130768759133,tumor_011,1,0.234375,micro,4050,0.0002469135802469136,0.8603853259435207,-0.02773958444595337,-0.08598459511995316,0.05766017735004425,1.0101428031921387,1.0,0.0614212907220841,False
53,0.0017796368616141357,0.04760151286960842,0.05867840410146217,tumor_011,1,0.11496851593255997,ITC,4050,0.0002469135802469136,0.9155449986803906,-0.0034808218479156494,-0.08598459511995316,0.05766017735004425,1.430862307548523,1.0,0.12323925871908852,False
54,0.0033906335346639404,0.06570455614368985,0.11310520316736523,tumor_011,0,0.0,ITC,4050,0.0,,,-0.08598459511995316,0.05766017735004425,,,,
55,0.010584801132938965,0.1160904275796047,0.17129409938934648,tumor_011,1,0.140625,ITC,4050,0.0002469135802469136,0.9912905779889153,0.0960460901260376,-0.08598459511995316,0.05766017735004425,3.156956672668457,1.0,0.5999162605382892,False
56,0.00170419073927948,0.04658157405049861,0.07236719922209232,tumor_011,0,0.0,ITC,4050,0.0,,,-0.08598459511995316,0.05766017735004425,,,,
57,0.002356763190639038,0.05477886537614519,0.07077625538892897,tumor_011,0,0.0,ITC,4050,0.0,,,-0.08598459511995316,0.05766017735004425,,,,
58,0.0016884287973500977,0.046365658770859464,0.08184929190577381,tumor_011,0,0.0,ITC,4050,0.0,,,-0.08598459511995316,0.05766017735004425,,,,
59,0.0048908415757807615,0.07891269163650992,0.14208731115222012,tumor_011,1,0.0625,ITC,4050,0.0002469135802469136,0.7315914489311164,-0.05925488471984863,-0.08598459511995316,0.05766017735004425,0.463573157787323,1.0,0.012935700528388215,False
60,3.9186888705798046,2.2337031211725025,3.2226702069286217,tumor_011,73,1.0,macro,4050,0.018024691358024692,0.9856976033724154,0.10557177662849426,-0.08598459511995316,0.05766017735004425,3.322160482406616,0.48347994690727564,0.664346431200855,True
61,5.559537187083937,2.660568096670514,3.7295979391329577,tumor_011,106,1.0,macro,4050,0.02617283950617284,0.9730227022612628,0.09209374338388443,-0.08598459511995316,0.05766017735004425,3.088411331176758,0.4385776531567167,0.5741477468832865,True
62,1.977680675837496,1.5868400181917717,2.407299197900473,tumor_011,42,0.984375,macro,4050,0.01037037037037037,0.9375699078786964,0.06930460035800934,-0.08598459511995316,0.05766017735004425,2.6931793689727783,0.5500292366912468,0.4366002180986532,True
0,0.06796598166197095,0.2941716769996158,0.5491124739266646,tumor_012,3,0.265625,micro,1835,0.0016348773841961854,0.924490538573508,0.04398111626505852,-0.0850994661450386,0.06375366449356079,2.024677038192749,0.8538068446687833,0.27274959011804684,False
0,0.21685929639728907,0.525465347874122,0.7769840378116197,tumor_013,6,0.609375,micro,3250,0.0018461538461538461,0.9904173106646059,0.18600201606750488,-0.06474529206752777,0.07078920304775238,3.5421690940856934,0.7784233784556137,0.7758054231668006,True
1,0.023627976668650637,0.1734476124269394,0.26295576065931253,tumor_013,1,0.46875,micro,3250,0.0003076923076923077,0.9922720247295209,0.17427809536457062,-0.06474529206752777,0.07078920304775238,3.376551389694214,1.0,0.7049542936274912,False
2,0.10386214923751282,0.36365010052299773,0.7123490272327041,tumor_013,3,0.53125,micro,3250,0.0009230769230769231,0.9157135497166409,0.1394251137971878,-0.06474529206752777,0.07078920304775238,2.884202718734741,0.8641409165176052,0.5143583518227928,True
3,0.041908760423812134,0.23099759964646724,0.2605260019810645,tumor_013,2,0.296875,micro,3250,0.0006153846153846154,0.9894899536321484,0.15972955524921417,-0.06474529206752777,0.07078920304775238,3.171032190322876,0.9142824619380087,0.62174962744277,True
4,0.0260474279773667,0.18211154641983665,0.2954382617472727,tumor_013,2,0.359375,micro,3250,0.0006153846153846154,0.8250386398763524,0.09484311938285828,-0.06474529206752777,0.07078920304775238,2.2544174194335938,0.9142824619380087,0.3142555057189529,False
5,0.006838405338258545,0.09331092165228472,0.1111182363026618,tumor_013,1,0.44177624583244324,ITC,3250,0.0003076923076923077,0.990726429675425,0.16284269094467163,-0.06474529206752777,0.07078920304775238,3.215009927749634,1.0,0.6391147915825256,False
0,0.6164274150194986,0.8859231125000068,1.377067283960365,tumor_014,14,0.7734375,micro,4066,0.003443187407771766,0.9790485757336586,0.12313193827867508,-0.0673048123717308,0.07844725251197815,2.427577018737793,0.6824397660693448,0.3545629301319551,True
1,0.002645568250079178,0.05803828145540332,0.06721612883391732,tumor_014,0,0.0,ITC,4066,0.0,,,-0.0673048123717308,0.07844725251197815,,,,
2,0.12459521635270093,0.3982958153748192,0.603872121230362,tumor_014,3,0.5,micro,4066,0.0007378258730939498,0.9928846475807802,0.14008121192455292,-0.0673048123717308,0.07844725251197815,2.643636465072632,0.867802956959863,0.4204852443800457,True
3,3.359604536206963,2.068231454690297,2.660453742593176,tumor_014,66,1.0,macro,4066,0.016232169208066895,0.9086837739524831,0.06733006238937378,-0.0673048123717308,0.07844725251197815,1.7162472009658813,0.49585493083602084,0.1772176513978602,True
4,0.0008292006047644958,0.0324926299413339,0.05182129778293874,tumor_014,0,0.0,ITC,4066,0.0,,,-0.0673048123717308,0.07844725251197815,,,,
5,0.002422358931356323,0.05553596296946043,0.06850732157845289,tumor_014,1,0.1564897894859314,ITC,4066,0.00024594195769798326,0.9806629834254144,0.1009916290640831,-0.0673048123717308,0.07844725251197815,2.1453452110290527,1.0,0.27691192784619983,False
6,0.005180927587477295,0.08121922114121408,0.1526438898923451,tumor_014,0,0.0,ITC,4066,0.0,,,-0.0673048123717308,0.07844725251197815,,,,
7,0.015390865269408692,0.13998663610753045,0.16467744623246486,tumor_014,0,0.0,ITC,4066,0.0,,,-0.0673048123717308,0.07844725251197815,,,,
8,0.025314636828795777,0.1795316035438661,0.28096909730494846,tumor_014,0,0.0,micro,4066,0.0,,,-0.0673048123717308,0.07844725251197815,,,,
9,0.006628967177806274,0.0918709048150414,0.1648868237912269,tumor_014,0,0.0,ITC,4066,0.0,,,-0.0673048123717308,0.07844725251197815,,,,
10,0.0072208514752020265,0.09588468931423023,0.1322855732903077,tumor_014,0,0.0,ITC,4066,0.0,,,-0.0673048123717308,0.07844725251197815,,,,
11,0.005158367240183899,0.08104219368001168,0.20375635573353518,tumor_014,0,0.0,micro,4066,0.0,,,-0.0673048123717308,0.07844725251197815,,,,
12,0.010886762893617829,0.11773468915451227,0.1538557689857997,tumor_014,0,0.0,ITC,4066,0.0,,,-0.0673048123717308,0.07844725251197815,,,,
0,0.3948180358498242,0.7090119436361149,1.3703992754815424,tumor_015,9,0.9375,micro,6408,0.0014044943820224719,0.9976688760155177,0.3057395815849304,-0.05797170475125313,0.07810626178979874,4.65662145614624,0.7493270106585891,1.2369295534111295,True
1,0.24320576653098047,0.5564703041985906,0.8809348342433471,tumor_015,8,0.296875,micro,6408,0.0012484394506866417,0.9214615625489275,0.1569187343120575,-0.05797170475125313,0.07810626178979874,2.7512574195861816,0.7627644289117046,0.43178301025804255,True
2,0.0051687980780844725,0.0811240908224447,0.13194953868069567,tumor_015,1,0.109375,ITC,6408,0.00015605493133583021,0.9899796461562549,0.17975014448165894,-0.05797170475125313,0.07810626178979874,3.043569564819336,1.0,0.5284082156768495,False
3,0.0011934316875701295,0.0389810776987285,0.047581556498445005,tumor_015,0,0.0,ITC,6408,0.0,,,-0.05797170475125313,0.07810626178979874,,,,
4,0.002064715594516846,0.051272580816360505,0.06075,tumor_015,0,0.0,ITC,6408,0.0,,,-0.05797170475125313,0.07810626178979874,,,,
5,0.004631636158391602,0.07679311371268546,0.09467859505429918,tumor_015,1,0.29921403527259827,ITC,6408,0.00015605493133583021,0.9378424925630187,0.05458405613899231,-0.05797170475125313,0.07810626178979874,1.4410593509674072,1.0,0.11845866447144025,False
6,0.001547172250961792,0.04438379087506461,0.05668153557275732,tumor_015,0,0.0,ITC,6408,0.0,,,-0.05797170475125313,0.07810626178979874,,,,
7,0.0017110131981729127,0.046674721911089456,0.059811621336198446,tumor_015,0,0.0,ITC,6408,0.0,,,-0.05797170475125313,0.07810626178979874,,,,
8,0.04902134552868164,0.2498317747270025,0.38875651050731336,tumor_015,2,0.390625,micro,6408,0.00031210986267166043,0.9155315484578049,0.1098250299692154,-0.05797170475125313,0.07810626178979874,2.148313522338867,0.9209214763039016,0.26326820986432103,False
0,2.5932270829197392,1.8170853778652292,1.9735306699325572,tumor_016,51,1.0,micro,1593,0.032015065913371,0.7857440426595568,0.09441039711236954,0.004673887509852648,0.10252189636230469,0.875291109085083,0.46675355577163263,0.05195277585553237,True
1,7.004257892211938,2.986318491033332,4.945205813639375,tumor_016,128,1.0,macro,1593,0.08035153797865663,0.8681502301699717,0.15486562252044678,0.004673887509852648,0.10252189636230469,1.4649722576141357,0.34195253624947064,0.14553334914074367,True
2,0.005102415699736816,0.08060147295541473,0.17161660274782908,tumor_016,0,0.0,ITC,1593,0.0,,,0.004673887509852648,0.10252189636230469,,,,
3,0.004002512355419678,0.0713873728975329,0.08317830308342937,tumor_016,0,0.0,ITC,1593,0.0,,,0.004673887509852648,0.10252189636230469,,,,
4,0.004439107474146057,0.07518009829344588,0.11651359365832821,tumor_016,1,0.28677624464035034,ITC,1593,0.0006277463904582549,0.6373937677053825,0.0279233455657959,0.004673887509852648,0.10252189636230469,0.22677554190158844,1.0,0.0034873549234872956,False
5,0.004523622476260254,0.07589239106937767,0.098289836873881,tumor_016,0,0.0,ITC,1593,0.0,,,0.004673887509852648,0.10252189636230469,,,,
6,0.01564853970884326,0.14115360276896127,0.21505328596806178,tumor_016,1,0.265625,micro,1593,0.0006277463904582549,0.9313031161473088,0.18393084406852722,0.004673887509852648,0.10252189636230469,1.7484748363494873,1.0,0.20731107121731507,False
7,0.011453205907378784,0.12075874575064549,0.1832708593673582,tumor_016,0,0.0,ITC,1593,0.0,,,0.004673887509852648,0.10252189636230469,,,,
8,0.1289409027549829,0.40518225074834574,0.8170728795181945,tumor_016,0,0.0,micro,1593,0.0,,,0.004673887509852648,0.10252189636230469,,,,
0,0.003336927452817627,0.06518211404089147,0.0766029316491869,tumor_017,0,0.0,ITC,5327,0.0,,,-0.08899888396263123,0.07405537366867065,,,,
1,0.007305625512275757,0.0964458983122433,0.13861855925682268,tumor_017,1,0.046875,ITC,5327,0.00018772292096865028,0.8548629365377394,0.0034761428833007812,-0.08899888396263123,0.07405537366867065,1.2487281560897827,1.0,0.09086382503359948,False
0,0.32547799683157325,0.6437479759246976,0.9709537286512325,tumor_018,9,0.6875,micro,4708,0.0019116397621070519,0.9343368865840775,0.14319051802158356,-0.06250286102294922,0.0736793577671051,2.7917368412017822,0.7401892185110637,0.4607885521158207,True
1,0.007064989794420776,0.09484421115390691,0.11919247376032649,tumor_018,0,0.0,ITC,4708,0.0,,,-0.06250286102294922,0.0736793577671051,,,,
2,0.00251182144605542,0.05655219177389698,0.08734179133170358,tumor_018,1,0.16226927936077118,ITC,4708,0.00021240441801189465,0.41335350043215213,-0.08726292848587036,-0.06250286102294922,0.0736793577671051,-0.3360516130924225,1.0,0.00667674352871844,False
3,0.004547447825119629,0.0760919864280216,0.10790669730343458,tumor_018,1,0.2937752902507782,ITC,4708,0.00021240441801189465,0.6568712186689715,-0.035921335220336914,-0.06250286102294922,0.0736793577671051,0.3607730269432068,1.0,0.007695216550395789,False
4,0.0023522090797628175,0.05472591358615337,0.0789416651505691,tumor_018,0,0.0,ITC,4708,0.0,,,-0.06250286102294922,0.0736793577671051,,,,
5,0.0029708419975081786,0.06150279272022869,0.10339764217935532,tumor_018,0,0.0,ITC,4708,0.0,,,-0.06250286102294922,0.0736793577671051,,,,
6,0.0038503559345152588,0.07001732240760525,0.09517142386898496,tumor_018,0,0.0,ITC,4708,0.0,,,-0.06250286102294922,0.0736793577671051,,,,
7,0.0037002103367717288,0.068638576067803,0.11625543870826002,tumor_018,0,0.0,ITC,4708,0.0,,,-0.06250286102294922,0.0736793577671051,,,,
8,0.0013504915000964355,0.041466844378991424,0.060795605102088084,tumor_018,0,0.0,ITC,4708,0.0,,,-0.06250286102294922,0.0736793577671051,,,,
9,0.015408813541649415,0.14006823600902066,0.27352111195344686,tumor_018,1,0.578125,micro,4708,0.00021240441801189465,0.9031979256698358,0.03031522035598755,-0.06250286102294922,0.0736793577671051,1.2597569227218628,1.0,0.09382665476486919,False
10,0.0028066514019367676,0.05977908959855675,0.1020730893392083,tumor_018,1,0.18131594359874725,ITC,4708,0.00021240441801189465,0.9740708729472775,0.10295569896697998,-0.06250286102294922,0.0736793577671051,2.245656967163086,1.0,0.29815325773635365,False
11,0.0033356425027521973,0.06516956299994245,0.09865204450150679,tumor_018,0,0.0,ITC,4708,0.0,,,-0.06250286102294922,0.0736793577671051,,,,
12,0.0014948357210013427,0.04362664269527978,0.08991205234144085,tumor_018,0,0.0,ITC,4708,0.0,,,-0.06250286102294922,0.0736793577671051,,,,
13,0.0016101186183121949,0.04527766222487009,0.07489841852803035,tumor_018,0,0.0,ITC,4708,0.0,,,-0.06250286102294922,0.0736793577671051,,,,
14,0.0034683162640158694,0.06645297149859536,0.08434130117976205,tumor_018,0,0.0,ITC,4708,0.0,,,-0.06250286102294922,0.0736793577671051,,,,
15,1.0137695212202344,1.1361212275390489,1.7788703756738438,tumor_018,24,0.9765625,micro,4708,0.005097706032285472,0.9774290550273697,0.17512710392475128,-0.06250286102294922,0.0736793577671051,3.2251904010772705,0.6242110807454981,0.6149834697708368,True
16,0.004745184610261597,0.07772873788280481,0.10221096813319552,tumor_018,0,0.0,ITC,4708,0.0,,,-0.06250286102294922,0.0736793577671051,,,,
17,0.015166595826696534,0.13896297911877578,0.21987912303461607,tumor_018,1,0.140625,micro,4708,0.00021240441801189465,0.8487467588591184,0.00869518518447876,-0.06250286102294922,0.0736793577671051,0.9663228392601013,1.0,0.05520738976549481,False
18,0.0007715740481054077,0.03134323834161359,0.04586541496164338,tumor_018,0,0.0,ITC,4708,0.0,,,-0.06250286102294922,0.0736793577671051,,,,
19,0.0016567843827474977,0.04592911269787118,0.06531236753687958,tumor_018,1,0.10703197121620178,ITC,4708,0.00021240441801189465,0.9995678478824547,0.25095415115356445,-0.06250286102294922,0.0736793577671051,4.254339694976807,1.0,1.070081986218132,True
20,0.4293014800962305,0.7393264644741564,1.1224698243286664,tumor_018,11,0.71875,micro,4708,0.002336448598130841,0.8586469710065215,0.1480029970407486,-0.06250286102294922,0.0736793577671051,2.857053279876709,0.7164609156567615,0.4826023186879555,True
21,1.037985015011045,1.1496101808676644,1.9286493223536438,tumor_018,23,1.0,micro,4708,0.004885301614273577,0.9874018263124272,0.20554019510746002,-0.06250286102294922,0.0736793577671051,3.6379666328430176,0.6292435416036507,0.7824744188015307,True
22,0.005182535303182617,0.08123182190495387,0.17650456527213673,tumor_018,1,0.15625,ITC,4708,0.00021240441801189465,0.9995678478824547,0.24969416856765747,-0.06250286102294922,0.0736793577671051,4.237238883972168,1.0,1.0614966389735578,True
23,0.005823063506513672,0.08610548605052647,0.15634821869228313,tumor_018,0,0.0,ITC,4708,0.0,,,-0.06250286102294922,0.0736793577671051,,,,
24,0.01300172869517981,0.12866357341773482,0.20904587195938928,tumor_018,0,0.0,micro,4708,0.0,,,-0.06250286102294922,0.0736793577671051,,,,
25,0.0013475699747756654,0.04142196737459657,0.04617079933518587,tumor_018,0,0.0,ITC,4708,0.0,,,-0.06250286102294922,0.0736793577671051,,,,
26,0.004835266079865601,0.07846306125943248,0.13784606696235385,tumor_018,0,0.0,ITC,4708,0.0,,,-0.06250286102294922,0.0736793577671051,,,,
27,0.0008690424704824219,0.033264083325300876,0.04685191872538413,tumor_018,0,0.0,ITC,4708,0.0,,,-0.06250286102294922,0.0736793577671051,,,,
28,0.0018977449818284912,0.049155711333340985,0.059970087871553855,tumor_018,0,0.0,ITC,4708,0.0,,,-0.06250286102294922,0.0736793577671051,,,,
29,0.007784160597719605,0.09955451318541969,0.2020299431926432,tumor_018,1,0.109375,micro,4708,0.00021240441801189465,0.9909248055315472,0.17152240872383118,-0.06250286102294922,0.0736793577671051,3.1762664318084717,1.0,0.5964672114382692,False
30,0.010683496101509033,0.11663039789208149,0.1881259875887699,tumor_018,1,0.171875,ITC,4708,0.00021240441801189465,0.999351771823682,0.24398159980773926,-0.06250286102294922,0.0736793577671051,4.159706115722656,1.0,1.023005627448669,True
31,0.002389953478796631,0.055163242102701335,0.0894292104549936,tumor_018,0,0.0,ITC,4708,0.0,,,-0.06250286102294922,0.0736793577671051,,,,
32,0.0019328656612296754,0.04960847704312541,0.07853384438730858,tumor_018,0,0.0,ITC,4708,0.0,,,-0.06250286102294922,0.0736793577671051,,,,
33,0.04566406308113672,0.2411250523860685,0.3529730583490049,tumor_018,4,0.0859375,micro,4708,0.0008496176720475786,0.8192523768366465,0.07072734832763672,-0.06250286102294922,0.0736793577671051,1.8082433938980103,0.8360776476599776,0.19331542101989002,False
0,0.0009548479116529542,0.034867608468667995,0.04136950110246135,tumor_019,0,0.0,ITC,1549,0.0,,,-0.07159964740276337,0.08704030513763428,,,,
1,0.0011201968825290528,0.0377661087315736,0.05698877235363975,tumor_019,0,0.0,ITC,1549,0.0,,,-0.07159964740276337,0.08704030513763428,,,,
2,0.0002856972589238892,0.019072520753281055,0.033024984735151995,tumor_019,0,0.0,ITC,1549,0.0,,,-0.07159964740276337,0.08704030513763428,,,,
3,0.19520174468052245,0.4985364385163214,0.6793566352897626,tumor_019,6,0.8515625,micro,1549,0.003873466752743706,0.9529055951609419,0.13894963264465332,-0.07159964740276337,0.08704030513763428,2.4189860820770264,0.7560693705275001,0.39831198261829803,True
0,0.7448825984036485,0.973865483766935,1.5077446787517335,tumor_020,19,0.65625,micro,5701,0.00333274864058937,0.9267668903296433,0.12316327542066574,-0.043657202273607254,0.08780895173549652,1.8998117446899414,0.6595393318516309,0.20866784425951704,True
1,0.056195461918863286,0.26748884901946035,0.477211740600805,tumor_020,2,0.3359375,micro,5701,0.00035081564637782847,0.9186838802223417,0.10044644773006439,-0.043657202273607254,0.08780895173549652,1.6411042213439941,0.9198525240671128,0.15570649124959454,False
2,0.047287073111774415,0.24537271943044933,0.38407886762667715,tumor_020,2,0.28125,micro,5701,0.00035081564637782847,0.9509592971131433,0.14033743739128113,-0.043657202273607254,0.08780895173549652,2.0953972339630127,0.9198525240671128,0.2538441303359147,False
3,0.15251932262246484,0.44067406651531305,0.5904322918225902,tumor_020,4,0.3046875,micro,5701,0.0007016312927556569,0.9263044647660033,0.11198470741510391,-0.043657202273607254,0.08780895173549652,1.7725062370300293,0.8397050481342256,0.18163934917546926,False
4,0.04996945507148438,0.25223617152557826,0.48158520546276656,tumor_020,2,0.4453125,micro,5701,0.00035081564637782847,0.9515868746637978,0.14140886068344116,-0.043657202273607254,0.08780895173549652,2.1075990200042725,0.9198525240671128,0.25680907642663614,False
5,0.11141961726433008,0.37664819495147156,0.6032619285910272,tumor_020,4,0.453125,micro,5701,0.0007016312927556569,0.9048323471400395,0.08754801750183105,-0.043657202273607254,0.08780895173549652,1.49421226978302,0.8397050481342256,0.1290800097934712,False
6,0.09508146204531885,0.34793889901437497,0.47039724151534945,tumor_020,3,0.390625,micro,5701,0.0005262234695667427,0.9355687047994741,0.1348026692867279,-0.043657202273607254,0.08780895173549652,2.032365322113037,0.8729692561189224,0.23880199193317767,False
7,0.057644341681603276,0.27091521802815494,0.3283320993826779,tumor_020,2,0.625,micro,5701,0.00035081564637782847,0.974090012551551,0.1873423457145691,-0.043657202273607254,0.08780895173549652,2.6307060718536377,0.9198525240671128,0.40010966973933454,False
8,0.14046445220361328,0.42290057362836786,0.6583505771972682,tumor_020,5,0.46875,micro,5701,0.0008770391159445711,0.9199569661108122,0.10152886062860489,-0.043657202273607254,0.08780895173549652,1.6534312963485718,0.8139033238971205,0.15805444006654226,False
9,0.018058257865362304,0.1516327406044093,0.26764108692426136,tumor_020,1,0.015625,micro,5701,0.00017540782318891423,0.9557109557109557,0.1456565409898758,-0.043657202273607254,0.08780895173549652,2.155973196029663,1.0,0.2687330662601243,False
10,0.11269141667343897,0.37879172121477256,0.6880663091443224,tumor_020,4,0.6015625,micro,5701,0.0007016312927556569,0.9628384436076743,0.16332769393920898,-0.043657202273607254,0.08780895173549652,2.3572185039520264,0.8397050481342256,0.3212432982886534,False
11,0.17602570322893213,0.47341618713442024,0.5584621240070917,tumor_020,6,0.265625,micro,5701,0.0010524469391334855,0.8880521188213496,0.07352006435394287,-0.043657202273607254,0.08780895173549652,1.3344569206237793,0.7928217801860353,0.10295406757581187,False
12,0.14278756191166847,0.42638336074741073,0.5913635071380078,tumor_020,4,0.7421875,micro,5701,0.0007016312927556569,0.9475972745203515,0.1481897532939911,-0.043657202273607254,0.08780895173549652,2.1848223209381104,0.8397050481342256,0.2759730295649775,False
13,0.27121940401612943,0.5876455313306133,0.7663777074630042,tumor_020,7,0.671875,micro,5701,0.0012278547623223997,0.8563743948359333,0.13990093767642975,-0.043657202273607254,0.08780895173549652,2.090426206588745,0.7749975889493158,0.25264114189755477,False
14,1.1446873054652813,1.2072535540120537,1.4801331729567369,tumor_020,23,1.0,micro,5701,0.004034379933345027,0.939814923092515,0.13758085668087006,-0.043657202273607254,0.08780895173549652,2.064004421234131,0.6374479269959965,0.24629502504609,True
15,0.33444104090867577,0.65255157548451,1.0123978441265076,tumor_020,9,0.84375,micro,5701,0.001578670408700228,0.9452513298667145,0.14074863493442535,-0.043657202273607254,0.08780895173549652,2.1000800132751465,0.7459385122378449,0.2549799763393556,True
16,0.04886628725164087,0.24943634324848676,0.32251128111925836,tumor_020,2,0.3203125,micro,5701,0.00035081564637782847,0.9141115294961448,0.14087212085723877,-0.043657202273607254,0.08780895173549652,2.1014864444732666,0.9198525240671128,0.25532161272764664,False
17,0.11153159662886279,0.3768374176157658,0.47415927187311174,tumor_020,3,0.3125,micro,5701,0.0005262234695667427,0.9656924272308888,0.17910802364349365,-0.043657202273607254,0.08780895173549652,2.536930561065674,0.8729692561189224,0.3720930458662097,False
18,0.0654284373268645,0.2886279157579704,0.39824408466793404,tumor_020,3,0.203125,micro,5701,0.0005262234695667427,0.9869702946626023,0.21858973801136017,-0.043657202273607254,0.08780895173549652,2.986562728881836,0.8729692561189224,0.5156768971388608,True
19,0.10896959140408521,0.3724840841557048,0.517901081474464,tumor_020,3,0.78125,micro,5701,0.0005262234695667427,0.7189050265973342,-0.012090633623301983,-0.043657202273607254,0.08780895173549652,0.3594914674758911,0.8729692561189224,0.0074715647897236155,False
20,0.19658981379073537,0.5003058314775937,0.8591077962537647,tumor_020,6,0.5,micro,5701,0.0010524469391334855,0.9445938676707908,0.14542582631111145,-0.043657202273607254,0.08780895173549652,2.1533455848693848,0.7928217801860353,0.2680784238863475,False
21,0.3746658596176143,0.690680380876234,1.0232465510485351,tumor_020,10,0.7265625,micro,5701,0.0017540782318891423,0.967868029406491,0.17287753522396088,-0.043657202273607254,0.08780895173549652,2.465975522994995,0.7337558479642333,0.3515700867151725,True
0,1.9620214440789376,1.580545250924406,2.6489621066379483,tumor_021,44,0.7265625,macro,4601,0.009563138448163443,0.862022977022977,0.07064248621463776,-0.04963366314768791,0.07084014266729355,1.6978530883789062,0.551318870698386,0.1708972738150639,True
1,0.0022312514380391237,0.05330025858435033,0.06963178210951994,tumor_021,0,0.0,ITC,4601,0.0,,,-0.04963366314768791,0.07084014266729355,,,,
2,0.004277786712593995,0.07380140382416385,0.11816250176612576,tumor_021,1,0.27635458111763,ITC,4601,0.00021734405564007825,0.9830769230769231,0.1353227198123932,-0.04963366314768791,0.07084014266729355,2.610898017883301,1.0,0.40412408470931865,False
3,0.010253579261058106,0.11425962799806207,0.19681786852489644,tumor_021,1,0.203125,ITC,4601,0.00021734405564007825,0.9901098901098901,0.16572120785713196,-0.04963366314768791,0.07084014266729355,3.0400118827819824,1.0,0.5478800406112726,False
4,0.0026158606987197876,0.05771150045812868,0.07399623539073776,tumor_021,1,0.16899044811725616,ITC,4601,0.00021734405564007825,0.9775824175824176,0.1161344051361084,-0.04963366314768791,0.07084014266729355,2.3400301933288574,1.0,0.32462191783143884,False
5,0.0011406631347410888,0.03810954487230105,0.042674567971986675,tumor_021,0,0.0,ITC,4601,0.0,,,-0.04963366314768791,0.07084014266729355,,,,
6,0.004266595499884278,0.07370480385864786,0.10317113883865327,tumor_021,1,0.2756316065788269,ITC,4601,0.00021734405564007825,0.963956043956044,0.08378775417804718,-0.04963366314768791,0.07084014266729355,1.8834154605865479,1.0,0.21029414400522362,False
7,0.00514715275963092,0.08095405138938266,0.12569630456208955,tumor_021,0,0.0,ITC,4601,0.0,,,-0.04963366314768791,0.07084014266729355,,,,
8,0.007956931765519776,0.10065326710355285,0.16412261587743093,tumor_021,1,0.03125,ITC,4601,0.00021734405564007825,0.9604395604395605,0.07900896668434143,-0.04963366314768791,0.07084014266729355,1.815956711769104,1.0,0.195499612255805,False
9,0.012184239180482666,0.12455302142903674,0.1885933743698174,tumor_021,1,0.21875,ITC,4601,0.00021734405564007825,0.9923076923076923,0.19173075258731842,-0.04963366314768791,0.07084014266729355,3.407170057296753,1.0,0.6882124704543234,False
10,0.0022327006649886477,0.053317565381589216,0.07258561870980497,tumor_021,0,0.0,ITC,4601,0.0,,,-0.04963366314768791,0.07084014266729355,,,,
11,0.0025580823406473998,0.057070584321530775,0.08028719414940666,tumor_021,0,0.0,ITC,4601,0.0,,,-0.04963366314768791,0.07084014266729355,,,,
12,0.005140505995299316,0.08090176458621454,0.12809093250363332,tumor_021,0,0.0,ITC,4601,0.0,,,-0.04963366314768791,0.07084014266729355,,,,
13,0.01458589161265796,0.13627668177812757,0.21465187599049432,tumor_021,1,0.1875,micro,4601,0.00021734405564007825,0.9962637362637362,0.2238961160182953,-0.04963366314768791,0.07084014266729355,3.8612256050109863,1.0,0.8838636469535495,False
14,0.002234009070308716,0.053333185650344325,0.08007132379481298,tumor_021,0,0.0,ITC,4601,0.0,,,-0.04963366314768791,0.07084014266729355,,,,
15,0.000341946024804657,0.020865742281219714,0.02385552937457458,tumor_021,0,0.0,ITC,4601,0.0,,,-0.04963366314768791,0.07084014266729355,,,,
16,0.013572436501701783,0.13145707615938249,0.16241368214673504,tumor_021,0,0.0,ITC,4601,0.0,,,-0.04963366314768791,0.07084014266729355,,,,
17,0.0063132388711589355,0.08965637392912305,0.17082319987226263,tumor_021,0,0.0,ITC,4601,0.0,,,-0.04963366314768791,0.07084014266729355,,,,
18,0.020042030515005617,0.15974450165340273,0.286747329741909,tumor_021,0,0.0,micro,4601,0.0,,,-0.04963366314768791,0.07084014266729355,,,,
19,0.008436915778775757,0.10364465642346139,0.13251324168669093,tumor_021,0,0.0,ITC,4601,0.0,,,-0.04963366314768791,0.07084014266729355,,,,
20,0.053464878617976566,0.260909175214045,0.5782179983178355,tumor_021,0,0.0,micro,4601,0.0,,,-0.04963366314768791,0.07084014266729355,,,,
21,0.03732328082593653,0.21799421342512293,0.470765218196368,tumor_021,0,0.0,micro,4601,0.0,,,-0.04963366314768791,0.07084014266729355,,,,
22,0.019913627325621096,0.15923196221267732,0.3164464875934792,tumor_021,0,0.0,micro,4601,0.0,,,-0.04963366314768791,0.07084014266729355,,,,
23,5.99852099295044e-05,0.008739310120454894,0.019829742913828437,tumor_021,0,0.0,ITC,4601,0.0,,,-0.04963366314768791,0.07084014266729355,,,,
24,0.008759956935016846,0.10561024372588335,0.15088101354476863,tumor_021,0,0.0,ITC,4601,0.0,,,-0.04963366314768791,0.07084014266729355,,,,
25,0.003908434590486695,0.07054341555821098,0.1022723499700544,tumor_021,0,0.0,ITC,4601,0.0,,,-0.04963366314768791,0.07084014266729355,,,,
26,0.004353036766587708,0.07444769003068905,0.15249754620552797,tumor_021,0,0.0,ITC,4601,0.0,,,-0.04963366314768791,0.07084014266729355,,,,
27,0.0016906904904613954,0.0463967023651804,0.07322967275226228,tumor_021,0,0.0,ITC,4601,0.0,,,-0.04963366314768791,0.07084014266729355,,,,
28,0.009144541522268922,0.10790362313020575,0.14677101700847547,tumor_021,0,0.0,ITC,4601,0.0,,,-0.04963366314768791,0.07084014266729355,,,,
29,0.0016450415444720764,0.04576605671405453,0.057493897735386566,tumor_021,0,0.0,ITC,4601,0.0,,,-0.04963366314768791,0.07084014266729355,,,,
30,0.0033132370689821777,0.06495032299619866,0.12034530198266925,tumor_021,0,0.0,ITC,4601,0.0,,,-0.04963366314768791,0.07084014266729355,,,,
31,0.0016175566875382692,0.04538212357773205,0.08516949161278216,tumor_021,0,0.0,ITC,4601,0.0,,,-0.04963366314768791,0.07084014266729355,,,,
32,0.004840587456523132,0.07850622503594382,0.1443503071383656,tumor_021,0,0.0,ITC,4601,0.0,,,-0.04963366314768791,0.07084014266729355,,,,
33,0.0035206098551466064,0.06695207008866114,0.12339858718573808,tumor_021,0,0.0,ITC,4601,0.0,,,-0.04963366314768791,0.07084014266729355,,,,
34,0.014997972627694336,0.13818832020267113,0.24145434170290903,tumor_021,0,0.0,micro,4601,0.0,,,-0.04963366314768791,0.07084014266729355,,,,
0,0.02329471615022754,0.17222007370179168,0.2534681137018838,tumor_022,1,0.21875,micro,4007,0.0002495632642874969,0.9822544363909023,0.11878057569265366,-0.07965871691703796,0.07943786680698395,2.49804425239563,0.9999999999999998,0.37610757902402253,False
1,0.2567339556318633,0.571737548869034,0.890938250087513,tumor_022,5,1.0,micro,4007,0.0012478163214374844,0.9989502624343914,0.23687145113945007,-0.07965871691703796,0.07943786680698395,3.984625816345215,0.8059936017041421,0.956944870435574,True
0,0.011578386738339844,0.12141688457332228,0.18947717572229764,tumor_023,1,0.359375,ITC,2000,0.0005,0.9989974937343359,0.1715727299451828,-0.06945881247520447,0.07192624360322952,3.351093053817749,1.0,0.7387165349851174,False
1,0.03450665534726953,0.20960734277379364,0.27343775596981595,tumor_023,1,0.5,micro,2000,0.0005,0.9994987468671679,0.21151664853096008,-0.06945881247520447,0.07192624360322952,3.9064385890960693,1.0,1.00384543359199,True
2,0.051056687316361815,0.25496547474975917,0.5145549251242872,tumor_023,2,0.5625,micro,2000,0.001,0.9987468671679198,0.19049213826656342,-0.06945881247520447,0.07192624360322952,3.6141319274902344,0.9088072522638707,0.8592367589789592,True
3,0.005633747748853638,0.08469421715148652,0.11728328174828735,tumor_023,0,0.0,ITC,2000,0.0,,,-0.06945881247520447,0.07192624360322952,,,,
4,0.01330331404551416,0.13014724552897516,0.1830087415058707,tumor_023,1,0.125,ITC,2000,0.0005,0.9463659147869674,0.05667221546173096,-0.06945881247520447,0.07192624360322952,1.753616213798523,1.0,0.20228978346094517,False
5,0.004834250346243164,0.07845481954594281,0.09707384280345895,tumor_023,0,0.0,ITC,2000,0.0,,,-0.06945881247520447,0.07192624360322952,,,,
0,0.058401272864359866,0.27268811868831316,0.5055957197406165,tumor_024,3,0.171875,micro,4175,0.000718562874251497,0.9946468520294024,0.22643399238586426,-0.012997965328395367,0.06048117205500603,3.958785057067871,0.8682224460180126,0.9399198865947312,True
1,0.004367919410377076,0.07457484643972383,0.12643753407439628,tumor_024,0,0.0,ITC,4175,0.0,,,-0.012997965328395367,0.06048117205500603,,,,
0,4.909041746211622,2.5000772144140657,4.8591756174509655,tumor_025,95,1.0,macro,3469,0.02738541366388008,0.9806507971172745,0.1477389931678772,-0.0484822653234005,0.07161899656057358,2.739793539047241,0.44135325597534564,0.4604279345690333,True
1,0.027572792687307862,0.18736800689622785,0.22546471856146363,tumor_025,0,0.0,micro,3469,0.0,,,-0.0484822653234005,0.07161899656057358,,,,
2,0.030153870558882204,0.19594157400203308,0.2763852612952616,tumor_025,0,0.0,micro,3469,0.0,,,-0.0484822653234005,0.07161899656057358,,,,
3,0.025867892779773926,0.18148284774649465,0.23301723482395031,tumor_025,0,0.0,micro,3469,0.0,,,-0.0484822653234005,0.07161899656057358,,,,
4,0.022052326249822632,0.16756459600606402,0.23693263267910378,tumor_025,0,0.0,micro,3469,0.0,,,-0.0484822653234005,0.07161899656057358,,,,
5,0.05394344089248633,0.26207426833513714,0.846116090120026,tumor_025,0,0.0,micro,3469,0.0,,,-0.0484822653234005,0.07161899656057358,,,,
6,0.024793616297801514,0.17767445716070476,0.4160399639989097,tumor_025,0,0.0,micro,3469,0.0,,,-0.0484822653234005,0.07161899656057358,,,,
7,0.01505235344095459,0.13843862048703673,0.27539580717584006,tumor_025,0,0.0,micro,3469,0.0,,,-0.0484822653234005,0.07161899656057358,,,,
8,0.024868642968246094,0.17794307980663637,0.5129060014617604,tumor_025,0,0.0,micro,3469,0.0,,,-0.0484822653234005,0.07161899656057358,,,,
9,0.043573006514847655,0.23553954015771303,0.2980529358121124,tumor_025,0,0.0,micro,3469,0.0,,,-0.0484822653234005,0.07161899656057358,,,,
10,0.02109324454937732,0.1638803010951488,0.43641461579331625,tumor_025,0,0.0,micro,3469,0.0,,,-0.0484822653234005,0.07161899656057358,,,,
11,0.019074004721925292,0.15583894599367806,0.6606963996420747,tumor_025,0,0.0,micro,3469,0.0,,,-0.0484822653234005,0.07161899656057358,,,,
12,0.000955928085956543,0.034887324932744046,0.045412674476386215,tumor_025,0,0.0,ITC,3469,0.0,,,-0.0484822653234005,0.07161899656057358,,,,
13,0.00039927559930444335,0.022547139115245834,0.026775093779513977,tumor_025,0,0.0,ITC,3469,0.0,,,-0.0484822653234005,0.07161899656057358,,,,
14,0.0022260690341257324,0.05323832382372017,0.05752181372793268,tumor_025,0,0.0,ITC,3469,0.0,,,-0.0484822653234005,0.07161899656057358,,,,
15,0.00035311796477709964,0.021203861834830976,0.02923450550341038,tumor_025,0,0.0,ITC,3469,0.0,,,-0.0484822653234005,0.07161899656057358,,,,
16,0.0032087705291905517,0.06391817838257115,0.07134153064917627,tumor_025,0,0.0,ITC,3469,0.0,,,-0.0484822653234005,0.07161899656057358,,,,
17,0.0027249438546859133,0.05890251499697761,0.06562248861801129,tumor_025,0,0.0,ITC,3469,0.0,,,-0.0484822653234005,0.07161899656057358,,,,
18,0.0023441467288238525,0.05463204475214252,0.05943269085971949,tumor_025,0,0.0,ITC,3469,0.0,,,-0.0484822653234005,0.07161899656057358,,,,
19,0.0018574100674123536,0.04863052486472476,0.052992500266631125,tumor_025,0,0.0,ITC,3469,0.0,,,-0.0484822653234005,0.07161899656057358,,,,
20,0.0020584421428359377,0.05119462800732223,0.07276400177052543,tumor_025,0,0.0,ITC,3469,0.0,,,-0.0484822653234005,0.07161899656057358,,,,
21,0.0028637270826756592,0.06038386015312132,0.06452382161845344,tumor_025,0,0.0,ITC,3469,0.0,,,-0.0484822653234005,0.07161899656057358,,,,
22,0.0019626815967330323,0.049989637152958497,0.05494130052075332,tumor_025,0,0.0,ITC,3469,0.0,,,-0.0484822653234005,0.07161899656057358,,,,
23,0.0031429543782777103,0.06325925862450253,0.06986134420880426,tumor_025,0,0.0,ITC,3469,0.0,,,-0.0484822653234005,0.07161899656057358,,,,
24,0.0020891507655805665,0.051575084775993506,0.05971481620408133,tumor_025,0,0.0,ITC,3469,0.0,,,-0.0484822653234005,0.07161899656057358,,,,
25,0.0020496117944904784,0.05108470209466702,0.05545151145290449,tumor_025,0,0.0,ITC,3469,0.0,,,-0.0484822653234005,0.07161899656057358,,,,
26,0.0012999141214420167,0.04068294561827649,0.04684646590842975,tumor_025,0,0.0,ITC,3469,0.0,,,-0.0484822653234005,0.07161899656057358,,,,
0,5.399293247103595,2.621944636302189,2.8276888863890695,tumor_026,98,1.0,macro,6996,0.01400800457404231,0.9607653144468752,0.1266058385372162,-0.0682636946439743,0.08250923454761505,2.361790657043457,0.48210562730571654,0.31503422481122023,True
1,0.04084058139261328,0.22803474134230137,0.39308336075916417,tumor_026,2,0.2421875,micro,6996,0.0002858776443682104,0.9583945178658835,0.14310382306575775,-0.0682636946439743,0.08250923454761505,2.56174373626709,0.9217056552896226,0.3706348928278212,False
2,1.5119057166382177,1.3874502320209305,1.5533271315650963,tumor_026,30,1.0,micro,6996,0.004288164665523156,0.9365312449012889,0.10331390053033829,-0.0682636946439743,0.08250923454761505,2.079495668411255,0.6158182162513172,0.24422548292040516,True
3,8.413284863914788,3.2729385863254596,5.223561824139056,tumor_026,153,1.0,macro,6996,0.021869639794168096,0.9743307558515873,0.16382701694965363,-0.0682636946439743,0.08250923454761505,2.812905788421631,0.4317875745473187,0.44687422956239287,True
4,0.6610834192624102,0.9174516618185592,1.075881019294522,tumor_026,13,0.984375,micro,6996,0.0018582046883933677,0.9870979078027536,0.21894003450870514,-0.0682636946439743,0.08250923454761505,3.480867624282837,0.7102764971278892,0.6843053762923482,True
5,14.957578586949381,4.364009687247251,7.2364155355777715,tumor_026,263,1.0,macro,6996,0.03759291023441967,0.9824874203360325,0.20233209431171417,-0.0682636946439743,0.08250923454761505,3.2795817852020264,0.37059810555354905,0.6074518628687816,True
6,6.651843810630799e-05,0.009202929199497825,0.026134555807743366,tumor_026,0,0.0,ITC,6996,0.0,,,-0.0682636946439743,0.08250923454761505,,,,
7,0.0020351232443902587,0.05090382493651533,0.10144900772432425,tumor_026,0,0.0,ITC,6996,0.0,,,-0.0682636946439743,0.08250923454761505,,,,
8,0.020963930634406495,0.1633771878103282,0.275096600417117,tumor_026,1,0.5,micro,6996,0.0001429388221841052,0.9937999673682493,0.23617206513881683,-0.0682636946439743,0.08250923454761505,3.6897175312042236,1.0,0.7688846245197993,False
9,0.0007016360434491577,0.02988897382867111,0.039875210468954196,tumor_026,0,0.0,ITC,6996,0.0,,,-0.0682636946439743,0.08250923454761505,,,,
10,0.0004546518841340332,0.02405994093857673,0.030071246446445325,tumor_026,0,0.0,ITC,6996,0.0,,,-0.0682636946439743,0.08250923454761505,,,,
11,0.0010646283658856507,0.03681748138985591,0.04672114590058004,tumor_026,0,0.0,ITC,6996,0.0,,,-0.0682636946439743,0.08250923454761505,,,,
12,0.025060990213050294,0.1786299072649273,0.31355936981854005,tumor_026,2,0.15625,micro,6996,0.0002858776443682104,0.9537444933920705,0.09928298741579056,-0.0682636946439743,0.08250923454761505,2.030641555786133,0.9217056552896226,0.23288497808829844,False
13,0.009126919338615968,0.10779960400453216,0.2434053188689323,tumor_026,1,0.28125,micro,6996,0.0001429388221841052,0.9781367270354054,0.1426445096731186,-0.0682636946439743,0.08250923454761505,2.5561769008636475,1.0,0.3690258156892457,False
14,0.04539438987336914,0.24041200530734527,0.2738378202257679,tumor_026,1,1.0,micro,6996,0.0001429388221841052,0.9942894436286507,0.24294553697109222,-0.0682636946439743,0.08250923454761505,3.771811008453369,1.0,0.8034794698220044,False
15,0.002516568042832031,0.05660559998048351,0.09054974763017966,tumor_026,0,0.0,ITC,6996,0.0,,,-0.0682636946439743,0.08250923454761505,,,,
16,0.136078555580354,0.41624583860424175,0.9621509819759319,tumor_026,5,0.546875,micro,6996,0.000714694110920526,0.9887420460107684,0.2075483500957489,-0.0682636946439743,0.08250923454761505,3.342802047729492,0.8182061613461786,0.631097203821035,True
17,15.524275338833291,4.445910622668816,8.668043575450955,tumor_026,276,1.0,macro,6996,0.03945111492281304,0.9633853431417755,0.18951483070850372,-0.0682636946439743,0.08250923454761505,3.1242384910583496,0.3651483910884837,0.5512686485467101,True
18,0.6818461684401094,0.9317475543751644,1.4976466179921506,tumor_026,17,0.8125,micro,6996,0.0024299599771297883,0.711304982100525,0.03843389451503754,-0.0682636946439743,0.08250923454761505,1.2931593656539917,0.6799747753162869,0.09444501413463129,False
19,0.20066839984071388,0.5054690317476672,0.6258813348945347,tumor_026,5,1.0,micro,6996,0.000714694110920526,0.788709414260075,0.054881203919649124,-0.0682636946439743,0.08250923454761505,1.4924982786178589,0.8182061613461786,0.12580636514798743,False
0,0.16115220592207033,0.45297390796963577,0.69824545926283,tumor_027,5,0.5,micro,4473,0.0011178180192264698,0.9965085049239033,0.17892293632030487,-0.04137101396918297,0.06697490811347961,3.289201259613037,0.8085327849395081,0.6435334013803782,True
0,0.003523161060992615,0.06697632406550011,0.0929617413649102,tumor_028,0,0.0,ITC,5762,0.0,,,-0.08368370682001114,0.07692661136388779,,,,
1,0.005158192215978149,0.08104081878120728,0.154849423219154,tumor_028,1,0.25,ITC,5762,0.00017355085039916696,0.9961765728189086,0.14568698406219482,-0.08368370682001114,0.07692661136388779,2.9816818237304688,1.0,0.5133609836987891,False
2,0.0023882586168010255,0.05514367882147116,0.08843197025962952,tumor_028,1,0.15428684651851654,ITC,5762,0.00017355085039916696,0.9982620785540494,0.1668197512626648,-0.08368370682001114,0.07692661136388779,3.2563953399658203,1.0,0.6123144548041888,False
3,0.0008979680397623291,0.03381313972605494,0.04961273345968519,tumor_028,0,0.0,ITC,5762,0.0,,,-0.08368370682001114,0.07692661136388779,,,,
4,0.04845926152875146,0.2483953463474501,0.4845028565566792,tumor_028,2,0.2890625,micro,5762,0.0003471017007983339,0.9950469238790407,0.17717167735099792,-0.08368370682001114,0.07692661136388779,3.3909640312194824,0.9199510352980794,0.6639672049697708,True
5,0.012609681617557617,0.12670889977422425,0.16434082095222113,tumor_028,1,0.6875,ITC,5762,0.00017355085039916696,1.0,0.25219839811325073,-0.08368370682001114,0.07692661136388779,4.36626672744751,1.0,1.1008313462541808,True
6,0.007038300158197998,0.09466489364665998,0.1291483276982323,tumor_028,0,0.0,ITC,5762,0.0,,,-0.08368370682001114,0.07692661136388779,,,,
7,0.006194961172480957,0.08881255284531385,0.11516728954330974,tumor_028,1,0.40020832419395447,ITC,5762,0.00017355085039916696,0.9855752519986096,0.0992836058139801,-0.08368370682001114,0.07692661136388779,2.3784656524658203,1.0,0.32665855077875655,False
8,0.0130561510056438,0.1289325706034726,0.20222068598755344,tumor_028,1,0.15625,micro,5762,0.00017355085039916696,0.9979144942648592,0.1657339185476303,-0.08368370682001114,0.07692661136388779,3.2422802448272705,1.0,0.6070177114557608,False
9,0.011753455800281616,0.12233137255919033,0.15259874609490576,tumor_028,1,0.09375,ITC,5762,0.00017355085039916696,0.9494264859228363,0.05424414575099945,-0.08368370682001114,0.07692661136388779,1.7929798364639282,1.0,0.18563124349144114,False
0,0.06423603804892529,0.2859857755920812,0.44378942380545,tumor_029,3,0.5,micro,5186,0.0005784805244890089,0.9693223443223443,0.2135288268327713,-0.03751508891582489,0.09616435319185257,2.6105713844299316,0.8715631853864838,0.3983696317914022,False
1,0.29544275348637894,0.6133265010940747,0.7362804388952479,tumor_029,7,0.96875,micro,5186,0.001349787890474354,0.9547544292442252,0.1788529008626938,-0.03751508891582489,0.09616435319185257,2.249981164932251,0.772507094953605,0.29591899467658506,True
2,0.34565443516764843,0.6634010066833984,0.844273182274904,tumor_029,7,1.0,micro,5186,0.001349787890474354,0.9448306795245571,0.16301144659519196,-0.03751508891582489,0.09616435319185257,2.0852479934692383,0.772507094953605,0.25417363604348214,False
3,0.36490175340427444,0.6816211135062653,1.0850857008093706,tumor_029,10,0.5859375,micro,5186,0.0019282684149633628,0.9437598116169544,0.16260352730751038,-0.03751508891582489,0.09616435319185257,2.0810062885284424,0.7308088597122328,0.25314063370212586,True
4,0.09015943830149267,0.3388134622127204,0.6873431064882713,tumor_029,4,0.265625,micro,5186,0.0007713073659853452,0.9379905808477237,0.15248574316501617,-0.03751508891582489,0.09616435319185257,1.9757927656173706,0.8379307844127826,0.22819065745082426,False
5,0.42474862193531837,0.7353956363888845,0.9268312971792092,tumor_029,9,1.0,micro,5186,0.0017354415734670266,0.9355485784057213,0.14856594800949097,-0.03751508891582489,0.09616435319185257,1.9350312948226929,0.7431263707729676,0.21887243224427944,False
6,0.414375810518272,0.7263605635863972,0.9003566234655495,tumor_029,9,1.0,micro,5186,0.0017354415734670266,0.937903366474795,0.15442009270191193,-0.03751508891582489,0.09616435319185257,1.9959077835083008,0.7431263707729676,0.23286060494732316,False
7,0.39197856054176367,0.7064577864035045,0.8261853267006143,tumor_029,9,0.953125,micro,5186,0.0017354415734670266,0.9500043607186465,0.17337551712989807,-0.03751508891582489,0.09616435319185257,2.1930227279663086,0.7431263707729676,0.28112621344530697,True
8,0.16736545236128028,0.46162356132336996,0.753034654447901,tumor_029,3,0.9375,micro,5186,0.0005784805244890089,0.9259549973835688,0.135020911693573,-0.03751508891582489,0.09616435319185257,1.7941783666610718,0.8715631853864838,0.1881682342200737,False
9,0.180515388215083,0.47941561375143327,0.7981602353469904,tumor_029,7,0.21875,micro,5186,0.001349787890474354,0.9423917918815878,0.15926598012447357,-0.03751508891582489,0.09616435319185257,2.046299457550049,0.772507094953605,0.2447673331389654,False
10,0.02046223531587195,0.16141043082107354,0.24504932146329086,tumor_029,1,0.265625,micro,5186,0.0001928268414963363,0.9246467817896389,0.13263113796710968,-0.03751508891582489,0.09616435319185257,1.7693274021148682,1.0,0.1829917392812048,False
11,0.021938928577613526,0.16713321463472752,0.251811824453653,tumor_029,1,0.421875,micro,5186,0.0001928268414963363,0.994701726844584,0.287858247756958,-0.03751508891582489,0.09616435319185257,3.3835132122039795,1.0,0.6691921397532616,False
12,0.03335939956323193,0.20609344170188387,0.30508895388775265,tumor_029,2,0.078125,micro,5186,0.0003856536829926726,0.9677197802197802,0.2033335268497467,-0.03751508891582489,0.09616435319185257,2.504551887512207,0.9189653922063913,0.3666698026578729,False
13,0.13508906733547119,0.4147297223408434,0.5103380158409143,tumor_029,5,0.109375,micro,5186,0.0009641342074816814,0.9373233908948194,0.15129072964191437,-0.03751508891582489,0.09616435319185257,1.963365912437439,0.8118434675058415,0.2253292498887178,False
14,0.10932912777603516,0.37309806871096435,0.5146118583348446,tumor_029,4,0.34375,micro,5186,0.0007713073659853452,0.9625686813186813,0.19428427517414093,-0.03751508891582489,0.09616435319185257,2.410449981689453,0.8379307844127826,0.33963412969978807,False
15,0.22433407634053126,0.5344445876125993,0.58519809144924,tumor_029,5,0.96875,micro,5186,0.0009641342074816814,0.9578100470957613,0.18780770897865295,-0.03751508891582489,0.09616435319185257,2.3431010246276855,0.8118434675058415,0.3209202380397971,True
16,0.07940915727641455,0.3179730794555177,0.6881185081917213,tumor_029,4,0.0546875,micro,5186,0.0007713073659853452,0.867445054945055,0.126894012093544,-0.03751508891582489,0.09616435319185257,1.7096678018569946,0.8379307844127826,0.17085926869995371,False
0,0.016408645287127075,0.14454112236696673,0.2598755854756538,tumor_030,2,0.1171875,micro,4767,0.0004195510803440319,0.9928646379853096,0.08936277776956558,-0.08885344117879868,0.0638679713010788,2.7903847694396973,0.9181593441355396,0.45966541615800854,False
0,0.4992846350941055,0.7973135778854394,1.3104625922997573,tumor_031,13,0.5625,micro,1379,0.009427121102248005,0.9941329856584094,0.22591648995876312,-0.09335397928953171,0.092204749584198,3.4626247882843018,0.6451917343091444,0.8292697159794086,True
1,0.07503812912215722,0.3090979025507514,0.45239031718003203,tumor_031,3,0.0625,micro,1379,0.002175489485134155,0.9861581920903955,0.16736926138401031,-0.09335397928953171,0.092204749584198,2.827655076980591,0.8480294670633322,0.5530161351403964,True
2,0.05078043994815088,0.2542747809772627,0.3429325606130868,tumor_031,1,0.296875,micro,1379,0.0007251631617113851,0.976271186440678,0.12851256132125854,-0.09335397928953171,0.092204749584198,2.406237840652466,1.0,0.40046267382602374,False
3,0.012515630947984864,0.12623547936410573,0.16539180526858033,tumor_031,1,0.21875,ITC,1379,0.0007251631617113851,0.9754237288135593,0.12322629243135452,-0.09335397928953171,0.092204749584198,2.3489058017730713,1.0,0.3816068303026496,False
4,0.008887121652357423,0.10637403220078466,0.13460671409894967,tumor_031,1,0.5741279125213623,ITC,1379,0.0007251631617113851,0.9728813559322034,0.111763134598732,-0.09335397928953171,0.092204749584198,2.2245829105377197,1.0,0.3422804792893297,False
5,0.051065967653839604,0.25498864564336055,0.524532760252028,tumor_031,2,0.3828125,micro,1379,0.0014503263234227702,0.9822033898305085,0.15316694974899292,-0.09335397928953171,0.092204749584198,2.6736252307891846,0.904117269104145,0.4944085814356089,True
6,0.005224387031578125,0.08155915746013331,0.10203653914824637,tumor_031,0,0.0,ITC,1379,0.0,,,-0.09335397928953171,0.092204749584198,,,,
7,0.00902971212084558,0.10722400174324315,0.1307228510822298,tumor_031,0,0.0,ITC,1379,0.0,,,-0.09335397928953171,0.092204749584198,,,,
8,0.004104782505954712,0.0722936470868543,0.07912859487094409,tumor_031,0,0.0,ITC,1379,0.0,,,-0.09335397928953171,0.092204749584198,,,,
9,0.003431857225910889,0.0661027709851475,0.09055458981861171,tumor_031,1,0.22170564532279968,ITC,1379,0.0007251631617113851,0.9966101694915255,0.2552112936973572,-0.09335397928953171,0.092204749584198,3.7803397178649902,1.0,0.9884315438969052,False
10,0.00882065170964795,0.10597548097111704,0.1513372590871849,tumor_031,0,0.0,ITC,1379,0.0,,,-0.09335397928953171,0.092204749584198,,,,
11,0.012824914112505616,0.12778571049172208,0.15121346719919598,tumor_031,1,0.09375,ITC,1379,0.0007251631617113851,1.0,0.3166981637477875,-0.09335397928953171,0.092204749584198,4.44719123840332,1.0,1.367906927824491,True
12,0.0068128128082364505,0.09313615129650174,0.11041396416723334,tumor_031,1,0.44012293219566345,ITC,1379,0.0007251631617113851,0.9915254237288136,0.19695429503917694,-0.09335397928953171,0.092204749584198,3.148517608642578,1.0,0.6856416498282074,False
13,0.05960517855211231,0.2754844286045031,0.5548632968479714,tumor_031,2,0.3125,micro,1379,0.0014503263234227702,0.9813559322033898,0.14964419603347778,-0.09335397928953171,0.092204749584198,2.6354193687438965,0.904117269104145,0.4803794328434748,True
14,0.20387511794862598,0.5094917686869299,0.9905241024825004,tumor_031,6,0.59375,micro,1379,0.00435097897026831,0.9819209039548022,0.14936581254005432,-0.09335397928953171,0.092204749584198,2.6324002742767334,0.7521467361674772,0.47927943321647265,True
15,0.005649651788251465,0.08481367855944874,0.14306462921193153,tumor_031,0,0.0,ITC,1379,0.0,,,-0.09335397928953171,0.092204749584198,,,,
16,0.003844283236459717,0.06996208571664361,0.10037076686466034,tumor_031,0,0.0,ITC,1379,0.0,,,-0.09335397928953171,0.092204749584198,,,,
17,0.15082205236183302,0.43821524538199624,0.7710318011009661,tumor_031,4,0.578125,micro,1379,0.0029006526468455403,0.9824152542372881,0.15624898672103882,-0.09335397928953171,0.092204749584198,2.7070510387420654,0.8082345382082902,0.5068481040854358,True
18,0.0283376767295105,0.18994907374855546,0.3175421315705811,tumor_031,1,0.625,micro,1379,0.0007251631617113851,0.9966101694915255,0.23276616632938385,-0.09335397928953171,0.092204749584198,3.536912679672241,1.0,0.8652340739889475,False
19,0.004486742043674195,0.07558238814057046,0.11273593674497512,tumor_031,0,0.0,ITC,1379,0.0,,,-0.09335397928953171,0.092204749584198,,,,
20,0.00890155496655835,0.10646037663401244,0.16408097045056746,tumor_031,1,0.109375,ITC,1379,0.0007251631617113851,0.985593220338983,0.1649261713027954,-0.09335397928953171,0.092204749584198,2.801158905029297,1.0,0.5427007613843319,False
21,0.0011627793963605347,0.0384772232528481,0.045716179653566356,tumor_031,0,0.0,ITC,1379,0.0,,,-0.09335397928953171,0.092204749584198,,,,
22,0.00352845761285083,0.06702664965969514,0.08659370719197787,tumor_031,0,0.0,ITC,1379,0.0,,,-0.09335397928953171,0.092204749584198,,,,
23,0.04549393247476465,0.24067545340641114,0.4257470839623351,tumor_031,4,0.171875,micro,1379,0.0029006526468455403,0.9883474576271186,0.18123935163021088,-0.09335397928953171,0.092204749584198,2.9780821800231934,0.8082345382082902,0.6134205118981307,True
24,0.10381983863236084,0.3635760224144947,0.5944316063593365,tumor_031,4,0.2421875,micro,1379,0.0029006526468455403,0.9156779661016949,0.0969366580247879,-0.09335397928953171,0.092204749584198,2.0637834072113037,0.8082345382082902,0.2945867241740578,False
25,0.4272572626499004,0.7375641277754437,1.0943509752320493,tumor_031,10,0.796875,micro,1379,0.007251631617113851,0.9872033898305085,0.17919154465198517,-0.09335397928953171,0.092204749584198,2.9558727741241455,0.681484462422535,0.6043053135217321,True
26,0.028884711869780273,0.19177371402485113,0.22177391969730617,tumor_031,1,0.609375,micro,1379,0.0007251631617113851,0.9923728813559322,0.1999850571155548,-0.09335397928953171,0.092204749584198,3.1813876628875732,1.0,0.7000323713715502,False
27,0.0030476465603964846,0.06229272926331696,0.10656694003717693,tumor_031,1,0.19688478112220764,ITC,1379,0.0007251631617113851,0.9923728813559322,0.20423883199691772,-0.09335397928953171,0.092204749584198,3.2275216579437256,1.0,0.7204822215136821,False
28,0.00546898366005249,0.08344654735511396,0.13857735216072342,tumor_031,0,0.0,ITC,1379,0.0,,,-0.09335397928953171,0.092204749584198,,,,
29,0.0062349276793787845,0.08909857731719911,0.1509432999694622,tumor_031,0,0.0,ITC,1379,0.0,,,-0.09335397928953171,0.092204749584198,,,,
30,0.0032965778914815676,0.0647868299404593,0.11723285359419189,tumor_031,0,0.0,ITC,1379,0.0,,,-0.09335397928953171,0.092204749584198,,,,
31,0.0028374680349036257,0.060106376608154224,0.07916026837385638,tumor_031,0,0.0,ITC,1379,0.0,,,-0.09335397928953171,0.092204749584198,,,,
32,0.06471572580083497,0.28705160033670035,0.4505084342617794,tumor_031,4,0.0625,micro,1379,0.0029006526468455403,0.9915254237288136,0.20768775045871735,-0.09335397928953171,0.092204749584198,3.2649264335632324,0.8082345382082902,0.7372787866383584,True
33,0.0030312130766506347,0.06212455519124403,0.08220227044309665,tumor_031,1,0.19582313299179077,ITC,1379,0.0007251631617113851,0.9864406779661017,0.17763182520866394,-0.09335397928953171,0.092204749584198,2.9389572143554688,1.0,0.5974085934892381,False
34,0.0014473328440061646,0.04292786287928456,0.05036387066387104,tumor_031,0,0.0,ITC,1379,0.0,,,-0.09335397928953171,0.092204749584198,,,,
35,0.0031372189161828004,0.06320151251809666,0.07054738649388193,tumor_031,0,0.0,ITC,1379,0.0,,,-0.09335397928953171,0.092204749584198,,,,
36,0.0018192416140975342,0.04812826990965712,0.06118785353521669,tumor_031,0,0.0,ITC,1379,0.0,,,-0.09335397928953171,0.092204749584198,,,,
37,0.010805205093463258,0.11729285747210365,0.1773030753916492,tumor_031,0,0.0,ITC,1379,0.0,,,-0.09335397928953171,0.092204749584198,,,,
38,0.0008577930665401611,0.03304808698727619,0.037218256397925975,tumor_031,1,0.05541534721851349,ITC,1379,0.0007251631617113851,1.0,0.3129652738571167,-0.09335397928953171,0.092204749584198,4.4067063331604,1.0,1.3431148709918843,True
39,0.0025893037677722167,0.05741780168605673,0.07026745331410553,tumor_031,0,0.0,ITC,1379,0.0,,,-0.09335397928953171,0.092204749584198,,,,
40,0.0034320901061711427,0.06610501376046603,0.12733431554649882,tumor_031,0,0.0,ITC,1379,0.0,,,-0.09335397928953171,0.092204749584198,,,,
41,0.0018196259804154054,0.04813335387122307,0.08822089230136594,tumor_031,0,0.0,ITC,1379,0.0,,,-0.09335397928953171,0.092204749584198,,,,
42,0.0016191327199086914,0.0454042267543711,0.057452152587687204,tumor_031,0,0.0,ITC,1379,0.0,,,-0.09335397928953171,0.092204749584198,,,,
43,0.0012383881917703858,0.03970849805136335,0.0519248579146638,tumor_031,0,0.0,ITC,1379,0.0,,,-0.09335397928953171,0.092204749584198,,,,
44,5.289857571577219,2.5952371464181905,5.340227634071489,tumor_031,116,0.90625,macro,1379,0.08411892675852067,0.9822837521917007,0.17393624782562256,-0.09335397928953171,0.092204749584198,2.8988771438598633,0.34243805375529573,0.5812253643567098,True
45,0.04561507064770532,0.24099566756385188,0.3078740635933677,tumor_031,1,1.0,micro,1379,0.0007251631617113851,0.9966101694915255,0.24775275588035583,-0.09335397928953171,0.092204749584198,3.699448823928833,1.0,0.9465836222963245,False
46,0.04349490936848437,0.235328363361976,0.30709700045397215,tumor_031,2,0.5390625,micro,1379,0.0014503263234227702,0.9877118644067797,0.17560461163520813,-0.09335397928953171,0.092204749584198,2.916971206665039,0.904117269104145,0.5885037339535032,True
47,0.07744905448185278,0.3140242010875007,0.4610115569269929,tumor_031,2,0.5234375,micro,1379,0.0014503263234227702,0.9720338983050848,0.11704220622777939,-0.09335397928953171,0.092204749584198,2.281836748123169,0.904117269104145,0.3601256691418102,False
48,0.004118762580156738,0.07241665134781496,0.09582230739967178,tumor_031,0,0.0,ITC,1379,0.0,,,-0.09335397928953171,0.092204749584198,,,,
49,0.009653061512592773,0.11086324749705893,0.17433104865221802,tumor_031,1,0.25,ITC,1379,0.0007251631617113851,0.985593220338983,0.16619029641151428,-0.09335397928953171,0.092204749584198,2.814868927001953,1.0,0.548026162690619,False
50,0.005492156471329834,0.083623147544028,0.13115021229028556,tumor_031,1,0.28125,ITC,1379,0.0007251631617113851,0.9991525423728813,0.28397807478904724,-0.09335397928953171,0.092204749584198,4.09232759475708,1.0,1.1583124450601656,True
51,0.003394085104409546,0.06573799033383061,0.10671627361615874,tumor_031,0,0.0,ITC,1379,0.0,,,-0.09335397928953171,0.092204749584198,,,,
52,0.0029726126169488526,0.06152111779769576,0.06986459540015841,tumor_031,1,0.1920374184846878,ITC,1379,0.0007251631617113851,0.9898305084745763,0.19191209971904755,-0.09335397928953171,0.092204749584198,3.0938327312469482,1.0,0.6620314142745776,False
53,0.011857748148406495,0.12287291749633564,0.15496646360541075,tumor_031,0,0.0,ITC,1379,0.0,,,-0.09335397928953171,0.092204749584198,,,,
54,0.005438436874239991,0.08321317738091874,0.10887486223085673,tumor_031,1,0.35133516788482666,ITC,1379,0.0007251631617113851,0.9966101694915255,0.24915732443332672,-0.09335397928953171,0.092204749584198,3.714681625366211,1.0,0.9543949515182819,False
55,0.032787935162564945,0.20432057076856022,0.31676622889601097,tumor_031,2,0.1796875,micro,1379,0.0014503263234227702,0.9915254237288136,0.20518290996551514,-0.09335397928953171,0.092204749584198,3.237760543823242,0.904117269104145,0.7250607416312106,True
56,0.0011400439924248048,0.03809920069887314,0.04298724018068765,tumor_031,0,0.0,ITC,1379,0.0,,,-0.09335397928953171,0.092204749584198,,,,
57,0.0009764701749030762,0.03526018208888118,0.03934561578287578,tumor_031,0,0.0,ITC,1379,0.0,,,-0.09335397928953171,0.092204749584198,,,,
58,0.003369607261216919,0.06550051309118218,0.0863430885679823,tumor_031,1,0.21768414974212646,ITC,1379,0.0007251631617113851,0.9966101694915255,0.24604833126068115,-0.09335397928953171,0.092204749584198,3.6809635162353516,1.0,0.9371475285150527,False
59,0.0009287860530860595,0.03438847381591197,0.054297634111821674,tumor_031,0,0.0,ITC,1379,0.0,,,-0.09335397928953171,0.092204749584198,,,,
60,0.0017409789258233644,0.04708166537951746,0.059699046945910286,tumor_031,0,0.0,ITC,1379,0.0,,,-0.09335397928953171,0.092204749584198,,,,
61,0.001263220682161377,0.04010464469678286,0.05118842728830414,tumor_031,0,0.0,ITC,1379,0.0,,,-0.09335397928953171,0.092204749584198,,,,
62,0.01663918595420801,0.14555297849614593,0.19666887154872784,tumor_031,1,0.5625,ITC,1379,0.0007251631617113851,0.9949152542372881,0.22020870447158813,-0.09335397928953171,0.092204749584198,3.400721788406372,1.0,0.7998842512128223,False
63,0.0005237906081000976,0.025824618397837406,0.028702044548254743,tumor_031,0,0.0,ITC,1379,0.0,,,-0.09335397928953171,0.092204749584198,,,,
64,0.0006929384508358154,0.029703141882159244,0.0371717033127257,tumor_031,0,0.0,ITC,1379,0.0,,,-0.09335397928953171,0.092204749584198,,,,
65,0.025914070597064943,0.18164476168951812,0.3056973909786467,tumor_031,2,0.28125,micro,1379,0.0014503263234227702,0.9906779661016949,0.20734092593193054,-0.09335397928953171,0.092204749584198,3.261165142059326,0.904117269104145,0.7355810313386041,True
66,0.01208116397554541,0.12402506085503158,0.17480595977520572,tumor_031,0,0.0,ITC,1379,0.0,,,-0.09335397928953171,0.092204749584198,,,,
67,0.024093146857737304,0.17514664523302426,0.22814896372803908,tumor_031,2,0.234375,micro,1379,0.0014503263234227702,0.8847457627118644,0.09430554509162903,-0.09335397928953171,0.092204749584198,2.035248041152954,0.904117269104145,0.28649670340242034,False
68,0.06062939279884864,0.2778412145178886,0.4220903704658518,tumor_031,1,0.140625,micro,1379,0.0007251631617113851,0.9991525423728813,0.28311097621917725,-0.09335397928953171,0.092204749584198,4.082923889160156,1.0,1.1529952195028446,True
69,0.019968512506145508,0.1594512457535629,0.21331567729604448,tumor_031,1,0.5,micro,1379,0.0007251631617113851,1.0,0.3468624949455261,-0.09335397928953171,0.092204749584198,4.774336338043213,1.0,1.576561654311487,True
70,0.004070880047356567,0.07199448213695084,0.08694613975481194,tumor_031,0,0.0,ITC,1379,0.0,,,-0.09335397928953171,0.092204749584198,,,,
71,0.007718606426287354,0.09913442859166542,0.15518144899809724,tumor_031,0,0.0,ITC,1379,0.0,,,-0.09335397928953171,0.092204749584198,,,,
72,0.06281282094410302,0.28279987189247635,0.375711445188481,tumor_031,0,0.0,micro,1379,0.0,,,-0.09335397928953171,0.092204749584198,,,,
73,0.005443722624715576,0.0832536060261498,0.17638017363071168,tumor_031,0,0.0,ITC,1379,0.0,,,-0.09335397928953171,0.092204749584198,,,,
74,0.004671694489656006,0.07712448486149766,0.10698459639592982,tumor_031,0,0.0,ITC,1379,0.0,,,-0.09335397928953171,0.092204749584198,,,,
75,0.01864585114862256,0.15407996309602295,0.3379683844566678,tumor_031,0,0.0,micro,1379,0.0,,,-0.09335397928953171,0.092204749584198,,,,
76,0.006481567906380615,0.09084375911580331,0.2876174939616917,tumor_031,0,0.0,micro,1379,0.0,,,-0.09335397928953171,0.092204749584198,,,,
77,0.03175389552840161,0.20107291087103202,0.31644011979519915,tumor_031,0,0.0,micro,1379,0.0,,,-0.09335397928953171,0.092204749584198,,,,
78,0.0062437864854210205,0.08916185205636445,0.11471026206154272,tumor_031,0,0.0,ITC,1379,0.0,,,-0.09335397928953171,0.092204749584198,,,,
79,0.02856052072128955,0.19069447920842883,0.26584051761597516,tumor_031,0,0.0,micro,1379,0.0,,,-0.09335397928953171,0.092204749584198,,,,
80,0.02685753732574512,0.18492181752659514,0.322590988871357,tumor_031,0,0.0,micro,1379,0.0,,,-0.09335397928953171,0.092204749584198,,,,
81,0.03193647236939356,0.20165014143326,0.30659686792038593,tumor_031,0,0.0,micro,1379,0.0,,,-0.09335397928953171,0.092204749584198,,,,
82,0.01999430444908081,0.1595541885819482,0.284787345950419,tumor_031,0,0.0,micro,1379,0.0,,,-0.09335397928953171,0.092204749584198,,,,
83,0.044457828042963866,0.2379190297923591,0.3375307049096734,tumor_031,0,0.0,micro,1379,0.0,,,-0.09335397928953171,0.092204749584198,,,,
84,0.011917124765117798,0.12318017093059548,0.27527285443520094,tumor_031,0,0.0,micro,1379,0.0,,,-0.09335397928953171,0.092204749584198,,,,
85,0.0017028439182312013,0.04656316371557817,0.07943144186818339,tumor_031,0,0.0,ITC,1379,0.0,,,-0.09335397928953171,0.092204749584198,,,,
0,0.1680021563345508,0.4625007989678819,1.0342692335020898,tumor_032,4,0.8359375,micro,4739,0.0008440599282549061,0.9992078580481623,0.17026489973068237,-0.07355915755033493,0.07367575168609619,3.3094208240509033,0.8362047587181352,0.6470231480395926,True
1,0.003418133552096924,0.06597046920945669,0.11160004835684437,tumor_032,0,0.0,ITC,4739,0.0,,,-0.07355915755033493,0.07367575168609619,,,,
2,0.007823381913733886,0.09980500601739292,0.11838037862896326,tumor_032,0,0.0,ITC,4739,0.0,,,-0.07355915755033493,0.07367575168609619,,,,
3,0.0045286786550072025,0.07593479274320317,0.10650939475144493,tumor_032,1,0.2925627529621124,ITC,4739,0.00021101498206372652,0.9995775242923531,0.2203773856163025,-0.07355915755033493,0.07367575168609619,3.9895968437194824,1.0,0.940316054271275,False
0,0.5690026201201084,0.8511619334737907,1.2467889167872492,tumor_033,14,0.65625,micro,5329,0.0026271345468192905,0.942295997346307,0.22168663144111633,-0.05806559696793556,0.12442110478878021,2.2484307289123535,0.6924504979227954,0.2945745561787778,True
1,1.0991815362032784,1.1830136933851438,1.6689035182280456,tumor_033,28,0.7578125,micro,5329,0.005254269093638581,0.9199814794338789,0.19160042703151703,-0.05806559696793556,0.12442110478878021,2.0066211223602295,0.6116727642012972,0.23462104606357032,True
2,0.6365633736370364,0.9002764353489986,1.05703755353601,tumor_033,16,0.6484375,micro,5329,0.0030024394820791895,0.9530766253869969,0.2343744933605194,-0.05806559696793556,0.12442110478878021,2.350405693054199,0.6768890651140073,0.3219006610899764,True
3,0.00946716013072815,0.10979053991479955,0.14283853358250356,tumor_033,0,0.0,ITC,5329,0.0,,,-0.05806559696793556,0.12442110478878021,,,,
4,0.2908408780672361,0.6085311061734664,0.9421086956877932,tumor_033,8,0.5625,micro,5329,0.0015012197410395947,0.975328947368421,0.27499818801879883,-0.05806559696793556,0.12442110478878021,2.676907539367676,0.7576667988355054,0.4175446751458794,True
5,0.29757777573814675,0.6155386191817215,0.7881504214337831,tumor_033,6,0.796875,micro,5329,0.001125914805779696,0.9727812177502579,0.2602251470088959,-0.05806559696793556,0.12442110478878021,2.558173179626465,0.7911925874366884,0.3813257127078524,True
6,0.3569185845793828,0.6741237691532409,0.8534549191221251,tumor_033,8,0.6953125,micro,5329,0.0015012197410395947,0.9419504643962848,0.2205505073070526,-0.05806559696793556,0.12442110478878021,2.2392992973327637,0.7576667988355054,0.29218673499992526,True
7,0.5771371235453921,0.8572244796042029,1.1195061690785808,tumor_033,14,0.7578125,micro,5329,0.0026271345468192905,0.9514042459088898,0.2317901849746704,-0.05806559696793556,0.12442110478878021,2.3296351432800293,0.6924504979227954,0.3162365228741511,True
8,1.491418142259003,1.3780176183415127,1.8578269871839208,tumor_033,33,1.0,micro,5329,0.006192531431788328,0.9375644994840041,0.21215015649795532,-0.05806559696793556,0.12442110478878021,2.171783924102783,0.5925252750401715,0.2748333527964093,True
9,0.042678797392281004,0.23311012968464523,0.6225239022024467,tumor_033,3,0.109375,micro,5329,0.000562957402889848,0.8630675954592363,0.09403368830680847,-0.05806559696793556,0.12442110478878021,1.222455620765686,0.8719703211581865,0.08707679009905907,False
10,0.4500834632747139,0.7570099496523953,1.135718341808796,tumor_033,12,0.6796875,micro,5329,0.002251829611559392,0.941579592363261,0.21700501441955566,-0.05806559696793556,0.12442110478878021,2.210803508758545,0.7104148537151902,0.2847977134723162,True
11,0.6779806540751514,0.9291026742690464,1.5023388073700523,tumor_033,19,0.5,micro,5329,0.0035653968849690375,0.9412884960078214,0.22012300789356232,-0.05806559696793556,0.12442110478878021,2.23586368560791,0.6568620424508281,0.2912908564450923,True
0,4.906601944636711,2.4994558660208246,4.114721544749674,tumor_034,91,1.0,macro,1896,0.047995780590717296,0.9622111960062099,0.16147968173027039,-0.046124167740345,0.08424681425094604,2.464233636856079,0.40233739638803906,0.40228195184370713,True
1,0.007732322949636475,0.09922247402751252,0.12934065930315009,tumor_034,0,0.0,ITC,1896,0.0,,,-0.046124167740345,0.08424681425094604,,,,
2,0.005891004873608643,0.08660635290384934,0.09715450278937152,tumor_034,0,0.0,ITC,1896,0.0,,,-0.046124167740345,0.08424681425094604,,,,
3,0.0004914041273382569,0.025013499702623426,0.03474437820866068,tumor_034,0,0.0,ITC,1896,0.0,,,-0.046124167740345,0.08424681425094604,,,,
4,0.012579308302598877,0.12655620402131318,0.16918921345764845,tumor_034,0,0.0,ITC,1896,0.0,,,-0.046124167740345,0.08424681425094604,,,,
5,0.003958255778651367,0.07099160362715716,0.07807285715511948,tumor_034,0,0.0,ITC,1896,0.0,,,-0.046124167740345,0.08424681425094604,,,,
6,0.008460416884328614,0.10378890760612257,0.14382964003285748,tumor_034,0,0.0,ITC,1896,0.0,,,-0.046124167740345,0.08424681425094604,,,,
7,0.022191758764527832,0.16809350024977163,0.20606525762514777,tumor_034,0,0.0,micro,1896,0.0,,,-0.046124167740345,0.08424681425094604,,,,
8,0.002156233356081299,0.05239657981814963,0.05608195731249044,tumor_034,0,0.0,ITC,1896,0.0,,,-0.046124167740345,0.08424681425094604,,,,
9,0.001495638101187378,0.043638349820363055,0.04880258367028963,tumor_034,0,0.0,ITC,1896,0.0,,,-0.046124167740345,0.08424681425094604,,,,
10,0.005335593035855713,0.08242261854530607,0.0919007604300058,tumor_034,0,0.0,ITC,1896,0.0,,,-0.046124167740345,0.08424681425094604,,,,
11,0.004528916934156738,0.07593679039430817,0.08928198114364007,tumor_034,0,0.0,ITC,1896,0.0,,,-0.046124167740345,0.08424681425094604,,,,
12,0.01008215300775586,0.11330046736684418,0.15424358693697332,tumor_034,0,0.0,ITC,1896,0.0,,,-0.046124167740345,0.08424681425094604,,,,
13,0.018924447502199706,0.15522678545297922,0.22449126681299086,tumor_034,0,0.0,micro,1896,0.0,,,-0.046124167740345,0.08424681425094604,,,,
14,0.0008538035901020508,0.03297114639127342,0.041173670804237915,tumor_034,0,0.0,ITC,1896,0.0,,,-0.046124167740345,0.08424681425094604,,,,
15,0.0030661209540373538,0.06248124876810213,0.07741991059314135,tumor_034,0,0.0,ITC,1896,0.0,,,-0.046124167740345,0.08424681425094604,,,,
16,0.00499774310113623,0.07977044660019145,0.11935848608705585,tumor_034,0,0.0,ITC,1896,0.0,,,-0.046124167740345,0.08424681425094604,,,,
17,0.0018675968704716798,0.048763697451159056,0.05499800036541164,tumor_034,0,0.0,ITC,1896,0.0,,,-0.046124167740345,0.08424681425094604,,,,
18,0.0061090958533754885,0.0881949115487695,0.10453269797289394,tumor_034,0,0.0,ITC,1896,0.0,,,-0.046124167740345,0.08424681425094604,,,,
19,0.01640290449462012,0.14451583529518305,0.2251392049377451,tumor_034,0,0.0,micro,1896,0.0,,,-0.046124167740345,0.08424681425094604,,,,
20,0.004855006660809814,0.07862306576632376,0.10261874817588426,tumor_034,0,0.0,ITC,1896,0.0,,,-0.046124167740345,0.08424681425094604,,,,
21,0.007321170557972901,0.09654845347369316,0.11838837280437646,tumor_034,0,0.0,ITC,1896,0.0,,,-0.046124167740345,0.08424681425094604,,,,
22,0.004551713870293213,0.07612766971329712,0.09927561209204402,tumor_034,0,0.0,ITC,1896,0.0,,,-0.046124167740345,0.08424681425094604,,,,
23,0.003343192110580078,0.06524327092380613,0.0729219679400522,tumor_034,0,0.0,ITC,1896,0.0,,,-0.046124167740345,0.08424681425094604,,,,
24,0.004298607568755615,0.07398078901875489,0.08584981742504078,tumor_034,0,0.0,ITC,1896,0.0,,,-0.046124167740345,0.08424681425094604,,,,
25,0.002452159928010498,0.055876533449721946,0.06620356504751085,tumor_034,0,0.0,ITC,1896,0.0,,,-0.046124167740345,0.08424681425094604,,,,
26,0.006091412782649414,0.08806717684912177,0.09827073324372114,tumor_034,0,0.0,ITC,1896,0.0,,,-0.046124167740345,0.08424681425094604,,,,
27,0.003225863376617432,0.06408819561371824,0.06852446808771491,tumor_034,0,0.0,ITC,1896,0.0,,,-0.046124167740345,0.08424681425094604,,,,
28,0.000777682768790039,0.0314670693659675,0.04153609717734889,tumor_034,0,0.0,ITC,1896,0.0,,,-0.046124167740345,0.08424681425094604,,,,
29,0.004189799320051026,0.07303847053980157,0.08017003761405622,tumor_034,0,0.0,ITC,1896,0.0,,,-0.046124167740345,0.08424681425094604,,,,
30,0.0021246048390091555,0.052010872882140145,0.05713405648339382,tumor_034,0,0.0,ITC,1896,0.0,,,-0.046124167740345,0.08424681425094604,,,,
31,0.0005473019852380371,0.02639785086928724,0.03030486107381563,tumor_034,0,0.0,ITC,1896,0.0,,,-0.046124167740345,0.08424681425094604,,,,
32,0.0003049219323880005,0.01970377279541824,0.024266260326840643,tumor_034,0,0.0,ITC,1896,0.0,,,-0.046124167740345,0.08424681425094604,,,,
33,0.0002946513924838257,0.019369094063008935,0.023991866371751908,tumor_034,0,0.0,ITC,1896,0.0,,,-0.046124167740345,0.08424681425094604,,,,
34,0.009596546862227051,0.11053824206079824,0.13874058399159772,tumor_034,0,0.0,ITC,1896,0.0,,,-0.046124167740345,0.08424681425094604,,,,
35,0.007765093169608887,0.09943250822592649,0.10549390568756443,tumor_034,0,0.0,ITC,1896,0.0,,,-0.046124167740345,0.08424681425094604,,,,
36,0.005611151205936036,0.08452419539330829,0.09272226039568725,tumor_034,0,0.0,ITC,1896,0.0,,,-0.046124167740345,0.08424681425094604,,,,
37,0.0006768827740096436,0.029357007937102726,0.0327604918794229,tumor_034,0,0.0,ITC,1896,0.0,,,-0.046124167740345,0.08424681425094604,,,,
38,0.0005885348236018067,0.027374181464722442,0.03178252810235341,tumor_034,0,0.0,ITC,1896,0.0,,,-0.046124167740345,0.08424681425094604,,,,
39,0.004360492146137695,0.07451141546749472,0.0803629262756418,tumor_034,0,0.0,ITC,1896,0.0,,,-0.046124167740345,0.08424681425094604,,,,
40,0.0019544518297694093,0.04988472068622223,0.05653664226685438,tumor_034,0,0.0,ITC,1896,0.0,,,-0.046124167740345,0.08424681425094604,,,,
41,0.005845591622654297,0.0862718865931193,0.09115739424204708,tumor_034,0,0.0,ITC,1896,0.0,,,-0.046124167740345,0.08424681425094604,,,,
42,0.011804820422049316,0.12259838571470028,0.18280707732783194,tumor_034,0,0.0,ITC,1896,0.0,,,-0.046124167740345,0.08424681425094604,,,,
43,0.006926455355033936,0.09390972720049738,0.10245394624020508,tumor_034,0,0.0,ITC,1896,0.0,,,-0.046124167740345,0.08424681425094604,,,,
44,0.004550605512201782,0.07611840047337516,0.08775418001604778,tumor_034,0,0.0,ITC,1896,0.0,,,-0.046124167740345,0.08424681425094604,,,,
45,0.013041898673167969,0.12886217881561102,0.1868486031409914,tumor_034,0,0.0,ITC,1896,0.0,,,-0.046124167740345,0.08424681425094604,,,,
46,0.01098836378190747,0.11828279375741942,0.14956391689168855,tumor_034,0,0.0,ITC,1896,0.0,,,-0.046124167740345,0.08424681425094604,,,,
47,0.013632681294408693,0.13174850634755786,0.16692248903776474,tumor_034,0,0.0,ITC,1896,0.0,,,-0.046124167740345,0.08424681425094604,,,,
48,0.022213623458810304,0.16817628792316106,0.24084689384540098,tumor_034,0,0.0,micro,1896,0.0,,,-0.046124167740345,0.08424681425094604,,,,
49,0.0037147990150041507,0.06877375230890427,0.07481941443134815,tumor_034,0,0.0,ITC,1896,0.0,,,-0.046124167740345,0.08424681425094604,,,,
50,0.014447330755475099,0.13562784682261764,0.16597900610393473,tumor_034,0,0.0,ITC,1896,0.0,,,-0.046124167740345,0.08424681425094604,,,,
51,0.0004079949929066162,0.022792002084561284,0.027364404336072668,tumor_034,0,0.0,ITC,1896,0.0,,,-0.046124167740345,0.08424681425094604,,,,
52,0.007070115027052002,0.0948786068524877,0.10949472119617519,tumor_034,0,0.0,ITC,1896,0.0,,,-0.046124167740345,0.08424681425094604,,,,
53,0.0029968251144642335,0.061771160296625015,0.06593062906002035,tumor_034,0,0.0,ITC,1896,0.0,,,-0.046124167740345,0.08424681425094604,,,,
54,0.07970938116238477,0.3185735961788364,0.5378648102015549,tumor_034,0,0.0,micro,1896,0.0,,,-0.046124167740345,0.08424681425094604,,,,
55,0.00918337613653125,0.10813250043908541,0.14304800388924474,tumor_034,0,0.0,ITC,1896,0.0,,,-0.046124167740345,0.08424681425094604,,,,
56,0.0015267519505777589,0.044089919011914135,0.05192539698828146,tumor_034,0,0.0,ITC,1896,0.0,,,-0.046124167740345,0.08424681425094604,,,,
57,0.001714131518053711,0.046717234867475844,0.06061897859128703,tumor_034,0,0.0,ITC,1896,0.0,,,-0.046124167740345,0.08424681425094604,,,,
58,0.02821191575221582,0.18952711354436347,0.2862403276768739,tumor_034,0,0.0,micro,1896,0.0,,,-0.046124167740345,0.08424681425094604,,,,
59,0.002576134125237305,0.05727159715595386,0.07190753534033893,tumor_034,0,0.0,ITC,1896,0.0,,,-0.046124167740345,0.08424681425094604,,,,
60,0.0008548205635228272,0.03299077666757877,0.04676405448095947,tumor_034,0,0.0,ITC,1896,0.0,,,-0.046124167740345,0.08424681425094604,,,,
61,0.012479893169772218,0.12605512087108658,0.15303450557445636,tumor_034,0,0.0,ITC,1896,0.0,,,-0.046124167740345,0.08424681425094604,,,,
62,0.002133031524873047,0.05211391452995168,0.05685953360035588,tumor_034,0,0.0,ITC,1896,0.0,,,-0.046124167740345,0.08424681425094604,,,,
63,0.0065074864673254395,0.09102521138139517,0.11730227947839095,tumor_034,0,0.0,ITC,1896,0.0,,,-0.046124167740345,0.08424681425094604,,,,
64,0.11263240011002344,0.3786925214980023,0.5945159878155086,tumor_034,0,0.0,micro,1896,0.0,,,-0.046124167740345,0.08424681425094604,,,,
65,0.0017650570061326905,0.04740612174519232,0.05065911209030847,tumor_034,0,0.0,ITC,1896,0.0,,,-0.046124167740345,0.08424681425094604,,,,
66,0.0010593083821992188,0.03672537708840408,0.040112903720225475,tumor_034,0,0.0,ITC,1896,0.0,,,-0.046124167740345,0.08424681425094604,,,,
67,0.008449989055822267,0.10372492573365502,0.14538704400526092,tumor_034,0,0.0,ITC,1896,0.0,,,-0.046124167740345,0.08424681425094604,,,,
68,0.008328369783460694,0.10297577264327556,0.17523884454273564,tumor_034,0,0.0,ITC,1896,0.0,,,-0.046124167740345,0.08424681425094604,,,,
69,0.0033334066922332765,0.06514771844996754,0.06903069447005765,tumor_034,0,0.0,ITC,1896,0.0,,,-0.046124167740345,0.08424681425094604,,,,
70,0.030655694629032715,0.197565287115449,0.2538841929978707,tumor_034,0,0.0,micro,1896,0.0,,,-0.046124167740345,0.08424681425094604,,,,
71,0.0023894184986048583,0.055157067737012865,0.06263746407788241,tumor_034,0,0.0,ITC,1896,0.0,,,-0.046124167740345,0.08424681425094604,,,,
72,0.01799210842493994,0.15135476186693372,0.21854673421356324,tumor_034,0,0.0,micro,1896,0.0,,,-0.046124167740345,0.08424681425094604,,,,
73,0.008126218487293946,0.10171835000225184,0.147443509487762,tumor_034,0,0.0,ITC,1896,0.0,,,-0.046124167740345,0.08424681425094604,,,,
74,0.010248792471749268,0.11423295435562893,0.16790809478884147,tumor_034,0,0.0,ITC,1896,0.0,,,-0.046124167740345,0.08424681425094604,,,,
75,0.0035263987402961426,0.06700709161461428,0.08576328358164761,tumor_034,0,0.0,ITC,1896,0.0,,,-0.046124167740345,0.08424681425094604,,,,
76,0.0005464364474179687,0.02637696899829763,0.04196494388558636,tumor_034,0,0.0,ITC,1896,0.0,,,-0.046124167740345,0.08424681425094604,,,,
77,0.009592081512262207,0.11051252190469324,0.16352451013144878,tumor_034,0,0.0,ITC,1896,0.0,,,-0.046124167740345,0.08424681425094604,,,,
78,0.0005718819928595581,0.026984120668102962,0.038647018433289944,tumor_034,0,0.0,ITC,1896,0.0,,,-0.046124167740345,0.08424681425094604,,,,
79,0.0008601937954667359,0.03309430096744874,0.05600581678097324,tumor_034,0,0.0,ITC,1896,0.0,,,-0.046124167740345,0.08424681425094604,,,,
80,0.0006026048120159912,0.027699463469649716,0.05606576668511003,tumor_034,0,0.0,ITC,1896,0.0,,,-0.046124167740345,0.08424681425094604,,,,
81,0.006280436329932129,0.08942315076903162,0.10438398691849245,tumor_034,0,0.0,ITC,1896,0.0,,,-0.046124167740345,0.08424681425094604,,,,
82,0.0007176202985203858,0.030227513000258683,0.04058222318873776,tumor_034,0,0.0,ITC,1896,0.0,,,-0.046124167740345,0.08424681425094604,,,,
83,0.007227793243061279,0.09593076763080356,0.12380404552732131,tumor_034,0,0.0,ITC,1896,0.0,,,-0.046124167740345,0.08424681425094604,,,,
84,0.005010507012456299,0.07987224591453654,0.08243426226650565,tumor_034,0,0.0,ITC,1896,0.0,,,-0.046124167740345,0.08424681425094604,,,,
85,0.00038838490434173586,0.02223751377258891,0.02644635785925974,tumor_034,0,0.0,ITC,1896,0.0,,,-0.046124167740345,0.08424681425094604,,,,
86,0.00015338077222192383,0.013974636474519471,0.01634195998273796,tumor_034,0,0.0,ITC,1896,0.0,,,-0.046124167740345,0.08424681425094604,,,,
87,0.00014196543712976075,0.013444553117869889,0.015480985759227638,tumor_034,0,0.0,ITC,1896,0.0,,,-0.046124167740345,0.08424681425094604,,,,
88,0.0001789003559696045,0.01509248182996083,0.01791872232941931,tumor_034,0,0.0,ITC,1896,0.0,,,-0.046124167740345,0.08424681425094604,,,,
89,0.0001544082082432251,0.014021363584437004,0.01588398135495291,tumor_034,0,0.0,ITC,1896,0.0,,,-0.046124167740345,0.08424681425094604,,,,
90,8.919686988446045e-05,0.01065687487040605,0.012752291794026671,tumor_034,0,0.0,ITC,1896,0.0,,,-0.046124167740345,0.08424681425094604,,,,
0,0.003048772145918335,0.06230423147002381,0.10227371559930772,tumor_035,0,0.0,ITC,1970,0.0,,,-0.09296254068613052,0.06833593547344208,,,,
1,0.002598191078364075,0.05751625531752946,0.06549674441677507,tumor_035,0,0.0,ITC,1970,0.0,,,-0.09296254068613052,0.06833593547344208,,,,
2,0.004723469679293701,0.07755068267935658,0.1019903696713371,tumor_035,1,0.3051466941833496,ITC,1970,0.0005076142131979696,0.9639410868461148,0.04780636727809906,-0.09296254068613052,0.06833593547344208,2.0599544048309326,1.0,0.27969485110274134,False
0,0.035726397728862304,0.21327977489514563,0.2785893262424998,tumor_036,1,0.921875,micro,4936,0.0002025931928687196,0.9816590245935807,0.11453390121459961,-0.02931942045688629,0.06646862626075745,2.164228916168213,1.0,0.2753830992798601,False
1,1.0246072492011093,1.1421779491415371,1.5939806057095391,tumor_036,23,0.921875,micro,4936,0.004659643435980551,0.9005926382369466,0.0787583589553833,-0.02931942045688629,0.06646862626075745,1.6259968280792236,0.6313053019703095,0.15544268195135927,True
2,0.7821561516101543,0.9979339368855634,1.2293623020659254,tumor_036,16,0.9609375,micro,4936,0.0032414910858995136,0.9488458732805336,0.09356190264225006,-0.02931942045688629,0.06646862626075745,1.848711609840393,0.6739784253106018,0.20094131029206286,True
3,0.0025156785920410767,0.056595595811249975,0.0717926538007156,tumor_036,1,0.1625184565782547,ITC,4936,0.0002025931928687196,0.7555231346394331,0.016555875539779663,-0.02931942045688629,0.06646862626075745,0.690179705619812,1.0,0.028006269431005343,False
4,0.0014408684309443359,0.042831888413176866,0.0490414699004832,tumor_036,0,0.0,ITC,4936,0.0,,,-0.02931942045688629,0.06646862626075745,,,,
5,0.0012017460131054077,0.03911662749539671,0.044693443416659435,tumor_036,0,0.0,ITC,4936,0.0,,,-0.02931942045688629,0.06646862626075745,,,,
6,0.12256130948022839,0.3950315251783728,0.4630998599395167,tumor_036,4,0.65625,micro,4936,0.0008103727714748784,0.9281471446436015,0.08582833409309387,-0.02931942045688629,0.06646862626075745,1.7323625087738037,0.8369892126553009,0.17644462997092747,False
7,0.008791541547369873,0.10580046482550767,0.12610652340878326,tumor_036,1,0.109375,ITC,4936,0.0002025931928687196,0.9977073780741976,0.19683820009231567,-0.02931942045688629,0.06646862626075745,3.4024717807769775,1.0,0.6806438999201224,False
8,0.0027929543837871096,0.05963304426305248,0.06320540925214338,tumor_036,0,0.0,ITC,4936,0.0,,,-0.02931942045688629,0.06646862626075745,,,,
9,0.0023146171831329347,0.0542868504196768,0.07508240419051052,tumor_036,0,0.0,ITC,4936,0.0,,,-0.02931942045688629,0.06646862626075745,,,,
10,0.02276400207570996,0.17024696073418535,0.3558379415577486,tumor_036,2,0.28125,micro,4936,0.0004051863857374392,0.9889537307211338,0.1451410949230194,-0.02931942045688629,0.06646862626075745,2.624704599380493,0.9184946063276505,0.4050342576791258,False
11,0.2564923770617871,0.571468492043253,1.1668788224335416,tumor_036,7,0.546875,micro,4936,0.0014181523500810373,0.9951765616625975,0.17908687889575958,-0.02931942045688629,0.06646862626075745,3.135408639907837,0.7711854318996868,0.5779884955631442,True
12,0.006714049254310547,0.09245860163277303,0.14846206260860043,tumor_036,1,0.125,ITC,4936,0.0002025931928687196,0.838682784493539,0.03437680006027222,-0.02931942045688629,0.06646862626075745,0.9582899808883667,1.0,0.05399142472449395,False
13,0.005355921072177246,0.08257947994251612,0.1023055420377559,tumor_036,0,0.0,ITC,4936,0.0,,,-0.02931942045688629,0.06646862626075745,,,,
14,0.0716403691617627,0.3020187924884505,0.42487534533393934,tumor_036,4,0.359375,micro,4936,0.0008103727714748784,0.9633180491871614,0.1325637698173523,-0.02931942045688629,0.06646862626075745,2.4354827404022217,0.8369892126553009,0.3487393912212409,False
15,0.1172452855006582,0.38636942675786634,0.5593862756426129,tumor_036,5,0.1875,micro,4936,0.001012965964343598,0.9758649437265527,0.11185069382190704,-0.02931942045688629,0.06646862626075745,2.1238608360290527,0.8107503365473169,0.26520579275832323,False
16,0.004486908637972046,0.07558379132776946,0.0867553091582183,tumor_036,1,0.28986433148384094,ITC,4936,0.0002025931928687196,0.7840766986244269,0.0221334770321846,-0.02931942045688629,0.06646862626075745,0.774092972278595,1.0,0.03523036494904125,False
17,0.0021837410501726073,0.05272973981105214,0.0686866002189607,tumor_036,0,0.0,ITC,4936,0.0,,,-0.02931942045688629,0.06646862626075745,,,,
18,0.022760153237093995,0.17023256781738358,0.35383061629955825,tumor_036,1,0.046875,micro,4936,0.0002025931928687196,0.8664026677782409,0.04360643029212952,-0.02931942045688629,0.06646862626075745,1.097146987915039,1.0,0.07077184586615624,False
19,0.0034251653242699585,0.06603829145364186,0.09480396071207219,tumor_036,0,0.0,ITC,4936,0.0,,,-0.02931942045688629,0.06646862626075745,,,,
20,0.0015632728344371339,0.04461413220063329,0.05082724759582318,tumor_036,0,0.0,ITC,4936,0.0,,,-0.02931942045688629,0.06646862626075745,,,,
21,0.4636424101577871,0.7683279581202382,1.164934696206144,tumor_036,13,0.484375,micro,4936,0.002633711507293355,0.9877994035976528,0.15066629648208618,-0.02931942045688629,0.06646862626075745,2.707829713821411,0.6983942040121122,0.43109560160739324,True
22,0.00610886537702655,0.08819324787926615,0.12187566501930158,tumor_036,1,0.3946463465690613,ITC,4936,0.0002025931928687196,0.9395581492288454,0.07359366118907928,-0.02931942045688629,0.06646862626075745,1.5482956171035767,1.0,0.14094142608356053,False
23,0.0029899384815904543,0.061700145146396324,0.06893961972085921,tumor_036,0,0.0,ITC,4936,0.0,,,-0.02931942045688629,0.06646862626075745,,,,
24,0.0068132912082127075,0.09313942127849428,0.11720979693813764,tumor_036,0,0.0,ITC,4936,0.0,,,-0.02931942045688629,0.06646862626075745,,,,
25,0.022979012185434813,0.17104907779186293,0.3089026168049596,tumor_036,2,0.359375,micro,4936,0.0004051863857374392,0.9127761567319717,0.06095980107784271,-0.02931942045688629,0.06646862626075745,1.3582230806350708,0.9184946063276505,0.10846087537272778,False
26,0.003951320779226075,0.07092938650548443,0.10375031503003926,tumor_036,0,0.0,ITC,4936,0.0,,,-0.02931942045688629,0.06646862626075745,,,,
27,0.0033453728654029543,0.06526454645605854,0.07957476904957217,tumor_036,0,0.0,ITC,4936,0.0,,,-0.02931942045688629,0.06646862626075745,,,,
28,0.04047513976025684,0.2270122210838912,0.4145132305958492,tumor_036,1,0.921875,micro,4936,0.0002025931928687196,0.9889537307211338,0.13409137725830078,-0.02931942045688629,0.06646862626075745,2.458465099334717,1.0,0.35535218275691804,False
29,0.008935429529693848,0.10666274994767631,0.1532582062917599,tumor_036,1,0.234375,ITC,4936,0.0002025931928687196,0.9814506044185077,0.11387598514556885,-0.02931942045688629,0.06646862626075745,2.1543307304382324,1.0,0.2728699087549814,False
30,0.00012356606300166321,0.012543093629601675,0.030353220239387104,tumor_036,0,0.0,ITC,4936,0.0,,,-0.02931942045688629,0.06646862626075745,,,,
31,0.0023682945622060547,0.05491271519586332,0.0634248620416316,tumor_036,0,0.0,ITC,4936,0.0,,,-0.02931942045688629,0.06646862626075745,,,,
32,0.01717097742789917,0.1478606353393495,0.2590451014665079,tumor_036,1,0.015625,micro,4936,0.0002025931928687196,0.9995831596498541,0.2262098491191864,-0.02931942045688629,0.06646862626075745,3.8443593978881836,1.0,0.8689181248823652,False
33,0.7280802510666944,0.9628190730343998,1.543375403619053,tumor_036,16,0.8046875,micro,4936,0.0032414910858995136,0.9217121717382243,0.11776179075241089,-0.02931942045688629,0.06646862626075745,2.2127914428710938,0.6739784253106018,0.28788024213615887,True
34,0.015034556820558473,0.13835675726722857,0.22370240066823655,tumor_036,1,0.265625,micro,4936,0.0002025931928687196,0.9929137140475198,0.14663146436214447,-0.02931942045688629,0.06646862626075745,2.6471269130706787,1.0,0.4119840661899026,False
35,0.003906726991725586,0.07052800363223999,0.0919913314997749,tumor_036,1,0.252383291721344,ITC,4936,0.0002025931928687196,0.9443518132555231,0.07632121443748474,-0.02931942045688629,0.06646862626075745,1.589330792427063,1.0,0.14851129602314866,False
36,0.0027765055503286744,0.05945718344199575,0.07018769637579352,tumor_036,0,0.0,ITC,4936,0.0,,,-0.02931942045688629,0.06646862626075745,,,,
37,0.0031772779916866153,0.06360374189960932,0.07425839800157671,tumor_036,0,0.0,ITC,4936,0.0,,,-0.02931942045688629,0.06646862626075745,,,,
38,0.026632889888701904,0.1841468126166525,0.2717796451163924,tumor_036,2,0.34375,micro,4936,0.0004051863857374392,0.9978115881617341,0.19444453716278076,-0.02931942045688629,0.06646862626075745,3.366459846496582,0.9184946063276505,0.6663122078311534,True
39,0.005211654104404358,0.08145970844048576,0.09618997798575893,tumor_036,0,0.0,ITC,4936,0.0,,,-0.02931942045688629,0.06646862626075745,,,,
40,0.015394101337695192,0.140001352060664,0.2095966836949861,tumor_036,0,0.0,micro,4936,0.0,,,-0.02931942045688629,0.06646862626075745,,,,
41,0.006992013044033569,0.0943531001343762,0.19391096918952305,tumor_036,1,0.015625,ITC,4936,0.0002025931928687196,0.2701125468945394,-0.07174339890480042,-0.02931942045688629,0.06646862626075745,-0.6382556557655334,1.0,0.02395081170748954,False
42,0.2974892203882178,0.6154470241464434,1.0775875764501064,tumor_036,12,0.3828125,micro,4936,0.0024311183144246355,0.9899437265527303,0.16077731549739838,-0.02931942045688629,0.06646862626075745,2.8599467277526855,0.7078062200781114,0.4808911447027121,True
43,0.0038887287797590027,0.07036535554616972,0.09782914396143984,tumor_036,0,0.0,ITC,4936,0.0,,,-0.02931942045688629,0.06646862626075745,,,,
44,0.0020134109912426147,0.05063155630488282,0.06433115321174095,tumor_036,0,0.0,ITC,4936,0.0,,,-0.02931942045688629,0.06646862626075745,,,,
45,0.004447848634498444,0.07525408142047656,0.10437302609510755,tumor_036,0,0.0,ITC,4936,0.0,,,-0.02931942045688629,0.06646862626075745,,,,
46,0.004839758076484589,0.07849949916994098,0.08900857449430384,tumor_036,1,0.3126591742038727,ITC,4936,0.0002025931928687196,0.9543559816590246,0.08392465114593506,-0.02931942045688629,0.06646862626075745,1.7037221193313599,1.0,0.17065869346571738,False
47,0.003523072656883667,0.06697548376622196,0.1008616500658859,tumor_036,0,0.0,ITC,4936,0.0,,,-0.02931942045688629,0.06646862626075745,,,,
48,0.010306819697713989,0.1145558833914032,0.17021352122628214,tumor_036,1,0.078125,ITC,4936,0.0002025931928687196,0.4406002501042101,-0.03974883258342743,-0.02931942045688629,0.06646862626075745,-0.15690729022026062,1.0,0.001447495216360956,False
49,0.023386260271922973,0.17255813913484705,0.2549145574427832,tumor_036,2,0.1328125,micro,4936,0.0004051863857374392,0.9829095456440183,0.17596131563186646,-0.02931942045688629,0.06646862626075745,3.0883853435516357,0.9184946063276505,0.5607817327875414,True
50,0.004468467635992859,0.07542830833656126,0.10726126580459591,tumor_036,0,0.0,ITC,4936,0.0,,,-0.02931942045688629,0.06646862626075745,,,,
51,0.20934091142013866,0.5162762116842314,1.0842227964626856,tumor_036,6,0.7421875,micro,4936,0.0012155591572123178,0.9908989856884813,0.14583942294120789,-0.02931942045688629,0.06646862626075745,2.6352107524871826,0.7893116137504611,0.4082832850746314,True
52,0.013855815528745605,0.13282233342233696,0.2024576645096927,tumor_036,0,0.0,micro,4936,0.0,,,-0.02931942045688629,0.06646862626075745,,,,
53,0.00699745041752124,0.09438978008191151,0.12466444124532358,tumor_036,0,0.0,ITC,4936,0.0,,,-0.02931942045688629,0.06646862626075745,,,,
54,0.004756244926936707,0.07781927219797047,0.10412863997785424,tumor_036,0,0.0,ITC,4936,0.0,,,-0.02931942045688629,0.06646862626075745,,,,
55,0.0014622851471627197,0.04314903562127955,0.048680985341715215,tumor_036,0,0.0,ITC,4936,0.0,,,-0.02931942045688629,0.06646862626075745,,,,
56,0.002418042726608917,0.055486463397640594,0.06492408155008465,tumor_036,0,0.0,ITC,4936,0.0,,,-0.02931942045688629,0.06646862626075745,,,,
57,0.0024587372203862916,0.05595142052806203,0.07490478615347605,tumor_036,0,0.0,ITC,4936,0.0,,,-0.02931942045688629,0.06646862626075745,,,,
58,0.010157887869753296,0.11372521499982104,0.14573919372660935,tumor_036,0,0.0,ITC,4936,0.0,,,-0.02931942045688629,0.06646862626075745,,,,
59,0.0013862494286361695,0.042012231449972945,0.05296949227146365,tumor_036,1,0.0895548090338707,ITC,4936,0.0002025931928687196,0.9895789912463526,0.1361333280801773,-0.02931942045688629,0.06646862626075745,2.4891855716705322,1.0,0.364288484200387,False
60,0.004144490680685669,0.07264247674353723,0.09071450860968557,tumor_036,0,0.0,ITC,4936,0.0,,,-0.02931942045688629,0.06646862626075745,,,,
61,0.0025643873242924805,0.05714087284341026,0.08337591693648713,tumor_036,0,0.0,ITC,4936,0.0,,,-0.02931942045688629,0.06646862626075745,,,,
62,0.0013161521675582885,0.040936255161215136,0.04794880162475388,tumor_036,0,0.0,ITC,4936,0.0,,,-0.02931942045688629,0.06646862626075745,,,,
63,0.0015021597936533205,0.043733388295335865,0.05853463510618084,tumor_036,0,0.0,ITC,4936,0.0,,,-0.02931942045688629,0.06646862626075745,,,,
64,0.0011970368157106933,0.03903991047974767,0.04914796588020934,tumor_036,0,0.0,ITC,4936,0.0,,,-0.02931942045688629,0.06646862626075745,,,,
65,0.0014500998576567994,0.042968878069871305,0.04687422028063216,tumor_036,0,0.0,ITC,4936,0.0,,,-0.02931942045688629,0.06646862626075745,,,,
66,0.0032100051088443603,0.06393047351132744,0.09338719338866985,tumor_036,0,0.0,ITC,4936,0.0,,,-0.02931942045688629,0.06646862626075745,,,,
67,0.0011302860298447266,0.03793579932016741,0.04234021680632022,tumor_036,0,0.0,ITC,4936,0.0,,,-0.02931942045688629,0.06646862626075745,,,,
68,0.0033426878153972168,0.06523835001184601,0.08233725853017763,tumor_036,0,0.0,ITC,4936,0.0,,,-0.02931942045688629,0.06646862626075745,,,,
69,0.0006228845538673096,0.02816169820498363,0.03271487620334211,tumor_036,1,0.04023973271250725,ITC,4936,0.0002025931928687196,0.3724468528553564,-0.05277605354785919,-0.02931942045688629,0.06646862626075745,-0.3528978228569031,1.0,0.0073219852695120945,False
70,0.0010862547792165529,0.03718954880818102,0.0528769922023815,tumor_036,0,0.0,ITC,4936,0.0,,,-0.02931942045688629,0.06646862626075745,,,,
71,0.0024374314841396484,0.055708474698102424,0.06981274435105266,tumor_036,0,0.0,ITC,4936,0.0,,,-0.02931942045688629,0.06646862626075745,,,,
72,0.0044046703272854005,0.07488791920077192,0.10320753311334005,tumor_036,1,0.2845515310764313,ITC,4936,0.0002025931928687196,0.9935389745727387,0.1474408060312271,-0.02931942045688629,0.06646862626075745,2.6593031883239746,1.0,0.41578287815876613,False
73,0.004943270355387452,0.07933452777193764,0.11140272916031886,tumor_036,0,0.0,ITC,4936,0.0,,,-0.02931942045688629,0.06646862626075745,,,,
74,0.00016108296354519654,0.014321215003234775,0.02170152480688864,tumor_036,0,0.0,ITC,4936,0.0,,,-0.02931942045688629,0.06646862626075745,,,,
75,0.0016142763144814454,0.04533608319790222,0.06540482241956284,tumor_036,0,0.0,ITC,4936,0.0,,,-0.02931942045688629,0.06646862626075745,,,,
76,0.0008543812892755737,0.03298229894636626,0.04662382691065434,tumor_036,0,0.0,ITC,4936,0.0,,,-0.02931942045688629,0.06646862626075745,,,,
77,0.003387803932821533,0.06567713405042643,0.0789535420251517,tumor_036,0,0.0,ITC,4936,0.0,,,-0.02931942045688629,0.06646862626075745,,,,
78,0.00138776498840094,0.04203519075763795,0.051426489864916235,tumor_036,0,0.0,ITC,4936,0.0,,,-0.02931942045688629,0.06646862626075745,,,,
79,0.0039053369255020753,0.070515455107825,0.08369904340813002,tumor_036,0,0.0,ITC,4936,0.0,,,-0.02931942045688629,0.06646862626075745,,,,
80,0.0014140153900211792,0.042430888647765556,0.0530685627685174,tumor_036,0,0.0,ITC,4936,0.0,,,-0.02931942045688629,0.06646862626075745,,,,
81,0.0010438590064059448,0.036456584673883054,0.04459015793924305,tumor_036,0,0.0,ITC,4936,0.0,,,-0.02931942045688629,0.06646862626075745,,,,
82,0.003978750402062622,0.07117515262039878,0.08677546363853951,tumor_036,1,0.25703614950180054,ITC,4936,0.0002025931928687196,0.7680283451438099,0.01903928816318512,-0.02931942045688629,0.06646862626075745,0.7275418639183044,1.0,0.031120521744333527,False
83,0.0015631713908212282,0.04461268463108056,0.06232428925587519,tumor_036,1,0.1009843647480011,ITC,4936,0.0002025931928687196,0.964776990412672,0.09195399284362793,-0.02931942045688629,0.06646862626075745,1.8245211839675903,1.0,0.1957170734226015,False
84,0.00345184646571167,0.06629500299795156,0.08996323847331598,tumor_036,0,0.0,ITC,4936,0.0,,,-0.02931942045688629,0.06646862626075745,,,,
85,0.003541633728286377,0.06715167991809322,0.07753331121862601,tumor_036,0,0.0,ITC,4936,0.0,,,-0.02931942045688629,0.06646862626075745,,,,
86,0.0007758536301469116,0.03143004172490672,0.04110425538275492,tumor_036,0,0.0,ITC,4936,0.0,,,-0.02931942045688629,0.06646862626075745,,,,
87,0.001037113642065674,0.03633860346053939,0.04984349758025397,tumor_036,0,0.0,ITC,4936,0.0,,,-0.02931942045688629,0.06646862626075745,,,,
88,0.0006644572231184693,0.029086306267027965,0.043581535452522045,tumor_036,0,0.0,ITC,4936,0.0,,,-0.02931942045688629,0.06646862626075745,,,,
89,0.0006497276295509034,0.028762108949992673,0.03964851478670307,tumor_036,0,0.0,ITC,4936,0.0,,,-0.02931942045688629,0.06646862626075745,,,,
90,0.0012293081465976562,0.03956265593856442,0.05403268961284066,tumor_036,0,0.0,ITC,4936,0.0,,,-0.02931942045688629,0.06646862626075745,,,,
91,0.0029036141199415286,0.06080293019387258,0.076667636311839,tumor_036,0,0.0,ITC,4936,0.0,,,-0.02931942045688629,0.06646862626075745,,,,
92,0.006193660631230591,0.08880322990945846,0.11508586747225713,tumor_036,0,0.0,ITC,4936,0.0,,,-0.02931942045688629,0.06646862626075745,,,,
93,0.0013460908647216798,0.041399228492453734,0.047381972448874765,tumor_036,0,0.0,ITC,4936,0.0,,,-0.02931942045688629,0.06646862626075745,,,,
94,0.0020440192876314696,0.05101496042548483,0.059436468870679666,tumor_036,0,0.0,ITC,4936,0.0,,,-0.02931942045688629,0.06646862626075745,,,,
95,0.001406233042491577,0.042313963638656193,0.056607870080841824,tumor_036,0,0.0,ITC,4936,0.0,,,-0.02931942045688629,0.06646862626075745,,,,
96,0.0009495458059306641,0.034770666799018135,0.039319236763653294,tumor_036,0,0.0,ITC,4936,0.0,,,-0.02931942045688629,0.06646862626075745,,,,
97,0.004329315369773438,0.07424456566258082,0.08615912894615924,tumor_036,0,0.0,ITC,4936,0.0,,,-0.02931942045688629,0.06646862626075745,,,,
98,0.06413637807034278,0.2857638409863038,0.7622244180357899,tumor_036,4,0.2421875,micro,4936,0.0008103727714748784,0.8151313047102959,0.0328352265059948,-0.02931942045688629,0.06646862626075745,0.9350975155830383,0.8369892126553009,0.05140965613297768,False
99,0.0013526817300060425,0.041500456263569754,0.054657375706981516,tumor_036,0,0.0,ITC,4936,0.0,,,-0.02931942045688629,0.06646862626075745,,,,
100,0.002695816349647339,0.0585868584386856,0.0663994998851648,tumor_036,0,0.0,ITC,4936,0.0,,,-0.02931942045688629,0.06646862626075745,,,,
101,0.001417796875871521,0.04248758699622269,0.05090698518890826,tumor_036,0,0.0,ITC,4936,0.0,,,-0.02931942045688629,0.06646862626075745,,,,
102,0.0013451235913564453,0.04138435149994751,0.05159323760375492,tumor_036,0,0.0,ITC,4936,0.0,,,-0.02931942045688629,0.06646862626075745,,,,
103,0.05456388152991687,0.2635771076518875,0.39500535311961016,tumor_036,0,0.0,micro,4936,0.0,,,-0.02931942045688629,0.06646862626075745,,,,
104,0.009518047217495178,0.11008521293058093,0.1408519668893938,tumor_036,0,0.0,ITC,4936,0.0,,,-0.02931942045688629,0.06646862626075745,,,,
0,0.07412579321080517,0.3072131038885848,0.41412207279281554,tumor_037,3,0.375,micro,5748,0.0005219206680584551,0.9895008504897648,0.14523003995418549,-0.0832560658454895,0.07145458459854126,3.197640895843506,0.8730897385897234,0.5905839901700178,True
1,0.02546799383581348,0.18007458698225323,0.26680851262298794,tumor_037,1,0.484375,micro,5748,0.00017397355601948505,0.9927855006158719,0.15383556485176086,-0.0832560658454895,0.07145458459854126,3.3180744647979736,1.0,0.6359083783954058,False
2,0.6143053191214658,0.8843968706675777,1.6009097871898499,tumor_037,16,0.6171875,micro,5748,0.0027835768963117608,0.9950840225233152,0.223962664604187,-0.0832560658454895,0.07145458459854126,4.299496650695801,0.6797141601708997,1.0677203505637824,True
3,0.029973744373928468,0.1953554622749741,0.27425228037155863,tumor_037,2,0.1953125,micro,5748,0.0003479471120389701,0.8359141298609889,0.0398799404501915,-0.0832560658454895,0.07145458459854126,1.7232764959335327,0.919928540042725,0.17152689250155584,False
4,0.7878107667724805,1.0015347333082625,2.0948252602604667,tumor_037,22,0.546875,macro,5748,0.003827418232428671,0.8871594708300673,0.12401515990495682,-0.0832560658454895,0.07145458459854126,2.900740623474121,0.6429267997160772,0.48600426959394,True
5,0.013061416703102052,0.12895856798465896,0.16141852355218925,tumor_037,1,0.34375,ITC,5748,0.00017397355601948505,0.9934893542143234,0.15927191078662872,-0.0832560658454895,0.07145458459854126,3.394155502319336,1.0,0.6654045427353963,False
6,0.2797066165178145,0.5967692393836623,1.0869559539667164,tumor_037,8,0.78125,micro,5748,0.0013917884481558804,0.9041439380608833,0.13230155408382416,-0.0832560658454895,0.07145458459854126,3.0167081356048584,0.7597856201281747,0.5256405723136665,True
7,0.075490662609,0.310028542060306,0.8895184085928877,tumor_037,4,0.1953125,micro,5748,0.0006958942240779402,0.7642530353686433,0.03791268914937973,-0.0832560658454895,0.07145458459854126,1.6957449913024902,0.8398570800854499,0.16608995842210278,False
8,0.012988332695742188,0.12859727372069601,0.18921350469127277,tumor_037,1,0.40625,ITC,5748,0.00017397355601948505,0.9982403660038712,0.2561153173446655,-0.0832560658454895,0.07145458459854126,4.749469757080078,1.0,1.3029043786592829,True
9,0.002515162443088623,0.05658978957350114,0.0673765451672711,tumor_037,0,0.0,ITC,5748,0.0,,,-0.0832560658454895,0.07145458459854126,,,,
10,0.0009092956086650391,0.034025742119847394,0.039095029373639054,tumor_037,0,0.0,ITC,5748,0.0,,,-0.0832560658454895,0.07145458459854126,,,,
11,0.026367393229967284,0.18322665677236094,0.23082574661015443,tumor_037,1,0.015625,micro,5748,0.00017397355601948505,0.8456800985395038,-0.01238277554512024,-0.0832560658454895,0.07145458459854126,0.9918648600578308,1.0,0.056823410865490906,False
12,0.03191816582426514,0.20159233845280128,0.23707681732727465,tumor_037,1,0.890625,micro,5748,0.00017397355601948505,0.9959528418089038,0.20300020277500153,-0.0832560658454895,0.07145458459854126,4.006128787994385,1.0,0.9269837135784622,False
13,0.004988220592118775,0.07969441458313044,0.0897266984250396,tumor_037,0,0.0,ITC,5748,0.0,,,-0.0832560658454895,0.07145458459854126,,,,
14,0.007517440063404053,0.09783405319162877,0.1299344367305775,tumor_037,0,0.0,ITC,5748,0.0,,,-0.0832560658454895,0.07145458459854126,,,,
15,0.0024135122638048096,0.05543445910243526,0.08661842615103352,tumor_037,0,0.0,ITC,5748,0.0,,,-0.0832560658454895,0.07145458459854126,,,,
16,0.033373418741538576,0.20613674219976535,0.3419490713405902,tumor_037,2,0.375,micro,5748,0.0003479471120389701,0.9961288052085167,0.20650190114974976,-0.0832560658454895,0.07145458459854126,4.0551347732543945,0.919928540042725,0.9498015538696133,True
17,0.001408378073822754,0.04234622365133719,0.05262945907849365,tumor_037,0,0.0,ITC,5748,0.0,,,-0.0832560658454895,0.07145458459854126,,,,
18,0.004025323250099671,0.07159050734817271,0.10061911570050174,tumor_037,0,0.0,ITC,5748,0.0,,,-0.0832560658454895,0.07145458459854126,,,,
19,0.0047590221004464115,0.07784198823615034,0.09428818053763846,tumor_037,1,0.3074434697628021,ITC,5748,0.00017397355601948505,0.9899700862220658,0.1258508563041687,-0.0832560658454895,0.07145458459854126,2.926431179046631,1.0,0.49465103366375857,False
20,0.024102993364984865,0.1751824314786959,0.3335039968763559,tumor_037,2,0.265625,micro,5748,0.0003479471120389701,0.9868907267288404,0.11116557568311691,-0.0832560658454895,0.07145458459854126,2.720912218093872,0.919928540042725,0.4276134452656425,False
21,0.04839967151535498,0.2482425743613331,0.27079439110480685,tumor_037,0,0.0,micro,5748,0.0,,,-0.0832560658454895,0.07145458459854126,,,,
22,0.0033213225652261964,0.06502952583916959,0.17795400250884355,tumor_037,0,0.0,ITC,5748,0.0,,,-0.0832560658454895,0.07145458459854126,,,,
23,0.002011558249578186,0.05060825535326416,0.09358520700492211,tumor_037,0,0.0,ITC,5748,0.0,,,-0.0832560658454895,0.07145458459854126,,,,
24,0.0013088359481638185,0.04082231848845819,0.04766552346352255,tumor_037,0,0.0,ITC,5748,0.0,,,-0.0832560658454895,0.07145458459854126,,,,
25,0.00020269186986730957,0.01606472234778342,0.018641112647064712,tumor_037,0,0.0,ITC,5748,0.0,,,-0.0832560658454895,0.07145458459854126,,,,
0,0.17226774047614746,0.4683354561170926,0.7412825736471563,tumor_038,4,0.96875,micro,1226,0.0032626427406199023,0.9940222032450897,0.24849727749824524,-0.054261114448308945,0.08066678047180176,3.7531979084014893,0.8050633482147651,0.9904007972477261,True
1,0.1428576560011692,0.4264880032179817,0.5400696885767081,tumor_038,5,0.53125,micro,1226,0.004078303425774877,0.9233134073441503,0.14646582305431366,-0.054261114448308945,0.08066678047180176,2.488347053527832,0.7736855557482942,0.43534138431949826,True
2,0.005628504122689087,0.08465479328846441,0.13553648545045344,tumor_038,0,0.0,ITC,1226,0.0,,,-0.054261114448308945,0.08066678047180176,,,,
3,0.0010389282310986328,0.03637037954127687,0.05465623177872766,tumor_038,1,0.06711708009243011,ITC,1226,0.0008156606851549756,0.9871904355251921,0.169496089220047,-0.054261114448308945,0.08066678047180176,2.773845672607422,1.0,0.5409693247653401,False
4,0.004116082979497193,0.07239309096113494,0.08680246057716409,tumor_038,0,0.0,ITC,1226,0.0,,,-0.054261114448308945,0.08066678047180176,,,,
5,0.0842145658478877,0.32745276831969816,0.5281157829139909,tumor_038,3,0.171875,micro,1226,0.0024469820554649264,0.9689723882721321,0.11592981964349747,-0.054261114448308945,0.08066678047180176,2.109802007675171,0.8455163584521325,0.31296188761774346,False
6,0.0012679057755697633,0.04017894688084207,0.05689343140091383,tumor_038,0,0.0,ITC,1226,0.0,,,-0.054261114448308945,0.08066678047180176,,,,
7,0.0011309226951247559,0.037946482017063285,0.04922114810729225,tumor_038,0,0.0,ITC,1226,0.0,,,-0.054261114448308945,0.08066678047180176,,,,
8,0.0001868985563546448,0.015426167145621335,0.020383784862452282,tumor_038,0,0.0,ITC,1226,0.0,,,-0.054261114448308945,0.08066678047180176,,,,
9,0.0005175488451601868,0.02567028741541406,0.03099212542396566,tumor_038,0,0.0,ITC,1226,0.0,,,-0.054261114448308945,0.08066678047180176,,,,
10,0.00045401034976226806,0.024042960113853745,0.029127647176541666,tumor_038,0,0.0,ITC,1226,0.0,,,-0.054261114448308945,0.08066678047180176,,,,
11,0.007627503752090333,0.09854765042748224,0.1913538212317695,tumor_038,1,0.265625,ITC,1226,0.0008156606851549756,0.9948761742100769,0.22058889269828796,-0.054261114448308945,0.08066678047180176,3.407226800918579,1.0,0.8162254582937917,False
12,0.0023628528458201296,0.05484959144504365,0.08923155102032315,tumor_038,0,0.0,ITC,1226,0.0,,,-0.054261114448308945,0.08066678047180176,,,,
13,0.001233905372902771,0.03963656285856526,0.05073256598882693,tumor_038,0,0.0,ITC,1226,0.0,,,-0.054261114448308945,0.08066678047180176,,,,
14,1.4244416556031407,1.3467202549460464,1.7769318507602507,tumor_038,28,1.0,micro,1226,0.022838499184339316,0.9820361107722337,0.17975357174873352,-0.054261114448308945,0.08066678047180176,2.9010045528411865,0.5314351637754108,0.5917044981252013,True
15,0.03089677376220557,0.19834060138755236,0.2501520155740293,tumor_038,1,0.578125,micro,1226,0.0008156606851549756,0.9982920580700256,0.2692919373512268,-0.054261114448308945,0.08066678047180176,4.010982513427734,1.0,1.1311223590342145,True
16,0.0006193794241126099,0.028082349901236304,0.030861247285606713,tumor_038,0,0.0,ITC,1226,0.0,,,-0.054261114448308945,0.08066678047180176,,,,
17,0.0006317304861895752,0.028360963252882256,0.03522744735868037,tumor_038,0,0.0,ITC,1226,0.0,,,-0.054261114448308945,0.08066678047180176,,,,
18,0.0005607522871221314,0.026720254242139682,0.03160432522885027,tumor_038,0,0.0,ITC,1226,0.0,,,-0.054261114448308945,0.08066678047180176,,,,
19,0.0002458715159904785,0.017693313343833065,0.024728309557607936,tumor_038,0,0.0,ITC,1226,0.0,,,-0.054261114448308945,0.08066678047180176,,,,
20,0.0021176299642093506,0.051925429334262155,0.06185301039407252,tumor_038,0,0.0,ITC,1226,0.0,,,-0.054261114448308945,0.08066678047180176,,,,
21,0.0035610568271499023,0.06733556544187021,0.09523579883088071,tumor_038,0,0.0,ITC,1226,0.0,,,-0.054261114448308945,0.08066678047180176,,,,
22,0.000498789483510498,0.025200763776195227,0.02948025236614589,tumor_038,0,0.0,ITC,1226,0.0,,,-0.054261114448308945,0.08066678047180176,,,,
23,0.000487007615013794,0.024901352453686534,0.0318050012104476,tumor_038,0,0.0,ITC,1226,0.0,,,-0.054261114448308945,0.08066678047180176,,,,
24,0.0009973300955245972,0.03563481607608512,0.053785105804887885,tumor_038,0,0.0,ITC,1226,0.0,,,-0.054261114448308945,0.08066678047180176,,,,
25,0.00650186323220874,0.09098587462737143,0.18561094284934615,tumor_038,1,0.34375,ITC,1226,0.0008156606851549756,0.9982920580700256,0.27795159816741943,-0.054261114448308945,0.08066678047180176,4.11833381652832,1.0,1.192480104548936,True
26,0.005855794254766846,0.08634714130185273,0.11756178266766797,tumor_038,0,0.0,ITC,1226,0.0,,,-0.054261114448308945,0.08066678047180176,,,,
27,0.006371471622531006,0.09006891599194689,0.12313618747664244,tumor_038,1,0.41161128878593445,ITC,1226,0.0008156606851549756,0.9906063193851409,0.17675524950027466,-0.054261114448308945,0.08066678047180176,2.863835334777832,1.0,0.5766391655086545,False
28,0.0008312438410834351,0.032532637916175514,0.04069153355070387,tumor_038,0,0.0,ITC,1226,0.0,,,-0.054261114448308945,0.08066678047180176,,,,
29,0.0007182909933815918,0.030241635164133335,0.04985943140470015,tumor_038,0,0.0,ITC,1226,0.0,,,-0.054261114448308945,0.08066678047180176,,,,
30,0.0008848887403233032,0.033565984819017514,0.04994355366917859,tumor_038,0,0.0,ITC,1226,0.0,,,-0.054261114448308945,0.08066678047180176,,,,
31,0.001332073477635315,0.041183110958476335,0.049927558645691594,tumor_038,0,0.0,ITC,1226,0.0,,,-0.054261114448308945,0.08066678047180176,,,,
32,0.00040959010519683837,0.022836512848262318,0.025503218864802,tumor_038,0,0.0,ITC,1226,0.0,,,-0.054261114448308945,0.08066678047180176,,,,
33,0.0003916184173461914,0.02232989152261537,0.02682727122989651,tumor_038,0,0.0,ITC,1226,0.0,,,-0.054261114448308945,0.08066678047180176,,,,
34,0.0012783533074991456,0.04034414434897463,0.056263136872099294,tumor_038,0,0.0,ITC,1226,0.0,,,-0.054261114448308945,0.08066678047180176,,,,
35,0.000715064565968811,0.030173638866241765,0.039980146863787286,tumor_038,1,0.04619476944208145,ITC,1226,0.0008156606851549756,0.9846285226302306,0.15522365272045135,-0.054261114448308945,0.08066678047180176,2.5969150066375732,1.0,0.4741584800267613,False
36,0.00030132850664630126,0.01958732678591091,0.022346188148981292,tumor_038,0,0.0,ITC,1226,0.0,,,-0.054261114448308945,0.08066678047180176,,,,
37,0.0018029215142347412,0.047911908415105654,0.082134359466669,tumor_038,0,0.0,ITC,1226,0.0,,,-0.054261114448308945,0.08066678047180176,,,,
38,0.0012249713067764283,0.03949280831940997,0.045691405006226114,tumor_038,1,0.07913587987422943,ITC,1226,0.0008156606851549756,0.964133219470538,0.10065564513206482,-0.054261114448308945,0.08066678047180176,1.9204530715942383,1.0,0.25930772104293986,False
39,0.002900552827180298,0.060770869346746484,0.09434034914075737,tumor_038,0,0.0,ITC,1226,0.0,,,-0.054261114448308945,0.08066678047180176,,,,
40,0.00026699029317031863,0.01843753235454474,0.0216379185921382,tumor_038,0,0.0,ITC,1226,0.0,,,-0.054261114448308945,0.08066678047180176,,,,
41,0.0005040788560713501,0.025334031128403302,0.02933940774416192,tumor_038,0,0.0,ITC,1226,0.0,,,-0.054261114448308945,0.08066678047180176,,,,
42,0.0003690439691487122,0.02167674734055282,0.02968207947988146,tumor_038,0,0.0,ITC,1226,0.0,,,-0.054261114448308945,0.08066678047180176,,,,
43,0.044560493090894535,0.2381935808039858,0.36107041444995025,tumor_038,2,0.3671875,micro,1226,0.0016313213703099511,0.9974380871050385,0.24384266138076782,-0.054261114448308945,0.08066678047180176,3.695496082305908,0.9025316741073827,0.9601819606451695,True
44,0.0005650043737521973,0.026821370427508425,0.037875469214915344,tumor_038,1,0.03650054335594177,ITC,1226,0.0008156606851549756,0.9940222032450897,0.21256473660469055,-0.054261114448308945,0.08066678047180176,3.307753801345825,1.0,0.7692622209654975,False
45,0.028063663722984376,0.18902848045269086,0.27493328600972433,tumor_038,1,0.734375,micro,1226,0.0008156606851549756,0.9974380871050385,0.25627055764198303,-0.054261114448308945,0.08066678047180176,3.8495607376098633,1.0,1.0419104706418456,True
46,0.006180891220107422,0.08871164029115423,0.14665723119229734,tumor_038,1,0.39929938316345215,ITC,1226,0.0008156606851549756,0.9931682322801024,0.20031997561454773,-0.054261114448308945,0.08066678047180176,3.1559596061706543,1.0,0.7002787081440118,False
47,0.0011834259923781739,0.0388173256647511,0.04600934966636473,tumor_038,0,0.0,ITC,1226,0.0,,,-0.054261114448308945,0.08066678047180176,,,,
48,0.0025961255995583495,0.05749338898044691,0.06877016257883523,tumor_038,0,0.0,ITC,1226,0.0,,,-0.054261114448308945,0.08066678047180176,,,,
49,0.00043265163376098633,0.023470602233405996,0.027217084799809107,tumor_038,0,0.0,ITC,1226,0.0,,,-0.054261114448308945,0.08066678047180176,,,,
50,0.0004396854422307129,0.02366061901752597,0.026891918074249902,tumor_038,1,0.028404660522937775,ITC,1226,0.0008156606851549756,0.6029035012809565,-0.04032629728317261,-0.054261114448308945,0.08066678047180176,0.17274542152881622,1.0,0.002098075639212372,False
51,0.0010971406555444335,0.03737543135237147,0.05273820525423207,tumor_038,0,0.0,ITC,1226,0.0,,,-0.054261114448308945,0.08066678047180176,,,,
52,0.0008090433452581788,0.03209526414578227,0.04226366997946833,tumor_038,0,0.0,ITC,1226,0.0,,,-0.054261114448308945,0.08066678047180176,,,,
53,0.001940892717560669,0.04971138058922463,0.07670246345211586,tumor_038,0,0.0,ITC,1226,0.0,,,-0.054261114448308945,0.08066678047180176,,,,
54,0.003767740757569885,0.06926208578182148,0.09164799206131587,tumor_038,0,0.0,ITC,1226,0.0,,,-0.054261114448308945,0.08066678047180176,,,,
55,0.014389674524747315,0.13535694529936926,0.2635842505334037,tumor_038,2,0.03125,micro,1226,0.0016313213703099511,0.8245089666951324,0.0883353054523468,-0.054261114448308945,0.08066678047180176,1.7677217721939087,0.9025316741073827,0.21970294170207944,False
56,0.002764317514525269,0.0593265402134457,0.08544684256230298,tumor_038,0,0.0,ITC,1226,0.0,,,-0.054261114448308945,0.08066678047180176,,,,
0,0.003469538899798462,0.06646468332295229,0.10689955686513308,tumor_039,1,0.2241399586200714,ITC,3440,0.00029069767441860465,1.0,0.2896457314491272,-0.08096329867839813,0.06238880380988121,5.940313339233398,1.0,2.1666670749824077,True
1,0.0011943387225939331,0.03899588813471332,0.04271964880473621,tumor_039,0,0.0,ITC,3440,0.0,,,-0.08096329867839813,0.06238880380988121,,,,
2,12.148560994474687,3.932941427200805,7.026438742796433,tumor_039,223,1.0,macro,3440,0.06482558139534884,0.9957376074495567,0.19892732799053192,-0.08096329867839813,0.06238880380988121,4.486231803894043,0.3359915010083524,1.2357678605328195,True
3,0.06775382696640161,0.29371219212141364,0.3703826539933804,tumor_039,3,0.375,micro,3440,0.0008720930232558139,0.9622367465504721,0.13609562814235687,-0.08096329867839813,0.06238880380988121,3.479132652282715,0.8650888250632912,0.7432166869007779,True
4,0.003185321021233429,0.06368419495377636,0.07443459290544956,tumor_039,0,0.0,ITC,3440,0.0,,,-0.08096329867839813,0.06238880380988121,,,,
5,0.004394278597093506,0.07479952727392604,0.08793056201521779,tumor_039,0,0.0,ITC,3440,0.0,,,-0.08096329867839813,0.06238880380988121,,,,
6,0.0017604978225350648,0.0473448565957464,0.053333917055948754,tumor_039,0,0.0,ITC,3440,0.0,,,-0.08096329867839813,0.06238880380988121,,,,
7,0.0008282289308359681,0.032473586602561756,0.07536967302071836,tumor_039,0,0.0,ITC,3440,0.0,,,-0.08096329867839813,0.06238880380988121,,,,
8,0.00754097897920221,0.0979871044696028,0.10689030545240252,tumor_039,0,0.0,ITC,3440,0.0,,,-0.08096329867839813,0.06238880380988121,,,,
9,0.0028563230916856387,0.06030575024717257,0.06989042375159973,tumor_039,0,0.0,ITC,3440,0.0,,,-0.08096329867839813,0.06238880380988121,,,,
10,0.004461327583292725,0.07536802174043082,0.09031602611524712,tumor_039,0,0.0,ITC,3440,0.0,,,-0.08096329867839813,0.06238880380988121,,,,
11,0.004791298970781189,0.07810551401948197,0.08519113812629682,tumor_039,0,0.0,ITC,3440,0.0,,,-0.08096329867839813,0.06238880380988121,,,,
12,0.003385798164361725,0.06565768891270139,0.07527041930242971,tumor_039,0,0.0,ITC,3440,0.0,,,-0.08096329867839813,0.06238880380988121,,,,
13,0.004604255406675659,0.07656578908259307,0.08618810062381822,tumor_039,0,0.0,ITC,3440,0.0,,,-0.08096329867839813,0.06238880380988121,,,,
14,0.0068981838118148805,0.09371787671546261,0.11415337213153187,tumor_039,0,0.0,ITC,3440,0.0,,,-0.08096329867839813,0.06238880380988121,,,,
15,0.003707266429174988,0.06870398984407466,0.0975066957455278,tumor_039,0,0.0,ITC,3440,0.0,,,-0.08096329867839813,0.06238880380988121,,,,
16,0.003151228197727112,0.06334246881698467,0.07513426788922616,tumor_039,0,0.0,ITC,3440,0.0,,,-0.08096329867839813,0.06238880380988121,,,,
17,0.0007563516743424683,0.031032512974290084,0.0355384351558088,tumor_039,0,0.0,ITC,3440,0.0,,,-0.08096329867839813,0.06238880380988121,,,,
18,0.002165981966112854,0.052514892101556326,0.06470599269481479,tumor_039,0,0.0,ITC,3440,0.0,,,-0.08096329867839813,0.06238880380988121,,,,
19,0.008949155055997193,0.1067446397214504,0.1452445453638393,tumor_039,0,0.0,ITC,3440,0.0,,,-0.08096329867839813,0.06238880380988121,,,,
20,0.004553023764092102,0.076138622948941,0.08287831969821781,tumor_039,0,0.0,ITC,3440,0.0,,,-0.08096329867839813,0.06238880380988121,,,,
21,0.0016337879472002564,0.04560924711160063,0.05845952452687401,tumor_039,0,0.0,ITC,3440,0.0,,,-0.08096329867839813,0.06238880380988121,,,,
22,0.005483030330166504,0.08355364170010957,0.08884100867752048,tumor_039,0,0.0,ITC,3440,0.0,,,-0.08096329867839813,0.06238880380988121,,,,
23,0.008835290087935913,0.10606338071722313,0.14782680820479846,tumor_039,0,0.0,ITC,3440,0.0,,,-0.08096329867839813,0.06238880380988121,,,,
24,0.0009178772134584046,0.03418592642282141,0.04100542284171797,tumor_039,0,0.0,ITC,3440,0.0,,,-0.08096329867839813,0.06238880380988121,,,,
25,0.0024706498047143556,0.05608679909349904,0.07210994225965493,tumor_039,0,0.0,ITC,3440,0.0,,,-0.08096329867839813,0.06238880380988121,,,,
26,0.00416847191256189,0.07285233887934975,0.0837025660493751,tumor_039,0,0.0,ITC,3440,0.0,,,-0.08096329867839813,0.06238880380988121,,,,
27,0.004219976372049316,0.0733010286062973,0.10641409488526415,tumor_039,0,0.0,ITC,3440,0.0,,,-0.08096329867839813,0.06238880380988121,,,,
28,0.004453746454312867,0.07530395811546137,0.0839487052393076,tumor_039,0,0.0,ITC,3440,0.0,,,-0.08096329867839813,0.06238880380988121,,,,
29,0.00662007200674878,0.09180924500281445,0.12366227341957856,tumor_039,0,0.0,ITC,3440,0.0,,,-0.08096329867839813,0.06238880380988121,,,,
30,0.004618467986315186,0.0766838710308098,0.09303399809436123,tumor_039,0,0.0,ITC,3440,0.0,,,-0.08096329867839813,0.06238880380988121,,,,
31,0.0030203666864582522,0.062013307481534614,0.07386228115145956,tumor_039,0,0.0,ITC,3440,0.0,,,-0.08096329867839813,0.06238880380988121,,,,
32,0.002030858352517456,0.05085045883943358,0.062026352343171526,tumor_039,0,0.0,ITC,3440,0.0,,,-0.08096329867839813,0.06238880380988121,,,,
33,0.0008072369626810913,0.032059413950624054,0.03847979842240831,tumor_039,0,0.0,ITC,3440,0.0,,,-0.08096329867839813,0.06238880380988121,,,,
34,0.001293299984710327,0.040579313495161175,0.05483454893103134,tumor_039,0,0.0,ITC,3440,0.0,,,-0.08096329867839813,0.06238880380988121,,,,
35,0.001049127147420227,0.03654846332680253,0.045849148301795095,tumor_039,0,0.0,ITC,3440,0.0,,,-0.08096329867839813,0.06238880380988121,,,,
36,0.0026324471750224,0.0578941779686428,0.06188172411324589,tumor_039,0,0.0,ITC,3440,0.0,,,-0.08096329867839813,0.06238880380988121,,,,
37,0.0018224588115000001,0.04817080679678145,0.05173560738988187,tumor_039,0,0.0,ITC,3440,0.0,,,-0.08096329867839813,0.06238880380988121,,,,
38,0.00796346620916748,0.10069458818960558,0.16338312407956948,tumor_039,0,0.0,ITC,3440,0.0,,,-0.08096329867839813,0.06238880380988121,,,,
39,0.0015342406425000001,0.04419791688723444,0.04894685972562489,tumor_039,0,0.0,ITC,3440,0.0,,,-0.08096329867839813,0.06238880380988121,,,,
40,0.0049117843935,0.07908146511678459,0.08534559916597927,tumor_039,0,0.0,ITC,3440,0.0,,,-0.08096329867839813,0.06238880380988121,,,,
41,0.0033263777852918703,0.06507899612749247,0.07091271282358333,tumor_039,0,0.0,ITC,3440,0.0,,,-0.08096329867839813,0.06238880380988121,,,,
42,0.006260552098167481,0.08928147906067378,0.09667369511919982,tumor_039,0,0.0,ITC,3440,0.0,,,-0.08096329867839813,0.06238880380988121,,,,
43,0.0015221946537081299,0.044024066462398016,0.05100279989373132,tumor_039,0,0.0,ITC,3440,0.0,,,-0.08096329867839813,0.06238880380988121,,,,
44,0.00405011184658374,0.07181060202832706,0.0803330950542801,tumor_039,0,0.0,ITC,3440,0.0,,,-0.08096329867839813,0.06238880380988121,,,,
45,0.000859340097,0.033077874688029016,0.05021640712954283,tumor_039,0,0.0,ITC,3440,0.0,,,-0.08096329867839813,0.06238880380988121,,,,
46,0.002917197747,0.06094498774544731,0.06629047126095877,tumor_039,0,0.0,ITC,3440,0.0,,,-0.08096329867839813,0.06238880380988121,,,,
47,0.018099895252807616,0.15180745169931184,0.25430259239972697,tumor_039,0,0.0,micro,3440,0.0,,,-0.08096329867839813,0.06238880380988121,,,,
48,0.01263744793934912,0.1268483285696394,0.17468602967317834,tumor_039,0,0.0,ITC,3440,0.0,,,-0.08096329867839813,0.06238880380988121,,,,
49,0.0066606884707181395,0.09209045529304279,0.10138015428563196,tumor_039,0,0.0,ITC,3440,0.0,,,-0.08096329867839813,0.06238880380988121,,,,
50,0.0025866681078724365,0.05738857137138427,0.06239908815035528,tumor_039,0,0.0,ITC,3440,0.0,,,-0.08096329867839813,0.06238880380988121,,,,
51,0.0006613155092521362,0.02901746125915381,0.039200652749667324,tumor_039,0,0.0,ITC,3440,0.0,,,-0.08096329867839813,0.06238880380988121,,,,
52,0.0022553909135947267,0.053587805516042294,0.059504525793221845,tumor_039,0,0.0,ITC,3440,0.0,,,-0.08096329867839813,0.06238880380988121,,,,
53,0.08767275747175635,0.33410839829165534,0.4442398480671692,tumor_039,0,0.0,micro,3440,0.0,,,-0.08096329867839813,0.06238880380988121,,,,
54,0.004476176493034241,0.07549334354858814,0.09010202216009588,tumor_039,0,0.0,ITC,3440,0.0,,,-0.08096329867839813,0.06238880380988121,,,,
55,0.000980252327505432,0.035328402556563464,0.04022883745858468,tumor_039,0,0.0,ITC,3440,0.0,,,-0.08096329867839813,0.06238880380988121,,,,
56,0.0023001624103293457,0.05411707438641404,0.06324018184083298,tumor_039,0,0.0,ITC,3440,0.0,,,-0.08096329867839813,0.06238880380988121,,,,
57,0.0031597680151895144,0.06342823968177444,0.07220177752832682,tumor_039,0,0.0,ITC,3440,0.0,,,-0.08096329867839813,0.06238880380988121,,,,
58,0.0023596319722714236,0.054812195158718116,0.07215974277322075,tumor_039,0,0.0,ITC,3440,0.0,,,-0.08096329867839813,0.06238880380988121,,,,
59,0.0031805041397843627,0.06363602472630847,0.0715571517170611,tumor_039,0,0.0,ITC,3440,0.0,,,-0.08096329867839813,0.06238880380988121,,,,
60,0.002020392472293457,0.050719262530218946,0.06234484923126679,tumor_039,0,0.0,ITC,3440,0.0,,,-0.08096329867839813,0.06238880380988121,,,,
61,0.006280221188879517,0.08942161912739602,0.1030100604730515,tumor_039,0,0.0,ITC,3440,0.0,,,-0.08096329867839813,0.06238880380988121,,,,
62,0.009107547157981934,0.10768513916545283,0.149513564229986,tumor_039,0,0.0,ITC,3440,0.0,,,-0.08096329867839813,0.06238880380988121,,,,
63,0.00959960209295105,0.11055583656446054,0.16019777495842313,tumor_039,0,0.0,ITC,3440,0.0,,,-0.08096329867839813,0.06238880380988121,,,,
64,0.010366468745694215,0.11488689196892304,0.1298137033032238,tumor_039,0,0.0,ITC,3440,0.0,,,-0.08096329867839813,0.06238880380988121,,,,
65,0.002038967563508789,0.05095188055696958,0.05463889754813998,tumor_039,0,0.0,ITC,3440,0.0,,,-0.08096329867839813,0.06238880380988121,,,,
66,0.002711733248348877,0.058759560980073094,0.08625858521949668,tumor_039,0,0.0,ITC,3440,0.0,,,-0.08096329867839813,0.06238880380988121,,,,
67,0.0024160402342441405,0.055463483193096026,0.06911855110786104,tumor_039,0,0.0,ITC,3440,0.0,,,-0.08096329867839813,0.06238880380988121,,,,
68,0.00180005342097876,0.04787378403913742,0.05115759941112571,tumor_039,0,0.0,ITC,3440,0.0,,,-0.08096329867839813,0.06238880380988121,,,,
69,0.003616656967661133,0.06785919739407559,0.09000911750170654,tumor_039,0,0.0,ITC,3440,0.0,,,-0.08096329867839813,0.06238880380988121,,,,
70,0.005389924880685608,0.08284120654143606,0.09210127749591003,tumor_039,0,0.0,ITC,3440,0.0,,,-0.08096329867839813,0.06238880380988121,,,,
71,0.009657668423020386,0.11088969900820199,0.15514572893837214,tumor_039,0,0.0,ITC,3440,0.0,,,-0.08096329867839813,0.06238880380988121,,,,
72,0.006477618759429199,0.09081607985496612,0.10398611411626073,tumor_039,0,0.0,ITC,3440,0.0,,,-0.08096329867839813,0.06238880380988121,,,,
73,0.002167320036491455,0.05253111055896093,0.05709065247160786,tumor_039,0,0.0,ITC,3440,0.0,,,-0.08096329867839813,0.06238880380988121,,,,
74,0.005298481344838623,0.08213547330654448,0.09343098715110122,tumor_039,0,0.0,ITC,3440,0.0,,,-0.08096329867839813,0.06238880380988121,,,,
75,0.0010884465895086364,0.037227049844092086,0.04031282695010687,tumor_039,0,0.0,ITC,3440,0.0,,,-0.08096329867839813,0.06238880380988121,,,,
76,0.0008177435544226685,0.0322673740943268,0.03733359860095544,tumor_039,0,0.0,ITC,3440,0.0,,,-0.08096329867839813,0.06238880380988121,,,,
77,0.002637573478060913,0.05795052074323247,0.06650778354341191,tumor_039,0,0.0,ITC,3440,0.0,,,-0.08096329867839813,0.06238880380988121,,,,
78,0.0030275556174871217,0.062087064160497134,0.06738228561351839,tumor_039,0,0.0,ITC,3440,0.0,,,-0.08096329867839813,0.06238880380988121,,,,
79,0.0020393482176397706,0.05095663642926333,0.062130858750039555,tumor_039,0,0.0,ITC,3440,0.0,,,-0.08096329867839813,0.06238880380988121,,,,
80,0.00316475146030188,0.06347823807033956,0.09803158419066726,tumor_039,0,0.0,ITC,3440,0.0,,,-0.08096329867839813,0.06238880380988121,,,,
81,0.0035567537393968508,0.06729486987790922,0.09847683520121137,tumor_039,0,0.0,ITC,3440,0.0,,,-0.08096329867839813,0.06238880380988121,,,,
82,0.0012143808520477296,0.03932172075579031,0.044267222643274935,tumor_039,0,0.0,ITC,3440,0.0,,,-0.08096329867839813,0.06238880380988121,,,,
83,0.0025089144865631102,0.056519458053409084,0.06715665644283969,tumor_039,0,0.0,ITC,3440,0.0,,,-0.08096329867839813,0.06238880380988121,,,,
84,0.002721241287045593,0.05886248395567808,0.0641253585756622,tumor_039,0,0.0,ITC,3440,0.0,,,-0.08096329867839813,0.06238880380988121,,,,
85,0.0027489741306778565,0.059161664704714095,0.07108289979488738,tumor_039,0,0.0,ITC,3440,0.0,,,-0.08096329867839813,0.06238880380988121,,,,
86,0.004401231328518311,0.07485867867519964,0.08649511796667522,tumor_039,0,0.0,ITC,3440,0.0,,,-0.08096329867839813,0.06238880380988121,,,,
87,0.0008234563000962525,0.03237988765644276,0.03523386502303819,tumor_039,0,0.0,ITC,3440,0.0,,,-0.08096329867839813,0.06238880380988121,,,,
88,0.0012011089189416504,0.03910625746770727,0.04473783986267772,tumor_039,0,0.0,ITC,3440,0.0,,,-0.08096329867839813,0.06238880380988121,,,,
89,0.00406020064070105,0.07189998619818798,0.07825251164703473,tumor_039,0,0.0,ITC,3440,0.0,,,-0.08096329867839813,0.06238880380988121,,,,
90,0.003258482759263916,0.06441140508429051,0.07155471782920644,tumor_039,0,0.0,ITC,3440,0.0,,,-0.08096329867839813,0.06238880380988121,,,,
91,0.001936758054970459,0.049658402553573414,0.056134709389556836,tumor_039,0,0.0,ITC,3440,0.0,,,-0.08096329867839813,0.06238880380988121,,,,
92,0.0034217623985888673,0.06600547854967183,0.09613182681099196,tumor_039,0,0.0,ITC,3440,0.0,,,-0.08096329867839813,0.06238880380988121,,,,
93,0.001945762775185913,0.04977370902434677,0.05404565288947854,tumor_039,0,0.0,ITC,3440,0.0,,,-0.08096329867839813,0.06238880380988121,,,,
94,0.002452035508480591,0.05587511587900539,0.06356029535999656,tumor_039,0,0.0,ITC,3440,0.0,,,-0.08096329867839813,0.06238880380988121,,,,
95,0.0028562909596446533,0.060305411043198434,0.07073858322229264,tumor_039,0,0.0,ITC,3440,0.0,,,-0.08096329867839813,0.06238880380988121,,,,
96,0.0027218554665644533,0.058869126162050665,0.06641028175855,tumor_039,0,0.0,ITC,3440,0.0,,,-0.08096329867839813,0.06238880380988121,,,,
97,0.00293160448482605,0.06109529245042928,0.07945802746733648,tumor_039,0,0.0,ITC,3440,0.0,,,-0.08096329867839813,0.06238880380988121,,,,
98,0.0023512884141654055,0.05471520254913641,0.06102313137791516,tumor_039,0,0.0,ITC,3440,0.0,,,-0.08096329867839813,0.06238880380988121,,,,
99,0.0026325159586018066,0.057894934326227665,0.06816664033889201,tumor_039,0,0.0,ITC,3440,0.0,,,-0.08096329867839813,0.06238880380988121,,,,
100,0.003912438879631714,0.07057954305538137,0.07669218693906742,tumor_039,0,0.0,ITC,3440,0.0,,,-0.08096329867839813,0.06238880380988121,,,,
101,0.0018662082530822755,0.04874556540379319,0.055012942033732394,tumor_039,0,0.0,ITC,3440,0.0,,,-0.08096329867839813,0.06238880380988121,,,,
102,0.0040880461870480955,0.07214611608432872,0.10491628547888554,tumor_039,0,0.0,ITC,3440,0.0,,,-0.08096329867839813,0.06238880380988121,,,,
103,0.0034787633021883544,0.06655297891995288,0.07659859552237235,tumor_039,0,0.0,ITC,3440,0.0,,,-0.08096329867839813,0.06238880380988121,,,,
104,0.0032247006115616456,0.06407664425180169,0.07167891141745798,tumor_039,0,0.0,ITC,3440,0.0,,,-0.08096329867839813,0.06238880380988121,,,,
105,0.0006470396097956543,0.02870255072640472,0.03219055132274541,tumor_039,0,0.0,ITC,3440,0.0,,,-0.08096329867839813,0.06238880380988121,,,,
106,0.0009155511805797729,0.034142582918448496,0.03920441838619724,tumor_039,0,0.0,ITC,3440,0.0,,,-0.08096329867839813,0.06238880380988121,,,,
107,0.002605217487688477,0.05759397475396676,0.06469739114900987,tumor_039,0,0.0,ITC,3440,0.0,,,-0.08096329867839813,0.06238880380988121,,,,
108,0.0030572119361623536,0.06239040898854775,0.07288131505652996,tumor_039,0,0.0,ITC,3440,0.0,,,-0.08096329867839813,0.06238880380988121,,,,
109,0.0018259771861933595,0.0482172828065376,0.05620673117496645,tumor_039,0,0.0,ITC,3440,0.0,,,-0.08096329867839813,0.06238880380988121,,,,
110,0.004455635337540527,0.07531992504428031,0.08169950753598006,tumor_039,0,0.0,ITC,3440,0.0,,,-0.08096329867839813,0.06238880380988121,,,,
111,0.012801497147452882,0.12766899545289526,0.16374900295853448,tumor_039,0,0.0,ITC,3440,0.0,,,-0.08096329867839813,0.06238880380988121,,,,
112,0.0023744279238826905,0.054983775141498374,0.0630220233813239,tumor_039,0,0.0,ITC,3440,0.0,,,-0.08096329867839813,0.06238880380988121,,,,
113,0.0028597162917974855,0.06034156005142689,0.06512853342429875,tumor_039,0,0.0,ITC,3440,0.0,,,-0.08096329867839813,0.06238880380988121,,,,
114,0.003347657071305908,0.06528682382685638,0.09709244273489653,tumor_039,0,0.0,ITC,3440,0.0,,,-0.08096329867839813,0.06238880380988121,,,,
115,0.0020793550360039673,0.051454028602087705,0.06031351869638664,tumor_039,0,0.0,ITC,3440,0.0,,,-0.08096329867839813,0.06238880380988121,,,,
116,0.004071468926339539,0.0719996891811063,0.07671771487275428,tumor_039,0,0.0,ITC,3440,0.0,,,-0.08096329867839813,0.06238880380988121,,,,
117,0.003602625020152405,0.06772742901151907,0.08056957458829403,tumor_039,0,0.0,ITC,3440,0.0,,,-0.08096329867839813,0.06238880380988121,,,,
118,0.006752521544716187,0.09272312256071198,0.12364431803563918,tumor_039,0,0.0,ITC,3440,0.0,,,-0.08096329867839813,0.06238880380988121,,,,
119,0.00248120453955542,0.05620647416746902,0.060788988988549564,tumor_039,0,0.0,ITC,3440,0.0,,,-0.08096329867839813,0.06238880380988121,,,,
120,0.013614642603386719,0.13166131303487769,0.1796049433393028,tumor_039,0,0.0,ITC,3440,0.0,,,-0.08096329867839813,0.06238880380988121,,,,
121,0.00133632008608667,0.04124870395575411,0.04865612833956442,tumor_039,0,0.0,ITC,3440,0.0,,,-0.08096329867839813,0.06238880380988121,,,,
122,0.010854066475885254,0.11755775881787357,0.15921704274512116,tumor_039,0,0.0,ITC,3440,0.0,,,-0.08096329867839813,0.06238880380988121,,,,
123,0.007538241825229614,0.0979693196345617,0.10590476758859241,tumor_039,0,0.0,ITC,3440,0.0,,,-0.08096329867839813,0.06238880380988121,,,,
124,0.013397843363743653,0.13060882047123,0.21972481389456222,tumor_039,0,0.0,micro,3440,0.0,,,-0.08096329867839813,0.06238880380988121,,,,
125,0.005416175235453003,0.08304269077404733,0.09996658638193733,tumor_039,0,0.0,ITC,3440,0.0,,,-0.08096329867839813,0.06238880380988121,,,,
126,0.004083747294426636,0.07210817253244754,0.08585755163791442,tumor_039,0,0.0,ITC,3440,0.0,,,-0.08096329867839813,0.06238880380988121,,,,
127,0.001392139227604065,0.042101386157258065,0.04610600828525497,tumor_039,0,0.0,ITC,3440,0.0,,,-0.08096329867839813,0.06238880380988121,,,,
128,0.0015806009876599733,0.04486071423791793,0.0525535762866401,tumor_039,0,0.0,ITC,3440,0.0,,,-0.08096329867839813,0.06238880380988121,,,,
129,0.001260056201416809,0.04005438033764418,0.04574121863844918,tumor_039,0,0.0,ITC,3440,0.0,,,-0.08096329867839813,0.06238880380988121,,,,
130,0.0023973938113754883,0.05524904166541374,0.059675757378977644,tumor_039,0,0.0,ITC,3440,0.0,,,-0.08096329867839813,0.06238880380988121,,,,
131,0.0022199028898743896,0.05316453841481124,0.06152268605969671,tumor_039,0,0.0,ITC,3440,0.0,,,-0.08096329867839813,0.06238880380988121,,,,
132,0.002339432633504883,0.05457708439649685,0.060509873871403316,tumor_039,0,0.0,ITC,3440,0.0,,,-0.08096329867839813,0.06238880380988121,,,,
133,0.00647643956704541,0.0908078133524296,0.10392590409036621,tumor_039,0,0.0,ITC,3440,0.0,,,-0.08096329867839813,0.06238880380988121,,,,
134,0.006463311868618286,0.0907157332610001,0.1069193695485155,tumor_039,0,0.0,ITC,3440,0.0,,,-0.08096329867839813,0.06238880380988121,,,,
135,0.0032217952162335206,0.06404777181406933,0.06843641481414095,tumor_039,0,0.0,ITC,3440,0.0,,,-0.08096329867839813,0.06238880380988121,,,,
136,0.001957647619026123,0.04992548811179212,0.05921034447368962,tumor_039,0,0.0,ITC,3440,0.0,,,-0.08096329867839813,0.06238880380988121,,,,
137,0.001965997462621399,0.05003184700027129,0.0597868761953321,tumor_039,0,0.0,ITC,3440,0.0,,,-0.08096329867839813,0.06238880380988121,,,,
138,0.0015966443421881105,0.04508781116168275,0.049579110695767065,tumor_039,0,0.0,ITC,3440,0.0,,,-0.08096329867839813,0.06238880380988121,,,,
139,0.0032606568393585204,0.0644328893476184,0.07239462663991747,tumor_039,0,0.0,ITC,3440,0.0,,,-0.08096329867839813,0.06238880380988121,,,,
140,0.001364497469505066,0.04168131640033591,0.047250223713756104,tumor_039,0,0.0,ITC,3440,0.0,,,-0.08096329867839813,0.06238880380988121,,,,
141,0.0015850513519227905,0.04492382510098654,0.05230032217767435,tumor_039,0,0.0,ITC,3440,0.0,,,-0.08096329867839813,0.06238880380988121,,,,
142,0.0048973721198302,0.0789653585330383,0.08707118696570637,tumor_039,0,0.0,ITC,3440,0.0,,,-0.08096329867839813,0.06238880380988121,,,,
143,0.001968325778675171,0.050061464404578294,0.058002225647825555,tumor_039,0,0.0,ITC,3440,0.0,,,-0.08096329867839813,0.06238880380988121,,,,
144,0.0010201427850289307,0.036040062918578496,0.04028544995714954,tumor_039,0,0.0,ITC,3440,0.0,,,-0.08096329867839813,0.06238880380988121,,,,
145,0.001551735328751587,0.044449193283221,0.05183383626839836,tumor_039,0,0.0,ITC,3440,0.0,,,-0.08096329867839813,0.06238880380988121,,,,
146,0.0006546842964607544,0.028871611239606135,0.03284807006428927,tumor_039,0,0.0,ITC,3440,0.0,,,-0.08096329867839813,0.06238880380988121,,,,
147,0.001533797775,0.04419153743373052,0.0588867771660158,tumor_039,0,0.0,ITC,3440,0.0,,,-0.08096329867839813,0.06238880380988121,,,,
0,0.020096209140222657,0.15996027061930007,0.40772393742265345,tumor_040,2,0.25,micro,4702,0.0004253509145044662,0.9770163864652054,0.15292072296142578,-0.02489728480577469,0.0860990509390831,2.065272569656372,0.9180264629873676,0.25221619622365327,False
1,0.0032587973653007813,0.06441451446513988,0.09928257927421894,tumor_040,0,0.0,ITC,4702,0.0,,,-0.02489728480577469,0.0860990509390831,,,,
2,0.004625954220265137,0.07674599563088674,0.0981689100261189,tumor_040,0,0.0,ITC,4702,0.0,,,-0.02489728480577469,0.0860990509390831,,,,
3,0.0033239136500507814,0.06505488684587538,0.08675830926908266,tumor_040,0,0.0,ITC,4702,0.0,,,-0.02489728480577469,0.0860990509390831,,,,
4,0.0019471285067629396,0.049791174052152075,0.08023238770315799,tumor_040,1,0.1257888525724411,ITC,4702,0.0002126754572522331,0.8533730580974676,0.06850732862949371,-0.02489728480577469,0.0860990509390831,1.0848506689071655,1.0,0.06959181126610367,False
0,0.04254895816322058,0.23275527087628856,0.33030099553282344,tumor_041,1,0.546875,micro,4393,0.00022763487366264513,1.0,0.3688804507255554,-0.06778240203857422,0.07372403144836426,5.922937870025635,1.0,2.0912115416895007,True
1,0.031385258784352665,0.19990235767990447,0.3362148534938723,tumor_041,1,0.375,micro,4393,0.00022763487366264513,1.0,0.268305242061615,-0.06778240203857422,0.07372403144836426,4.558725833892822,1.0,1.2388267123450742,True
2,0.018933120197932436,0.1552623500441482,0.3819256420390767,tumor_041,0,0.0,micro,4393,0.0,,,-0.06778240203857422,0.07372403144836426,,,,
3,0.016867696487548097,0.14654903000885622,0.26337244931923526,tumor_041,0,0.0,micro,4393,0.0,,,-0.06778240203857422,0.07372403144836426,,,,
4,0.0015934659101081543,0.04504291076226211,0.06540057171991134,tumor_041,0,0.0,ITC,4393,0.0,,,-0.06778240203857422,0.07372403144836426,,,,
5,0.04249824197040088,0.23261651329696695,0.5264121109979496,tumor_041,3,0.109375,micro,4393,0.0006829046209879354,0.9992403524764509,0.22963356971740723,-0.06778240203857422,0.07372403144836426,4.034179210662842,0.869022088438853,0.970139052160853,True
0,2.6725310989826134,1.8446604781799785,2.3415870820770115,tumor_042,54,1.0,macro,4916,0.010984540276647681,0.9798246415893475,0.09811859577894211,-0.09089459478855133,0.0549042783677578,3.4425947666168213,0.5307215875201869,0.6971240887553033,True
0,0.01851875973796289,0.15355395539621808,0.2488436286454588,tumor_043,1,0.265625,micro,1240,0.0008064516129032258,1.0,0.24726492166519165,-0.05943066626787186,0.060799676924943924,5.0443620681762695,1.0,1.786190160118776,True
0,1.2109336996171114,1.2416958856358336,1.918264762471534,tumor_044,26,0.9453125,micro,3697,0.007032729239924263,0.9436712067475338,0.11127041280269623,-0.06956902891397476,0.0789378210902214,2.290910005569458,0.6034100183953869,0.3194212854813832,True
1,0.009466899621706056,0.10978902934444089,0.18758584384308905,tumor_044,1,0.21875,ITC,3697,0.0002704895861509332,0.9965129794653235,0.21172447502613068,-0.06956902891397476,0.0789378210902214,3.5634820461273193,1.0,0.7728530855711652,False
2,1.4729786116897852,1.369472386341738,1.797213238134939,tumor_044,30,1.0,micro,3697,0.008114687584527996,0.9642774118558698,0.12916484475135803,-0.06956902891397476,0.0789378210902214,2.5176000595092773,0.5859911481179816,0.38576362618829685,True
3,0.1633268719511367,0.4560199908842632,0.6478739226255753,tumor_044,5,0.3125,micro,3697,0.001352447930754666,0.9661371561410306,0.12251995503902435,-0.06956902891397476,0.0789378210902214,2.4334216117858887,0.8040920689005691,0.36039811988719034,True
4,0.032939238796831055,0.20479145834140638,0.3382942719479354,tumor_044,2,0.1796875,micro,3697,0.0005409791723018664,0.8806664083688492,0.038723424077034,-0.06956902891397476,0.0789378210902214,1.3718702793121338,0.9156270465348177,0.11454440749028369,False
5,0.056298815862183105,0.2677347169821179,0.32552419106868813,tumor_044,3,0.125,micro,3697,0.0008114687584527996,0.9832106418700762,0.17903833091259003,-0.06956902891397476,0.0789378210902214,3.1494076251983643,0.8662720326825949,0.603678271544327,True
6,0.16349130254139257,0.4562494839624056,1.0850548442829548,tumor_044,6,0.3359375,micro,3697,0.0016229375169055991,0.9712643678160919,0.14154918491840363,-0.06956902891397476,0.0789378210902214,2.674487590789795,0.7818990792174125,0.43534039747178876,True
7,0.36657753363479884,0.6831844641349144,0.9274565855536656,tumor_044,10,0.8046875,micro,3697,0.002704895861509332,0.891669895389384,0.06815167516469955,-0.06956902891397476,0.0789378210902214,1.744673252105713,0.7197191154353867,0.18525758606969223,False
8,0.05454046085267725,0.2635205334422893,0.31909128460344577,tumor_044,3,0.28125,micro,3697,0.0008114687584527996,0.9265142709544104,0.06855084002017975,-0.06956902891397476,0.0789378210902214,1.7497299909591675,0.8662720326825949,0.1863330388351417,False
9,47.47823919735567,7.775035154934561,11.490714332257081,tumor_044,807,1.0,macro,3697,0.21828509602380308,0.9611588257915652,0.13337916135787964,-0.06956902891397476,0.0789378210902214,2.5709879398345947,0.1852589143706339,0.40229800040913755,True
10,0.3715688216537974,0.6878198291124369,1.2624458351798113,tumor_044,11,0.65625,micro,3697,0.0029753854476602653,0.942728329400162,0.09446995705366135,-0.06956902891397476,0.0789378210902214,2.078078508377075,0.7081175370247349,0.2628280402817762,True
11,11.927714213908724,3.897029306465153,5.5760383828461215,tumor_044,211,1.0,macro,3697,0.0570733026778469,0.940503974542363,0.11787618696689606,-0.06956902891397476,0.0789378210902214,2.3745932579040527,0.3485480574511514,0.34318338679681254,True
12,0.0694891035911316,0.29744961694449523,0.37838729934360865,tumor_044,1,1.0,micro,3697,0.0002704895861509332,0.9922510654784967,0.18573595583438873,-0.06956902891397476,0.0789378210902214,3.2342543601989746,1.0,0.6366432512714734,False
0,0.3647354175034629,0.6814657415680546,1.3853985909609254,tumor_045,9,0.765625,micro,4292,0.002096924510717614,0.955217673814165,0.13481944799423218,-0.08668193966150284,0.06628101319074631,3.3418526649475098,0.7373157452796298,0.6675813506121852,True
1,0.3494696857724751,0.6670521895711659,1.36599747331549,tumor_045,8,0.7578125,micro,4292,0.001863932898415657,0.9957602339181286,0.1858014166355133,-0.08668193966150284,0.06628101319074631,4.111031532287598,0.7513970318532625,1.010255477658322,True
0,33.41270743275018,6.522452023590824,10.334206721009618,tumor_046,586,1.0,macro,5755,0.10182450043440487,0.8403356627754769,0.16171570122241974,0.0049042534083127975,0.1209610253572464,1.2963799238204956,0.26386589134138794,0.0970567687991873,True
1,5.809214025143477,2.7196545774496443,4.050799896407328,tumor_046,105,1.0,macro,5755,0.018245004344048653,0.8658037315050141,0.18001003563404083,0.0049042534083127975,0.1209610253572464,1.447621464729309,0.4624561347606402,0.12102393323137024,True
2,5.56460884975885,2.661781365645236,4.153748525720204,tumor_046,103,1.0,macro,5755,0.01789748045178106,0.8581487923326278,0.17527525126934052,0.0049042534083127975,0.1209610253572464,1.4084783792495728,0.46467740435615446,0.11456754440985394,True
3,3.0361196669810715,1.966140285571824,3.6479387188461883,tumor_046,68,0.921875,macro,5755,0.011815812337098176,0.8017170045510964,0.1345953792333603,0.0049042534083127975,0.1209610253572464,1.0721728801727295,0.5126364836411091,0.06638819652235672,True
4,2.6189829962196502,1.8260867224137631,3.0625984498195318,tumor_046,59,0.921875,macro,5755,0.010251954821894005,0.7778588108244567,0.1272309571504593,0.0049042534083127975,0.1209610253572464,1.011290192604065,0.5290343979442989,0.059062636045762125,True
0,2.618470382278254,1.8259080035517865,2.503044062723139,tumor_047,54,1.0,macro,4345,0.012428078250863062,0.9223441548544429,0.18831345438957214,-0.027879970148205757,0.07293932139873505,2.964017391204834,0.5238046657048869,0.5243899211299807,True
1,0.4124189690709082,0.7246434574464798,1.130049599481368,tumor_047,12,0.6875,micro,4345,0.002761795166858458,0.9670781893004116,0.22197239100933075,-0.027879970148205757,0.07293932139873505,3.4254822731018066,0.7033578126723451,0.7003841183460847,True
2,0.08686735299949878,0.33257021662414465,0.44310485965101987,tumor_047,3,0.234375,micro,4345,0.0006904487917146145,0.9910379515317786,0.23058538138866425,-0.027879970148205757,0.07293932139873505,3.5435667037963867,0.8688503037474857,0.7495041906755431,True
3,0.10601993517431396,0.3674081844409498,0.44129811930853496,tumor_047,3,0.78125,micro,4345,0.0006904487917146145,0.9965249199817101,0.3036644160747528,-0.027879970148205757,0.07293932139873505,4.545482158660889,0.8688503037474857,1.233254633356077,True
4,0.8267993028636768,1.0260183078120477,1.466481465099719,tumor_047,21,0.640625,micro,4345,0.0048331415420023015,0.9883467241491933,0.20890891551971436,-0.027879970148205757,0.07293932139873505,3.2463817596435547,0.6365522240558006,0.62905992659447,True
5,4.85243967507003,2.485622272739968,2.864824436510593,tumor_047,90,1.0,macro,4345,0.020713463751438434,0.9779606767261089,0.1609838306903839,-0.027879970148205757,0.07293932139873505,2.589327573776245,0.46282352969726853,0.4001905537547188,True
6,5.432782232782406,2.6300633408176983,3.9291121634303803,tumor_047,96,1.0,macro,4345,0.022094361334867665,0.9810956790123457,0.21715803444385529,-0.027879970148205757,0.07293932139873505,3.3594775199890137,0.4551190760596341,0.6736531106948345,True
7,7.463218081170437,3.0826067527222283,3.398663138613218,tumor_047,128,1.0,macro,4345,0.029459148446490217,0.9844478737997256,0.1860424280166626,-0.027879970148205757,0.07293932139873505,2.9328815937042236,0.4207762812370077,0.5134307799127652,True
8,4.37376570395625,2.3598414043497766,3.3735368266986527,tumor_047,81,1.0,macro,4345,0.018642117376294592,0.9559687716980813,0.16067546606063843,-0.027879970148205757,0.07293932139873505,2.585099935531616,0.4754012149899429,0.39888482500676903,True
9,2.673571791244922,1.8450196016035867,2.332013431553203,tumor_047,52,1.0,macro,4345,0.011967779056386652,0.9812546164398016,0.20695169270038605,-0.027879970148205757,0.07293932139873505,3.219548225402832,0.528310015410579,0.6187036959092577,True
10,0.010514573548872802,0.11570467077197528,0.17283578859527707,tumor_047,0,0.0,ITC,4345,0.0,,,-0.027879970148205757,0.07293932139873505,,,,
11,0.01378749373097168,0.13249446117125535,0.24317239307222127,tumor_047,1,0.03125,micro,4345,0.00023014959723820482,0.3355281207133059,-0.05788515508174896,-0.027879970148205757,0.07293932139873505,-0.4113718569278717,1.0,0.010100944737046627,False
12,0.42780226640942287,0.7380343914207551,1.0376123909263248,tumor_047,9,0.8125,micro,4345,0.0020713463751438435,0.9934461210181375,0.2455144226551056,-0.027879970148205757,0.07293932139873505,3.748244524002075,0.7377006074949713,0.8385880536021447,True
13,1.9029755946660118,1.5565807977084514,2.0087259123871,tumor_047,41,1.0,macro,4345,0.009436133486766397,0.9710595871390812,0.1526753306388855,-0.027879970148205757,0.07293932139873505,2.4754178524017334,0.5566826863455699,0.3657546685541665,True
14,0.010575300933083497,0.11603831843609495,0.19796899200948112,tumor_047,1,0.046875,ITC,4345,0.00023014959723820482,0.9412894375857339,0.07846760749816895,-0.027879970148205757,0.07293932139873505,1.4580280780792236,1.0,0.12688918732028917,False
15,0.0030330996604848635,0.06214388490311918,0.08022834798403324,tumor_047,0,0.0,ITC,4345,0.0,,,-0.027879970148205757,0.07293932139873505,,,,
16,0.008743942258033448,0.10551366290584864,0.1636739088514299,tumor_047,1,0.25,ITC,4345,0.00023014959723820482,0.9865569272976681,0.19578275084495544,-0.027879970148205757,0.07293932139873505,3.0664217472076416,1.0,0.561250335267823,False
17,0.001872618716895996,0.04882921464208904,0.058453703249735846,tumor_047,0,0.0,ITC,4345,0.0,,,-0.027879970148205757,0.07293932139873505,,,,
18,0.1481086167406172,0.43425539461263823,0.8220590950478056,tumor_047,8,0.265625,micro,4345,0.0018411967779056386,0.9378600823045268,0.19475296139717102,-0.027879970148205757,0.07293932139873505,3.0523033142089844,0.751761263387289,0.5560940103365616,True
19,0.0116240134652688,0.12165588194787068,0.2453109071204336,tumor_047,0,0.0,micro,4345,0.0,,,-0.027879970148205757,0.07293932139873505,,,,
20,1.132557344555203,1.2008400383764408,1.5145515887497885,tumor_047,25,0.78125,micro,4345,0.005753739930955121,0.991681755829904,0.23601926863193512,-0.027879970148205757,0.07293932139873505,3.618065357208252,0.6157383354797349,0.7813500717111664,True
21,0.0010656940212136231,0.03683590327923313,0.04603611002809437,tumor_047,0,0.0,ITC,4345,0.0,,,-0.027879970148205757,0.07293932139873505,,,,
22,1.6033797184534628,1.428805957000908,2.1274964801302434,tumor_047,34,1.0,macro,4345,0.007825086306098964,0.9821754216089728,0.22449415922164917,-0.027879970148205757,0.07293932139873505,3.4600560665130615,0.5790315505746343,0.7145935849065536,True
23,0.018395865664582765,0.1530436004012666,0.20256753646039288,tumor_047,2,0.15625,micro,4345,0.00046029919447640965,0.9864197530864197,0.19407051801681519,-0.027879970148205757,0.07293932139873505,3.0429470539093018,0.9172537544624296,0.5526900327955948,True
24,0.005462678074528564,0.08339842771088377,0.1264040233892738,tumor_047,0,0.0,ITC,4345,0.0,,,-0.027879970148205757,0.07293932139873505,,,,
25,0.007210558359435059,0.09581632451129304,0.14299024797000306,tumor_047,0,0.0,ITC,4345,0.0,,,-0.027879970148205757,0.07293932139873505,,,,
26,0.6364179206543847,0.9001735741262836,1.5314317988524093,tumor_047,13,1.0,micro,4345,0.002991944764096663,0.9926770074918223,0.24135708808898926,-0.027879970148205757,0.07293932139873505,3.6912472248077393,0.6938025064857196,0.8132781562112278,True
27,0.008678749167055482,0.10511958256353758,0.2380683224780389,tumor_047,2,0.0390625,micro,4345,0.00046029919447640965,0.7521262002743484,0.09735682606697083,-0.027879970148205757,0.07293932139873505,1.7169997692108154,0.9172537544624296,0.17596784458148043,False
28,0.09132544401714404,0.3409973119587969,0.5494476370725593,tumor_047,5,0.0625,micro,4345,0.0011507479861910242,0.9557201646090535,0.17040815949440002,-0.027879970148205757,0.07293932139873505,2.7185354232788086,0.8078691677398674,0.4411261804720229,True
29,0.10044672837139161,0.3576209539466713,0.6000428681137155,tumor_047,4,0.5078125,micro,4345,0.0009205983889528193,0.9890260631001372,0.22598187625408173,-0.027879970148205757,0.07293932139873505,3.480452537536621,0.8345075089248594,0.7230432436713087,True
30,0.0006488251374509583,0.028742126271742448,0.043759200670685755,tumor_047,0,0.0,ITC,4345,0.0,,,-0.027879970148205757,0.07293932139873505,,,,
31,0.010299602420714355,0.11451576789727921,0.22324098168520953,tumor_047,1,0.09375,micro,4345,0.00023014959723820482,0.6433470507544582,-0.004444815218448639,-0.027879970148205757,0.07293932139873505,0.3212965726852417,1.0,0.006161763519584198,False
32,0.004008595959375733,0.07144160478560634,0.09730241304863668,tumor_047,1,0.2589642405509949,ITC,4345,0.00023014959723820482,0.9821673525377229,0.16031190752983093,-0.027879970148205757,0.07293932139873505,2.580115556716919,1.0,0.39734811355656857,False
33,0.001120800275081543,0.03777627869422647,0.04606678223142316,tumor_047,0,0.0,ITC,4345,0.0,,,-0.027879970148205757,0.07293932139873505,,,,
34,0.0027173647151499023,0.058820542438818575,0.08937963796429667,tumor_047,0,0.0,ITC,4345,0.0,,,-0.027879970148205757,0.07293932139873505,,,,
35,0.020008553436984374,0.15961103178952,0.22941828702666664,tumor_047,1,0.65625,micro,4345,0.00023014959723820482,0.9876543209876543,0.2048911303281784,-0.027879970148205757,0.07293932139873505,3.191297769546509,1.0,0.6078934979963049,False
36,0.009290919718847901,0.10876381012541281,0.13706196306871574,tumor_047,1,0.6002141833305359,ITC,4345,0.00023014959723820482,0.9964334705075446,0.257451593875885,-0.027879970148205757,0.07293932139873505,3.9119033813476562,1.0,0.9134169793939052,False
37,0.004735279219801026,0.07764756762457749,0.10032722257194206,tumor_047,0,0.0,ITC,4345,0.0,,,-0.027879970148205757,0.07293932139873505,,,,
38,0.005805493315101563,0.0859754829325369,0.1237367403820642,tumor_047,0,0.0,ITC,4345,0.0,,,-0.027879970148205757,0.07293932139873505,,,,
39,0.0011300244107706298,0.03793140870451844,0.04748791236353885,tumor_047,0,0.0,ITC,4345,0.0,,,-0.027879970148205757,0.07293932139873505,,,,
40,0.005742092507598633,0.08550473232635766,0.11603436678437735,tumor_047,0,0.0,ITC,4345,0.0,,,-0.027879970148205757,0.07293932139873505,,,,
41,0.0030023042518564453,0.06182760304904391,0.0952267810613367,tumor_047,0,0.0,ITC,4345,0.0,,,-0.027879970148205757,0.07293932139873505,,,,
42,0.00047551808303668215,0.02460586165040685,0.03141560473520465,tumor_047,0,0.0,ITC,4345,0.0,,,-0.027879970148205757,0.07293932139873505,,,,
43,0.0003734925115567017,0.021807004273316576,0.026406824425534964,tumor_047,0,0.0,ITC,4345,0.0,,,-0.027879970148205757,0.07293932139873505,,,,
44,0.0013267788863884277,0.041101184231958916,0.04796633494647231,tumor_047,0,0.0,ITC,4345,0.0,,,-0.027879970148205757,0.07293932139873505,,,,
45,0.0009611347272066651,0.03498220608391885,0.043504290474000784,tumor_047,0,0.0,ITC,4345,0.0,,,-0.027879970148205757,0.07293932139873505,,,,
46,0.09008702782178907,0.3386773778839659,0.65177519349077,tumor_047,3,0.296875,micro,4345,0.0006904487917146145,0.9903063557384545,0.21127758920192719,-0.027879970148205757,0.07293932139873505,3.2788562774658203,0.8688503037474857,0.6417082194158393,True
47,0.007031076329008301,0.09461630104873424,0.17183078455100997,tumor_047,1,0.3125,ITC,4345,0.00023014959723820482,0.9893004115226337,0.2158346176147461,-0.027879970148205757,0.07293932139873505,3.3413333892822266,1.0,0.6663961232892838,False
48,0.002710532474824219,0.05874654997729707,0.08643586337652102,tumor_047,0,0.0,ITC,4345,0.0,,,-0.027879970148205757,0.07293932139873505,,,,
49,0.0007605717640839844,0.031118966027821552,0.036873143484875845,tumor_047,0,0.0,ITC,4345,0.0,,,-0.027879970148205757,0.07293932139873505,,,,
50,0.0009220681409084473,0.03426388214935764,0.046504983173871965,tumor_047,0,0.0,ITC,4345,0.0,,,-0.027879970148205757,0.07293932139873505,,,,
51,0.004435784436168457,0.07515195377400674,0.14081847975690576,tumor_047,0,0.0,ITC,4345,0.0,,,-0.027879970148205757,0.07293932139873505,,,,
52,0.002481917063194336,0.05621454395093843,0.0759062923873904,tumor_047,0,0.0,ITC,4345,0.0,,,-0.027879970148205757,0.07293932139873505,,,,
53,0.002462343732487793,0.055992440676704204,0.10931603002015762,tumor_047,0,0.0,ITC,4345,0.0,,,-0.027879970148205757,0.07293932139873505,,,,
54,0.007705648212618164,0.09905117880229024,0.15467335148288341,tumor_047,0,0.0,ITC,4345,0.0,,,-0.027879970148205757,0.07293932139873505,,,,
55,0.023507136277971682,0.17300351294870314,0.3049907062159617,tumor_047,1,0.15625,micro,4345,0.00023014959723820482,0.9964334705075446,0.2574869394302368,-0.027879970148205757,0.07293932139873505,3.9123878479003906,1.0,0.9136432361972264,False
56,0.0214456692866792,0.16524368126833863,0.30212607911006056,tumor_047,1,0.390625,micro,4345,0.00023014959723820482,0.9821673525377229,0.16081058979034424,-0.027879970148205757,0.07293932139873505,2.5869524478912354,1.0,0.39945672075776023,False
57,0.0015646893544973145,0.044634340606444674,0.07564416892806859,tumor_047,0,0.0,ITC,4345,0.0,,,-0.027879970148205757,0.07293932139873505,,,,
58,0.05280055257200977,0.25928314931470337,0.4406108118311733,tumor_047,2,0.2734375,micro,4345,0.00046029919447640965,0.9883401920438958,0.22339966893196106,-0.027879970148205757,0.07293932139873505,3.4450504779815674,0.9172537544624296,0.7084089187975495,True
59,0.008751242824973877,0.10555770189965581,0.22797125511717603,tumor_047,0,0.0,micro,4345,0.0,,,-0.027879970148205757,0.07293932139873505,,,,
60,0.002581134792373993,0.05732715663577212,0.07028933256176902,tumor_047,0,0.0,ITC,4345,0.0,,,-0.027879970148205757,0.07293932139873505,,,,
61,0.0011795624708016358,0.03875391055506732,0.055864371527916706,tumor_047,0,0.0,ITC,4345,0.0,,,-0.027879970148205757,0.07293932139873505,,,,
62,0.0010226426437617189,0.03608419396591719,0.04241780459179282,tumor_047,0,0.0,ITC,4345,0.0,,,-0.027879970148205757,0.07293932139873505,,,,
63,0.00028560430288092044,0.019069417730347895,0.022716084052437736,tumor_047,0,0.0,ITC,4345,0.0,,,-0.027879970148205757,0.07293932139873505,,,,
64,0.0009879524807299804,0.035466888315506546,0.04346028330553331,tumor_047,1,0.06382393836975098,ITC,4345,0.00023014959723820482,0.9039780521262003,0.058003827929496765,-0.027879970148205757,0.07293932139873505,1.1774691343307495,1.0,0.08275455428893241,False
65,0.0035993708486477052,0.06769683375657402,0.1086828214490735,tumor_047,1,0.23252739012241364,ITC,4345,0.00023014959723820482,0.9893004115226337,0.2167360782623291,-0.027879970148205757,0.07293932139873505,3.3536922931671143,1.0,0.6713349642679284,False
66,0.002744393508299927,0.05911235354037204,0.08087967625584315,tumor_047,0,0.0,ITC,4345,0.0,,,-0.027879970148205757,0.07293932139873505,,,,
0,0.0738093889906106,0.3065567367316947,0.5286625893331852,tumor_048,3,0.203125,micro,5288,0.0005673222390317701,0.9996213555471413,0.2532165050506592,-0.0860503688454628,0.07416628301143646,4.574408531188965,0.8718549805787988,1.2203858934144745,True
1,0.033917336812538085,0.2078097555020581,0.34535756681292096,tumor_048,2,0.2265625,micro,5288,0.00037821482602118004,0.81134040136312,0.06118055433034897,-0.0860503688454628,0.07416628301143646,1.9851462841033936,0.9191494944751719,0.22983296156873093,False
2,0.02235627799315686,0.1687154326491201,0.2663143692940538,tumor_048,1,0.59375,micro,5288,0.00018910741301059002,0.9967815221507005,0.14598870277404785,-0.0860503688454628,0.07416628301143646,3.1286327838897705,1.0,0.570869008626353,False
0,0.11687749662730298,0.38576294611527007,0.5528914120830172,tumor_049,5,0.34375,micro,3334,0.0014997000599880025,0.9989176187612748,0.21411831676959991,-0.0852462574839592,0.063738152384758,4.6967878341674805,0.8015961310464043,1.359714718067922,True
1,0.03894817966051245,0.22268893672388443,0.39581129051638986,tumor_049,3,0.0625,micro,3334,0.0008998200359928015,0.9819603126879134,0.1297009289264679,-0.0852462574839592,0.063738152384758,3.372347354888916,0.8645682900422899,0.7009878905031052,True
0,0.0038667593387351077,0.07016630886723006,0.10224433975041645,tumor_050,0,0.0,ITC,4490,0.0,,,-0.08690965175628662,0.06451379507780075,,,,
1,0.004118578700763428,0.07241503483335462,0.10197353926999886,tumor_050,0,0.0,ITC,4490,0.0,,,-0.08690965175628662,0.06451379507780075,,,,
2,0.00436836630001355,0.07457866128501958,0.08679801528898066,tumor_050,0,0.0,ITC,4490,0.0,,,-0.08690965175628662,0.06451379507780075,,,,
3,0.0010819365255582275,0.03711555427626134,0.04168844841776903,tumor_050,0,0.0,ITC,4490,0.0,,,-0.08690965175628662,0.06451379507780075,,,,
4,0.377566874651707,0.6933491729198339,1.2281599779357437,tumor_050,10,0.828125,micro,4490,0.0022271714922048997,0.8922991071428571,0.03430391103029251,-0.08690965175628662,0.06451379507780075,1.8788782358169556,0.7261959061268342,0.20988989219908627,False
5,0.00481012291907666,0.07825879321587664,0.12680875315213852,tumor_050,0,0.0,ITC,4490,0.0,,,-0.08690965175628662,0.06451379507780075,,,,
0,0.03451418483720691,0.20963021010586855,0.3998992999641978,tumor_051,1,0.234375,micro,5139,0.0001945903872348706,0.9956218905472637,0.22870662808418274,-0.0542382076382637,0.08674860745668411,3.2616641521453857,1.0,0.6225239259839676,False
1,0.0049586918176977544,0.07945818090321138,0.10831800454308012,tumor_051,0,0.0,ITC,5139,0.0,,,-0.0542382076382637,0.08674860745668411,,,,
2,0.0019150830336156922,0.049379747365199005,0.06094408995136443,tumor_051,0,0.0,ITC,5139,0.0,,,-0.0542382076382637,0.08674860745668411,,,,
3,0.0009559674387416382,0.03488804303031402,0.04492366157037241,tumor_051,1,0.06175763159990311,ITC,5139,0.0001945903872348706,0.9486567164179105,0.10368400812149048,-0.0542382076382637,0.08674860745668411,1.820458173751831,1.0,0.1939273116957595,False
4,0.0007495547304267883,0.030892761671995134,0.03659419326150733,tumor_051,0,0.0,ITC,5139,0.0,,,-0.0542382076382637,0.08674860745668411,,,,
5,0.004273764695053528,0.07376670125900416,0.127569214154513,tumor_051,0,0.0,ITC,5139,0.0,,,-0.0542382076382637,0.08674860745668411,,,,
6,0.005061983742268066,0.08028149148752899,0.16560504071077878,tumor_051,0,0.0,ITC,5139,0.0,,,-0.0542382076382637,0.08674860745668411,,,,
7,0.0015150791663146362,0.043921050852138974,0.05539775855589439,tumor_051,1,0.09787749499082565,ITC,5139,0.0001945903872348706,0.854726368159204,0.03450411558151245,-0.0542382076382637,0.08674860745668411,1.0229827165603638,1.0,0.06123703566183039,False
8,0.003743067887611084,0.06903493357087225,0.11221891545100586,tumor_051,0,0.0,ITC,5139,0.0,,,-0.0542382076382637,0.08674860745668411,,,,
9,0.0006801103240886535,0.029426915560627844,0.03376570291149755,tumor_051,0,0.0,ITC,5139,0.0,,,-0.0542382076382637,0.08674860745668411,,,,
10,0.00033151441923825076,0.02054500591929952,0.02537889263973027,tumor_051,0,0.0,ITC,5139,0.0,,,-0.0542382076382637,0.08674860745668411,,,,
11,1.175014776890962,1.22314156154786,1.6727258436929575,tumor_051,24,1.0,micro,5139,0.004670169293636894,0.9822885572139304,0.20140337944030762,-0.0542382076382637,0.08674860745668411,2.9469242095947266,0.6280634901034368,0.508177579091756,True
12,2.541087481662615,1.7987254010227156,2.190855539341936,tumor_051,50,1.0,macro,5139,0.00972951936174353,0.9130666666666667,0.1356956511735916,-0.0542382076382637,0.08674860745668411,2.189474582672119,0.5421650289936383,0.28051583533623375,True
13,0.009172548300065185,0.10806873378381135,0.18405849459616294,tumor_051,1,0.1875,ITC,5139,0.0001945903872348706,0.9890547263681592,0.1867312788963318,-0.0542382076382637,0.08674860745668411,2.7777907848358154,1.0,0.4515196260868632,False
14,1.6441805961403857,1.4468710217888023,1.9916871942287335,tumor_051,32,1.0,micro,5139,0.006226892391515859,0.9737375621890547,0.2114335596561432,-0.0542382076382637,0.08674860745668411,3.0625479221343994,0.5943952542272021,0.5488369637986458,True
15,0.12864524005827246,0.40471744079560074,0.6042824672262248,tumor_051,4,0.390625,micro,5139,0.0007783615489394824,0.8881592039800995,0.10926875472068787,-0.0542382076382637,0.08674860745668411,1.8848366737365723,0.8377581016908808,0.20788589017742437,False
0,2.5103502316859942,1.7878135210691537,2.4046510652964517,tumor_052,48,1.0,macro,3436,0.013969732246798603,0.9678002178002179,0.15062348544597626,-0.01672491617500782,0.0699881762266159,2.3910953998565674,0.5245429964980569,0.35109879476615385,True
1,0.01131335176032422,0.12001919365144877,0.1517610070705343,tumor_052,1,0.6875,ITC,3436,0.0002910360884749709,0.9946539946539946,0.1790677011013031,-0.01672491617500782,0.0699881762266159,2.7975099086761475,1.0,0.48059450148105193,False
2,0.008931385970657226,0.10663861311520151,0.16296965829590343,tumor_052,0,0.0,ITC,3436,0.0,,,-0.01672491617500782,0.0699881762266159,,,,
3,0.21978737611381055,0.529000925048042,0.8066615526036434,tumor_052,7,0.296875,micro,3436,0.002037252619324796,0.9482795197080911,0.16809305548667908,-0.01672491617500782,0.0699881762266159,2.640702724456787,0.7610052782206529,0.42822750428776685,True
4,0.09132043534718115,0.34098796096997586,0.45580836866922675,tumor_052,2,0.7265625,micro,3436,0.0005820721769499418,0.9992574992574993,0.2507663667201996,-0.01672491617500782,0.0699881762266159,3.8219494819641113,0.9148683624213144,0.897026793748816,True
5,0.060798437687865234,0.27822827879693807,0.640006553068489,tumor_052,4,0.0625,micro,3436,0.0011641443538998836,0.8285565785565786,0.128948375582695,-0.01672491617500782,0.0699881762266159,2.0813984870910645,0.8297367248426288,0.2660394246170316,False
6,0.1874661076273854,0.4885583501781186,0.616039787463216,tumor_052,5,0.578125,micro,3436,0.0014551804423748546,0.9963765963765964,0.19880644977092743,-0.01672491617500782,0.0699881762266159,3.0795395374298096,0.8023304589422812,0.5823808678982544,True
7,0.012239542331626465,0.12483536881063328,0.17503913814084598,tumor_052,1,0.046875,ITC,3436,0.0002910360884749709,0.9961389961389961,0.19336239993572235,-0.01672491617500782,0.0699881762266159,3.0017542839050293,1.0,0.5533320282366406,False
8,0.008838661503277221,0.10608361489174895,0.12577928406603273,tumor_052,0,0.0,ITC,3436,0.0,,,-0.01672491617500782,0.0699881762266159,,,,
9,0.009861099306403932,0.11205151311550403,0.18176560400094208,tumor_052,1,0.390625,ITC,3436,0.0002910360884749709,0.9857439857439857,0.14450764656066895,-0.01672491617500782,0.0699881762266159,2.303711414337158,1.0,0.3259054920120932,False
10,0.007911756779298706,0.10036713406155234,0.13508823725491093,tumor_052,0,0.0,ITC,3436,0.0,,,-0.01672491617500782,0.0699881762266159,,,,
11,0.00034537885611561587,0.020970217393288942,0.029371627344773277,tumor_052,0,0.0,ITC,3436,0.0,,,-0.01672491617500782,0.0699881762266159,,,,
12,0.0006731880127739869,0.029276775760071667,0.03936247052381617,tumor_052,0,0.0,ITC,3436,0.0,,,-0.01672491617500782,0.0699881762266159,,,,
13,0.006907500766592469,0.09378114486032883,0.11571880943247582,tumor_052,0,0.0,ITC,3436,0.0,,,-0.01672491617500782,0.0699881762266159,,,,
0,0.044238094719635745,0.2373303427309286,0.37474634024096887,tumor_053,2,0.4140625,micro,3174,0.000630119722747322,0.9996847414880202,0.23474591970443726,-0.00451370095834136,0.068173848092556,3.5095512866973877,0.9140309000028944,0.7638183895281989,True
0,0.008969162107086915,0.10686389417330447,0.18444184232773755,tumor_054,2,0.0625,ITC,5797,0.0003450060376056581,0.49486873508353224,0.014412917196750641,0.00265147490426898,0.1309504508972168,0.08981596678495407,0.9200069803206428,0.0004654829015075293,False
1,0.012067745674153932,0.12395616567214186,0.2222643281635613,tumor_054,2,0.09375,micro,5797,0.0003450060376056581,0.4805489260143198,-0.0066041648387908936,0.00265147490426898,0.1309504508972168,-0.07068047672510147,0.9200069803206428,0.00028826742906780736,False
2,0.00599753006971106,0.08738588247248155,0.10974613385722216,tumor_054,0,0.0,ITC,5797,0.0,,,0.00265147490426898,0.1309504508972168,,,,
3,0.04005793594893713,0.22583920857693207,0.34457222814502114,tumor_054,2,0.46875,micro,5797,0.0003450060376056581,0.951073985680191,0.22347457706928253,0.00265147490426898,0.1309504508972168,1.6863104104995728,0.9200069803206428,0.1640860562416478,False
4,0.0022766093089315797,0.05383928862869455,0.067154471414121,tumor_054,0,0.0,ITC,5797,0.0,,,0.00265147490426898,0.1309504508972168,,,,
5,0.010317598994633423,0.11461577136976844,0.13676453857548965,tumor_054,0,0.0,ITC,5797,0.0,,,0.00265147490426898,0.1309504508972168,,,,
6,34.1757014824228,6.596503209768402,9.608418851368016,tumor_054,613,1.0,macro,5797,0.1057443505261342,0.8366930507266972,0.16688701510429382,0.00265147490426898,0.1309504508972168,1.2541807889938354,0.2592851748817878,0.09076468881090796,True
7,33.444265483894235,6.525531500093721,8.736212391886529,tumor_054,593,1.0,macro,5797,0.10229429015007763,0.7951236985193205,0.14310501515865326,0.00265147490426898,0.1309504508972168,1.0725702047348022,0.26311323837034106,0.06638165738754567,True
8,21.724609327911296,5.259337571426562,7.064437592416299,tumor_054,387,1.0,macro,5797,0.06675866827669484,0.7375201198867736,0.12410653382539749,0.00265147490426898,0.1309504508972168,0.9274886846542358,0.3123648236692512,0.04963795426492129,True
9,0.10534107276672144,0.3662300090536193,0.4678722684551308,tumor_054,3,0.890625,micro,5797,0.0005175090564084871,0.8513126491646779,0.19184571504592896,0.00265147490426898,0.1309504508972168,1.4447773694992065,0.8732140634887693,0.12044769558557007,False
10,0.06750288135045127,0.29316776411972767,0.48898913629309004,tumor_054,3,0.53125,micro,5797,0.0005175090564084871,0.9464598249801114,0.23017878830432892,0.00265147490426898,0.1309504508972168,1.7375069856643677,0.8732140634887693,0.17420064287100476,False
11,0.05088535703930896,0.2545373230597351,0.416281275964558,tumor_054,2,0.3671875,micro,5797,0.0003450060376056581,0.9600238663484487,0.24794234335422516,0.00265147490426898,0.1309504508972168,1.8731579780578613,0.9200069803206428,0.20246289730119355,False
0,14.913563685282423,4.357584082611355,5.004264441966192,tumor_055,266,1.0,macro,2433,0.10933004521167283,0.9203399835155145,0.13846151530742645,-0.011849268339574337,0.09317520260810852,1.613205909729004,0.2838807236602576,0.16688939632075347,True
1,0.0915952040828767,0.34150056507479787,0.4728290928899007,tumor_055,3,0.84375,micro,2433,0.0012330456226880395,0.948300622307324,0.14308340847492218,-0.011849268339574337,0.09317520260810852,1.662810206413269,0.8590959152419286,0.17731051786059876,False
2,0.021530643089864503,0.16557072871010248,0.1984388877473896,tumor_055,1,0.484375,ITC,2433,0.0004110152075626798,0.922929631402585,0.1234070211648941,-0.011849268339574337,0.09317520260810852,1.4516339302062988,1.0,0.13513360310040945,False
3,0.18381718939859473,0.4837802337263935,0.8553955173023764,tumor_055,5,0.453125,micro,2433,0.002055076037813399,0.9393968405935854,0.14010348916053772,-0.011849268339574337,0.09317520260810852,1.6308282613754272,0.793579246868431,0.1705554466128506,False
4,0.011340108410530517,0.12016103557256515,0.13738512771857805,tumor_055,1,0.1875,ITC,2433,0.0004110152075626798,0.8985160363810436,0.10870000720024109,-0.011849268339574337,0.09317520260810852,1.29379141330719,1.0,0.10734397268881436,False
5,0.03593108735355103,0.21388988125639483,0.241802530327889,tumor_055,2,0.1640625,micro,2433,0.0008220304151253596,0.9202967927237913,0.12058907747268677,-0.011849268339574337,0.09317520260810852,1.4213905334472656,0.9110994205263783,0.12956150150768042,False
6,0.011608060605207275,0.12157237268488383,0.14723762915655722,tumor_055,0,0.0,ITC,2433,0.0,,,-0.011849268339574337,0.09317520260810852,,,,
7,0.0027712658634071047,0.059401054588824935,0.06888576253807235,tumor_055,0,0.0,ITC,2433,0.0,,,-0.011849268339574337,0.09317520260810852,,,,
8,0.012820793066072754,0.12776517806738347,0.1885087827500994,tumor_055,2,0.0859375,ITC,2433,0.0008220304151253596,0.8623743417903303,0.09417062252759933,-0.011849268339574337,0.09317520260810852,1.1378552913665771,0.9110994205263783,0.08302773719550884,False
9,0.06328277351112305,0.2838558256137801,0.4373481761053522,tumor_055,3,0.265625,micro,2433,0.0012330456226880395,0.9545236955481091,0.15634644031524658,-0.011849268339574337,0.09317520260810852,1.8051552772521973,0.8590959152419286,0.20896726842854993,False
10,0.04681526442247705,0.2441455425764127,0.30233336413829537,tumor_055,1,0.703125,micro,2433,0.0004110152075626798,0.9219722355193872,0.12280938029289246,-0.011849268339574337,0.09317520260810852,1.445219874382019,1.0,0.13394206358713448,False
11,0.22992398164130273,0.541062201330557,0.8362852469951022,tumor_055,7,0.578125,micro,2433,0.002877106452938759,0.9119879641660398,0.1264973133802414,-0.011849268339574337,0.09317520260810852,1.4848004579544067,0.7504245206409549,0.14137913518078643,False
12,0.008027243237801514,0.10109700057655922,0.1176434581029421,tumor_055,0,0.0,ITC,2433,0.0,,,-0.011849268339574337,0.09317520260810852,,,,
13,0.029232122999550293,0.19292354698063607,0.34491127105366415,tumor_055,1,0.578125,micro,2433,0.0004110152075626798,0.8496888463379607,0.08846144378185272,-0.011849268339574337,0.09317520260810852,1.076581597328186,1.0,0.07432638983477911,False
14,0.03962852651037305,0.2246254817526113,0.33633020019366755,tumor_055,2,0.2734375,micro,2433,0.0008220304151253596,0.8444231689803734,0.08680976927280426,-0.011849268339574337,0.09317520260810852,1.0588550567626953,0.9110994205263783,0.07189888660210389,False
15,0.08137861877524219,0.3218920246302566,0.6126578310528076,tumor_055,2,0.8203125,micro,2433,0.0008220304151253596,0.8338918142651986,0.08305100351572037,-0.011849268339574337,0.09317520260810852,1.0185142755508423,0.9110994205263783,0.0665247691316057,False
16,0.09409029445033594,0.3461206201166627,0.6598378103087071,tumor_055,2,0.5859375,micro,2433,0.0008220304151253596,0.8867879368118717,0.10540570318698883,-0.011849268339574337,0.09317520260810852,1.2584353685379028,0.9110994205263783,0.10155725797773071,False
17,0.017087081398710204,0.14749897538948006,0.22703990056167445,tumor_055,1,0.078125,micro,2433,0.0004110152075626798,0.7640019147917664,0.06012943387031555,-0.011849268339574337,0.09317520260810852,0.7725092172622681,1.0,0.03826982488627703,False
18,0.012217396058958252,0.12472237888990562,0.15876872991543184,tumor_055,2,0.03125,ITC,2433,0.0008220304151253596,0.4806127333652465,-0.020011723041534424,-0.011849268339574337,0.09317520260810852,-0.08760329335927963,0.9110994205263783,0.0004921415149390527,False
19,0.3687154259764746,0.6851737451968793,0.9568360774317235,tumor_055,11,0.53125,micro,2433,0.004521167283189478,0.8885068976021585,0.11182244122028351,-0.011849268339574337,0.09317520260810852,1.3273028135299683,0.6924545244537752,0.1129767728470502,False
20,0.13128824406209766,0.4088537441417214,0.9216633602096558,tumor_055,4,0.4140625,micro,2433,0.0016440608302507192,0.8690761129727143,0.10508609563112259,-0.011849268339574337,0.09317520260810852,1.2550052404403687,0.8221988410527565,0.10100438151462586,False
21,0.07786640769608057,0.3148691624867704,0.467817239066978,tumor_055,3,0.5625,micro,2433,0.0012330456226880395,0.9042604116802297,0.11279001086950302,-0.011849268339574337,0.09317520260810852,1.3376872539520264,0.8590959152419286,0.11475148461409415,False
22,0.025408518777672365,0.17986420122102786,0.2347845340232,tumor_055,1,0.921875,micro,2433,0.0004110152075626798,0.8305409286740068,0.08157870173454285,-0.011849268339574337,0.09317520260810852,1.0027128458023071,1.0,0.06447662442758594,False
23,0.08892631258514648,0.3364884808591353,0.4628479839690031,tumor_055,2,0.421875,micro,2433,0.0008220304151253596,0.914552417424605,0.1284826248884201,-0.011849268339574337,0.09317520260810852,1.5061076879501343,0.9110994205263783,0.14546589584397057,False
24,0.08988059710215968,0.33828912269666367,0.4872792990305573,tumor_055,3,0.578125,micro,2433,0.0012330456226880395,0.9554810914313069,0.15655237436294556,-0.011849268339574337,0.09317520260810852,1.8073654174804688,0.8590959152419286,0.20947927944846262,False
25,0.21885768141107959,0.5278809095256582,0.7033290537164748,tumor_055,7,0.515625,micro,2433,0.002877106452938759,0.9132872871503795,0.12538911402225494,-0.011849268339574337,0.09317520260810852,1.4729067087173462,0.7504245206409549,0.1391232183390197,False
26,0.19377336306596923,0.4967090784069847,0.864919923394,tumor_055,4,0.78125,micro,2433,0.0016440608302507192,0.9740306366682623,0.2088685929775238,-0.011849268339574337,0.09317520260810852,2.368847608566284,0.8221988410527565,0.3598515525381844,True
27,0.15944707297569727,0.45057110271846224,0.6180604090560481,tumor_055,6,0.328125,micro,2433,0.002466091245376079,0.9249242061592469,0.12939386069774628,-0.011849268339574337,0.09317520260810852,1.5158874988555908,0.770195335768307,0.1473611757626572,False
28,0.0343611663960498,0.2091649967338599,0.2720810076004497,tumor_055,2,0.21875,micro,2433,0.0008220304151253596,0.9935375777884156,0.2302536964416504,-0.011849268339574337,0.09317520260810852,2.598362684249878,0.9110994205263783,0.43296089859523984,False
0,0.6793461116279121,0.9300378131488665,1.2541580534561023,tumor_056,17,0.71875,micro,3870,0.004392764857881137,0.9784067473143103,0.1283578723669052,-0.07080822438001633,0.083899587392807,2.3738625049591064,0.6570378903497349,0.3410735090753995,True
1,0.001986503031577881,0.05029208899559892,0.07694590085358986,tumor_056,0,0.0,ITC,3870,0.0,,,-0.07080822438001633,0.083899587392807,,,,
2,0.0008800963034447022,0.033474967015981245,0.041610946831162156,tumor_056,0,0.0,ITC,3870,0.0,,,-0.07080822438001633,0.083899587392807,,,,
3,0.0046005094208649904,0.07653463608440278,0.11844295852764176,tumor_056,0,0.0,ITC,3870,0.0,,,-0.07080822438001633,0.083899587392807,,,,
4,0.002548766953638062,0.05696657682963014,0.07279374021305138,tumor_056,0,0.0,ITC,3870,0.0,,,-0.07080822438001633,0.083899587392807,,,,
5,0.007461095474446656,0.09746672152642687,0.1451737233910388,tumor_056,0,0.0,ITC,3870,0.0,,,-0.07080822438001633,0.083899587392807,,,,
6,0.005091908639466797,0.08051844160158433,0.13888921132912585,tumor_056,1,0.3289486765861511,ITC,3870,0.00025839793281653745,0.9952904238618524,0.16784347593784332,-0.07080822438001633,0.083899587392807,2.844491958618164,1.0,0.489718249476727,False
7,0.0034272010334992675,0.06605791310364328,0.09881182339511033,tumor_056,0,0.0,ITC,3870,0.0,,,-0.07080822438001633,0.083899587392807,,,,
8,0.0016910303267548828,0.04640136510244866,0.05747798080507052,tumor_056,1,0.10924433171749115,ITC,3870,0.00025839793281653745,0.9502878074306645,0.0733860582113266,-0.07080822438001633,0.083899587392807,1.7186529636383057,1.0,0.1787776607176998,False
9,0.0016960321850350343,0.04646993917717335,0.06604322199428632,tumor_056,0,0.0,ITC,3870,0.0,,,-0.07080822438001633,0.083899587392807,,,,
10,0.0009355337997132569,0.03451316602734766,0.05822549529556229,tumor_056,0,0.0,ITC,3870,0.0,,,-0.07080822438001633,0.083899587392807,,,,
11,0.0006949522653706055,0.02974627213573391,0.03726765657500514,tumor_056,0,0.0,ITC,3870,0.0,,,-0.07080822438001633,0.083899587392807,,,,
12,0.004414769385779663,0.07497372181545232,0.10584187237605261,tumor_056,0,0.0,ITC,3870,0.0,,,-0.07080822438001633,0.083899587392807,,,,
13,0.003809745301922974,0.06964709881809387,0.09158348892729717,tumor_056,0,0.0,ITC,3870,0.0,,,-0.07080822438001633,0.083899587392807,,,,
14,0.0005913001829866333,0.02743841788055061,0.0381960230273629,tumor_056,0,0.0,ITC,3870,0.0,,,-0.07080822438001633,0.083899587392807,,,,
15,0.004928269970400512,0.07921406575504582,0.11472384967426137,tumor_056,0,0.0,ITC,3870,0.0,,,-0.07080822438001633,0.083899587392807,,,,
16,0.004706670094631104,0.07741265070068788,0.12267472135465178,tumor_056,0,0.0,ITC,3870,0.0,,,-0.07080822438001633,0.083899587392807,,,,
17,0.006833321963237549,0.09327623355121799,0.13264617362485304,tumor_056,0,0.0,ITC,3870,0.0,,,-0.07080822438001633,0.083899587392807,,,,
18,0.0014612428083328858,0.04313365423922826,0.05411265687180168,tumor_056,0,0.0,ITC,3870,0.0,,,-0.07080822438001633,0.083899587392807,,,,
19,0.23961260356886427,0.5523443149710403,0.7816481222507923,tumor_056,6,0.609375,micro,3870,0.0015503875968992248,0.974446188731903,0.1488751620054245,-0.07080822438001633,0.083899587392807,2.618408441543579,0.7831064826651827,0.41496517643314773,True
20,0.6851606411699649,0.9340094340175041,1.6639635489598503,tumor_056,15,0.984375,micro,3870,0.003875968992248062,0.9831501831501831,0.157544806599617,-0.07080822438001633,0.083899587392807,2.7217419147491455,0.672188961005257,0.4483640161663512,True
21,0.24024039264242578,0.5530674173688402,1.0109424008082086,tumor_056,8,0.5,micro,3870,0.0020671834625322996,0.9471153846153846,0.1216617003083229,-0.07080822438001633,0.083899587392807,2.294050931930542,0.7482824018441566,0.3185246001762943,True
22,0.002421172321806885,0.05552235896233854,0.12421181453423753,tumor_056,0,0.0,ITC,3870,0.0,,,-0.07080822438001633,0.083899587392807,,,,
23,0.0008422340442791748,0.03274699514609656,0.03872690171315412,tumor_056,0,0.0,ITC,3870,0.0,,,-0.07080822438001633,0.083899587392807,,,,
24,0.0007062409202831268,0.029986894934531497,0.039896369154459974,tumor_056,0,0.0,ITC,3870,0.0,,,-0.07080822438001633,0.083899587392807,,,,
25,0.0003466090640386505,0.021007531194732337,0.023193226725526678,tumor_056,0,0.0,ITC,3870,0.0,,,-0.07080822438001633,0.083899587392807,,,,
26,0.0007761021232164917,0.0314350745828948,0.09280482407621345,tumor_056,0,0.0,ITC,3870,0.0,,,-0.07080822438001633,0.083899587392807,,,,
27,0.00047642397196783447,0.024629288279794923,0.034119225009686956,tumor_056,0,0.0,ITC,3870,0.0,,,-0.07080822438001633,0.083899587392807,,,,
28,0.0011504187258464355,0.038272165012597885,0.1263023854090421,tumor_056,0,0.0,ITC,3870,0.0,,,-0.07080822438001633,0.083899587392807,,,,
29,0.0006753667421123658,0.0293241136823676,0.04903567811647268,tumor_056,0,0.0,ITC,3870,0.0,,,-0.07080822438001633,0.083899587392807,,,,
30,0.0006298435077102357,0.02831857448762876,0.04610224589602144,tumor_056,0,0.0,ITC,3870,0.0,,,-0.07080822438001633,0.083899587392807,,,,
0,0.004550542678933594,0.07611787496260873,0.09009002971626738,tumor_057,0,0.0,ITC,2348,0.0,,,-0.07512831687927246,0.06275127828121185,,,,
1,0.007722972455430542,0.09916246231893693,0.16088725810751314,tumor_057,1,0.359375,ITC,2348,0.00042589437819420784,0.9837676206749253,0.0771527886390686,-0.07512831687927246,0.06275127828121185,2.426741123199463,1.0,0.37938605163175915,False
2,0.001231998040466675,0.03960591652971058,0.04801550549115065,tumor_057,0,0.0,ITC,2348,0.0,,,-0.07512831687927246,0.06275127828121185,,,,
3,0.0005415791391724549,0.02625947403506014,0.04037761873316043,tumor_057,0,0.0,ITC,2348,0.0,,,-0.07512831687927246,0.06275127828121185,,,,
4,0.03303443532839502,0.205087175118555,0.3647024437812283,tumor_057,2,0.1484375,micro,2348,0.0008517887563884157,0.9628363947031183,0.05893146991729736,-0.07512831687927246,0.06275127828121185,2.1363673210144043,0.9106920918467777,0.29402639061036506,False
5,0.0024521362997607424,0.05587626424463195,0.07274235634902883,tumor_057,0,0.0,ITC,2348,0.0,,,-0.07512831687927246,0.06275127828121185,,,,
6,0.006546817285644837,0.0912998721808455,0.14294205198261287,tumor_057,1,0.09375,ITC,2348,0.00042589437819420784,0.9700982486117044,0.05611902475357056,-0.07512831687927246,0.06275127828121185,2.091548442840576,1.0,0.2818190301648255,False
7,0.0022082507406850894,0.05302482595663063,0.0720120378061063,tumor_057,0,0.0,ITC,2348,0.0,,,-0.07512831687927246,0.06275127828121185,,,,
8,0.003936271490681946,0.07079418422970832,0.1314073863152399,tumor_057,0,0.0,ITC,2348,0.0,,,-0.07512831687927246,0.06275127828121185,,,,
9,0.0011900513810006103,0.03892583304897493,0.05438749475424193,tumor_057,0,0.0,ITC,2348,0.0,,,-0.07512831687927246,0.06275127828121185,,,,
10,0.00045304202941616825,0.02401730682819654,0.028542667375049964,tumor_057,0,0.0,ITC,2348,0.0,,,-0.07512831687927246,0.06275127828121185,,,,
11,0.0005390448562133789,0.026197962274134106,0.030569075019923883,tumor_057,0,0.0,ITC,2348,0.0,,,-0.07512831687927246,0.06275127828121185,,,,
12,0.0010776195513429567,0.03704143392134835,0.047216509625798646,tumor_057,0,0.0,ITC,2348,0.0,,,-0.07512831687927246,0.06275127828121185,,,,
13,0.0006063363076835633,0.027785092484125723,0.03455468089740805,tumor_057,1,0.039170678704977036,ITC,2348,0.00042589437819420784,0.8637334472447672,-0.0029381513595581055,-0.07512831687927246,0.06275127828121185,1.150417447090149,1.0,0.08526001003915451,False
14,0.0007808462187720337,0.0315310051234888,0.03761283294262678,tumor_057,0,0.0,ITC,2348,0.0,,,-0.07512831687927246,0.06275127828121185,,,,
15,0.0005909922120333252,0.02743127147966965,0.03456947243233545,tumor_057,0,0.0,ITC,2348,0.0,,,-0.07512831687927246,0.06275127828121185,,,,
16,0.00048685858873049925,0.024897542205318673,0.02947039570638757,tumor_057,0,0.0,ITC,2348,0.0,,,-0.07512831687927246,0.06275127828121185,,,,
17,0.000621484610703827,0.028130033465896383,0.03847282266548871,tumor_057,1,0.04014929383993149,ITC,2348,0.00042589437819420784,0.9987184963690731,0.1879357546567917,-0.07512831687927246,0.06275127828121185,4.192171096801758,1.0,1.1321721279032289,True
18,0.001394589198869934,0.042138416162235265,0.05546578134309477,tumor_057,0,0.0,ITC,2348,0.0,,,-0.07512831687927246,0.06275127828121185,,,,
19,0.0013455317427008972,0.041390629658211296,0.05752233151439102,tumor_057,1,0.08692435175180435,ITC,2348,0.00042589437819420784,0.6689448953438701,-0.05394837260246277,-0.07512831687927246,0.06275127828121185,0.33752211928367615,1.0,0.007339034663423641,False
0,0.009457497697493409,0.10973449805184492,0.1762348137113322,tumor_058,2,0.03125,ITC,1553,0.00128783000643915,0.5528317836010144,-0.015088699758052826,-0.06638724356889725,0.07438816875219345,0.6896061897277832,0.9056678715511841,0.03235984843900788,False
1,0.013858077065080078,0.13283317256335994,0.23306294547265088,tumor_058,0,0.0,micro,1553,0.0,,,-0.06638724356889725,0.07438816875219345,,,,
2,0.001584279260298523,0.04491288238485537,0.05736894705912263,tumor_058,0,0.0,ITC,1553,0.0,,,-0.06638724356889725,0.07438816875219345,,,,
3,0.002305347073991455,0.054178031146816505,0.07627549954704327,tumor_058,1,0.14893056452274323,ITC,1553,0.000643915003219575,0.9273034657650042,0.03769974410533905,-0.06638724356889725,0.07438816875219345,1.3992412090301514,1.0,0.13322611115235672,False
4,0.008736525856445802,0.1054689063374985,0.16334903642145207,tumor_058,0,0.0,ITC,1553,0.0,,,-0.06638724356889725,0.07438816875219345,,,,
5,0.0009747943063297119,0.035229911421995816,0.04271888159862429,tumor_058,0,0.0,ITC,1553,0.0,,,-0.06638724356889725,0.07438816875219345,,,,
6,8.586109898876883,3.3063839248780647,3.7307435323250577,tumor_058,153,1.0,macro,1553,0.09851899549259498,0.9850551660506411,0.16140925884246826,-0.06638724356889725,0.07438816875219345,3.062267780303955,0.31539515782024186,0.6381025892403558,True
7,0.005077640578851563,0.08040555191618146,0.12022148441595186,tumor_058,0,0.0,ITC,1553,0.0,,,-0.06638724356889725,0.07438816875219345,,,,
8,0.0004526574234279785,0.024007110024457986,0.03662474363391503,tumor_058,0,0.0,ITC,1553,0.0,,,-0.06638724356889725,0.07438816875219345,,,,
9,0.01784729514939917,0.15074442593600296,0.2631232512174665,tumor_058,1,0.453125,micro,1553,0.000643915003219575,0.9873203719357565,0.14669443666934967,-0.06638724356889725,0.07438816875219345,2.8644566535949707,1.0,0.5583270720222044,False
10,0.0010822864658477783,0.03712155609681595,0.042892211932379194,tumor_058,0,0.0,ITC,1553,0.0,,,-0.06638724356889725,0.07438816875219345,,,,
11,0.0009728572367537842,0.03519489032823794,0.04047382696361318,tumor_058,0,0.0,ITC,1553,0.0,,,-0.06638724356889725,0.07438816875219345,,,,
12,0.0002940920073663025,0.019350699562788967,0.02364338363839148,tumor_058,0,0.0,ITC,1553,0.0,,,-0.06638724356889725,0.07438816875219345,,,,
13,0.0007778791903293457,0.031471042978488864,0.046843636299067855,tumor_058,0,0.0,ITC,1553,0.0,,,-0.06638724356889725,0.07438816875219345,,,,
14,12.20953311891422,3.9427985479548955,4.7355364982993216,tumor_058,213,1.0,macro,1553,0.13715389568576947,0.9841097869266884,0.18206332623958588,-0.06638724356889725,0.07438816875219345,3.3399205207824707,0.2703683785905642,0.7590605857655947,True
0,0.016312920666343506,0.14411889425927482,0.3075502997330045,tumor_059,1,0.578125,micro,1145,0.0008733624454148472,0.9466783216783217,0.10474731028079987,-0.018986422568559647,0.07546283304691315,1.6396645307540894,1.0,0.1908589188291745,False
0,0.027585742362947207,0.18741200080939427,0.3273926200016996,tumor_060,1,0.15625,micro,2203,0.00045392646391284613,0.9954586739327884,0.17613913118839264,-0.039049796760082245,0.07484617084264755,2.875082492828369,1.0,0.5369287709539613,False
0,0.10726972775923535,0.3695673948497536,0.6612498801521439,tumor_061,3,0.59375,micro,3877,0.0007737941707505803,0.6851952277657267,0.08924933522939682,-0.054211121052503586,0.07001417875289917,2.0490200519561768,0.8670414343007605,0.25405882793900647,False
1,0.00966051044447058,0.11090601390468871,0.1420504679281253,tumor_061,1,0.265625,ITC,3877,0.00025793139025019347,0.9821041214750542,0.11576953530311584,-0.054211121052503586,0.07001417875289917,2.4278032779693604,1.0,0.3566718711657794,False
2,0.026042904255966066,0.1820957318512646,0.26228491402199156,tumor_061,1,0.328125,micro,3877,0.00025793139025019347,0.9956616052060737,0.17639845609664917,-0.054211121052503586,0.07001417875289917,3.293755531311035,1.0,0.6564846820326652,False
3,0.047080366436100585,0.24483583137903925,0.4006601917765491,tumor_061,2,0.375,micro,3877,0.0005158627805003869,0.887472885032538,0.0787983238697052,-0.054211121052503586,0.07001417875289917,1.8997502326965332,0.9161124849081644,0.218391074972056,False
4,0.028491562258235598,0.190464127222082,0.2902645069968279,tumor_061,1,0.65625,micro,3877,0.00025793139025019347,0.9978308026030369,0.2002982199192047,-0.054211121052503586,0.07001417875289917,3.6351113319396973,1.0,0.7996083233644221,False
5,0.013449087703447998,0.13085835970484042,0.16858467599767954,tumor_061,1,0.265625,ITC,3877,0.00025793139025019347,0.9978308026030369,0.19924777746200562,-0.054211121052503586,0.07001417875289917,3.620107889175415,1.0,0.7930213889601242,False
6,0.0015714705252227784,0.04473095590415409,0.05144064680671236,tumor_061,0,0.0,ITC,3877,0.0,,,-0.054211121052503586,0.07001417875289917,,,,
7,0.011744605088969238,0.12228530425432758,0.2261331753870681,tumor_061,2,0.0625,micro,3877,0.0005158627805003869,0.9507863340563991,0.11369184404611588,-0.054211121052503586,0.07001417875289917,2.398128032684326,0.9161124849081644,0.34800589826255174,False
8,1.653909678050625,1.4511454804788724,4.744060272388561,tumor_061,50,0.46875,macro,3877,0.012896569512509672,0.838497830802603,0.07347449660301208,-0.054211121052503586,0.07001417875289917,1.8237109184265137,0.5265509287041228,0.20125833230220203,True
9,0.00795685339873169,0.10065277144185136,0.16155703059365306,tumor_061,0,0.0,ITC,3877,0.0,,,-0.054211121052503586,0.07001417875289917,,,,
10,0.0012992671521403199,0.04067282037528861,0.06185961037704651,tumor_061,0,0.0,ITC,3877,0.0,,,-0.054211121052503586,0.07001417875289917,,,,
11,0.002303537912680298,0.05415676839713804,0.07920884370885099,tumor_061,0,0.0,ITC,3877,0.0,,,-0.054211121052503586,0.07001417875289917,,,,
12,0.08159840307446485,0.3223264084459229,0.6980885141421895,tumor_061,4,0.3046875,micro,3877,0.0010317255610007739,0.8290401301518439,0.04102776572108269,-0.054211121052503586,0.07001417875289917,1.3602800369262695,0.8322249698163288,0.11196918634516558,False
13,0.011339688580213622,0.12015881126787879,0.2607624150358582,tumor_061,1,0.125,micro,3877,0.00025793139025019347,0.12635574837310196,-0.13042081892490387,-0.054211121052503586,0.07001417875289917,-1.0884894132614136,1.0,0.07169523491320037,False
14,0.00739950707191333,0.09706361324156208,0.21568007864020122,tumor_061,1,0.078125,micro,3877,0.00025793139025019347,0.2649132321041215,-0.10164400935173035,-0.054211121052503586,0.07001417875289917,-0.6774754524230957,1.0,0.027773396899511287,False
15,0.0014157017356113283,0.0424561825100956,0.04754693842379773,tumor_061,1,0.09145749360322952,ITC,3877,0.00025793139025019347,0.18248373101952278,-0.11855258047580719,-0.054211121052503586,0.07001417875289917,-0.9189774990081787,1.0,0.05110361575560786,False
16,0.0019711482156364746,0.0500973438086543,0.07660932936710262,tumor_061,0,0.0,ITC,3877,0.0,,,-0.054211121052503586,0.07001417875289917,,,,
17,0.20384285928963136,0.5094514592769797,0.8027589909247873,tumor_061,5,0.90625,micro,3877,0.0012896569512509672,0.9753253796095445,0.12487892061471939,-0.054211121052503586,0.07001417875289917,2.557910919189453,0.8052192218979792,0.395924799004013,True
18,1.3954081046740312,1.3329248965770426,4.1697786920263225,tumor_061,50,0.453125,macro,3877,0.012896569512509672,0.8312364425162689,0.06926579773426056,-0.054211121052503586,0.07001417875289917,1.7635987997055054,0.5265509287041228,0.18820946595964438,True
19,0.002401083148493408,0.05529153655722563,0.07138794511155228,tumor_061,0,0.0,ITC,3877,0.0,,,-0.054211121052503586,0.07001417875289917,,,,
20,0.010480056770197265,0.11551459955730542,0.2903009380778603,tumor_061,1,0.140625,micro,3877,0.00025793139025019347,0.4595986984815618,-0.06825821101665497,-0.054211121052503586,0.07001417875289917,-0.20063208043575287,1.0,0.002435805609855659,False
21,0.0075612880112893065,0.09811896302502102,0.17818612230588318,tumor_061,1,0.203125,ITC,3877,0.00025793139025019347,0.834056399132321,0.011134922504425049,-0.054211121052503586,0.07001417875289917,0.9333258867263794,1.0,0.05271187885466587,False
22,0.005369200905393677,0.08268179313715365,0.17650085322578357,tumor_061,1,0.21875,ITC,3877,0.00025793139025019347,0.6008676789587852,-0.044240802526474,-0.054211121052503586,0.07001417875289917,0.14240427315235138,1.0,0.0012271224913380217,False
23,0.00909348080967334,0.1076019487098929,0.17202791364302256,tumor_061,1,0.28125,ITC,3877,0.00025793139025019347,0.0938177874186551,-0.13956086337566376,-0.054211121052503586,0.07001417875289917,-1.219035029411316,1.0,0.0899237157340875,False
24,0.01498715714596289,0.1381384853739179,0.33710231381733347,tumor_061,1,0.015625,micro,3877,0.00025793139025019347,0.7668112798264642,-0.007339894771575928,-0.054211121052503586,0.07001417875289917,0.6694533228874207,1.0,0.027119549840307598,False
25,0.0015093631229216309,0.04383812057409374,0.05977574951567695,tumor_061,0,0.0,ITC,3877,0.0,,,-0.054211121052503586,0.07001417875289917,,,,
26,0.0019239710127615967,0.04949420144190858,0.06956180069729362,tumor_061,0,0.0,ITC,3877,0.0,,,-0.054211121052503586,0.07001417875289917,,,,
27,0.0014041638623111573,0.04228282105988939,0.06290843508323928,tumor_061,0,0.0,ITC,3877,0.0,,,-0.054211121052503586,0.07001417875289917,,,,
28,0.006073354334143433,0.08793653909166606,0.19062909145520335,tumor_061,1,0.3125,ITC,3877,0.00025793139025019347,0.1220173535791757,-0.13156113028526306,-0.054211121052503586,0.07001417875289917,-1.1047762632369995,1.0,0.073856809428235,False
29,1.587676518587494e-05,0.004496101119540184,0.016784151395782466,tumor_061,0,0.0,ITC,3877,0.0,,,-0.054211121052503586,0.07001417875289917,,,,
30,0.054018788281461914,0.26225723516927746,0.6463295645736019,tumor_061,3,0.34375,micro,3877,0.0007737941707505803,0.9249819233550253,0.06904855370521545,-0.054211121052503586,0.07001417875289917,1.760495901107788,0.8670414343007605,0.18754777221840202,False
31,0.0009020013614524842,0.03388899235454276,0.042351959417129555,tumor_061,1,0.05827130377292633,ITC,3877,0.00025793139025019347,0.9864425162689805,0.1337442398071289,-0.054211121052503586,0.07001417875289917,2.684532880783081,1.0,0.4360932138741593,False
32,0.0006314430800308228,0.028354511100433626,0.037193435147966906,tumor_061,0,0.0,ITC,3877,0.0,,,-0.054211121052503586,0.07001417875289917,,,,
33,0.0015457233844187622,0.044363004161844584,0.08182794140633058,tumor_061,1,0.09985718131065369,ITC,3877,0.00025793139025019347,0.8693058568329718,0.023819662630558014,-0.054211121052503586,0.07001417875289917,1.1144996881484985,1.0,0.07516259674229323,False
34,0.014734356656543702,0.13696848382508736,0.21913453632149413,tumor_061,1,0.703125,micro,3877,0.00025793139025019347,0.9891540130151844,0.1433953195810318,-0.054211121052503586,0.07001417875289917,2.8223774433135986,1.0,0.48202776925920615,False
35,0.0006090413043867188,0.027847001151331457,0.03393270126262007,tumor_061,0,0.0,ITC,3877,0.0,,,-0.054211121052503586,0.07001417875289917,,,,
36,0.3415462954968252,0.6594469271930525,1.249995583909515,tumor_061,10,0.515625,micro,3877,0.0025793139025019345,0.9918112798264642,0.16286903619766235,-0.054211121052503586,0.07001417875289917,3.1005170345306396,0.7213317068061436,0.5817148046441158,True
37,0.018883674989426513,0.15505947809296983,0.21855870833063104,tumor_061,1,0.359375,micro,3877,0.00025793139025019347,0.9324837310195228,0.058225154876708984,-0.054211121052503586,0.07001417875289917,1.6059073209762573,1.0,0.15605684738140133,False
38,0.0020944893300238036,0.051640939582971994,0.09724289354671174,tumor_061,1,0.13530868291854858,ITC,3877,0.00025793139025019347,0.9425162689804772,0.0651589035987854,-0.054211121052503586,0.07001417875289917,1.7049407958984375,1.0,0.17589782875778892,False
39,0.338899689504,0.6568869662087694,0.8840231791531261,tumor_061,8,0.75,micro,3877,0.0020634511220015478,0.7201396420824295,0.02788403257727623,-0.054211121052503586,0.07001417875289917,1.1725504398345947,0.7483374547244931,0.08319647792801294,False
40,0.014244980752791871,0.13467469253146963,0.18003791120761203,tumor_061,1,0.328125,ITC,3877,0.00025793139025019347,0.9842733188720173,0.1282399594783783,-0.054211121052503586,0.07001417875289917,2.6059162616729736,1.0,0.41092520953064915,False
41,0.6081531999014311,0.879957216784845,1.166590416599344,tumor_061,15,0.75,micro,3877,0.003868970853752902,0.6621836587129428,-0.011876797303557396,-0.054211121052503586,0.07001417875289917,0.6046535968780518,0.6722606561987396,0.022123567239565413,False
42,0.15628212133842043,0.44607687344579505,0.5406138369899535,tumor_061,5,0.5625,micro,3877,0.0012896569512509672,0.7066160520607375,0.0048505691811442375,-0.054211121052503586,0.07001417875289917,0.8435675501823425,0.8052192218979792,0.043060751381067276,False
43,0.17726910436508644,0.47508529101353236,0.616484271991664,tumor_061,5,0.34375,micro,3877,0.0012896569512509672,0.5246746203904555,-0.05088287591934204,-0.054211121052503586,0.07001417875289917,0.04753673076629639,0.8052192218979792,0.00013674154885635838,False
44,0.3988098775384459,0.7125871924985299,0.9891410812898913,tumor_061,8,0.90625,micro,3877,0.0020634511220015478,0.7331887201735358,-0.0004105251282453537,-0.054211121052503586,0.07001417875289917,0.7684243321418762,0.7483374547244931,0.0357309110610726,False
0,1.8496796409361056,1.5346287055608554,1.8830762196331432,tumor_062,39,1.0,micro,3604,0.010821309655937847,0.96354267867038,0.16846096515655518,-0.07587733864784241,0.07069456577301025,3.4562530517578125,0.5526677309965062,0.7293026517076253,True
1,0.0782447078248374,0.3156331037277804,0.4992177740998912,tumor_062,2,0.703125,micro,3604,0.0005549389567147614,0.988492843109739,0.19086799025535583,-0.07587733864784241,0.07069456577301025,3.7732083797454834,0.9153645738810418,0.8691971806260369,True
0,0.018458639062044434,0.15330449828947665,0.17468927312091362,tumor_063,1,0.53125,ITC,7539,0.00013264358668258389,0.8788642696032904,-0.016745634377002716,-0.10087385773658752,0.06771660596132278,1.2423573732376099,1.0,0.08644033766729217,False
1,0.06041553288320105,0.2773507627231971,0.6329504275898588,tumor_063,1,0.25,micro,7539,0.00013264358668258389,0.999203927292026,0.16561396420001984,-0.10087385773658752,0.06771660596132278,3.9353394508361816,1.0,0.8673367926287693,False
2,0.005160161210361328,0.08105628482875651,0.09502747165517005,tumor_063,0,0.0,ITC,7539,0.0,,,-0.10087385773658752,0.06771660596132278,,,,
0,1.0599300422287734,1.1616991195737756,1.7459290765945787,tumor_064,21,1.0,micro,3216,0.0065298507462686565,0.9799432770804932,0.07653696835041046,-0.08604016155004501,0.06171499565243721,2.6343212127685547,0.6230110775232242,0.42965203417281633,True
1,1.8382324784906074,1.5298726365389934,2.0721834045254814,tumor_064,39,1.0,macro,3216,0.012126865671641791,0.9254899975531762,0.046765219420194626,-0.08604016155004501,0.06171499565243721,2.151914119720459,0.5463583581159583,0.28670105072204327,True
2,1.3858688648086392,1.3283610361989653,2.1865449120891154,tumor_064,31,1.0,macro,3216,0.009639303482587064,0.9027375303845705,0.06454415619373322,-0.08604016155004501,0.06171499565243721,2.439995527267456,0.574785483602504,0.36860181954036414,True
3,2.325553465711258,1.7207517647643085,1.9944874363520346,tumor_064,47,1.0,micro,3216,0.014614427860696517,0.9473861082522946,0.06209005042910576,-0.08604016155004501,0.06171499565243721,2.4002304077148438,0.5232542950708007,0.3566853573024196,True
4,1.631883792684463,1.4414503034299366,1.8963962267011305,tumor_064,37,0.9375,micro,3216,0.011504975124378109,0.8476472523856532,0.01563344895839691,-0.08604016155004501,0.06171499565243721,1.6474701166152954,0.5528769845238045,0.16804070913945252,True
5,0.006131960762176758,0.0883598038090161,0.14435767066938035,tumor_064,1,0.234375,ITC,3216,0.0003109452736318408,0.9851924975320829,0.06906476616859436,-0.08604016155004501,0.06171499565243721,2.5132455825805664,1.0,0.39106528933609697,False
6,0.0013150081166097107,0.04091845959606974,0.06872046874112545,tumor_064,0,0.0,ITC,3216,0.0,,,-0.08604016155004501,0.06171499565243721,,,,
7,0.00288751969851622,0.06063418397531714,0.08021960619074836,tumor_064,0,0.0,ITC,3216,0.0,,,-0.08604016155004501,0.06171499565243721,,,,
8,0.0036741863497192382,0.06839677883635072,0.0936147875258745,tumor_064,0,0.0,ITC,3216,0.0,,,-0.08604016155004501,0.06171499565243721,,,,
9,0.007939161058350587,0.10054080669814339,0.12208787164427705,tumor_064,1,0.5128875374794006,ITC,3216,0.0003109452736318408,0.882856202698256,-0.00608941912651062,-0.08604016155004501,0.06171499565243721,1.2954832315444946,1.0,0.10390656935577172,False
10,0.0005821650064324951,0.027225640630678522,0.041050390425230905,tumor_064,0,0.0,ITC,3216,0.0,,,-0.08604016155004501,0.06171499565243721,,,,
11,0.11670986298920362,0.3854862031493174,0.591798312442228,tumor_064,0,0.0,micro,3216,0.0,,,-0.08604016155004501,0.06171499565243721,,,,
12,0.012648849499705078,0.12690553722524517,0.22145028601990832,tumor_064,0,0.0,micro,3216,0.0,,,-0.08604016155004501,0.06171499565243721,,,,
13,0.08955400103321484,0.33767394851356647,0.47723088792316987,tumor_064,0,0.0,micro,3216,0.0,,,-0.08604016155004501,0.06171499565243721,,,,
14,0.06237309216659546,0.28180824592960435,0.46847363717946566,tumor_064,0,0.0,micro,3216,0.0,,,-0.08604016155004501,0.06171499565243721,,,,
15,0.018603082113618163,0.1539031507182814,0.21418219379276748,tumor_064,0,0.0,micro,3216,0.0,,,-0.08604016155004501,0.06171499565243721,,,,
16,0.011282429387696045,0.11985505937212969,0.17711014704673603,tumor_064,0,0.0,ITC,3216,0.0,,,-0.08604016155004501,0.06171499565243721,,,,
17,0.003648462779499939,0.0681569298630278,0.09080284145171012,tumor_064,0,0.0,ITC,3216,0.0,,,-0.08604016155004501,0.06171499565243721,,,,
18,0.004328137842467651,0.07423446811350198,0.10710660109198991,tumor_064,0,0.0,ITC,3216,0.0,,,-0.08604016155004501,0.06171499565243721,,,,
19,0.003812594320665253,0.0696731358351531,0.07530817782272364,tumor_064,0,0.0,ITC,3216,0.0,,,-0.08604016155004501,0.06171499565243721,,,,
20,0.004285066674194138,0.07386417495248127,0.09113847439712086,tumor_064,0,0.0,ITC,3216,0.0,,,-0.08604016155004501,0.06171499565243721,,,,
21,0.0021380164323347626,0.05217477425866077,0.057778678748302156,tumor_064,0,0.0,ITC,3216,0.0,,,-0.08604016155004501,0.06171499565243721,,,,
22,0.0013507685724999847,0.041471097915204105,0.04585565501920539,tumor_064,0,0.0,ITC,3216,0.0,,,-0.08604016155004501,0.06171499565243721,,,,
23,0.0023508060452126314,0.05470958982451979,0.06516520897426466,tumor_064,0,0.0,ITC,3216,0.0,,,-0.08604016155004501,0.06171499565243721,,,,
24,0.0006916436400487061,0.029675377560775623,0.03741228340932297,tumor_064,0,0.0,ITC,3216,0.0,,,-0.08604016155004501,0.06171499565243721,,,,
25,0.0010854810576539154,0.037176301694304054,0.05137362873750982,tumor_064,0,0.0,ITC,3216,0.0,,,-0.08604016155004501,0.06171499565243721,,,,
26,0.008155485887717286,0.10190135984750744,0.15813846516969332,tumor_064,0,0.0,ITC,3216,0.0,,,-0.08604016155004501,0.06171499565243721,,,,
27,0.00188780207305188,0.0490267707690673,0.06891674193747598,tumor_064,0,0.0,ITC,3216,0.0,,,-0.08604016155004501,0.06171499565243721,,,,
28,0.003470601839463501,0.0664748637158101,0.07524539272023198,tumor_064,0,0.0,ITC,3216,0.0,,,-0.08604016155004501,0.06171499565243721,,,,
29,0.0008362166650164184,0.032629804257234836,0.04684808803896378,tumor_064,0,0.0,ITC,3216,0.0,,,-0.08604016155004501,0.06171499565243721,,,,
30,0.003907907841979248,0.07053866175076354,0.08374902548089738,tumor_064,0,0.0,ITC,3216,0.0,,,-0.08604016155004501,0.06171499565243721,,,,
31,0.0042980780811588135,0.07397623252971747,0.11363142592805887,tumor_064,0,0.0,ITC,3216,0.0,,,-0.08604016155004501,0.06171499565243721,,,,
32,0.0022256068560457766,0.05323279684697378,0.09471026702501416,tumor_064,0,0.0,ITC,3216,0.0,,,-0.08604016155004501,0.06171499565243721,,,,
33,0.0011891659631583253,0.03891134962380844,0.0526835264409094,tumor_064,0,0.0,ITC,3216,0.0,,,-0.08604016155004501,0.06171499565243721,,,,
34,0.001027241185550537,0.03616523329696042,0.04160645606136862,tumor_064,0,0.0,ITC,3216,0.0,,,-0.08604016155004501,0.06171499565243721,,,,
0,0.009626977092579345,0.11071335931373218,0.13808184816264255,tumor_065,0,0.0,ITC,2054,0.0,,,-0.09521956741809845,0.05897380784153938,,,,
1,0.06703519181365064,0.29215040151614863,0.5910636827271099,tumor_065,2,0.671875,micro,2054,0.0009737098344693282,1.0,0.20845061540603638,-0.09521956741809845,0.05897380784153938,5.149238109588623,0.9091257756002974,1.7380857948400412,True
2,0.006016977553677979,0.08752744575918255,0.11876619944170992,tumor_065,0,0.0,ITC,2054,0.0,,,-0.09521956741809845,0.05897380784153938,,,,
3,0.0020763246336833498,0.051416520995817984,0.06500163895775003,tumor_065,1,0.1341352015733719,ITC,2054,0.0004868549172346641,0.9921951219512195,0.07376118004322052,-0.09521956741809845,0.05897380784153938,2.8653523921966553,1.0,0.5381970861883947,False
4,0.0010682471696506347,0.03688000189737794,0.045485644477466336,tumor_065,0,0.0,ITC,2054,0.0,,,-0.09521956741809845,0.05897380784153938,,,,
5,0.01685118283498169,0.14647727592040027,0.23526535974358007,tumor_065,0,0.0,micro,2054,0.0,,,-0.09521956741809845,0.05897380784153938,,,,
6,0.003995941546756714,0.07132875153667587,0.101760361790472,tumor_065,0,0.0,ITC,2054,0.0,,,-0.09521956741809845,0.05897380784153938,,,,
7,0.0038808104202246096,0.07029367889540465,0.09772428202268783,tumor_065,0,0.0,ITC,2054,0.0,,,-0.09521956741809845,0.05897380784153938,,,,
8,0.0008065596147160035,0.03204596069152511,0.04058118188581993,tumor_065,1,0.052105553448200226,ITC,2054,0.0004868549172346641,0.948780487804878,0.014146506786346436,-0.09521956741809845,0.05897380784153938,1.8544855117797852,1.0,0.2254406095420229,False
9,0.003682168495796997,0.06847103430814178,0.10399165055185922,tumor_065,0,0.0,ITC,2054,0.0,,,-0.09521956741809845,0.05897380784153938,,,,
10,0.0023234636921055907,0.0543904941469114,0.07093591561062258,tumor_065,0,0.0,ITC,2054,0.0,,,-0.09521956741809845,0.05897380784153938,,,,
0,0.06813462732150587,0.29453641858271806,0.472275520165321,tumor_066,2,0.34375,micro,5977,0.00033461602810774636,0.9848535564853557,0.04875732958316803,-0.10216303169727325,0.05680236592888832,2.656937837600708,0.9202882747596012,0.4059098025775713,False
1,0.0018198385914144288,0.04813616581764679,0.0637840786907143,tumor_066,0,0.0,ITC,5977,0.0,,,-0.10216303169727325,0.05680236592888832,,,,
2,0.0022528258393068237,0.05355732392499303,0.06508614675632152,tumor_066,0,0.0,ITC,5977,0.0,,,-0.10216303169727325,0.05680236592888832,,,,
0,0.008405802383497559,0.10345337113839345,0.2343170262443598,tumor_067,1,0.21875,micro,1805,0.000554016620498615,0.9767184035476718,0.1312219649553299,-0.025081640109419823,0.0826268196105957,1.89168119430542,1.0,0.2386174310714087,False
0,0.08740567353957275,0.33359910069542437,0.5176515914096418,tumor_068,3,0.671875,micro,4719,0.0006357279084551812,0.9848484848484849,0.14526760578155518,-0.06012258306145668,0.07382489740848541,2.7821261882781982,0.8701304468984516,0.457495204838123,True
1,0.012225051280305176,0.12476144727639135,0.18008090508130262,tumor_068,1,0.171875,ITC,4719,0.00021190930281839374,0.9993215739484396,0.3159494698047638,-0.06012258306145668,0.07382489740848541,5.094108581542969,1.0,1.5338019775278942,True
2,0.00253163730870813,0.056774824829092095,0.07224786815539957,tumor_068,0,0.0,ITC,4719,0.0,,,-0.06012258306145668,0.07382489740848541,,,,
3,0.006466574088,0.09073862379274505,0.13114190175912505,tumor_068,0,0.0,ITC,4719,0.0,,,-0.06012258306145668,0.07382489740848541,,,,
4,0.002222781507,0.053198997302753924,0.07171135447751632,tumor_068,1,0.14359664916992188,ITC,4719,0.00021190930281839374,0.9929895974672094,0.1634126603603363,-0.06012258306145668,0.07382489740848541,3.0279111862182617,1.0,0.5419000145538699,False
5,0.00602078364808374,0.08755512452755151,0.147352002175063,tumor_068,0,0.0,ITC,4719,0.0,,,-0.06012258306145668,0.07382489740848541,,,,
6,0.0027716239200509035,0.05940489187047392,0.07559351769772368,tumor_068,0,0.0,ITC,4719,0.0,,,-0.06012258306145668,0.07382489740848541,,,,
7,0.011721823852139648,0.12216664710535383,0.15225583952342056,tumor_068,0,0.0,ITC,4719,0.0,,,-0.06012258306145668,0.07382489740848541,,,,
8,0.0008804863677892457,0.03348238435460498,0.039852086772953405,tumor_068,0,0.0,ITC,4719,0.0,,,-0.06012258306145668,0.07382489740848541,,,,
9,0.0011193704416054687,0.03775217492356891,0.04317327647073446,tumor_068,1,0.0723138302564621,ITC,4719,0.00021190930281839374,0.9954771596562642,0.18452243506908417,-0.06012258306145668,0.07382489740848541,3.3138551712036133,1.0,0.649082568429616,False
10,0.048630936015630614,0.24883494696803815,0.42347462613492204,tumor_068,2,0.28125,micro,4719,0.0004238186056367875,0.9777250113071009,0.1431354135274887,-0.06012258306145668,0.07382489740848541,2.753244400024414,0.9180614348652049,0.44804581689362166,False
11,0.004849271360897827,0.07857661267735339,0.09093688583297758,tumor_068,0,0.0,ITC,4719,0.0,,,-0.06012258306145668,0.07382489740848541,,,,
12,0.00167214957479187,0.04614159688759262,0.06271565904939531,tumor_068,0,0.0,ITC,4719,0.0,,,-0.06012258306145668,0.07382489740848541,,,,
13,0.7800999994325171,0.9966213765143505,1.3066312880894255,tumor_068,17,0.984375,micro,4719,0.003602458147912693,0.9273419001250433,0.18719133734703064,-0.06012258306145668,0.07382489740848541,3.3500068187713623,0.665079159746154,0.6633218142159135,True
14,0.016750462987397463,0.14603887108635544,0.20655723448083238,tumor_068,2,0.0703125,micro,4719,0.0004238186056367875,0.8175033921302578,0.08642925322055817,-0.06012258306145668,0.07382489740848541,1.9851274490356445,0.9180614348652049,0.2329215582706777,False
15,0.005101889808996826,0.08059731917189358,0.12068320450667525,tumor_068,0,0.0,ITC,4719,0.0,,,-0.06012258306145668,0.07382489740848541,,,,
16,0.11330185869045703,0.37981628055769967,0.6136897089289637,tumor_068,5,0.109375,micro,4719,0.0010595465140919686,0.9956128448665762,0.1941986083984375,-0.06012258306145668,0.07382489740848541,3.4449243545532227,0.8097445435587609,0.701442825622089,True
17,0.027010800389206054,0.185448696923125,0.2443509847780068,tumor_068,1,0.734375,micro,4719,0.00021190930281839374,0.9968340117593849,0.2094559520483017,-0.06012258306145668,0.07382489740848541,3.6515939235687256,1.0,0.788129982085709,False
18,0.15817100130800685,0.4487644969198338,0.8227834832242702,tumor_068,6,0.5078125,micro,4719,0.0012714558169103624,0.9980401025177145,0.24304282665252686,-0.06012258306145668,0.07382489740848541,4.106546878814697,0.7881918817636564,0.9967505126690546,True
19,0.008546940161529785,0.10431827356769696,0.14048600046356932,tumor_068,1,0.25,ITC,4719,0.00021190930281839374,0.9936680235187698,0.17161113023757935,-0.06012258306145668,0.07382489740848541,3.1389641761779785,1.0,0.5823788793759793,False
20,0.028110285388081056,0.18918543012054556,0.37402324211663474,tumor_068,1,0.375,micro,4719,0.00021190930281839374,0.9986431478968792,0.2632031738758087,-0.06012258306145668,0.07382489740848541,4.379630088806152,1.0,1.1337250938397028,True
21,0.8796018089542149,1.058273975292358,1.767174007560376,tumor_068,23,0.515625,micro,4719,0.004873913964823055,0.972263189978959,0.20155440270900726,-0.06012258306145668,0.07382489740848541,3.544563055038452,0.6293458240223408,0.7426057555229578,True
22,0.0043317362346108395,0.0742653207847964,0.14446347140616067,tumor_068,0,0.0,ITC,4719,0.0,,,-0.06012258306145668,0.07382489740848541,,,,
23,0.0015166703501740724,0.04394410843524938,0.06394375433339834,tumor_068,0,0.0,ITC,4719,0.0,,,-0.06012258306145668,0.07382489740848541,,,,
24,0.01618104990516504,0.14353519643136065,0.21097060717787205,tumor_068,1,0.109375,micro,4719,0.00021190930281839374,0.9466304839439168,0.0648103803396225,-0.06012258306145668,0.07382489740848541,1.692287564277649,1.0,0.16927047930512543,False
25,0.013230282744,0.12978951875127684,0.18099389734739676,tumor_068,0,0.0,ITC,4719,0.0,,,-0.06012258306145668,0.07382489740848541,,,,
26,0.03771108715171289,0.21912381759296493,0.29756047957725124,tumor_068,1,0.921875,micro,4719,0.00021190930281839374,0.9963817277250113,0.20005454123020172,-0.06012258306145668,0.07382489740848541,3.5242464542388916,1.0,0.7341172697811899,False
27,0.05504381301032227,0.26473375194287213,0.42267666259417747,tumor_068,2,0.5078125,micro,4719,0.0004238186056367875,0.9980777928539123,0.23697173595428467,-0.06012258306145668,0.07382489740848541,4.02431058883667,0.9180614348652049,0.957229073123497,True
28,0.0016365291161011964,0.04564749266641625,0.06129238475536745,tumor_068,0,0.0,ITC,4719,0.0,,,-0.06012258306145668,0.07382489740848541,,,,
29,0.39600695165483496,0.7100786652455922,1.1563359966398175,tumor_068,10,0.6796875,micro,4719,0.0021190930281839372,0.9130031659882406,0.1655028611421585,-0.06012258306145668,0.07382489740848541,3.0562243461608887,0.7278059784239658,0.5520817104176117,True
30,0.2515185724483169,0.5659005148226436,0.8192272085935622,tumor_068,6,0.75,micro,4719,0.0012714558169103624,0.9972109151213628,0.24087946116924286,-0.06012258306145668,0.07382489740848541,4.077243328094482,0.7881918817636564,0.9825760164442544,True
31,0.0056904635565,0.0851194644485625,0.10787913774683222,tumor_068,0,0.0,ITC,4719,0.0,,,-0.06012258306145668,0.07382489740848541,,,,
32,0.00992200347,0.11239700699308458,0.14608019326725985,tumor_068,1,0.0625,ITC,4719,0.00021190930281839374,0.9491180461329715,0.06724530458450317,-0.06012258306145668,0.07382489740848541,1.7252700328826904,1.0,0.17593289763217573,False
33,0.0053504594145,0.08253736432090587,0.10385855250291139,tumor_068,0,0.0,ITC,4719,0.0,,,-0.06012258306145668,0.07382489740848541,,,,
34,3.086568287157384,1.9824078290640044,2.81067277890046,tumor_068,60,1.0,macro,4719,0.012714558169103624,0.9708992914216795,0.17108990252017975,-0.06012258306145668,0.07382489740848541,3.131903886795044,0.5159978601876221,0.5797620038633311,True
35,0.001709643303900879,0.04665603349962655,0.05401436883830079,tumor_068,0,0.0,ITC,4719,0.0,,,-0.06012258306145668,0.07382489740848541,,,,
36,0.0022580585577688292,0.05361948759619885,0.06241870919182385,tumor_068,0,0.0,ITC,4719,0.0,,,-0.06012258306145668,0.07382489740848541,,,,
37,0.006705544626938233,0.09240002482685895,0.1268699306177179,tumor_068,0,0.0,ITC,4719,0.0,,,-0.06012258306145668,0.07382489740848541,,,,
38,8.510562479568517,3.2918056894242675,3.845851568168269,tumor_068,152,1.0,macro,4719,0.03221021402839585,0.9873702658954033,0.1941402703523636,-0.06012258306145668,0.07382489740848541,3.44413423538208,0.4061152193474284,0.701121100202715,True
0,0.3733730506146709,0.6894877322918823,1.7526170603931848,tumor_069,9,0.53125,micro,3099,0.002904162633107454,0.9883230619526435,0.08154823631048203,-0.11650095880031586,0.06871668994426727,2.8821117877960205,0.7266737476836896,0.5166525129345179,True
1,0.04566586256192944,0.24112980333896836,0.6141227409518346,tumor_069,2,0.46875,micro,3099,0.0006453694740238787,0.9991891015244891,0.13288600742816925,-0.11650095880031586,0.06871668994426727,3.6292052268981934,0.9137751674907301,0.8192188902866442,True
2,0.15571610752374318,0.4452683526273369,0.8243913522459879,tumor_069,5,0.203125,micro,3099,0.0016134236850596966,0.9660720077846253,0.06533761322498322,-0.11650095880031586,0.06871668994426727,2.646206855773926,0.7997921389197692,0.4355364262688215,True
0,0.013268624505985658,0.12997744967979255,0.21827536672003006,tumor_070,2,0.1015625,micro,3706,0.0005396654074473826,0.9948690251147718,0.14762604236602783,-0.08950130641460419,0.06132566183805466,3.8666903972625732,0.9156520107256961,0.9096997537554541,True
1,0.013770065755962159,0.13241069539162806,0.17022525910784894,tumor_070,1,0.703125,ITC,3706,0.0002698327037236913,0.998109640831758,0.13950581848621368,-0.08950130641460419,0.06132566183805466,3.734278917312622,1.0,0.8484627551806022,False
0,0.7276542792573527,0.9625373775839693,1.3316596445853168,tumor_071,17,0.9375,micro,4322,0.003933364183248496,0.9983575067509256,0.252472847700119,-0.08266008645296097,0.06310930103063583,5.310357093811035,0.6615633637839929,1.6842848716493564,True
1,0.0008708636864897919,0.033298920158357205,0.04527422267128997,tumor_071,0,0.0,ITC,4322,0.0,,,-0.08266008645296097,0.06310930103063583,,,,
2,0.0004444129992953739,0.023787480003086288,0.043422703118997756,tumor_071,0,0.0,ITC,4322,0.0,,,-0.08266008645296097,0.06310930103063583,,,,
3,0.04804275488234793,0.24732556550875143,0.5145966752908714,tumor_071,2,0.28125,micro,4322,0.00046274872744099955,0.9986985328916232,0.20787274837493896,-0.08266008645296097,0.06310930103063583,4.603645324707031,0.9172012934770849,1.2658195825297103,True
4,0.0068625150199102935,0.09347526678051686,0.11815759104573317,tumor_071,0,0.0,ITC,4322,0.0,,,-0.08266008645296097,0.06310930103063583,,,,
5,0.1516820123183582,0.43946278148295986,0.5560232355612396,tumor_071,4,0.6875,micro,4322,0.0009254974548819991,0.9987576904874585,0.20440106093883514,-0.08266008645296097,0.06310930103063583,4.5486345291137695,0.83440258695417,1.2357487596320684,True
6,0.047921743388685885,0.24701388368900584,0.4221240317385993,tumor_071,3,0.28125,micro,4322,0.0006941230911614993,0.9985013409055056,0.20135068893432617,-0.08266008645296097,0.06310930103063583,4.500299453735352,0.8687671550529635,1.2096254669871878,True
7,0.0010576136647040921,0.03669598807708447,0.04165900037942466,tumor_071,0,0.0,ITC,4322,0.0,,,-0.08266008645296097,0.06310930103063583,,,,
8,0.0005523824041373921,0.026520089003689407,0.03375934977917277,tumor_071,0,0.0,ITC,4322,0.0,,,-0.08266008645296097,0.06310930103063583,,,,
9,0.2719303398702697,0.5884152123595211,0.9505866838640097,tumor_071,8,0.7734375,micro,4322,0.0018509949097639982,0.9827555608140085,0.18705403804779053,-0.08266008645296097,0.06310930103063583,4.273761749267578,0.751603880431255,1.0909094682453186,True
10,0.17176623890043097,0.4676532559690523,0.7360919085085367,tumor_071,5,0.796875,micro,4322,0.0011568718186024988,0.8007572172266919,0.10549812018871307,-0.08266008645296097,0.06310930103063583,2.9814655780792236,0.8077473571041102,0.5309182997421159,True
11,0.0008006370534181094,0.031928087280514876,0.0390337833857109,tumor_071,0,0.0,ITC,4322,0.0,,,-0.08266008645296097,0.06310930103063583,,,,
12,0.022796199169842008,0.17036731568203373,0.3048916648195559,tumor_071,2,0.1484375,micro,4322,0.00046274872744099955,0.9826076668244202,0.11295385658740997,-0.08266008645296097,0.06310930103063583,3.0996057987213135,0.9172012934770849,0.5738270607275344,True
13,0.038870080273772305,0.2224655553374434,0.3349573428158428,tumor_071,2,0.5625,micro,4322,0.00046274872744099955,0.9886417415996214,0.09802263230085373,-0.08266008645296097,0.06310930103063583,2.8630125522613525,0.9172012934770849,0.4895697775375185,False
14,0.00334557801424183,0.06526654753952624,0.07780046604234295,tumor_071,0,0.0,ITC,4322,0.0,,,-0.08266008645296097,0.06310930103063583,,,,
15,0.047203533517400025,0.24515588005508945,0.4645932597224618,tumor_071,2,0.4921875,micro,4322,0.00046274872744099955,0.999408424041647,0.2192801684141159,-0.08266008645296097,0.06310930103063583,4.784401893615723,0.9172012934770849,1.3671727789785266,True
16,0.07882258067824988,0.31679650682674126,0.7355885274373252,tumor_071,3,0.296875,micro,4322,0.0006941230911614993,0.9992112320555293,0.21105130016803741,-0.08266008645296097,0.06310930103063583,4.654011249542236,0.8687671550529635,1.2936683497213073,True
17,0.0006150489840970745,0.0279840077276573,0.05784103844480789,tumor_071,0,0.0,ITC,4322,0.0,,,-0.08266008645296097,0.06310930103063583,,,,
18,0.2560063528663495,0.5709268010637267,0.9367743595543813,tumor_071,8,0.640625,micro,4322,0.0018509949097639982,0.9987872692853762,0.22861596941947937,-0.08266008645296097,0.06310930103063583,4.932332515716553,0.751603880431255,1.453024006937177,True
19,0.0081495783635075,0.10186444642433307,0.12084858691288945,tumor_071,0,0.0,ITC,4322,0.0,,,-0.08266008645296097,0.06310930103063583,,,,
20,0.001956407831047966,0.049909676577992564,0.0688166389763406,tumor_071,1,0.1263883113861084,ITC,4322,0.00023137436372049977,0.9997633696166588,0.22807607054710388,-0.08266008645296097,0.06310930103063583,4.9237775802612305,1.0,1.447987952929582,True
21,0.17766679206023053,0.47561789856703746,0.7790515194677435,tumor_071,6,0.5859375,micro,4322,0.0013882461823229986,0.7640006310143556,0.09073004871606827,-0.08266008645296097,0.06310930103063583,2.74745774269104,0.7859684485300487,0.4508479907658987,True
22,0.0009937917885500793,0.03557154768090708,0.041518731909542,tumor_071,0,0.0,ITC,4322,0.0,,,-0.08266008645296097,0.06310930103063583,,,,
23,0.0014105404751701698,0.04237872004244804,0.04696881237959099,tumor_071,0,0.0,ITC,4322,0.0,,,-0.08266008645296097,0.06310930103063583,,,,
24,0.018146077367946076,0.15200099765032038,0.3025335322062362,tumor_071,1,0.265625,micro,4322,0.00023137436372049977,0.9879318504495977,0.08117806911468506,-0.08266008645296097,0.06310930103063583,2.5961015224456787,1.0,0.40254222180855265,False
25,0.0026837791759478074,0.05845591309827857,0.06316177237063571,tumor_071,0,0.0,ITC,4322,0.0,,,-0.08266008645296097,0.06310930103063583,,,,
26,0.03138491678562021,0.19990126852942688,0.3289255694345298,tumor_071,2,0.4765625,micro,4322,0.00046274872744099955,0.9929010884997633,0.12582612037658691,-0.08266008645296097,0.06310930103063583,3.3035733699798584,0.9172012934770849,0.6518324977387402,True
27,0.0027110646803364946,0.05875231705506786,0.0681644673620753,tumor_071,0,0.0,ITC,4322,0.0,,,-0.08266008645296097,0.06310930103063583,,,,
28,0.04345561362132092,0.23522203490191515,0.46915303251463975,tumor_071,2,0.5390625,micro,4322,0.00046274872744099955,0.9981069569332702,0.1781906634569168,-0.08266008645296097,0.06310930103063583,4.133316993713379,0.9172012934770849,1.0203884235478182,True
29,0.07028614394409265,0.2991506274714573,0.7482200447896328,tumor_071,4,0.234375,micro,4322,0.0009254974548819991,0.9907714150496923,0.16174054145812988,-0.08266008645296097,0.06310930103063583,3.8726561069488525,0.83440258695417,0.8957482369312371,True
30,0.7168230995381104,0.9553468045226047,1.3445514168105472,tumor_071,16,0.9609375,micro,4322,0.0037019898195279964,0.9997929484145764,0.2667032778263092,-0.08266008645296097,0.06310930103063583,5.535845756530762,0.6688051739083402,1.8303580668569572,True
31,0.0005196899120199279,0.02572333079100974,0.029955324603637236,tumor_071,0,0.0,ITC,4322,0.0,,,-0.08266008645296097,0.06310930103063583,,,,
32,0.00298509771870607,0.06165017810481401,0.07189792223225776,tumor_071,0,0.0,ITC,4322,0.0,,,-0.08266008645296097,0.06310930103063583,,,,
33,0.0004221529542934799,0.023184085820519954,0.029036427331811922,tumor_071,0,0.0,ITC,4322,0.0,,,-0.08266008645296097,0.06310930103063583,,,,
34,0.003203461204526184,0.06386527605536262,0.07913569261984503,tumor_071,0,0.0,ITC,4322,0.0,,,-0.08266008645296097,0.06310930103063583,,,,
35,0.04438297508844946,0.2377186551274625,0.4031681337258953,tumor_071,2,0.4375,micro,4322,0.00046274872744099955,1.0,0.2415880560874939,-0.08266008645296097,0.06310930103063583,5.137881755828857,0.9172012934770849,1.5766536691536985,True
36,0.007021875776518158,0.0945543754507471,0.11839687182100717,tumor_071,0,0.0,ITC,4322,0.0,,,-0.08266008645296097,0.06310930103063583,,,,
37,0.00033532961976459505,0.02066288780411122,0.03159534858434396,tumor_071,0,0.0,ITC,4322,0.0,,,-0.08266008645296097,0.06310930103063583,,,,
38,0.14779502196112573,0.433795420072535,0.5572402423078546,tumor_071,4,0.578125,micro,4322,0.0009254974548819991,0.9982844297207761,0.1855303943157196,-0.08266008645296097,0.06310930103063583,4.249619007110596,0.83440258695417,1.078619052287131,True
39,0.0009988380926095964,0.03566174642804781,0.044903945528148165,tumor_071,0,0.0,ITC,4322,0.0,,,-0.08266008645296097,0.06310930103063583,,,,
40,0.04503623187605603,0.2394617117003401,0.4150322602824328,tumor_071,2,0.3828125,micro,4322,0.00046274872744099955,1.0,0.27991974353790283,-0.08266008645296097,0.06310930103063583,5.745267391204834,0.9172012934770849,1.9714628046239313,True
0,3.491499115944231,2.1084389355226905,2.3876333642411964,tumor_072,67,1.0,macro,5670,0.01181657848324515,0.9606537399706669,0.1448684185743332,-0.05887049809098244,0.07975500077009201,2.5545597076416016,0.513511550417266,0.3775203796510089,True
1,0.017081097739416923,0.14747314707875472,0.2134803030864615,tumor_072,1,0.703125,micro,5670,0.0001763668430335097,0.959356936416185,0.09806829690933228,-0.05887049809098244,0.07975500077009201,1.9677611589431763,1.0,0.2240025968531074,False
2,3.407007187284449,2.0827712980659876,2.3779558631377005,tumor_072,65,1.0,macro,5670,0.01146384479717813,0.9636644064028457,0.16132019460201263,-0.05887049809098244,0.07975500077009201,2.760838747024536,0.5170179190926012,0.44095103689218834,True
3,0.018062709679810753,0.1516514300935064,0.21478478157198,tumor_072,1,0.34375,micro,5670,0.0001763668430335097,0.9888005780346821,0.2095000147819519,-0.05887049809098244,0.07975500077009201,3.364936351776123,1.0,0.6550312099542752,False
0,0.535084252206215,0.8254031921879126,1.7968458808799572,tumor_073,14,0.6875,micro,5810,0.0024096385542168677,0.9965739919156068,0.15855227410793304,-0.08999647200107574,0.05096936970949173,4.876433372497559,0.6955168952334803,1.3717942196061632,True
0,0.01125983580563042,0.11973499160627005,0.13893107190560378,tumor_074,1,0.078125,ITC,5358,0.0001866368047779022,0.9440389294403893,0.0047940462827682495,-0.08961404860019684,0.06069204956293106,1.555526614189148,1.0,0.14090178949992882,False
1,0.004254963974618723,0.0736042688565552,0.10937258222060389,tumor_074,0,0.0,ITC,5358,0.0,,,-0.08961404860019684,0.06069204956293106,,,,
2,0.4617685577694617,0.7667737529854567,1.5379197716324393,tumor_074,13,0.59375,micro,5358,0.0024262784621127288,0.9832131185303561,0.10139593482017517,-0.08961404860019684,0.06069204956293106,3.1471993923187256,0.7012757996831138,0.5767799222866603,True
3,0.00377945612768961,0.06936968357550753,0.1028762470220665,tumor_074,0,0.0,ITC,5358,0.0,,,-0.08961404860019684,0.06069204956293106,,,,
4,0.0017168594209547368,0.04675439345677243,0.07530873803559798,tumor_074,0,0.0,ITC,5358,0.0,,,-0.08961404860019684,0.06069204956293106,,,,
5,0.0037466741807656405,0.06906818173507272,0.19152881662066887,tumor_074,0,0.0,ITC,5358,0.0,,,-0.08961404860019684,0.06069204956293106,,,,
6,0.0008039985993936138,0.031995043532704145,0.03892142844485122,tumor_074,0,0.0,ITC,5358,0.0,,,-0.08961404860019684,0.06069204956293106,,,,
7,0.0015916294244660168,0.045016947073232325,0.05645448552346716,tumor_074,1,0.10282281786203384,ITC,5358,0.0001866368047779022,0.9713644020213363,0.05314631760120392,-0.08961404860019684,0.06069204956293106,2.3522086143493652,1.0,0.3221909141055402,False
0,2.3466045125780464,1.7285223924694613,2.844925716034327,tumor_075,65,0.59375,macro,3297,0.019714892326357293,0.9859090581191238,0.10074836015701294,-0.09272078424692154,0.053744785487651825,3.5997750759124756,0.48469242118291356,0.7998241776786704,True
1,0.02017506073360927,0.16027378183428792,0.32554043855135756,tumor_075,1,0.421875,micro,3297,0.00030330603579011223,0.862144420131291,-0.03541871905326843,-0.09272078424692154,0.053744785487651825,1.0661883354187012,1.0,0.0701635655084396,False
2,0.0008090301058382435,0.032095001536602635,0.04516725845949613,tumor_075,0,0.0,ITC,3297,0.0,,,-0.09272078424692154,0.053744785487651825,,,,
3,0.0014401956880732269,0.04282188812058502,0.06411118364095322,tumor_075,1,0.0930398553609848,ITC,3297,0.00030330603579011223,0.9515473585495468,0.006109744310379028,-0.09272078424692154,0.053744785487651825,1.8388859033584595,1.0,0.20871485667192882,False
4,0.0016959308502168388,0.046468550909538865,0.05193845983441538,tumor_075,0,0.0,ITC,3297,0.0,,,-0.09272078424692154,0.053744785487651825,,,,
5,0.00042892815212600615,0.02336938777839528,0.028044944629942992,tumor_075,0,0.0,ITC,3297,0.0,,,-0.09272078424692154,0.053744785487651825,,,,
6,0.0008912072217547245,0.0336856093501613,0.040103029037248696,tumor_075,0,0.0,ITC,3297,0.0,,,-0.09272078424692154,0.053744785487651825,,,,
7,0.07941722946284674,0.31798924051829636,0.8323878962532673,tumor_075,5,0.25,micro,3297,0.001516530178950561,0.9884338855892466,0.070363849401474,-0.09272078424692154,0.053744785487651825,3.0344269275665283,0.8013228049314225,0.5683255280519762,True
8,0.0059444333847894285,0.08699820490422658,0.13447966478260603,tumor_075,0,0.0,ITC,3297,0.0,,,-0.09272078424692154,0.053744785487651825,,,,
9,0.0026259341828818532,0.057822515022411404,0.06710219233734294,tumor_075,1,0.16964121162891388,ITC,3297,0.00030330603579011223,0.9853079087214754,0.050860852003097534,-0.09272078424692154,0.053744785487651825,2.6715452671051025,1.0,0.4405232874237454,False
10,0.003478855050982195,0.06655385654725195,0.0915776498436405,tumor_075,0,0.0,ITC,3297,0.0,,,-0.09272078424692154,0.053744785487651825,,,,
11,0.00408590961547098,0.07212726044035843,0.08803316265320936,tumor_075,0,0.0,ITC,3297,0.0,,,-0.09272078424692154,0.053744785487651825,,,,
12,0.0020707293626191577,0.05134719574554145,0.09620525499121675,tumor_075,0,0.0,ITC,3297,0.0,,,-0.09272078424692154,0.053744785487651825,,,,
13,0.03541036219460005,0.2123343435235096,0.4338567926512398,tumor_075,3,0.234375,micro,3297,0.0009099181073703367,0.980514744190893,0.04308795556426048,-0.09272078424692154,0.053744785487651825,2.526919364929199,0.8643817159430885,0.39411826664188937,False
14,0.0002705251293176708,0.018559183508221805,0.030522161003058445,tumor_075,0,0.0,ITC,3297,0.0,,,-0.09272078424692154,0.053744785487651825,,,,
15,0.00025586824052401116,0.018049419992813592,0.020987592947118536,tumor_075,0,0.0,ITC,3297,0.0,,,-0.09272078424692154,0.053744785487651825,,,,
16,0.007600355953391705,0.09837211878333026,0.17314301328764514,tumor_075,1,0.125,ITC,3297,0.00030330603579011223,0.9937480462644577,0.07683160901069641,-0.09272078424692154,0.053744785487651825,3.154768943786621,1.0,0.6142977301685302,False
17,0.0019176796788367195,0.04941321282035745,0.07172521525687857,tumor_075,0,0.0,ITC,3297,0.0,,,-0.09272078424692154,0.053744785487651825,,,,
18,0.004800090693461655,0.07817714045186488,0.17878200522184653,tumor_075,1,0.03125,ITC,3297,0.00030330603579011223,0.9152860268834011,-0.014937162399291992,-0.09272078424692154,0.053744785487651825,1.447277545928955,1.0,0.1292847932504166,False
19,0.004382809473359379,0.07470184963252954,0.10419346256350248,tumor_075,1,0.28313928842544556,ITC,3297,0.00030330603579011223,0.9706158174429509,0.023948505520820618,-0.09272078424692154,0.053744785487651825,2.170802116394043,1.0,0.29086018061133717,False
20,0.0008817493897099285,0.03350639030878702,0.04547292185059079,tumor_075,0,0.0,ITC,3297,0.0,,,-0.09272078424692154,0.053744785487651825,,,,
21,0.0010513732531195936,0.03658756622335952,0.039094432814516834,tumor_075,0,0.0,ITC,3297,0.0,,,-0.09272078424692154,0.053744785487651825,,,,
22,0.002953721279509226,0.06132531889192986,0.09209924106291775,tumor_075,0,0.0,ITC,3297,0.0,,,-0.09272078424692154,0.053744785487651825,,,,
23,0.09402433745797129,0.3459992841307806,0.7329320175660091,tumor_075,7,0.125,micro,3297,0.0021231422505307855,0.9203769034966284,0.0267769955098629,-0.09272078424692154,0.053744785487651825,2.2234301567077637,0.7597869620921974,0.3051341251482916,True
24,0.012509115647778603,0.12620261769241212,0.27265601941258294,tumor_075,2,0.078125,micro,3297,0.0006066120715802245,0.9945295404814004,0.0827115923166275,-0.09272078424692154,0.053744785487651825,3.2641749382019043,0.9144343894601891,0.6576436769622481,True
25,0.028967576900329743,0.19204859912182817,0.40079126939829957,tumor_075,2,0.3828125,micro,3297,0.0006066120715802245,0.9984370115661144,0.1211077868938446,-0.09272078424692154,0.053744785487651825,3.9785919189453125,0.9144343894601891,0.9770180544934756,True
26,0.0024259820867481565,0.05557748040049029,0.07062833839035125,tumor_075,0,0.0,ITC,3297,0.0,,,-0.09272078424692154,0.053744785487651825,,,,
27,0.1877253322003797,0.4888960180918522,1.4798747510358534,tumor_075,8,0.4921875,micro,3297,0.002426448286320898,0.9837449202875899,0.06454364210367203,-0.09272078424692154,0.053744785487651825,2.926133632659912,0.7433031683805669,0.5284843226755966,True
28,0.0032474513720802097,0.06430228228093451,0.09495258541191894,tumor_075,0,0.0,ITC,3297,0.0,,,-0.09272078424692154,0.053744785487651825,,,,
0,86.37101990717504,10.48670577755108,12.1965854392103,tumor_076,1445,1.0,macro,5614,0.25739223370146064,0.9623715846290318,0.08688710629940033,-0.0739162266254425,0.06882690638303757,2.336344003677368,0.15720505127909618,0.31614105431791434,True
1,0.11392044037461722,0.38085168981981277,0.5854470737885231,tumor_076,3,0.96875,micro,5614,0.0005343783398646241,0.9884129939995862,0.1745350956916809,-0.0739162266254425,0.06882690638303757,3.609799385070801,0.8727429744332179,0.7546984413771687,True
2,0.01826438653281404,0.152495702214545,0.17755906728534715,tumor_076,1,0.078125,ITC,5614,0.00017812611328820805,0.9742396027312229,0.098507359623909,-0.0739162266254425,0.06882690638303757,2.5051770210266113,1.0,0.3634830459303608,False
3,0.0024405094645662605,0.055743637839543635,0.07112105402256184,tumor_076,0,0.0,ITC,5614,0.0,,,-0.0739162266254425,0.06882690638303757,,,,
4,0.16604347429888008,0.45979682211010414,0.7628188958922393,tumor_076,5,0.703125,micro,5614,0.0008906305664410402,0.9617628801986344,0.07163852453231812,-0.0739162266254425,0.06882690638303757,2.1147942543029785,0.81357182721934,0.2590261219140189,False
5,0.0029130549152334654,0.06090169713612573,0.08177336009253058,tumor_076,0,0.0,ITC,5614,0.0,,,-0.0739162266254425,0.06882690638303757,,,,
6,0.041562809737742755,0.23004219819067495,0.40739443067430536,tumor_076,1,0.453125,micro,5614,0.00017812611328820805,0.9832402234636871,0.13730239868164062,-0.0739162266254425,0.06882690638303757,3.068837881088257,1.0,0.5454503346729807,False
7,0.004482889625377038,0.07554993279754155,0.11133309900685426,tumor_076,0,0.0,ITC,5614,0.0,,,-0.0739162266254425,0.06882690638303757,,,,
8,8.60361334372709,3.3097523679037457,4.262617782834641,tumor_076,154,1.0,macro,5614,0.02743142144638404,0.9548457439518893,0.07552286237478256,-0.0739162266254425,0.06882690638303757,2.1712307929992676,0.4165479371424886,0.27303561414646627,True
9,41.1857170492162,7.241497333102821,8.995973743632497,tumor_076,716,1.0,macro,5614,0.12753829711435696,0.9770107917286532,0.13139715790748596,-0.0739162266254425,0.06882690638303757,2.983039617538452,0.2385421192685391,0.5153773905952218,True
10,0.006549186851348133,0.09131639329822444,0.15555834371064767,tumor_076,0,0.0,ITC,5614,0.0,,,-0.0739162266254425,0.06882690638303757,,,,
11,0.01590698497014497,0.14231444867439305,0.17394646368165148,tumor_076,1,0.484375,ITC,5614,0.00017812611328820805,0.999689633767846,0.2893846035003662,-0.0739162266254425,0.06882690638303757,5.278470993041992,1.0,1.6137029704728814,True
12,0.009195359664625145,0.10820302931555752,0.1294627699998769,tumor_076,1,0.046875,ITC,5614,0.00017812611328820805,0.9795158286778398,0.11388793587684631,-0.0739162266254425,0.06882690638303757,2.728644609451294,1.0,0.43122235769022915,False
13,0.14672305431591184,0.4322193828131082,0.5805912262515495,tumor_076,4,0.5390625,micro,5614,0.0007125044531528322,0.9924736188702669,0.21995952725410461,-0.0739162266254425,0.06882690638303757,4.269780158996582,0.839419512437827,1.0558892039672398,True
14,0.007085906354274376,0.09498450494976696,0.12056064991964088,tumor_076,0,0.0,ITC,5614,0.0,,,-0.0739162266254425,0.06882690638303757,,,,
15,0.09772792129863996,0.3527478618251203,0.7960637587219117,tumor_076,4,0.296875,micro,5614,0.0007125044531528322,0.9697392923649907,0.0987035483121872,-0.0739162266254425,0.06882690638303757,2.5080275535583496,0.839419512437827,0.36431069979805664,True
16,0.0022959429625618974,0.05406741507035648,0.0769457506362177,tumor_076,0,0.0,ITC,5614,0.0,,,-0.0739162266254425,0.06882690638303757,,,,
17,0.007511414651806813,0.09779483714176089,0.11352477984371254,tumor_076,0,0.0,ITC,5614,0.0,,,-0.0739162266254425,0.06882690638303757,,,,
18,0.0035760009292566835,0.06747670557414091,0.10364229476866624,tumor_076,0,0.0,ITC,5614,0.0,,,-0.0739162266254425,0.06882690638303757,,,,
19,0.4165842841757798,0.7282936113462712,1.3872434346811666,tumor_076,13,0.484375,micro,5614,0.0023156394727467046,0.9485269541135463,0.07704181224107742,-0.0739162266254425,0.06882690638303757,2.1932997703552246,0.7028907929332369,0.2786142378518083,True
20,0.013286195383972138,0.1300634820460805,0.30020844525977824,tumor_076,0,0.0,micro,5614,0.0,,,-0.0739162266254425,0.06882690638303757,,,,
21,0.0017751805200096132,0.04754187666804677,0.06074975061936325,tumor_076,1,0.11468062549829483,ITC,5614,0.00017812611328820805,0.9037864680322781,0.008061617612838745,-0.0739162266254425,0.06882690638303757,1.1910725831985474,1.0,0.08216441654952994,False
22,0.0008003966645672149,0.03192329376491567,0.03643198432508522,tumor_076,0,0.0,ITC,5614,0.0,,,-0.0739162266254425,0.06882690638303757,,,,
23,0.08047142659258265,0.32009280304144455,0.8295490007074744,tumor_076,4,0.2265625,micro,5614,0.0007125044531528322,0.946927374301676,0.04816005378961563,-0.0739162266254425,0.06882690638303757,1.7736709117889404,0.839419512437827,0.18220211214089324,False
24,0.004350442230870942,0.07442550023634872,0.1436335758005674,tumor_076,1,0.03125,ITC,5614,0.00017812611328820805,0.9581005586592178,0.060752153396606445,-0.0739162266254425,0.06882690638303757,1.9566240310668945,1.0,0.22172878958932682,False
25,0.0017843852221300278,0.047664974854257386,0.07037739506080735,tumor_076,0,0.0,ITC,5614,0.0,,,-0.0739162266254425,0.06882690638303757,,,,
26,0.6331205316248394,0.8978385698155847,1.8258065241247157,tumor_076,18,0.4921875,micro,5614,0.003206270039187745,0.9703600248292986,0.09960069507360458,-0.0739162266254425,0.06882690638303757,2.5210623741149902,0.6651957050853495,0.36810736042258446,True
27,0.04453739377010541,0.23813183526681114,0.6253302245925747,tumor_076,3,0.078125,micro,5614,0.0005343783398646241,0.9901717359817919,0.1942807286977768,-0.0739162266254425,0.06882690638303757,3.8966875076293945,0.8727429744332179,0.8794243334604442,True
28,0.005761831068464447,0.08565156838291163,0.1172032399412112,tumor_076,0,0.0,ITC,5614,0.0,,,-0.0739162266254425,0.06882690638303757,,,,
29,0.02103928235546814,0.16367054190608277,0.49280399999999996,tumor_076,2,0.0859375,micro,5614,0.0003562522265764161,0.957790192427064,0.06358112394809723,-0.0739162266254425,0.06882690638303757,1.9977266788482666,0.9197097562189135,0.23114231509008773,False
30,0.004748979161297859,0.07775981009035234,0.16239679869903767,tumor_076,1,0.09375,ITC,5614,0.00017812611328820805,0.9813780260707635,0.12437281012535095,-0.0739162266254425,0.06882690638303757,2.8809814453125,1.0,0.4807156292565703,False
31,0.009763805377984611,0.11149736819471508,0.14055839825589614,tumor_076,0,0.0,ITC,5614,0.0,,,-0.0739162266254425,0.06882690638303757,,,,
32,0.13371779858839894,0.4126194239219492,0.7617394448949458,tumor_076,7,0.359375,micro,5614,0.0012468827930174563,0.8069078655670835,0.01723625883460045,-0.0739162266254425,0.06882690638303757,1.3243728876113892,0.7745967889279619,0.10158460179608823,False
33,0.001347901829078951,0.041427067373930496,0.05415814120005036,tumor_076,1,0.08707746863365173,ITC,5614,0.00017812611328820805,0.957169459962756,0.05819621682167053,-0.0739162266254425,0.06882690638303757,1.9194883108139038,1.0,0.21339206360446555,False
34,0.07358053901201807,0.3060811199552004,0.8667869502573986,tumor_076,4,0.1796875,micro,5614,0.0007125044531528322,0.9376163873370578,0.03700438141822815,-0.0739162266254425,0.06882690638303757,1.6115878820419312,0.839419512437827,0.15042336722956776,False
35,0.0017312498162609367,0.04694992787937921,0.05897777828419128,tumor_076,1,0.11184260249137878,ITC,5614,0.00017812611328820805,0.8386095592799503,-0.020008593797683716,-0.0739162266254425,0.06882690638303757,0.7832348942756653,1.0,0.03552968647954991,False
36,0.003246064005188713,0.06428854529500318,0.09501909789994628,tumor_076,0,0.0,ITC,5614,0.0,,,-0.0739162266254425,0.06882690638303757,,,,
37,0.007360396466917442,0.09680675517033026,0.2073642668201873,tumor_076,1,0.125,micro,5614,0.00017812611328820805,0.09621353196772191,-0.14590753614902496,-0.0739162266254425,0.06882690638303757,-1.0459762811660767,1.0,0.06336522667026577,False
0,0.20780995936075544,0.5143849317854489,0.6871566163292139,tumor_077,4,0.9921875,micro,5051,0.0007919223916056226,0.9925988476058017,0.2001216858625412,-0.06727062910795212,0.06521283090114594,4.100302219390869,0.8374294781712157,0.9857983432494025,True
1,0.01835352098434829,0.15286735656247502,0.22029123709967574,tumor_077,1,0.8125,micro,5051,0.00019798059790140566,0.9950327836280548,0.14928258955478668,-0.06727062910795212,0.06521283090114594,3.3207147121429443,1.0,0.6465758507729518,False
2,0.003084565379878235,0.06266889675095619,0.07211035972071811,tumor_077,1,0.19926981627941132,ITC,5051,0.00019798059790140566,0.9870852374329426,0.10358616709709167,-0.06727062910795212,0.06521283090114594,2.6199874877929688,1.0,0.40248971019311186,False
3,0.003950276038286957,0.07092000891544435,0.09806867018801257,tumor_077,0,0.0,ITC,5051,0.0,,,-0.06727062910795212,0.06521283090114594,,,,
4,0.004190028381353966,0.07304046706246158,0.07760851231442753,tumor_077,0,0.0,ITC,5051,0.0,,,-0.06727062910795212,0.06521283090114594,,,,
5,0.03500483051836128,0.21111497927131992,0.2397776517029003,tumor_077,2,0.28125,micro,5051,0.0003959611958028113,0.7061394794357242,0.03850628435611725,-0.06727062910795212,0.06521283090114594,1.6220260858535767,0.9187147390856079,0.1542666384509951,False
6,0.014574518333399598,0.1362235408714367,0.466410354725814,tumor_077,2,0.2109375,micro,5051,0.0003959611958028113,0.9976157361414664,0.2003137171268463,-0.06727062910795212,0.06521283090114594,4.103247165679932,0.9187147390856079,0.9872149050380356,True
7,0.19913072094548823,0.5035286570587797,0.6499987163379193,tumor_077,5,1.0,micro,5051,0.0009899029895070284,0.9980131134512219,0.22291406989097595,-0.06727062910795212,0.06521283090114594,4.449810028076172,0.8112614689826233,1.1610188963228218,True
8,0.012265619449804322,0.1249682828727498,0.15528916853728078,tumor_077,1,0.15625,ITC,5051,0.00019798059790140566,0.9807272004768528,0.08613000065088272,-0.06727062910795212,0.06521283090114594,2.3523075580596924,1.0,0.32444759208513824,False
9,0.001607299821231228,0.04523801159022529,0.05137151613734989,tumor_077,0,0.0,ITC,5051,0.0,,,-0.06727062910795212,0.06521283090114594,,,,
10,0.012086546206839478,0.12405268473441759,0.43775563897720315,tumor_077,0,0.0,micro,5051,0.0,,,-0.06727062910795212,0.06521283090114594,,,,
11,0.029695002758513857,0.19444498397531262,0.2244202961043218,tumor_077,1,0.640625,micro,5051,0.00019798059790140566,0.9964236042121994,0.16346997022628784,-0.06727062910795212,0.06521283090114594,3.5382699966430664,1.0,0.7340713712566933,False
12,0.0062146554889445345,0.08895361221125098,0.11941637129141314,tumor_077,1,0.40148061513900757,ITC,5051,0.00019798059790140566,0.992847208424399,0.13311156630516052,-0.06727062910795212,0.06521283090114594,3.072741985321045,1.0,0.5536158768519692,False
0,0.04995279276970997,0.25219411397642777,0.34448328028569253,tumor_078,0,0.0,micro,4713,0.0,,,-0.06445922702550888,0.07528551667928696,,,,
1,0.010396311146803765,0.11505213805697626,0.17423556236546175,tumor_078,0,0.0,ITC,4713,0.0,,,-0.06445922702550888,0.07528551667928696,,,,
2,0.0020729596480783667,0.05137484013185503,0.10475444987577456,tumor_078,0,0.0,ITC,4713,0.0,,,-0.06445922702550888,0.07528551667928696,,,,
3,0.0077220036052305825,0.09915624213718001,0.16136455078461862,tumor_078,1,0.03125,ITC,4713,0.0002121790791427965,0.9691392978482446,0.1415228247642517,-0.06445922702550888,0.07528551667928696,2.7360117435455322,1.0,0.44252125337515535,False
4,0.028488948161231105,0.19045538949263038,0.4842614436919761,tumor_078,2,0.4453125,micro,4713,0.000424358158285593,0.9905152887882219,0.22582051157951355,-0.06445922702550888,0.07528551667928696,3.8557183742523193,0.9180491096621679,0.8788380051968859,True
5,0.15761071484898143,0.4479689663578278,0.8426460135071421,tumor_078,6,0.375,micro,4713,0.001273074474856779,0.9902321630804077,0.23957063257694244,-0.06445922702550888,0.07528551667928696,4.038357734680176,0.7881600215759924,0.9640682834728584,True
6,0.11305918074406977,0.3794093038114773,0.4396429374374424,tumor_078,3,0.546875,micro,4713,0.0006365372374283895,0.9776330690826727,0.17032046616077423,-0.06445922702550888,0.07528551667928696,3.1185238361358643,0.8701109119138245,0.5749053568050565,True
7,4.307530049889113,2.3419046948272353,4.968251183484979,tumor_078,95,0.9375,macro,4713,0.020157012518565668,0.9783572748405556,0.2034067064523697,-0.06445922702550888,0.07528551667928696,3.5580008029937744,0.4615944835062796,0.7483595463437914,True
8,0.05670774019612196,0.2687052982549287,0.337366563472631,tumor_078,2,0.578125,micro,4713,0.000424358158285593,0.9930634201585504,0.24218815565109253,-0.06445922702550888,0.07528551667928696,4.073125839233398,0.9180491096621679,0.9807399696839243,True
9,3.9761421190582085,2.2500180846988713,4.703518409318621,tumor_078,86,0.9296875,macro,4713,0.0182474008062805,0.9686125523453344,0.17533661425113678,-0.06445922702550888,0.07528551667928696,3.185152292251587,0.4733618818055331,0.5997339356265355,True
10,0.008726362609442305,0.10540754221610647,0.13191973629765003,tumor_078,1,0.234375,ITC,4713,0.0002121790791427965,0.9708380520951302,0.1467534303665161,-0.06445922702550888,0.07528551667928696,2.8054885864257812,1.0,0.46528090752081525,False
11,0.02594027489773899,0.18173657804939036,0.256890226870593,tumor_078,1,0.09375,micro,4713,0.0002121790791427965,0.992638731596829,0.23838235437870026,-0.06445922702550888,0.07528551667928696,4.022573947906494,1.0,0.9565469531015197,False
12,0.04020238755115494,0.22624603780596708,0.36826981613115356,tumor_078,1,0.3125,micro,4713,0.0002121790791427965,0.996885617214043,0.27404454350471497,-0.06445922702550888,0.07528551667928696,4.496266841888428,1.0,1.1950948494298637,True
13,8.590456244376146,3.3072206756817453,5.284630458775659,tumor_078,166,1.0,macro,4713,0.035221727137704224,0.9788798455429873,0.1848839670419693,-0.06445922702550888,0.07528551667928696,3.311967611312866,0.39560895232450083,0.6484408727014129,True
14,0.3701872014663752,0.6865398632722148,1.1402377552041498,tumor_078,8,0.96875,micro,4713,0.001697432633142372,0.9954699886749717,0.27301037311553955,-0.06445922702550888,0.07528551667928696,4.482530117034912,0.7541473289865038,1.1878036400533893,True
15,0.018861362927518457,0.15496784552583248,0.29912720003376336,tumor_078,1,0.25,micro,4713,0.0002121790791427965,0.9903737259343148,0.22574789822101593,-0.06445922702550888,0.07528551667928696,3.8547537326812744,1.0,0.8783983166392587,False
16,22.47109987840368,5.3489338170215825,9.0473895010313,tumor_078,408,1.0,macro,4713,0.08656906429026098,0.9826987986587613,0.2050127387046814,-0.06445922702550888,0.07528551667928696,3.579333543777466,0.28928702183705823,0.7573603423176826,True
17,0.3578741363865432,0.6750255569126934,0.8360317780408176,tumor_078,12,0.2421875,micro,4713,0.002546148949713558,0.9804643261608154,0.19012616574764252,-0.06445922702550888,0.07528551667928696,3.381598472595215,0.7062091312381603,0.6759931526218956,True
18,0.047691387136201906,0.24641947984095355,0.41512610761643426,tumor_078,2,0.2890625,micro,4713,0.000424358158285593,0.9774915062287656,0.1685081124305725,-0.06445922702550888,0.07528551667928696,3.0944509506225586,0.9180491096621679,0.5660638566046033,True
19,0.007384820922195076,0.09696724204042499,0.1190862021778514,tumor_078,0,0.0,ITC,4713,0.0,,,-0.06445922702550888,0.07528551667928696,,,,
20,0.0021824309303312703,0.0527139200226176,0.07555298915292256,tumor_078,0,0.0,ITC,4713,0.0,,,-0.06445922702550888,0.07528551667928696,,,,
21,0.02172564810460588,0.1663188332744814,0.27758271356987924,tumor_078,1,0.5,micro,4713,0.0002121790791427965,0.9923556058890147,0.2364940345287323,-0.06445922702550888,0.07528551667928696,3.9974923133850098,1.0,0.9446555798500399,False
22,0.021801557287115386,0.16660913802899396,0.2972450249262482,tumor_078,0,0.0,micro,4713,0.0,,,-0.06445922702550888,0.07528551667928696,,,,
23,0.11881178354793824,0.38894197664143887,0.5551529330354747,tumor_078,0,0.0,micro,4713,0.0,,,-0.06445922702550888,0.07528551667928696,,,,
24,0.09474373285037897,0.34732041011280407,0.7608894007194656,tumor_078,0,0.0,micro,4713,0.0,,,-0.06445922702550888,0.07528551667928696,,,,
25,0.021854609464087533,0.16681172921716142,0.19470830106759437,tumor_078,0,0.0,ITC,4713,0.0,,,-0.06445922702550888,0.07528551667928696,,,,
26,0.014059707654954255,0.13379602301153587,0.161227280121265,tumor_078,0,0.0,ITC,4713,0.0,,,-0.06445922702550888,0.07528551667928696,,,,
27,0.010231948249841355,0.11413904297558199,0.20315026801484035,tumor_078,0,0.0,micro,4713,0.0,,,-0.06445922702550888,0.07528551667928696,,,,
28,0.05113515161512779,0.25516131595994096,0.3123866329349438,tumor_078,0,0.0,micro,4713,0.0,,,-0.06445922702550888,0.07528551667928696,,,,
29,0.04634010257242731,0.24290337812039192,0.3730745683198488,tumor_078,0,0.0,micro,4713,0.0,,,-0.06445922702550888,0.07528551667928696,,,,
30,0.09897490554029599,0.35499121632842157,0.5230166734731796,tumor_078,3,0.53125,micro,4713,0.0006365372374283895,0.9782936957342393,0.1722227782011032,-0.06445922702550888,0.07528551667928696,3.143791913986206,0.8701109119138245,0.5842595295762198,True
31,0.03042570001743512,0.19682277418644348,0.25636218172838665,tumor_078,1,0.875,micro,4713,0.0002121790791427965,0.9849943374858438,0.19448673725128174,-0.06445922702550888,0.07528551667928696,3.439519166946411,1.0,0.6993485638586595,False
32,0.004315714859472748,0.07412785456818415,0.11661124967431269,tumor_078,1,0.27880480885505676,ITC,4713,0.0002121790791427965,0.587202718006795,-0.06767220795154572,-0.06445922702550888,0.07528551667928696,-0.04267727956175804,1.0,0.00010766924683430427,False
33,0.09979802372323773,0.3564642903445508,0.8692336569881222,tumor_078,5,0.234375,micro,4713,0.0010608953957139827,0.9874292185730464,0.23444190621376038,-0.06445922702550888,0.07528551667928696,3.9702343940734863,0.8097159253235544,0.9318167527424338,True
34,0.009663692992843208,0.11092428078048587,0.14336515693815066,tumor_078,1,0.109375,ITC,4713,0.0002121790791427965,0.9943374858437146,0.2523844838142395,-0.06445922702550888,0.07528551667928696,4.208561420440674,1.0,1.0470455104852392,True
35,0.006270966221315872,0.08935570589882777,0.13618140123528508,tumor_078,0,0.0,ITC,4713,0.0,,,-0.06445922702550888,0.07528551667928696,,,,
36,0.0023366215493481448,0.054544284372520666,0.08592327865281488,tumor_078,1,0.15095096826553345,ITC,4713,0.0002121790791427965,0.992638731596829,0.23830130696296692,-0.06445922702550888,0.07528551667928696,4.02149772644043,1.0,0.9560351819498346,False
37,0.001890685447543213,0.049064197521892866,0.06334864623491565,tumor_078,0,0.0,ITC,4713,0.0,,,-0.06445922702550888,0.07528551667928696,,,,
38,0.005265176930360596,0.08187692884911113,0.13312194885073353,tumor_078,1,0.03125,ITC,4713,0.0002121790791427965,0.9881087202718006,0.2119496613740921,-0.06445922702550888,0.07528551667928696,3.6714749336242676,1.0,0.7968550962330526,False
39,0.0434408273286037,0.235182012940595,0.47791297017642553,tumor_078,2,0.2421875,micro,4713,0.000424358158285593,0.9886749716874292,0.21519649028778076,-0.06445922702550888,0.07528551667928696,3.714601993560791,0.9180491096621679,0.8156855982551787,True
40,0.009869458095063137,0.11209899344660038,0.15702880180493245,tumor_078,1,0.4375,ITC,4713,0.0002121790791427965,0.9903737259343148,0.22578895092010498,-0.06445922702550888,0.07528551667928696,3.8552989959716797,1.0,0.878646836915512,False
41,0.004290106661003574,0.07390760077232571,0.11040974131246752,tumor_078,0,0.0,ITC,4713,0.0,,,-0.06445922702550888,0.07528551667928696,,,,
42,0.07621118732794895,0.31150457052371466,0.5252610921129965,tumor_078,0,0.0,micro,4713,0.0,,,-0.06445922702550888,0.07528551667928696,,,,
43,0.004843770593597242,0.07853203337106025,0.09428458520456247,tumor_078,1,0.31291839480400085,ITC,4713,0.0002121790791427965,0.9736693091732729,0.15671049058437347,-0.06445922702550888,0.07528551667928696,2.9377458095550537,1.0,0.5101837837974418,False
44,0.0036332317883050976,0.068014516009885,0.12477293386404822,tumor_078,0,0.0,ITC,4713,0.0,,,-0.06445922702550888,0.07528551667928696,,,,
45,0.05639691885047232,0.2679678847952517,0.4494068635845094,tumor_078,0,0.0,micro,4713,0.0,,,-0.06445922702550888,0.07528551667928696,,,,
46,0.11625180783700233,0.3847289940789808,0.7829443211459224,tumor_078,0,0.0,micro,4713,0.0,,,-0.06445922702550888,0.07528551667928696,,,,
47,0.1433775416391439,0.42726333313528136,0.7429820109759179,tumor_078,0,0.0,micro,4713,0.0,,,-0.06445922702550888,0.07528551667928696,,,,
48,0.00961897580576319,0.11066734105303366,0.16486128670766917,tumor_078,0,0.0,ITC,4713,0.0,,,-0.06445922702550888,0.07528551667928696,,,,
49,0.01881297015553132,0.15476891663362155,0.1828964156338352,tumor_078,1,0.015625,ITC,4713,0.0002121790791427965,0.9923556058890147,0.23738452792167664,-0.06445922702550888,0.07528551667928696,4.009320259094238,1.0,0.9502540221223686,False
50,3.6906320971177777,2.1677312405183486,2.874317406879284,tumor_078,73,1.0,macro,4713,0.015489072777424145,0.9780596968615709,0.1722005307674408,-0.06445922702550888,0.07528551667928696,3.143496513366699,0.49273836636480395,0.5841497369925304,True
51,0.0010469991235588817,0.036511377506446195,0.0484902136032066,tumor_078,0,0.0,ITC,4713,0.0,,,-0.06445922702550888,0.07528551667928696,,,,
52,0.003325787741745415,0.06507322391111199,0.08690126459677844,tumor_078,0,0.0,ITC,4713,0.0,,,-0.06445922702550888,0.07528551667928696,,,,
53,0.000550630531465765,0.026478001571129783,0.029689786940451875,tumor_078,0,0.0,ITC,4713,0.0,,,-0.06445922702550888,0.07528551667928696,,,,
54,0.0098425536509385,0.11194609653557533,0.15980243178062065,tumor_078,1,0.109375,ITC,4713,0.0002121790791427965,0.9849943374858438,0.194182351231575,-0.06445922702550888,0.07528551667928696,3.4354758262634277,1.0,0.6977052862358704,False
55,0.01065232498442775,0.11646012799900139,0.15134262979440008,tumor_078,1,0.015625,ITC,4713,0.0002121790791427965,0.9731030577576444,0.15555259585380554,-0.06445922702550888,0.07528551667928696,2.92236590385437,1.0,0.5048558626660268,False
56,0.0017730877133814698,0.047513844224197785,0.06646720532818197,tumor_078,0,0.0,ITC,4713,0.0,,,-0.06445922702550888,0.07528551667928696,,,,
57,0.025415772572860016,0.17988987381106453,0.24505370290634892,tumor_078,1,0.328125,micro,4713,0.0002121790791427965,0.9756511891279728,0.16406618058681488,-0.06445922702550888,0.07528551667928696,3.035449743270874,1.0,0.5446836175308172,False
58,0.002131997942344242,0.05210128683138917,0.07024743868370432,tumor_078,1,0.13773183524608612,ITC,4713,0.0002121790791427965,0.9583805209513023,0.10503022372722626,-0.06445922702550888,0.07528551667928696,2.251288890838623,1.0,0.29961301582644057,False
59,0.003695293670027138,0.06859295904163985,0.08456103176648293,tumor_078,0,0.0,ITC,4713,0.0,,,-0.06445922702550888,0.07528551667928696,,,,
60,0.0022002903437877276,0.0529291665871423,0.09057273616789921,tumor_078,0,0.0,ITC,4713,0.0,,,-0.06445922702550888,0.07528551667928696,,,,
61,0.008013590282048812,0.10101098971107032,0.1968899908578392,tumor_078,0,0.0,ITC,4713,0.0,,,-0.06445922702550888,0.07528551667928696,,,,
62,0.002866160803663216,0.06040951313157491,0.08556516398522564,tumor_078,0,0.0,ITC,4713,0.0,,,-0.06445922702550888,0.07528551667928696,,,,
63,0.19530534793863868,0.49866871998726253,0.7852135274700758,tumor_078,6,0.46875,micro,4713,0.001273074474856779,0.997970932427331,0.3177752196788788,-0.06445922702550888,0.07528551667928696,5.077131271362305,0.7881600215759924,1.523824684169212,True
64,0.026775261273290406,0.18463835320368654,0.2883307594142743,tumor_078,0,0.0,micro,4713,0.0,,,-0.06445922702550888,0.07528551667928696,,,,
65,0.1365185773070722,0.416918278824938,0.6505931317955691,tumor_078,6,0.375,micro,4713,0.001273074474856779,0.998914684786712,0.3172493278980255,-0.06445922702550888,0.07528551667928696,5.070146083831787,0.7881600215759924,1.5196345703453538,True
66,0.009523025734048738,0.11011399979167705,0.1896527311002763,tumor_078,1,0.125,ITC,4713,0.0002121790791427965,1.0,0.3432289659976959,-0.06445922702550888,0.07528551667928696,5.41522741317749,1.0,1.733531025350253,True
67,6.785259563550481,2.9392619477693582,5.507053904332267,tumor_078,136,1.0,macro,4713,0.028856354763420328,0.9846924755179535,0.22237154841423035,-0.06445922702550888,0.07528551667928696,3.809906482696533,0.4191761099232338,0.8580781650388369,True
68,0.0026755992486972428,0.058366760825876066,0.08682206196886581,tumor_078,0,0.0,ITC,4713,0.0,,,-0.06445922702550888,0.07528551667928696,,,,
69,0.03685555522956514,0.21662398380939532,0.36846928316358224,tumor_078,0,0.0,micro,4713,0.0,,,-0.06445922702550888,0.07528551667928696,,,,
70,0.07396574832788709,0.30688127301449103,0.7210945073348447,tumor_078,0,0.0,micro,4713,0.0,,,-0.06445922702550888,0.07528551667928696,,,,
71,0.001957667710336647,0.04992574430343288,0.09379660325743112,tumor_078,0,0.0,ITC,4713,0.0,,,-0.06445922702550888,0.07528551667928696,,,,
72,0.003360206593921921,0.06540908127975227,0.13736981501407067,tumor_078,0,0.0,ITC,4713,0.0,,,-0.06445922702550888,0.07528551667928696,,,,
73,0.0023450405481920244,0.05464245931476282,0.07842902401253203,tumor_078,0,0.0,ITC,4713,0.0,,,-0.06445922702550888,0.07528551667928696,,,,
74,0.0011256474227922249,0.037857876487308185,0.041758512128665416,tumor_078,1,0.07271933555603027,ITC,4713,0.0002121790791427965,0.9651755379388448,0.12721073627471924,-0.06445922702550888,0.07528551667928696,2.545907735824585,1.0,0.38316297879256916,False
75,6.563221369303008,2.890770310530993,6.009757852914278,tumor_078,135,1.0,macro,4713,0.02864417568427753,0.975082840484879,0.19626334309577942,-0.06445922702550888,0.07528551667928696,3.4631173610687256,0.4200486610650278,0.7089778034822631,True
76,0.009397138729811188,0.10938376770873255,0.14908079952979375,tumor_078,0,0.0,ITC,4713,0.0,,,-0.06445922702550888,0.07528551667928696,,,,
77,0.0035231940607122346,0.06697663773193512,0.10216297516310816,tumor_078,1,0.22760620713233948,ITC,4713,0.0002121790791427965,0.9906568516421291,0.2293127477169037,-0.06445922702550888,0.07528551667928696,3.9021048545837402,1.0,0.9001110433880684,False
78,0.001222690519329071,0.039456025144235525,0.04597051131524409,tumor_078,1,0.07898853719234467,ITC,4713,0.0002121790791427965,0.9781993204983013,0.16830003261566162,-0.06445922702550888,0.07528551667928696,3.0916872024536133,1.0,0.5650531704831004,False
79,0.000546496381891674,0.026378415503573536,0.035236477419749716,tumor_078,0,0.0,ITC,4713,0.0,,,-0.06445922702550888,0.07528551667928696,,,,
80,0.0004057086128514862,0.022728049839838012,0.03293244235127212,tumor_078,0,0.0,ITC,4713,0.0,,,-0.06445922702550888,0.07528551667928696,,,,
81,0.0028397105309630128,0.06013012342930117,0.09982147418961458,tumor_078,0,0.0,ITC,4713,0.0,,,-0.06445922702550888,0.07528551667928696,,,,
82,0.02691417125624414,0.18511668524804697,0.45498535468198237,tumor_078,1,0.1875,micro,4713,0.0002121790791427965,0.9900906002265005,0.22206342220306396,-0.06445922702550888,0.07528551667928696,3.805813789367676,1.0,0.8562356187504823,False
83,0.0008721151570444565,0.03332283759693821,0.04065132433779742,tumor_078,0,0.0,ITC,4713,0.0,,,-0.06445922702550888,0.07528551667928696,,,,
84,0.023162156817124743,0.17172936266381575,0.3452736480807044,tumor_078,0,0.0,micro,4713,0.0,,,-0.06445922702550888,0.07528551667928696,,,,
85,0.003296218772990135,0.06478330101090447,0.15302891815178596,tumor_078,0,0.0,ITC,4713,0.0,,,-0.06445922702550888,0.07528551667928696,,,,
86,0.01107991935461824,0.11877454051595589,0.2810452836354374,tumor_078,0,0.0,micro,4713,0.0,,,-0.06445922702550888,0.07528551667928696,,,,
87,0.0029354168958061295,0.06113500529176473,0.1788631647239036,tumor_078,0,0.0,ITC,4713,0.0,,,-0.06445922702550888,0.07528551667928696,,,,
88,0.0045122685602912984,0.07579708943902846,0.13464407204866666,tumor_078,0,0.0,ITC,4713,0.0,,,-0.06445922702550888,0.07528551667928696,,,,
89,0.020693112343125732,0.16231847996736226,0.23490909124316708,tumor_078,0,0.0,micro,4713,0.0,,,-0.06445922702550888,0.07528551667928696,,,,
90,0.02418926215555646,0.17549565559984728,0.3415789471699685,tumor_078,0,0.0,micro,4713,0.0,,,-0.06445922702550888,0.07528551667928696,,,,
91,0.00952041027313092,0.11009887756854372,0.21282395024867615,tumor_078,0,0.0,micro,4713,0.0,,,-0.06445922702550888,0.07528551667928696,,,,
92,0.21629306702619072,0.5247788926679494,1.3928978590181158,tumor_078,1,0.953125,micro,4713,0.0002121790791427965,0.9951868629671574,0.25588640570640564,-0.06445922702550888,0.07528551667928696,4.2550764083862305,1.0,1.070318287225635,True
93,0.040600169664240855,0.2273625772625486,0.39248995872629727,tumor_078,1,0.484375,micro,4713,0.0002121790791427965,0.9609286523216308,0.11335030198097229,-0.06445922702550888,0.07528551667928696,2.361802816390991,1.0,0.32975052208694494,False
94,0.026293353860902074,0.1829692266459458,0.43393095151846917,tumor_078,0,0.0,micro,4713,0.0,,,-0.06445922702550888,0.07528551667928696,,,,
95,0.01388504883167367,0.13296237532875865,0.5915925557312184,tumor_078,0,0.0,micro,4713,0.0,,,-0.06445922702550888,0.07528551667928696,,,,
0,1.1105581840513945,1.1891200934571355,2.01729927793029,tumor_079,28,0.828125,macro,4083,0.006857702669605682,0.9767658974810639,0.14461453258991241,-0.07968615740537643,0.07214223593473434,3.109145164489746,0.5992339254584501,0.5813147012096491,True
1,0.0036481769257921603,0.06815425979429998,0.1479383210592784,tumor_079,0,0.0,ITC,4083,0.0,,,-0.07968615740537643,0.07214223593473434,,,,
2,0.008406101662347244,0.10345521279067817,0.11645106312291936,tumor_079,0,0.0,ITC,4083,0.0,,,-0.07968615740537643,0.07214223593473434,,,,
3,0.0016120822471436922,0.04530526312062289,0.06287726430175644,tumor_079,0,0.0,ITC,4083,0.0,,,-0.07968615740537643,0.07214223593473434,,,,
0,0.2559078190211067,0.570816918971926,1.520304195690511,tumor_080,11,0.203125,micro,6185,0.0017784963621665319,0.9148095743426483,0.11855080723762512,-0.07860297709703445,0.046935517340898514,4.20052433013916,0.7253232982343699,1.0105751757248085,True
1,0.022809888241253722,0.17041846061901225,0.4462779403365141,tumor_080,1,0.15625,micro,6185,0.00016168148746968473,0.9902723735408561,0.04675576090812683,-0.07860297709703445,0.046935517340898514,2.6708714962005615,1.0,0.40857106181233743,False
2,0.002153646873872898,0.052365144564015434,0.05856950115113696,tumor_080,1,0.1391303986310959,ITC,6185,0.00016168148746968473,0.9987029831387808,0.13495320081710815,-0.07860297709703445,0.046935517340898514,4.549990653991699,1.0,1.1857213119239127,True
3,0.00726415919853051,0.09617179810537355,0.2710808468981363,tumor_080,0,0.0,micro,6185,0.0,,,-0.07860297709703445,0.046935517340898514,,,,
4,0.0023047430382259998,0.05417093295045238,0.07381651946995178,tumor_080,1,0.14889155328273773,ITC,6185,0.00016168148746968473,0.9254215304798963,-0.0148848295211792,-0.07860297709703445,0.046935517340898514,1.3575677871704102,1.0,0.10555642313562844,False
5,0.002927112078469929,0.06104846312709148,0.10307565145735599,tumor_080,0,0.0,ITC,6185,0.0,,,-0.07860297709703445,0.046935517340898514,,,,
6,0.0033018639332106515,0.06483875177005326,0.10353757425581513,tumor_080,0,0.0,ITC,6185,0.0,,,-0.07860297709703445,0.046935517340898514,,,,
7,0.004363859678549538,0.07454018185116365,0.12997843141819085,tumor_080,0,0.0,ITC,6185,0.0,,,-0.07860297709703445,0.046935517340898514,,,,
8,0.010025364063720657,0.11298092748909415,0.15780684534860015,tumor_080,1,0.0625,ITC,6185,0.00016168148746968473,0.997568093385214,0.09229125082492828,-0.07860297709703445,0.046935517340898514,3.641042947769165,1.0,0.7592996855491343,False
9,0.0038326550849368288,0.06985619525476516,0.1232322756428046,tumor_080,1,0.2475980818271637,ITC,6185,0.00016168148746968473,0.9988651102464332,0.17312146723270416,-0.07860297709703445,0.046935517340898514,5.363197326660156,1.0,1.6474383403020891,True
10,0.012928214234521637,0.12829931257103827,0.22579468087693946,tumor_080,0,0.0,micro,6185,0.0,,,-0.07860297709703445,0.046935517340898514,,,,
11,0.029131952813316375,0.19259271621033125,0.3282354040779217,tumor_080,1,0.140625,micro,6185,0.00016168148746968473,0.9954604409857328,0.07286202907562256,-0.07860297709703445,0.046935517340898514,3.2270870208740234,1.0,0.5964622603442383,False
0,0.02942675980139287,0.19356475467542236,0.3026699877354178,tumor_081,1,0.359375,micro,3253,0.0003074085459575776,0.9996924969249692,0.21957574784755707,-0.08492036163806915,0.05445775017142296,5.591419219970703,1.0,1.9328973579854272,True
0,6.478631474157095,2.8720810901962146,4.352935420944872,tumor_082,117,1.0,macro,2713,0.04312569111684482,0.9557943535821455,0.11307942867279053,-0.10107020288705826,0.05604557693004608,3.820990562438965,0.3976362009125777,0.9233695409356011,True
1,0.8705454395823731,1.0528118916336064,2.2522700258631505,tumor_082,19,1.0,macro,2713,0.007003317360855142,0.7722029366739257,-0.020918533205986023,-0.10107020288705826,0.05604557693004608,1.4301159381866455,0.6275601282196527,0.1293499031579727,True
2,6.355978102074388,2.8447640789759454,4.3323498465724715,tumor_082,121,1.0,macro,2713,0.044600073719130114,0.9107465102027689,0.06533866375684738,-0.10107020288705826,0.05604557693004608,2.969170331954956,0.3933840610977434,0.5575628627242172,True
3,0.5763462225224393,0.8566369137355111,1.8802927707259447,tumor_082,15,0.515625,micro,2713,0.0055289347585698485,0.6454185443124403,-0.06175638362765312,-0.10107020288705826,0.05604557693004608,0.7014616131782532,0.6574607669543969,0.031119415676768784,False
0,1.7560859709822414,1.4952986665576997,2.1859617108462355,tumor_083,39,0.921875,macro,7475,0.0052173913043478265,0.9543471416363064,0.08510816097259521,-0.08448291569948196,0.05281395837664604,3.2111032009124756,0.589255470900078,0.578025256552824,True
1,1.1252589998163431,1.1969646012457116,1.6839027767715837,tumor_083,25,1.0,micro,7475,0.0033444816053511705,0.9949912292538119,0.17942927777767181,-0.08448291569948196,0.05281395837664604,4.997015953063965,0.6391119455261858,1.3997799226726937,True
2,0.020220534060158987,0.16045430371622532,0.6223300739050058,tumor_083,0,0.0,micro,7475,0.0,,,-0.08448291569948196,0.05281395837664604,,,,
3,0.021611367606102435,0.1658808242440883,0.6549095526169207,tumor_083,0,0.0,micro,7475,0.0,,,-0.08448291569948196,0.05281395837664604,,,,
4,0.01819612667179715,0.15221047283134745,0.6693680727080152,tumor_083,0,0.0,micro,7475,0.0,,,-0.08448291569948196,0.05281395837664604,,,,
0,1.484519439425796,1.3748268455354657,1.9457181671765942,tumor_084,34,0.8203125,micro,2254,0.015084294587400177,0.9970414201183432,0.18147118389606476,-0.06886129826307297,0.05921711400151253,4.227366924285889,0.5432448648656899,1.1573550792335654,True
1,0.004840150002666556,0.07850267757118264,0.10959796926449522,tumor_084,0,0.0,ITC,2254,0.0,,,-0.06886129826307297,0.05921711400151253,,,,
2,0.002242825078079773,0.05343831566708382,0.06587592947506565,tumor_084,0,0.0,ITC,2254,0.0,,,-0.06886129826307297,0.05921711400151253,,,,
3,0.002917867380464081,0.06095198220812567,0.13925290294426154,tumor_084,0,0.0,ITC,2254,0.0,,,-0.06886129826307297,0.05921711400151253,,,,
4,0.001061262769194563,0.03675923999613789,0.05818601302779424,tumor_084,1,0.06855994462966919,ITC,2254,0.00044365572315882877,0.9927173418297679,0.11841464042663574,-0.06886129826307297,0.05921711400151253,3.1625308990478516,1.0,0.6477333923195483,False
5,0.002972565556758253,0.06152063081749328,0.08412519598100333,tumor_084,0,0.0,ITC,2254,0.0,,,-0.06886129826307297,0.05921711400151253,,,,
6,0.0048725277915500275,0.07876480855701094,0.09529833956438954,tumor_084,0,0.0,ITC,2254,0.0,,,-0.06886129826307297,0.05921711400151253,,,,
7,0.0009781581665372601,0.03529064548348305,0.04752836616457817,tumor_084,0,0.0,ITC,2254,0.0,,,-0.06886129826307297,0.05921711400151253,,,,
8,0.00077627670823314,0.03143861006118549,0.03492438573841092,tumor_084,1,0.050149209797382355,ITC,2254,0.00044365572315882877,0.3896222121074192,-0.089230477809906,-0.06886129826307297,0.05921711400151253,-0.3439745306968689,1.0,0.007662655579969534,False
9,0.003551038346199686,0.06724077964488807,0.1170984564943518,tumor_084,0,0.0,ITC,2254,0.0,,,-0.06886129826307297,0.05921711400151253,,,,
10,0.0011760821380836896,0.038696696061354306,0.05007119570880614,tumor_084,0,0.0,ITC,2254,0.0,,,-0.06886129826307297,0.05921711400151253,,,,
11,0.0043974637616794,0.07482663134145526,0.10719417017516297,tumor_084,1,0.2840859889984131,ITC,2254,0.00044365572315882877,1.0,0.22827404737472534,-0.06886129826307297,0.05921711400151253,5.017727851867676,1.0,1.6305755919377027,True
12,0.000900640858416358,0.03386342505624512,0.043826600316404896,tumor_084,0,0.0,ITC,2254,0.0,,,-0.06886129826307297,0.05921711400151253,,,,
13,0.0025691086053285543,0.0571934495464622,0.08935803643453116,tumor_084,0,0.0,ITC,2254,0.0,,,-0.06886129826307297,0.05921711400151253,,,,
14,0.00042876535642813257,0.023364952540434684,0.027803119161648005,tumor_084,0,0.0,ITC,2254,0.0,,,-0.06886129826307297,0.05921711400151253,,,,
15,0.0010280806252100944,0.03618000700930753,0.05442092362879559,tumor_084,0,0.0,ITC,2254,0.0,,,-0.06886129826307297,0.05921711400151253,,,,
16,0.0022874412072351464,0.053967217839245046,0.07543315702281114,tumor_084,0,0.0,ITC,2254,0.0,,,-0.06886129826307297,0.05921711400151253,,,,
17,0.0009036400030759334,0.033919760997402126,0.03832914574242344,tumor_084,0,0.0,ITC,2254,0.0,,,-0.06886129826307297,0.05921711400151253,,,,
18,0.0008762836441220227,0.033402379976594385,0.050477690175737944,tumor_084,0,0.0,ITC,2254,0.0,,,-0.06886129826307297,0.05921711400151253,,,,
19,0.00017350428489722156,0.01486312607469029,0.020918932165514683,tumor_084,0,0.0,ITC,2254,0.0,,,-0.06886129826307297,0.05921711400151253,,,,
20,0.0006368004821894331,0.028474542244433115,0.040919564365712466,tumor_084,0,0.0,ITC,2254,0.0,,,-0.06886129826307297,0.05921711400151253,,,,
21,0.0011513753575341683,0.038288074331912926,0.04906439191967433,tumor_084,1,0.07438141852617264,ITC,2254,0.00044365572315882877,0.9977241693218024,0.1666446477174759,-0.06886129826307297,0.05921711400151253,3.9769911766052246,1.0,1.0243207883447596,True
22,0.0009524882504832516,0.034824498652685394,0.06507828875066128,tumor_084,0,0.0,ITC,2254,0.0,,,-0.06886129826307297,0.05921711400151253,,,,
23,0.0020968757177002146,0.05167035014561871,0.07324221598777905,tumor_084,0,0.0,ITC,2254,0.0,,,-0.06886129826307297,0.05921711400151253,,,,
24,0.0010273689167656175,0.03616748169084644,0.06852013235261409,tumor_084,0,0.0,ITC,2254,0.0,,,-0.06886129826307297,0.05921711400151253,,,,
25,0.00046337844768552593,0.02428974606230385,0.03653034037914135,tumor_084,0,0.0,ITC,2254,0.0,,,-0.06886129826307297,0.05921711400151253,,,,
26,0.00020731868654515816,0.016247041271316112,0.021848544686442595,tumor_084,0,0.0,ITC,2254,0.0,,,-0.06886129826307297,0.05921711400151253,,,,
27,0.00043758536152956105,0.023604045977261397,0.034593144892978225,tumor_084,0,0.0,ITC,2254,0.0,,,-0.06886129826307297,0.05921711400151253,,,,
28,0.0004211232171893406,0.02315579265176563,0.032566710524885085,tumor_084,0,0.0,ITC,2254,0.0,,,-0.06886129826307297,0.05921711400151253,,,,
29,0.0005788522239343129,0.027148067004320233,0.042962040723546195,tumor_084,0,0.0,ITC,2254,0.0,,,-0.06886129826307297,0.05921711400151253,,,,
30,0.0010672411836723404,0.03686263255414061,0.053797597402220274,tumor_084,1,0.06894616037607193,ITC,2254,0.00044365572315882877,0.9886208466090123,0.09660094976425171,-0.06886129826307297,0.05921711400151253,2.7941627502441406,1.0,0.5056268513263237,False
31,0.0005060952891282606,0.025384651573781294,0.029011559768477583,tumor_084,0,0.0,ITC,2254,0.0,,,-0.06886129826307297,0.05921711400151253,,,,
32,0.0009183589524882031,0.03419489632342143,0.04791018368790527,tumor_084,0,0.0,ITC,2254,0.0,,,-0.06886129826307297,0.05921711400151253,,,,
33,0.00034502831439772795,0.02095957284737701,0.029042118386104265,tumor_084,0,0.0,ITC,2254,0.0,,,-0.06886129826307297,0.05921711400151253,,,,
34,0.004286189748921621,0.07387385386295672,0.14697307150036024,tumor_084,0,0.0,ITC,2254,0.0,,,-0.06886129826307297,0.05921711400151253,,,,
35,0.0014876215351068449,0.043521242699372256,0.06095098463702966,tumor_084,0,0.0,ITC,2254,0.0,,,-0.06886129826307297,0.05921711400151253,,,,
36,0.001209163204827979,0.039237155967598955,0.04964881161646623,tumor_084,1,0.07811464369297028,ITC,2254,0.00044365572315882877,0.999089667728721,0.17811714112758636,-0.06886129826307297,0.05921711400151253,4.170727252960205,1.0,1.1265495838644173,True
37,0.005705285636681076,0.08523024865992047,0.13593006992979834,tumor_084,0,0.0,ITC,2254,0.0,,,-0.06886129826307297,0.05921711400151253,,,,
38,0.0014989257870045949,0.043686286024764404,0.06020697725561293,tumor_084,0,0.0,ITC,2254,0.0,,,-0.06886129826307297,0.05921711400151253,,,,
39,0.0013709855019191151,0.04178029387524701,0.06897515875932002,tumor_084,0,0.0,ITC,2254,0.0,,,-0.06886129826307297,0.05921711400151253,,,,
40,0.01187043269641452,0.12293862014107777,0.2046217580802101,tumor_084,1,0.171875,micro,2254,0.00044365572315882877,1.0,0.24642038345336914,-0.06886129826307297,0.05921711400151253,5.324164867401123,1.0,1.8358184171224035,True
41,0.0010356453112631064,0.03631287050922501,0.05514093088753649,tumor_084,1,0.06690499931573868,ITC,2254,0.00044365572315882877,0.9954483386436049,0.14960135519504547,-0.06886129826307297,0.05921711400151253,3.689180850982666,1.0,0.8814275550889072,False
42,0.005296356712965523,0.08211900395140728,0.15090934612696782,tumor_084,1,0.171875,ITC,2254,0.00044365572315882877,0.9672280382339554,0.05844312906265259,-0.06886129826307297,0.05921711400151253,2.1497912406921387,1.0,0.29930867876653966,False
43,0.005427652734133038,0.08313063271855996,0.10648713596537727,tumor_084,0,0.0,ITC,2254,0.0,,,-0.06886129826307297,0.05921711400151253,,,,
44,0.0011073688757296772,0.037549245574151596,0.053671167902850564,tumor_084,0,0.0,ITC,2254,0.0,,,-0.06886129826307297,0.05921711400151253,,,,
45,0.0017785072447203943,0.047586403043054046,0.061448527366251095,tumor_084,0,0.0,ITC,2254,0.0,,,-0.06886129826307297,0.05921711400151253,,,,
46,0.04543440414606591,0.2405179412232076,0.40556554103064346,tumor_084,2,0.265625,micro,2254,0.0008873114463176575,0.948111060537096,0.059437453746795654,-0.06886129826307297,0.05921711400151253,2.1665823459625244,0.9102194651072765,0.30400248375818456,False
47,0.29760021154156996,0.615561822935988,0.9979647034826251,tumor_084,10,0.2578125,micro,2254,0.0044365572315882874,0.9793354574419664,0.13651499152183533,-0.06886129826307297,0.05921711400151253,3.468191623687744,0.7017555187658469,0.7789918281073382,True
48,0.00099666746760253,0.03562297619097249,0.042130564603494486,tumor_084,1,0.06438694149255753,ITC,2254,0.00044365572315882877,0.9877105143377333,0.09238435328006744,-0.06886129826307297,0.05921711400151253,2.722956895828247,1.0,0.4801846411416603,False
49,0.006155081603400782,0.08852622943806987,0.2373816801624277,tumor_084,1,0.25,micro,2254,0.00044365572315882877,0.9936276741010469,0.1296134889125824,-0.06886129826307297,0.05921711400151253,3.3516459465026855,1.0,0.7275167596884439,False
50,0.0009101129745812574,0.03404103155624701,0.03983467283050653,tumor_084,0,0.0,ITC,2254,0.0,,,-0.06886129826307297,0.05921711400151253,,,,
51,0.002276743188343569,0.053840871655327506,0.08462376874879776,tumor_084,0,0.0,ITC,2254,0.0,,,-0.06886129826307297,0.05921711400151253,,,,
52,0.0007052930870189324,0.02996676574174869,0.03518410005069449,tumor_084,0,0.0,ITC,2254,0.0,,,-0.06886129826307297,0.05921711400151253,,,,
53,0.0007178965092145328,0.030233329696863927,0.033787070516733554,tumor_084,0,0.0,ITC,2254,0.0,,,-0.06886129826307297,0.05921711400151253,,,,
0,15.572899390205492,4.452867764687352,7.315433489450126,tumor_085,282,1.0,macro,2882,0.09784871616932686,0.933986839529596,0.05943002924323082,-0.09956628829240799,0.06639917939901352,2.39455246925354,0.2917728778966289,0.3598863258472385,True
1,0.0009315154310632897,0.03443896460930267,0.039326808952643975,tumor_085,0,0.0,ITC,2882,0.0,,,-0.09956628829240799,0.06639917939901352,,,,
2,0.0012936067592830152,0.040584125976246374,0.04894030811147322,tumor_085,0,0.0,ITC,2882,0.0,,,-0.09956628829240799,0.06639917939901352,,,,
3,0.0010605824004036055,0.03674745504989445,0.04505832045804637,tumor_085,0,0.0,ITC,2882,0.0,,,-0.09956628829240799,0.06639917939901352,,,,
4,0.001301350005974187,0.04070540859821549,0.05304725398135949,tumor_085,0,0.0,ITC,2882,0.0,,,-0.09956628829240799,0.06639917939901352,,,,
5,0.0005567263819781771,0.026624162806216996,0.032101962300350055,tumor_085,0,0.0,ITC,2882,0.0,,,-0.09956628829240799,0.06639917939901352,,,,
6,0.00037091344527505305,0.021731582229514705,0.02877470760874632,tumor_085,0,0.0,ITC,2882,0.0,,,-0.09956628829240799,0.06639917939901352,,,,
7,0.0008719299649268046,0.03331929938615683,0.04231420082566693,tumor_085,0,0.0,ITC,2882,0.0,,,-0.09956628829240799,0.06639917939901352,,,,
8,0.0022148032521861075,0.05310343759580351,0.08696781912517111,tumor_085,0,0.0,ITC,2882,0.0,,,-0.09956628829240799,0.06639917939901352,,,,
9,0.003568752023208378,0.06740827991650972,0.09714189611132541,tumor_085,0,0.0,ITC,2882,0.0,,,-0.09956628829240799,0.06639917939901352,,,,
10,0.002852655014946808,0.060267015626438256,0.0772917199129391,tumor_085,0,0.0,ITC,2882,0.0,,,-0.09956628829240799,0.06639917939901352,,,,
11,0.0011027188740316688,0.0374703252873918,0.05270580103977007,tumor_085,0,0.0,ITC,2882,0.0,,,-0.09956628829240799,0.06639917939901352,,,,
12,0.00042744363197634886,0.023328912005867546,0.03825537354443043,tumor_085,0,0.0,ITC,2882,0.0,,,-0.09956628829240799,0.06639917939901352,,,,
13,0.0003760632262062378,0.0218819233827026,0.027634092238179874,tumor_085,0,0.0,ITC,2882,0.0,,,-0.09956628829240799,0.06639917939901352,,,,
14,0.00052434055850768,0.025838172032876076,0.03887712296212088,tumor_085,1,0.03387356922030449,ITC,2882,0.00034698126301179735,0.9443736730360934,0.018153339624404907,-0.09956628829240799,0.06639917939901352,1.7729078531265259,1.0,0.19728267939703054,False
15,0.0004581995612268906,0.024153629142105695,0.030197602550475315,tumor_085,0,0.0,ITC,2882,0.0,,,-0.09956628829240799,0.06639917939901352,,,,
16,0.000380385258614027,0.022007306820728677,0.02718021590717402,tumor_085,0,0.0,ITC,2882,0.0,,,-0.09956628829240799,0.06639917939901352,,,,
17,0.0003405486423293152,0.020823064095362023,0.025083375860025903,tumor_085,0,0.0,ITC,2882,0.0,,,-0.09956628829240799,0.06639917939901352,,,,
18,0.00042253424623132896,0.02319455348366492,0.041893082339573236,tumor_085,0,0.0,ITC,2882,0.0,,,-0.09956628829240799,0.06639917939901352,,,,
19,0.0003547971684057455,0.021254218056053164,0.0261136221881479,tumor_085,0,0.0,ITC,2882,0.0,,,-0.09956628829240799,0.06639917939901352,,,,
20,0.000423218156522913,0.023213317146303942,0.03331958900181694,tumor_085,1,0.027340838685631752,ITC,2882,0.00034698126301179735,0.2721868365180467,-0.141029953956604,-0.09956628829240799,0.06639917939901352,-0.6244605183601379,1.0,0.024475219798055572,False
21,0.002098422666843338,0.05168940627433786,0.07717859998712609,tumor_085,0,0.0,ITC,2882,0.0,,,-0.09956628829240799,0.06639917939901352,,,,
22,0.0009535161993517314,0.03484328531525409,0.03829539625085183,tumor_085,0,0.0,ITC,2882,0.0,,,-0.09956628829240799,0.06639917939901352,,,,
23,0.0022088562391377755,0.05303209511517723,0.08467238585681855,tumor_085,0,0.0,ITC,2882,0.0,,,-0.09956628829240799,0.06639917939901352,,,,
24,0.005824021264246445,0.08611256692850963,0.183104738595084,tumor_085,1,0.234375,ITC,2882,0.00034698126301179735,0.8704883227176221,-0.023659229278564453,-0.09956628829240799,0.06639917939901352,1.1431927680969238,1.0,0.08202676179008628,False
25,0.0002592281547027998,0.018167540771285726,0.021564161202818385,tumor_085,0,0.0,ITC,2882,0.0,,,-0.09956628829240799,0.06639917939901352,,,,
26,0.0007282083104251299,0.030449689943217065,0.042992362339286584,tumor_085,0,0.0,ITC,2882,0.0,,,-0.09956628829240799,0.06639917939901352,,,,
27,0.0006491987167461462,0.028750399624222878,0.033028253362039364,tumor_085,0,0.0,ITC,2882,0.0,,,-0.09956628829240799,0.06639917939901352,,,,
28,0.00559960497616079,0.08443718665696837,0.14162521043609577,tumor_085,0,0.0,ITC,2882,0.0,,,-0.09956628829240799,0.06639917939901352,,,,
29,0.0011042923360843392,0.037497048833882295,0.05100216562590046,tumor_085,1,0.07133974879980087,ITC,2882,0.00034698126301179735,0.9779193205944798,0.06426838040351868,-0.09956628829240799,0.06639917939901352,2.4674198627471924,1.0,0.38212261680810117,False
30,0.00038662756954074953,0.022187147419714108,0.026700197155443067,tumor_085,0,0.0,ITC,2882,0.0,,,-0.09956628829240799,0.06639917939901352,,,,
31,0.005898662779983948,0.08666262581143622,0.18941981348614273,tumor_085,1,0.203125,ITC,2882,0.00034698126301179735,0.9932059447983015,0.11163609474897385,-0.09956628829240799,0.06639917939901352,3.180798053741455,1.0,0.6350220770692806,False
32,12.670160349024238,4.016484681224757,7.133065400230263,tumor_085,239,1.0,macro,2882,0.08292852185981957,0.9472661212234275,0.07956591993570328,-0.09956628829240799,0.06639917939901352,2.697807550430298,0.3125409596575392,0.4568131127922241,True
33,0.002216851884015518,0.05312799152564687,0.06893426069585551,tumor_085,0,0.0,ITC,2882,0.0,,,-0.09956628829240799,0.06639917939901352,,,,
34,0.001797588887939003,0.04784099975230915,0.08863915396097231,tumor_085,0,0.0,ITC,2882,0.0,,,-0.09956628829240799,0.06639917939901352,,,,
35,0.0006025249367014732,0.027697627625797965,0.032457819256950134,tumor_085,0,0.0,ITC,2882,0.0,,,-0.09956628829240799,0.06639917939901352,,,,
36,0.0009506174181022225,0.03479028152576218,0.06061516181400128,tumor_085,0,0.0,ITC,2882,0.0,,,-0.09956628829240799,0.06639917939901352,,,,
37,0.0005700733844344883,0.02694141749171712,0.0575069538180496,tumor_085,0,0.0,ITC,2882,0.0,,,-0.09956628829240799,0.06639917939901352,,,,
38,0.0005971672433456784,0.02757420804027205,0.04165131336541044,tumor_085,0,0.0,ITC,2882,0.0,,,-0.09956628829240799,0.06639917939901352,,,,
39,0.0011866820455426542,0.038870689566974766,0.04262182012918167,tumor_085,1,0.07666230946779251,ITC,2882,0.00034698126301179735,0.9787685774946921,0.06870616972446442,-0.09956628829240799,0.06639917939901352,2.534255266189575,1.0,0.40310422070821605,False
40,0.0006753757848239308,0.02932430999690146,0.036067233233774004,tumor_085,0,0.0,ITC,2882,0.0,,,-0.09956628829240799,0.06639917939901352,,,,
41,0.0004433405808269119,0.0237587617374029,0.03116307020231645,tumor_085,0,0.0,ITC,2882,0.0,,,-0.09956628829240799,0.06639917939901352,,,,
42,0.00018955361761176682,0.01553535200086915,0.02084281180438262,tumor_085,0,0.0,ITC,2882,0.0,,,-0.09956628829240799,0.06639917939901352,,,,
43,0.017525816704003463,0.14938059740581197,0.2214397118330237,tumor_085,0,0.0,micro,2882,0.0,,,-0.09956628829240799,0.06639917939901352,,,,
44,0.005853612282671036,0.0863310525700007,0.13196029231132286,tumor_085,0,0.0,ITC,2882,0.0,,,-0.09956628829240799,0.06639917939901352,,,,
45,0.00035168013162837985,0.021160648635779586,0.03213181647384521,tumor_085,0,0.0,ITC,2882,0.0,,,-0.09956628829240799,0.06639917939901352,,,,
46,0.0003976834015764885,0.022502138413314835,0.039273438447365215,tumor_085,0,0.0,ITC,2882,0.0,,,-0.09956628829240799,0.06639917939901352,,,,
47,0.0007954936227648812,0.031825366267945486,0.04220089176371104,tumor_085,0,0.0,ITC,2882,0.0,,,-0.09956628829240799,0.06639917939901352,,,,
48,0.0010894052809194833,0.037243440817276874,0.0606753631249665,tumor_085,0,0.0,ITC,2882,0.0,,,-0.09956628829240799,0.06639917939901352,,,,
49,0.0006026226663284569,0.027699873814209592,0.0350529145682185,tumor_085,0,0.0,ITC,2882,0.0,,,-0.09956628829240799,0.06639917939901352,,,,
0,0.02995379697191556,0.19529044733322534,0.285983210952003,tumor_086,1,0.796875,micro,6992,0.00014302059496567506,0.987408785233939,0.09822802245616913,-0.067574143409729,0.06418072432279587,2.5833640098571777,1.0,0.3769417161428602,False
1,0.031016271242246703,0.19872378588347323,0.30438757037081854,tumor_086,2,0.296875,micro,6992,0.0002860411899313501,0.9936328516239805,0.12735825777053833,-0.067574143409729,0.06418072432279587,3.0372421741485596,0.9217005970691136,0.5210289288503318,True
0,0.14169152305842134,0.42474374664229747,0.7466467079545712,tumor_087,4,0.4140625,micro,3622,0.0011043622308117063,0.9979241627456408,0.18446800112724304,-0.07684538513422012,0.05229208990931511,4.997187614440918,0.8308320560225173,1.523645482923768,True
1,0.000687289365563324,0.02958181872216726,0.04399894285839127,tumor_087,0,0.0,ITC,3622,0.0,,,-0.07684538513422012,0.05229208990931511,,,,
2,0.00035503218345502854,0.021261256210031696,0.02393405004943861,tumor_087,0,0.0,ITC,3622,0.0,,,-0.07684538513422012,0.05229208990931511,,,,
3,0.00018337271809329986,0.015279967149898014,0.019113061589386734,tumor_087,0,0.0,ITC,3622,0.0,,,-0.07684538513422012,0.05229208990931511,,,,
4,0.0007265011875695343,0.030413977729172304,0.061056953892165276,tumor_087,0,0.0,ITC,3622,0.0,,,-0.07684538513422012,0.05229208990931511,,,,
5,0.0008769214522285195,0.033414533822933065,0.0625040359396222,tumor_087,0,0.0,ITC,3622,0.0,,,-0.07684538513422012,0.05229208990931511,,,,
6,0.0014299988526486282,0.04267002563999868,0.07762266376077505,tumor_087,1,0.09238111972808838,ITC,3622,0.0002760905577029266,0.9200110711320233,-0.007106810808181763,-0.07684538513422012,0.05229208990931511,1.3336352109909058,1.0,0.10851923543948201,False
7,0.0037645897605332796,0.06923311745700932,0.18012076412004777,tumor_087,1,0.15625,ITC,3622,0.0002760905577029266,0.9955715471907003,0.09830543398857117,-0.07684538513422012,0.05229208990931511,3.349470376968384,1.0,0.6845180446028228,False
8,0.033162417140417774,0.2054840648376002,0.29858072222353776,tumor_087,2,0.3203125,micro,3622,0.0005521811154058532,0.569056185995018,0.000846177339553833,-0.07684538513422012,0.05229208990931511,1.4857230186462402,0.9154160280112587,0.13468161724896177,False
9,0.008569193418613244,0.10445398952200284,0.12251297528833427,tumor_087,0,0.0,ITC,3622,0.0,,,-0.07684538513422012,0.05229208990931511,,,,
10,0.014144421546491226,0.13419849794389174,0.18004683866767196,tumor_087,1,0.203125,ITC,3622,0.0002760905577029266,0.9986161084970938,0.1440296173095703,-0.07684538513422012,0.05229208990931511,4.223870277404785,1.0,1.0885634851237223,True
0,0.7066944099031701,0.9485732806336034,1.5484614056762447,tumor_088,15,1.0,micro,4818,0.00311332503113325,0.9982322683474607,0.2917400896549225,-0.09958259016275406,0.06721370667219162,5.822066307067871,0.6806587573460762,1.9985848864599036,True
1,0.012663773766389946,0.12698038252008628,0.14121819885937237,tumor_088,1,0.171875,ITC,4818,0.00020755500207555002,0.9963051510541187,0.19753798842430115,-0.09958259016275406,0.06721370667219162,4.420535564422607,1.0,1.1521740305747403,True
2,3.440987561845404,2.093131968291393,3.127997532382491,tumor_088,65,1.0,macro,4818,0.013491075134910751,0.9988965609482888,0.3063161075115204,-0.09958259016275406,0.06721370667219162,6.0389275550842285,0.507743978474024,2.150244986554079,True
3,0.003037131265964344,0.06218517211021748,0.10217564876231518,tumor_088,0,0.0,ITC,4818,0.0,,,-0.09958259016275406,0.06721370667219162,,,,
4,0.0018136823302975446,0.048054677863057775,0.07278977293194083,tumor_088,0,0.0,ITC,4818,0.0,,,-0.09958259016275406,0.06721370667219162,,,,
5,0.0008398420273912067,0.03270045994485454,0.07216829956015375,tumor_088,1,0.05425567179918289,ITC,4818,0.00020755500207555002,0.9976092153879591,0.22362281382083893,-0.09958259016275406,0.06721370667219162,4.808623313903809,1.0,1.363357714032715,True
6,0.003008988146841854,0.06189638679437131,0.11933908094041176,tumor_088,0,0.0,ITC,4818,0.0,,,-0.09958259016275406,0.06721370667219162,,,,
7,0.023333884825269286,0.172364801777592,0.3814243986768545,tumor_088,0,0.0,micro,4818,0.0,,,-0.09958259016275406,0.06721370667219162,,,,
8,0.007808075503988709,0.09970732420417448,0.16695835804224282,tumor_088,0,0.0,ITC,4818,0.0,,,-0.09958259016275406,0.06721370667219162,,,,
9,0.008869951460345376,0.10627122357060324,0.22654734900806,tumor_088,0,0.0,micro,4818,0.0,,,-0.09958259016275406,0.06721370667219162,,,,
10,0.0003665344134539452,0.02160291900914946,0.02882607577672666,tumor_088,0,0.0,ITC,4818,0.0,,,-0.09958259016275406,0.06721370667219162,,,,
11,0.004556935619333061,0.07617132421946643,0.17806214754511776,tumor_088,0,0.0,ITC,4818,0.0,,,-0.09958259016275406,0.06721370667219162,,,,
12,0.01855170869027337,0.15369049784180877,0.25537411051263625,tumor_088,0,0.0,micro,4818,0.0,,,-0.09958259016275406,0.06721370667219162,,,,
13,0.010555233152147988,0.11592816850625391,0.3311943806485671,tumor_088,0,0.0,micro,4818,0.0,,,-0.09958259016275406,0.06721370667219162,,,,
14,0.01396951738538729,0.13336619495187096,0.23143504234375684,tumor_088,0,0.0,micro,4818,0.0,,,-0.09958259016275406,0.06721370667219162,,,,
15,0.2660439058876132,0.5820117022980802,0.9377084176198494,tumor_088,8,0.625,micro,4818,0.0016604400166044002,0.988996957183221,0.20779523253440857,-0.09958259016275406,0.06721370667219162,4.573142051696777,0.754786138869969,1.233098268092405,True
16,0.000686789679022193,0.029571063191015396,0.038291253096896856,tumor_088,0,0.0,ITC,4818,0.0,,,-0.09958259016275406,0.06721370667219162,,,,
17,0.8213945647679088,1.0226592989324594,1.2418802887829083,tumor_088,18,1.0,micro,4818,0.0037359900373599006,0.9976454393972325,0.2743949294090271,-0.09958259016275406,0.06721370667219162,5.564006805419922,0.6591588632578935,1.825339321030756,True
18,0.019860114562214173,0.15901787076797924,0.19579617796523094,tumor_088,2,0.125,ITC,4818,0.00041511000415110004,0.9983699195826994,0.2642745077610016,-0.09958259016275406,0.06721370667219162,5.413435935974121,0.9182620462899896,1.7278829034542897,True
19,0.009667208098649667,0.11094445294103161,0.13942277205051548,tumor_088,1,0.046875,ITC,4818,0.00020755500207555002,0.9989132797217997,0.28543537855148315,-0.09958259016275406,0.06721370667219162,5.728265762329102,1.0,1.9347044117032832,True
20,0.6518853239660793,0.9110467458402477,1.3330555116827514,tumor_088,14,0.96875,micro,4818,0.0029057700290577005,0.9987735585431738,0.2832120656967163,-0.09958259016275406,0.06721370667219162,5.695187091827393,0.6887945996232755,1.912424485702748,True
21,0.031855206793131544,0.20139341844939043,0.26598811523825644,tumor_088,1,0.5625,micro,4818,0.00020755500207555002,0.997174527276679,0.21183931827545166,-0.09958259016275406,0.06721370667219162,4.633309364318848,1.0,1.2657586443870041,True
22,0.28730590063603306,0.6048216548087119,0.9631073783966146,tumor_088,7,0.578125,micro,4818,0.0014528850145288502,0.9973608221815133,0.2536829710006714,-0.09958259016275406,0.06721370667219162,5.255856037139893,0.7705325533332859,1.6287529912007548,True
23,0.0016227753825835878,0.04545527240406944,0.058320856609533026,tumor_088,0,0.0,ITC,4818,0.0,,,-0.09958259016275406,0.06721370667219162,,,,
24,3.514093741802026,2.115250130828195,3.1399107526214998,tumor_088,67,1.0,macro,4818,0.013906185139061852,0.9990462813080868,0.30329278111457825,-0.09958259016275406,0.06721370667219162,5.993946552276611,0.5041702825495685,2.118332046921687,True
25,0.8629838937912399,1.048229564572826,1.2581584108802257,tumor_088,17,1.0,micro,4818,0.0035284350352843504,0.9965992047764552,0.25770166516304016,-0.09958259016275406,0.06721370667219162,5.315645694732666,0.6658991514904924,1.6660205594868127,True
0,58.19213514115421,8.607701647611298,14.340758295546207,tumor_089,1008,1.0,macro,9328,0.10806174957118353,0.9888991400778127,0.1671435534954071,-0.09228374063968658,0.051012665033340454,5.085546970367432,0.24342052383845347,1.414693251778996,True
1,0.01770159783096689,0.15012786005064224,0.2123720175367933,tumor_089,1,0.515625,micro,9328,0.0001072041166380789,0.9885336570888978,0.06411699950695038,-0.09228374063968658,0.051012665033340454,3.065919876098633,1.0,0.5141721436263905,False
2,0.0029024789321770304,0.06079104337160601,0.09939374226761517,tumor_089,0,0.0,ITC,9328,0.0,,,-0.09228374063968658,0.051012665033340454,,,,
3,0.007260254066222191,0.0961459441783082,0.16855657777430166,tumor_089,0,0.0,ITC,9328,0.0,,,-0.09228374063968658,0.051012665033340454,,,,
4,0.003329165361146639,0.06510625921349207,0.11647671104098004,tumor_089,0,0.0,ITC,9328,0.0,,,-0.09228374063968658,0.051012665033340454,,,,
5,0.0025045658881984434,0.056470455383758014,0.08493213803993052,tumor_089,1,0.1618005484342575,ITC,9328,0.0001072041166380789,0.99365978686092,0.09670045971870422,-0.09228374063968658,0.051012665033340454,3.7046525478363037,1.0,0.7507267784177993,False
6,0.007645050906319336,0.09866094027242582,0.17882219562022444,tumor_089,1,0.171875,ITC,9328,0.0001072041166380789,0.9933899905571294,0.09519487619400024,-0.09228374063968658,0.051012665033340454,3.6751387119293213,1.0,0.7388128035842287,False
7,0.004542070959151989,0.07604698784426299,0.1608363272575805,tumor_089,0,0.0,ITC,9328,0.0,,,-0.09228374063968658,0.051012665033340454,,,,
8,0.015081711271421883,0.13857355878035452,0.23864971360257617,tumor_089,1,0.625,micro,9328,0.0001072041166380789,0.9951436665317686,0.10596669465303421,-0.09228374063968658,0.051012665033340454,3.886298418045044,1.0,0.8261506214098134,False
9,0.0021415498476921387,0.05221787005521381,0.06545715421096292,tumor_089,0,0.0,ITC,9328,0.0,,,-0.09228374063968658,0.051012665033340454,,,,
10,0.003061471903756176,0.06243386174951863,0.12414826902057707,tumor_089,1,0.19777792692184448,ITC,9328,0.0001072041166380789,0.9763928234183191,0.02984723448753357,-0.09228374063968658,0.051012665033340454,2.3941304683685303,1.0,0.313532502978432,False
11,0.00412824225508762,0.07249993992703872,0.10214767238441423,tumor_089,0,0.0,ITC,9328,0.0,,,-0.09228374063968658,0.051012665033340454,,,,
12,0.00023692035178585913,0.01736825727718017,0.021979898148077336,tumor_089,0,0.0,ITC,9328,0.0,,,-0.09228374063968658,0.051012665033340454,,,,
13,0.00046360229886208533,0.024295612359875526,0.029348403806419752,tumor_089,0,0.0,ITC,9328,0.0,,,-0.09228374063968658,0.051012665033340454,,,,
14,0.0011161266294786214,0.037697434416471255,0.046009787873242496,tumor_089,0,0.0,ITC,9328,0.0,,,-0.09228374063968658,0.051012665033340454,,,,
15,0.0016805796770840722,0.04625776154270428,0.08563969519232766,tumor_089,0,0.0,ITC,9328,0.0,,,-0.09228374063968658,0.051012665033340454,,,,
16,0.04288576983891174,0.2336746842627865,0.3626866174733361,tumor_089,2,0.515625,micro,9328,0.0002144082332761578,0.9906245784432753,0.1318904459476471,-0.09228374063968658,0.051012665033340454,4.394481182098389,0.9241697655109844,1.056336193608489,True
17,0.12451370811744947,0.3981655146251974,0.6378256727308489,tumor_089,4,0.4375,micro,9328,0.0004288164665523156,0.8628085795224606,0.11643292009830475,-0.09228374063968658,0.051012665033340454,4.091467380523682,0.8483395310219688,0.9156829514963486,True
18,0.004817254726408284,0.07831678756643044,0.1378735420131805,tumor_089,0,0.0,ITC,9328,0.0,,,-0.09228374063968658,0.051012665033340454,,,,
19,0.12105201330393932,0.3925916584803892,0.651852091907986,tumor_089,4,0.234375,micro,9328,0.0004288164665523156,0.8232159719411845,0.08516309410333633,-0.09228374063968658,0.051012665033340454,3.4784860610961914,0.8483395310219688,0.6618620453144106,True
20,0.14711142427892662,0.4327910383478866,0.5715667666914444,tumor_089,4,0.4921875,micro,9328,0.0004288164665523156,0.9755497099689734,0.1267814338207245,-0.09228374063968658,0.051012665033340454,4.2943291664123535,0.8483395310219688,1.0087361933995767,True
21,0.08336310537483312,0.32579318951623576,0.5153599776952029,tumor_089,4,0.28125,micro,9328,0.0004288164665523156,0.9958181572912451,0.14548392593860626,-0.09228374063968658,0.051012665033340454,4.660953521728516,0.8483395310219688,1.1883284279673305,True
22,0.009460349742974477,0.10975104281864585,0.16959505547739792,tumor_089,2,0.046875,ITC,9328,0.0002144082332761578,0.9423310400647511,0.0888323187828064,-0.09228374063968658,0.051012665033340454,3.5504136085510254,0.9241697655109844,0.6895167827021139,True
23,0.0013653324222163983,0.04169406710402529,0.05257999620197023,tumor_089,0,0.0,ITC,9328,0.0,,,-0.09228374063968658,0.051012665033340454,,,,
24,0.0009226883106084939,0.034275402908377536,0.052578396008109096,tumor_089,1,0.05960772559046745,ITC,9328,0.0001072041166380789,0.9921759071900715,0.08803515881299973,-0.09228374063968658,0.051012665033340454,3.5347867012023926,1.0,0.6834604167057126,False
25,0.0028043526021612223,0.05975460342477911,0.06992478666576502,tumor_089,1,0.18116743862628937,ITC,9328,0.0001072041166380789,0.9997302036962094,0.17909207940101624,-0.09228374063968658,0.051012665033340454,5.3197736740112305,1.0,1.5480081902077547,True
26,0.0005223338210049105,0.02578868116938263,0.02966717544504916,tumor_089,0,0.0,ITC,9328,0.0,,,-0.09228374063968658,0.051012665033340454,,,,
27,0.003099026818174679,0.06281563097744691,0.09158956579490919,tumor_089,0,0.0,ITC,9328,0.0,,,-0.09228374063968658,0.051012665033340454,,,,
28,0.005363058706775059,0.08263448690590526,0.13017914391686053,tumor_089,0,0.0,ITC,9328,0.0,,,-0.09228374063968658,0.051012665033340454,,,,
29,0.004573495193993935,0.07630959925624883,0.151413473543473,tumor_089,1,0.29545798897743225,ITC,9328,0.0001072041166380789,0.9905571293673276,0.07749626040458679,-0.09228374063968658,0.051012665033340454,3.328193187713623,1.0,0.6059042473808817,False
30,0.0018033201042201576,0.047917204306063596,0.05692222479849075,tumor_089,0,0.0,ITC,9328,0.0,,,-0.09228374063968658,0.051012665033340454,,,,
31,0.19807404861963593,0.5021909113955725,0.743527369416773,tumor_089,7,0.4375,micro,9328,0.0007504288164665523,0.9634426008363686,0.09049584716558456,-0.09228374063968658,0.051012665033340454,3.5830235481262207,0.7871176179664797,0.7022411376676528,True
32,0.0013054001958708516,0.04076870308322053,0.05102829270676738,tumor_089,0,0.0,ITC,9328,0.0,,,-0.09228374063968658,0.051012665033340454,,,,
33,0.057993822306909394,0.2717352165463675,0.4885043891117875,tumor_089,2,0.421875,micro,9328,0.0002144082332761578,0.9952111156077161,0.1226615458726883,-0.09228374063968658,0.051012665033340454,4.21356725692749,0.9241697655109844,0.9711510929814257,True
34,0.00047825493257841684,0.024676569709412396,0.027655068330790022,tumor_089,0,0.0,ITC,9328,0.0,,,-0.09228374063968658,0.051012665033340454,,,,
35,0.002014140628108143,0.05064072961920085,0.07912296920917226,tumor_089,0,0.0,ITC,9328,0.0,,,-0.09228374063968658,0.051012665033340454,,,,
36,0.0028163312747912523,0.05988208705563471,0.12797321908288634,tumor_089,0,0.0,ITC,9328,0.0,,,-0.09228374063968658,0.051012665033340454,,,,
37,0.0032453240531514415,0.06428121747410058,0.14529277933411758,tumor_089,1,0.046875,ITC,9328,0.0001072041166380789,0.9875893700256306,0.05824751406908035,-0.09228374063968658,0.051012665033340454,2.9508605003356934,1.0,0.4763040785333253,False
38,0.006472793888725488,0.0907822512611655,0.09778538649342039,tumor_089,0,0.0,ITC,9328,0.0,,,-0.09228374063968658,0.051012665033340454,,,,
39,0.002223869698940246,0.05321201784398898,0.06988032577734372,tumor_089,0,0.0,ITC,9328,0.0,,,-0.09228374063968658,0.051012665033340454,,,,
40,0.00874429526740955,0.10551579277675155,0.1754418349574867,tumor_089,1,0.046875,ITC,9328,0.0001072041166380789,0.399568325913935,-0.10774611681699753,-0.09228374063968658,0.051012665033340454,-0.3031085729598999,1.0,0.005025547498404666,False
41,0.017925708846868116,0.15107521759455267,0.30808606172361,tumor_089,1,0.46875,micro,9328,0.0001072041166380789,0.997032240658303,0.1264258772134781,-0.09228374063968658,0.051012665033340454,4.287359237670898,1.0,1.005464383803981,True
42,0.05465238375412656,0.26379078113117505,0.3753623736415188,tumor_089,2,0.359375,micro,9328,0.0002144082332761578,0.8697558343450694,0.04523292928934097,-0.09228374063968658,0.051012665033340454,2.6957359313964844,0.9241697655109844,0.3975041224341105,False
43,0.0022168786000479127,0.05312831165638646,0.06658875420064478,tumor_089,0,0.0,ITC,9328,0.0,,,-0.09228374063968658,0.051012665033340454,,,,
44,0.009611013584307953,0.11062152846768898,0.21534759393625508,tumor_089,1,0.21875,micro,9328,0.0001072041166380789,0.978011601241063,0.03298157453536987,-0.09228374063968658,0.051012665033340454,2.4555728435516357,1.0,0.3298318463491472,False
45,0.0009164357719649162,0.03415907295398438,0.040742237321185926,tumor_089,0,0.0,ITC,9328,0.0,,,-0.09228374063968658,0.051012665033340454,,,,
46,0.016926091508790597,0.14680248310842103,0.22495613966906758,tumor_089,1,0.53125,micro,9328,0.0001072041166380789,0.9955483609874545,0.11036675423383713,-0.09228374063968658,0.051012665033340454,3.972552537918091,1.0,0.8632294361186948,False
47,0.018126189007725037,0.15191767718069987,0.23213777766439356,tumor_089,1,0.109375,micro,9328,0.0001072041166380789,0.9886685552407932,0.06634555757045746,-0.09228374063968658,0.051012665033340454,3.1096062660217285,1.0,0.5289294490084973,False
48,0.003392514232609612,0.06572277593829572,0.07256490233232592,tumor_089,0,0.0,ITC,9328,0.0,,,-0.09228374063968658,0.051012665033340454,,,,
49,0.006696581111321491,0.0923382471431046,0.11307009601349068,tumor_089,1,0.4326140880584717,ITC,9328,0.0001072041166380789,0.9886685552407932,0.06576716899871826,-0.09228374063968658,0.051012665033340454,3.0982680320739746,1.0,0.5250793201018302,False
50,0.003944442489987888,0.07086762420306053,0.08610521558963521,tumor_089,0,0.0,ITC,9328,0.0,,,-0.09228374063968658,0.051012665033340454,,,,
51,0.0003616750396287117,0.021459239567117303,0.027403768928089895,tumor_089,0,0.0,ITC,9328,0.0,,,-0.09228374063968658,0.051012665033340454,,,,
52,17.538943667179716,4.725598020349971,5.824219720515795,tumor_089,312,1.0,macro,9328,0.03344768439108062,0.9931798607436001,0.162185937166214,-0.09228374063968658,0.051012665033340454,4.988363265991211,0.3717160069078654,1.361140909827215,True
53,0.12791787622244194,0.40357167701035573,0.8346221183697015,tumor_089,4,0.84375,micro,9328,0.0004288164665523156,0.998212599487387,0.1706264466047287,-0.09228374063968658,0.051012665033340454,5.15382194519043,0.8483395310219688,1.4529335861829997,True
54,0.021420207206688677,0.16514555662196043,0.3084611569835642,tumor_089,1,0.25,micro,9328,0.0001072041166380789,0.9897477404559557,0.07335761189460754,-0.09228374063968658,0.051012665033340454,3.247063398361206,1.0,0.5767246029447337,False
55,0.0009937830596174182,0.03557139145989089,0.05949216616851084,tumor_089,0,0.0,ITC,9328,0.0,,,-0.09228374063968658,0.051012665033340454,,,,
56,0.0033630711754671252,0.06543695601388952,0.12128376418773132,tumor_089,0,0.0,ITC,9328,0.0,,,-0.09228374063968658,0.051012665033340454,,,,
57,0.0034402254797456476,0.06618331454088451,0.10785368571500294,tumor_089,0,0.0,ITC,9328,0.0,,,-0.09228374063968658,0.051012665033340454,,,,
58,0.028986945594030946,0.19211279346104698,0.24288302061865755,tumor_089,1,0.609375,micro,9328,0.0001072041166380789,0.9896128423040604,0.07182168960571289,-0.09228374063968658,0.051012665033340454,3.2169547080993652,1.0,0.5660787277498582,False
59,0.817941161209188,1.0205072423643728,1.664919184390809,tumor_089,19,0.859375,micro,9328,0.002036878216123499,0.9947531718815452,0.11810547113418579,-0.09228374063968658,0.051012665033340454,4.1242547035217285,0.6778786605632319,0.9304175613547215,True
60,0.017315104534075403,0.14847988353311675,0.2664048825195255,tumor_089,1,0.125,micro,9328,0.0001072041166380789,0.9959530554431404,0.11522688716650009,-0.09228374063968658,0.051012665033340454,4.0678253173828125,1.0,0.9051311933590852,False
61,0.06021418709915277,0.2768882160163613,0.6311742128386074,tumor_089,2,0.6796875,micro,9328,0.0002144082332761578,0.9945366248482396,0.10817623138427734,-0.09228374063968658,0.051012665033340454,3.929611921310425,0.9241697655109844,0.8446684398855651,True
62,0.018740277278418205,0.15446961549179797,0.26711384688415163,tumor_089,2,0.1640625,micro,9328,0.0002144082332761578,0.9919061108862809,0.08799993246793747,-0.09228374063968658,0.051012665033340454,3.5340962409973145,0.9241697655109844,0.6831934381464112,True
63,0.012955992359625825,0.12843707336109084,0.2057498736311884,tumor_089,1,0.0625,micro,9328,0.0001072041166380789,0.9955483609874545,0.10969656705856323,-0.09228374063968658,0.051012665033340454,3.9594149589538574,1.0,0.8575293265014163,False
64,0.06055404972934488,0.27766852668111575,0.48828853290180485,tumor_089,3,0.515625,micro,9328,0.00032161234991423673,0.9962678177975628,0.1382661759853363,-0.09228374063968658,0.051012665033340454,4.519464492797852,0.8798119219140181,1.1172771056812099,True
65,0.04297709255478868,0.2339233501780019,0.38303992186324387,tumor_089,1,0.78125,micro,9328,0.0001072041166380789,0.9978416295696749,0.13998784124851227,-0.09228374063968658,0.051012665033340454,4.553214073181152,1.0,1.1340261813404544,True
66,0.0006902734718677369,0.029645969052531196,0.03797627530861267,tumor_089,0,0.0,ITC,9328,0.0,,,-0.09228374063968658,0.051012665033340454,,,,
67,1.7551541686619774,1.4949019013457703,2.6180435072756683,tumor_089,37,0.734375,macro,9328,0.003966552315608919,0.9992744666965631,0.1967824250459671,-0.09228374063968658,0.051012665033340454,5.6665568351745605,0.6049659297247652,1.7564081368676527,True
68,0.08970778223417107,0.33796374925579975,0.47462093999050714,tumor_089,3,0.5625,micro,9328,0.00032161234991423673,0.9998201357974729,0.20207653939723969,-0.09228374063968658,0.051012665033340454,5.770337104797363,0.8798119219140181,1.82133281878783,True
69,0.016409696915434296,0.14454575410522982,0.22541711503313,tumor_089,1,0.46875,micro,9328,0.0001072041166380789,0.9986510184810468,0.15213721990585327,-0.09228374063968658,0.051012665033340454,4.791378021240234,1.0,1.2557633822337382,True
70,0.043025760186734,0.23405576111696438,0.36451354904041877,tumor_089,2,0.1640625,micro,9328,0.0002144082332761578,0.9964926480507217,0.13352279365062714,-0.09228374063968658,0.051012665033340454,4.426479816436768,0.9241697655109844,1.0717757311449014,True
71,0.0588593639644059,0.2737554926890809,0.5423441398552001,tumor_089,3,0.09375,micro,9328,0.00032161234991423673,0.9957731912406134,0.13123156130313873,-0.09228374063968658,0.051012665033340454,4.381565093994141,0.8798119219140181,1.0501358344681646,True
72,0.5547718598975233,0.8404507542550022,1.19784925445742,tumor_089,13,0.796875,micro,9328,0.0013936535162950257,0.9838641056771369,0.15490132570266724,-0.09228374063968658,0.051012665033340454,4.84556245803833,0.7193947884608941,1.2843261758930682,True
73,3.4760578243569458,2.1037714423761287,2.9182301182060724,tumor_089,65,1.0,macro,9328,0.006968267581475129,0.9852379914702861,0.12881609797477722,-0.09228374063968658,0.051012665033340454,4.334214687347412,0.5433224365589521,1.0275613987191152,True
74,0.20308696795349368,0.5085060064726383,0.6442179722423993,tumor_089,5,0.890625,micro,9328,0.0005360205831903945,0.9975718332658843,0.13987965881824493,-0.09228374063968658,0.051012665033340454,4.551093101501465,0.8239276480980581,1.132969926495473,True
75,0.016658957980618835,0.1456394317312634,0.3291674338745925,tumor_089,1,0.140625,micro,9328,0.0001072041166380789,0.9866450829623634,0.054060667753219604,-0.09228374063968658,0.051012665033340454,2.868785858154297,1.0,0.4501768986707026,False
76,0.0006680449623214531,0.029164726360601873,0.040605795015465664,tumor_089,0,0.0,ITC,9328,0.0,,,-0.09228374063968658,0.051012665033340454,,,,
77,15.663091756974241,4.465743814617556,7.807167420339338,tumor_089,293,1.0,macro,9328,0.03141080617495712,0.9820875512025963,0.12865082919597626,-0.09228374063968658,0.051012665033340454,4.33097505569458,0.3785896661486929,1.0260258604207213,True
78,0.02777501720365796,0.18805384936075298,0.26010587614135244,tumor_089,2,0.3203125,micro,9328,0.0002144082332761578,0.9952785646836638,0.11259405314922333,-0.09228374063968658,0.051012665033340454,4.016214370727539,0.9241697655109844,0.8823090092647305,True
79,0.03112577874126954,0.19907428853084327,0.3496277479227237,tumor_089,0,0.0,micro,9328,0.0,,,-0.09228374063968658,0.051012665033340454,,,,
80,0.0020808012165049725,0.05147191849530348,0.06806128416663415,tumor_089,0,0.0,ITC,9328,0.0,,,-0.09228374063968658,0.051012665033340454,,,,
81,0.019569933396896073,0.15785187071669887,0.20613264399350784,tumor_089,2,0.109375,micro,9328,0.0002144082332761578,0.9465803318494537,0.04987790435552597,-0.09228374063968658,0.051012665033340454,2.7867910861968994,0.9241697655109844,0.42481101362566004,False
82,0.14329204671519855,0.42713592722203675,0.8518244685768359,tumor_089,4,0.671875,micro,9328,0.0004288164665523156,0.9941319303925537,0.130324125289917,-0.09228374063968658,0.051012665033340454,4.363776206970215,0.8483395310219688,1.0416261690992583,True
83,0.009254211217278855,0.10854873411132515,0.16412505725907608,tumor_089,1,0.03125,ITC,9328,0.0001072041166380789,0.6543909348441926,-0.08025354146957397,-0.09228374063968658,0.051012665033340454,0.23582769930362701,1.0,0.0030421216051569875,False
84,0.01628556184851629,0.14399799079765388,0.29709988967225925,tumor_089,1,0.203125,micro,9328,0.0001072041166380789,0.9913665182786996,0.08215498924255371,-0.09228374063968658,0.051012665033340454,3.419517993927002,1.0,0.6396121854273695,False
85,0.08920896921656701,0.3370228291252611,0.46018825955011133,tumor_089,4,0.265625,micro,9328,0.0004288164665523156,0.9455685957102388,0.13671375811100006,-0.09228374063968658,0.051012665033340454,4.48903226852417,0.8483395310219688,1.1022811908622254,True
86,0.0012055758885394906,0.039178908809048146,0.04644565000849829,tumor_089,1,0.07788289338350296,ITC,9328,0.0001072041166380789,0.6407662215027654,-0.08200100064277649,-0.09228374063968658,0.051012665033340454,0.20157229900360107,1.0,0.0022225351617805654,False
87,0.020877884084219686,0.1630415518400919,0.21674869720704779,tumor_089,0,0.0,micro,9328,0.0,,,-0.09228374063968658,0.051012665033340454,,,,
88,1.6439005381438554,1.4467477916956264,2.7970148114025672,tumor_089,39,0.625,macro,9328,0.004180960548885077,0.9964061748764298,0.17107108235359192,-0.09228374063968658,0.051012665033340454,5.162538528442383,0.5992067103749122,1.4578523926292375,True
89,0.02115631213404593,0.16412511456150652,0.22167306662781683,tumor_089,1,0.078125,micro,9328,0.0001072041166380789,0.7817347902333738,-0.0599236935377121,-0.09228374063968658,0.051012665033340454,0.6343532204627991,1.0,0.022011479787692603,False
90,0.014596032893674027,0.13632404878260101,0.18340152470976015,tumor_089,1,0.140625,ITC,9328,0.0001072041166380789,0.996222851746931,0.11860932409763336,-0.09228374063968658,0.051012665033340454,4.13413143157959,1.0,0.9348792085315523,False
91,0.0008600709170124721,0.03309193712699385,0.04107689244765009,tumor_089,1,0.05556250363588333,ITC,9328,0.0001072041166380789,0.6870362876028598,-0.07555535435676575,-0.09228374063968658,0.051012665033340454,0.3279261291027069,1.0,0.005882189172104415,False
92,0.0021328075986868857,0.05211117899222571,0.08938848963339872,tumor_089,1,0.13778413832187653,ITC,9328,0.0001072041166380789,0.9348441926345609,-0.012951113283634186,-0.09228374063968658,0.051012665033340454,1.5551555156707764,1.0,0.13229230768300448,False
93,0.0009656523248504562,0.03506432270078871,0.06924166115831065,tumor_089,0,0.0,ITC,9328,0.0,,,-0.09228374063968658,0.051012665033340454,,,,
94,0.0013065355879407806,0.04078642883570475,0.06219773570868523,tumor_089,0,0.0,ITC,9328,0.0,,,-0.09228374063968658,0.051012665033340454,,,,
95,0.0002561497129558754,0.018059345057559018,0.02246138951682692,tumor_089,0,0.0,ITC,9328,0.0,,,-0.09228374063968658,0.051012665033340454,,,,
96,0.00024019240829389,0.0174877806649373,0.02566915437931966,tumor_089,0,0.0,ITC,9328,0.0,,,-0.09228374063968658,0.051012665033340454,,,,
97,0.0003337349955999184,0.020613699179425113,0.02985766708074907,tumor_089,0,0.0,ITC,9328,0.0,,,-0.09228374063968658,0.051012665033340454,,,,
98,0.0007140888045801316,0.03015304469608473,0.053455432247495535,tumor_089,0,0.0,ITC,9328,0.0,,,-0.09228374063968658,0.051012665033340454,,,,
99,0.0009879248565858479,0.03546639246712183,0.04607889338772916,tumor_089,0,0.0,ITC,9328,0.0,,,-0.09228374063968658,0.051012665033340454,,,,
100,0.0009948815775979157,0.035591046162288774,0.046349839627528006,tumor_089,1,0.06427156925201416,ITC,9328,0.0001072041166380789,0.9038176176986376,-0.028398368507623672,-0.09228374063968658,0.051012665033340454,1.2523434162139893,1.0,0.08578943668559995,False
101,0.004167335787402626,0.07284241017917427,0.10040352113256164,tumor_089,1,0.26921918988227844,ITC,9328,0.0001072041166380789,0.9255362201537839,-0.018300846219062805,-0.09228374063968658,0.051012665033340454,1.4502848386764526,1.0,0.11505183664540616,False
102,0.003159764208621174,0.0634282014758048,0.08457874001820288,tumor_089,0,0.0,ITC,9328,0.0,,,-0.09228374063968658,0.051012665033340454,,,,
103,0.031557556196014254,0.2004503142526035,0.33178281673663457,tumor_089,1,0.375,micro,9328,0.0001072041166380789,0.9875893700256306,0.059649109840393066,-0.09228374063968658,0.051012665033340454,2.9783358573913574,1.0,0.4852150719003434,False
104,0.0011519911169849968,0.038298311259491964,0.044544357773921295,tumor_089,0,0.0,ITC,9328,0.0,,,-0.09228374063968658,0.051012665033340454,,,,
105,1.0909035300630048,1.178550598815088,1.5440028446765284,tumor_089,24,0.8828125,micro,9328,0.002572898799313894,0.9861167318674401,0.13796871900558472,-0.09228374063968658,0.051012665033340454,4.5136332511901855,0.6523212184469712,1.1143958308344348,True
106,0.0004150306330297222,0.02298767961865464,0.029520424521915178,tumor_089,1,0.026811905205249786,ITC,9328,0.0001072041166380789,0.9535950357480103,-0.001101657748222351,-0.09228374063968658,0.051012665033340454,1.7874400615692139,1.0,0.17476317140102016,False
107,0.0038504306668291056,0.07001800189428287,0.08243789566234283,tumor_089,0,0.0,ITC,9328,0.0,,,-0.09228374063968658,0.051012665033340454,,,,
108,0.0014042299230195008,0.04228381567324361,0.06884926442943984,tumor_089,0,0.0,ITC,9328,0.0,,,-0.09228374063968658,0.051012665033340454,,,,
109,0.0033931378795565644,0.06572881657987031,0.10844079987828831,tumor_089,0,0.0,ITC,9328,0.0,,,-0.09228374063968658,0.051012665033340454,,,,
110,0.025349424083535004,0.179654916936383,0.2894998659397848,tumor_089,2,0.1875,micro,9328,0.0002144082332761578,0.9984486712532038,0.1516985446214676,-0.09228374063968658,0.051012665033340454,4.782778739929199,0.9241697655109844,1.2512598877750307,True
111,0.001433990355359625,0.042729535771088165,0.052758971080815946,tumor_089,1,0.09263897687196732,ITC,9328,0.0001072041166380789,0.9913665182786996,0.08298912644386292,-0.09228374063968658,0.051012665033340454,3.4358696937561035,1.0,0.6457438991244402,False
112,0.0010509839310434877,0.03658079143328889,0.057921423950776596,tumor_089,0,0.0,ITC,9328,0.0,,,-0.09228374063968658,0.051012665033340454,,,,
113,0.007420652286711548,0.09720220130825513,0.15232753145120118,tumor_089,1,0.296875,ITC,9328,0.0001072041166380789,0.9619587211655201,0.00835081934928894,-0.09228374063968658,0.051012665033340454,1.9727367162704468,1.0,0.21287526303233142,False
114,0.013913490412762002,0.13309848308234826,0.2554858625486735,tumor_089,1,0.53125,micro,9328,0.0001072041166380789,0.9956832591393497,0.11119946837425232,-0.09228374063968658,0.051012665033340454,3.9888763427734375,1.0,0.8703382862162011,False
115,0.014598811349329834,0.1363370232772274,0.2569491676227309,tumor_089,0,0.0,micro,9328,0.0,,,-0.09228374063968658,0.051012665033340454,,,,
0,13.839168091025222,4.197686991633648,5.385240257587085,tumor_090,252,1.0,macro,7276,0.034634414513468936,0.9901259806214954,0.14320972561836243,-0.07719797641038895,0.05420737341046333,4.066009521484375,0.378180407043331,0.9295888293873882,True
1,0.0006457276481081915,0.028673436778666437,0.03558146267483117,tumor_090,0,0.0,ITC,7276,0.0,,,-0.07719797641038895,0.05420737341046333,,,,
2,0.012106623552062325,0.12415567590612937,0.22814127956835636,tumor_090,1,0.09375,micro,7276,0.00013743815283122595,0.9987184963690731,0.1542969048023224,-0.07719797641038895,0.05420737341046333,4.270542144775391,1.0,1.0254633373921542,True
3,0.0027254625568931237,0.05890812087591433,0.12944708349239412,tumor_090,0,0.0,ITC,7276,0.0,,,-0.07719797641038895,0.05420737341046333,,,,
4,0.001986190961789091,0.050288138521379346,0.08937617247001033,tumor_090,0,0.0,ITC,7276,0.0,,,-0.07719797641038895,0.05420737341046333,,,,
5,0.0029121163140068723,0.060891884926170176,0.08692895689508087,tumor_090,0,0.0,ITC,7276,0.0,,,-0.07719797641038895,0.05420737341046333,,,,
0,0.7645308205579214,0.9866260050815447,1.4732759875461208,tumor_091,16,0.9765625,micro,1336,0.011976047904191617,0.9955708661417323,0.1574443280696869,-0.05983339995145798,0.060251276940107346,3.6061930656433105,0.6147810177049112,0.9034209955975503,True
1,0.018321647589083702,0.15273456136422767,0.34292329207645833,tumor_091,0,0.0,micro,1336,0.0,,,-0.05983339995145798,0.060251276940107346,,,,
2,1.1805268077657713,1.2260071024538748,1.4954353035298704,tumor_091,28,0.8203125,micro,1336,0.020958083832335328,0.9323959505061867,0.13914503157138824,-0.05983339995145798,0.060251276940107346,3.302476406097412,0.5370289073484209,0.7576553227826125,True
3,0.6235411641057957,0.8910203521299033,1.2079144424304709,tumor_091,14,0.890625,micro,1336,0.010479041916167664,0.995838020247469,0.15809834003448486,-0.05983339995145798,0.060251276940107346,3.6170477867126465,0.633333652922193,0.9088678152500762,True
4,0.007507982439719262,0.09777249175216794,0.1918117421372392,tumor_091,1,0.34375,ITC,1336,0.0007485029940119761,0.6811023622047244,-0.03340539336204529,-0.05983339995145798,0.060251276940107346,0.43862980604171753,1.0,0.01336560158464556,False
5,0.25129319262833594,0.5656469129917956,0.7664088574089954,tumor_091,7,0.484375,micro,1336,0.005239520958083832,0.988976377952756,0.13058863580226898,-0.05983339995145798,0.060251276940107346,3.1604645252227783,0.7296383984959652,0.6938955005345362,True
6,0.01807739784645385,0.1517130772346778,0.19032609889128674,tumor_091,0,0.0,ITC,1336,0.0,,,-0.05983339995145798,0.060251276940107346,,,,
0,1.3503036481874164,1.3112055530207212,3.3719665105789205,tumor_092,39,0.390625,macro,10026,0.0038898862956313583,0.8725522666646127,0.14829981327056885,0.017777947708964348,0.07595189660787582,1.7184805870056152,0.602345956887021,0.1602732944235291,True
1,0.0005579462148118887,0.02665331470068585,0.034085164003125085,tumor_092,0,0.0,ITC,10026,0.0,,,0.017777947708964348,0.07595189660787582,,,,
2,0.0006090066669011507,0.02784620928072437,0.03769062637437739,tumor_092,0,0.0,ITC,10026,0.0,,,0.017777947708964348,0.07595189660787582,,,,
0,0.2233199084140069,0.5332351624933865,1.3590687985807364,tumor_093,6,0.703125,micro,3318,0.0018083182640144665,0.9987419484702094,0.1870354861021042,-0.05341972038149834,0.05989552289247513,4.014577388763428,0.7789893293525681,0.9939927272867564,True
0,3.702460514506299,2.1712022337612673,2.973828215808101,tumor_094,70,1.0,macro,5029,0.013919268244183734,0.9746118168985682,0.194700688123703,-0.11006904393434525,0.0684867724776268,4.450052261352539,0.5015244646203034,1.161739990546261,True
1,0.0016749694693106118,0.04618048683751981,0.051150118264452295,tumor_094,0,0.0,ITC,5029,0.0,,,-0.11006904393434525,0.0684867724776268,,,,
0,52.746912512423634,8.195087240139896,15.630747475305075,tumor_095,956,1.0,macro,9335,0.10241028387787895,0.7837720602010866,0.12262808531522751,-0.0025399336591362953,0.12424993515014648,1.0073890686035156,0.2492765572149509,0.05550674632046046,True
1,0.06141546682013809,0.2796365516411796,0.3646539520014449,tumor_095,0,0.0,micro,9335,0.0,,,-0.0025399336591362953,0.12424993515014648,,,,
2,0.023637593290615905,0.17348290555550058,0.2285741811091489,tumor_095,0,0.0,micro,9335,0.0,,,-0.0025399336591362953,0.12424993515014648,,,,
3,0.07618717275666999,0.31145548824087477,0.47478422376256557,tumor_095,0,0.0,micro,9335,0.0,,,-0.0025399336591362953,0.12424993515014648,,,,
4,0.0347765830092301,0.21042557049492994,0.2334696570068062,tumor_095,0,0.0,micro,9335,0.0,,,-0.0025399336591362953,0.12424993515014648,,,,
5,0.008005758807509995,0.10096161993219772,0.12348860452251816,tumor_095,0,0.0,ITC,9335,0.0,,,-0.0025399336591362953,0.12424993515014648,,,,
6,0.059887531280217315,0.27613614950335047,0.35916768711063807,tumor_095,0,0.0,micro,9335,0.0,,,-0.0025399336591362953,0.12424993515014648,,,,
7,0.020678979190770403,0.16226303969309958,0.20609295162928362,tumor_095,0,0.0,micro,9335,0.0,,,-0.0025399336591362953,0.12424993515014648,,,,
8,0.05609950772274701,0.2672603817867084,0.34267835886306686,tumor_095,0,0.0,micro,9335,0.0,,,-0.0025399336591362953,0.12424993515014648,,,,
9,0.08278942583386066,0.32467024941868367,0.38616823196014116,tumor_095,0,0.0,micro,9335,0.0,,,-0.0025399336591362953,0.12424993515014648,,,,
10,0.10949793739890051,0.3733859986170015,0.49212158591834543,tumor_095,0,0.0,micro,9335,0.0,,,-0.0025399336591362953,0.12424993515014648,,,,
11,0.1642203853125705,0.45726566526649504,0.5989237035321286,tumor_095,0,0.0,micro,9335,0.0,,,-0.0025399336591362953,0.12424993515014648,,,,
12,0.14110428168327008,0.42386265625859154,0.6263942356598636,tumor_095,0,0.0,micro,9335,0.0,,,-0.0025399336591362953,0.12424993515014648,,,,
13,0.22517299119957826,0.5354429538257142,0.6824981558078635,tumor_095,0,0.0,micro,9335,0.0,,,-0.0025399336591362953,0.12424993515014648,,,,
14,0.04449008962845923,0.23800533914970484,0.31223987630472244,tumor_095,0,0.0,micro,9335,0.0,,,-0.0025399336591362953,0.12424993515014648,,,,
15,0.052729845545491566,0.25910948368652414,0.3412063169078767,tumor_095,0,0.0,micro,9335,0.0,,,-0.0025399336591362953,0.12424993515014648,,,,
16,0.044409243658161075,0.23778899296929185,0.32714562850931783,tumor_095,0,0.0,micro,9335,0.0,,,-0.0025399336591362953,0.12424993515014648,,,,
17,0.18049221463523882,0.4793848403844376,0.5636502097273378,tumor_095,0,0.0,micro,9335,0.0,,,-0.0025399336591362953,0.12424993515014648,,,,
18,0.010952625780468052,0.11809028860316054,0.2692127256462156,tumor_095,0,0.0,micro,9335,0.0,,,-0.0025399336591362953,0.12424993515014648,,,,
19,0.08190069884726825,0.32292291419747143,0.6060901107186275,tumor_095,3,0.265625,micro,9335,0.00032137118371719335,0.6920597014925373,0.05231844261288643,-0.0025399336591362953,0.12424993515014648,0.44151633977890015,0.8798217844656314,0.010662151871477026,False
20,0.061427145897549114,0.27966313893142203,0.46972470470933975,tumor_095,0,0.0,micro,9335,0.0,,,-0.0025399336591362953,0.12424993515014648,,,,
21,0.041709892862844294,0.23044887719327314,0.256224186323797,tumor_095,0,0.0,micro,9335,0.0,,,-0.0025399336591362953,0.12424993515014648,,,,
22,0.2260255177433293,0.536455615414776,1.0471907417176634,tumor_095,0,0.0,micro,9335,0.0,,,-0.0025399336591362953,0.12424993515014648,,,,
23,0.001738204942812149,0.04704414171863007,0.06844431726482697,tumor_095,0,0.0,ITC,9335,0.0,,,-0.0025399336591362953,0.12424993515014648,,,,
24,0.008144771878434265,0.1018344030201454,0.21747252024011432,tumor_095,1,0.3125,micro,9335,0.00010712372790573112,0.4911044776119403,-0.05345830321311951,-0.0025399336591362953,0.12424993515014648,-0.4098060131072998,1.0,0.009185609019246697,False
25,0.004061129442475067,0.07190820956224345,0.1427581310960519,tumor_095,0,0.0,ITC,9335,0.0,,,-0.0025399336591362953,0.12424993515014648,,,,
26,0.002372887749255386,0.05496593961326935,0.11208685583277087,tumor_095,0,0.0,ITC,9335,0.0,,,-0.0025399336591362953,0.12424993515014648,,,,
0,0.0007685212245589085,0.03128117027984558,0.038493287416121166,tumor_096,0,0.0,ITC,3779,0.0,,,-0.06944768130779266,0.06150864064693451,,,,
1,0.0028515297001803362,0.06025512739391069,0.08451320973065059,tumor_096,1,0.18421518802642822,ITC,3779,0.0002646202699126753,0.9938105489773951,0.1293017566204071,-0.06944768130779266,0.06150864064693451,3.2312440872192383,1.0,0.6337663110167386,False
2,0.019189367672276116,0.15630950629697635,0.389932986644168,tumor_096,1,0.09375,micro,3779,0.0002646202699126753,0.9965016146393972,0.1655781865119934,-0.06944768130779266,0.06150864064693451,3.8210220336914062,1.0,0.8862346016074065,False
3,0.0011926288348010788,0.038967963696607925,0.06671982108814335,tumor_096,0,0.0,ITC,3779,0.0,,,-0.06944768130779266,0.06150864064693451,,,,
4,0.0014591203801202432,0.043102317437674925,0.05569016497475922,tumor_096,0,0.0,ITC,3779,0.0,,,-0.06944768130779266,0.06150864064693451,,,,
5,0.08927688482405832,0.33715109400498405,0.6123270218252782,tumor_096,4,0.3203125,micro,3779,0.0010584810796507012,0.9677072120559742,0.0912829339504242,-0.06944768130779266,0.06150864064693451,2.6131389141082764,0.8317035052447784,0.41449053049754303,True
6,0.20563055182565415,0.5116805157421339,0.9232414937998377,tumor_096,8,0.40625,micro,3779,0.0021169621593014024,0.931243272335845,0.12045960128307343,-0.06944768130779266,0.06150864064693451,3.087489604949951,0.7475552578671677,0.5786295734647889,True
7,0.16598455481230528,0.4597152368611337,0.977753383233306,tumor_096,8,0.1640625,micro,3779,0.0021169621593014024,0.9827099031216362,0.11632373929023743,-0.06944768130779266,0.06150864064693451,3.020249128341675,0.7475552578671677,0.5537008033516121,True
8,0.0010668597838941107,0.03685604516957282,0.04220567743692886,tumor_096,0,0.0,ITC,3779,0.0,,,-0.06944768130779266,0.06150864064693451,,,,
9,0.0010745971055025187,0.03698945159614766,0.04498152183989686,tumor_096,1,0.06942137330770493,ITC,3779,0.0002646202699126753,0.7010226049515608,-0.045091867446899414,-0.06944768130779266,0.06150864064693451,0.3959738612174988,1.0,0.009517494955165944,False
10,0.23863282831413818,0.5512138910455338,1.1449251524941986,tumor_096,7,0.75,micro,3779,0.0018523418893887271,0.9862371213286175,0.1159418597817421,-0.06944768130779266,0.06150864064693451,3.01404070854187,0.7637660035419436,0.5514267698433053,True
11,0.004776592173487513,0.0779855502279543,0.136379346113151,tumor_096,0,0.0,ITC,3779,0.0,,,-0.06944768130779266,0.06150864064693451,,,,
12,0.0019198252852415086,0.04944084821432529,0.08577852584139416,tumor_096,0,0.0,ITC,3779,0.0,,,-0.06944768130779266,0.06150864064693451,,,,
13,0.0031784655353646355,0.0636156270990397,0.1563918658354029,tumor_096,1,0.09375,ITC,3779,0.0002646202699126753,0.9311087190527448,0.02411031723022461,-0.06944768130779266,0.06150864064693451,1.5210545063018799,1.0,0.14043623326951016,False
14,0.0025070470779311486,0.056498420156095304,0.12294599348494444,tumor_096,0,0.0,ITC,3779,0.0,,,-0.06944768130779266,0.06150864064693451,,,,
15,0.04592474134651703,0.24181231722995306,0.4563222329198962,tumor_096,2,0.1875,micro,3779,0.0005292405398253506,0.7026372443487621,0.016121625900268555,-0.06944768130779266,0.06150864064693451,1.391175389289856,0.9158517526223893,0.11747714691586256,False
16,0.001493754616848999,0.04361086387934625,0.05504963271452761,tumor_096,0,0.0,ITC,3779,0.0,,,-0.06944768130779266,0.06150864064693451,,,,
17,0.006189533092975754,0.08877363514818841,0.16308187372382094,tumor_096,1,0.15625,ITC,3779,0.0002646202699126753,0.844994617868676,-0.011620670557022095,-0.06944768130779266,0.06150864064693451,0.9401444792747498,1.0,0.05365112320985046,False
18,0.004868954912920441,0.07873592532423085,0.1643426174832627,tumor_096,1,0.03125,ITC,3779,0.0002646202699126753,0.8493003229278795,-0.010172277688980103,-0.06944768130779266,0.06150864064693451,0.963692307472229,1.0,0.05637238416909977,False
19,0.0017947620787964172,0.047803368627270235,0.08850677035737181,tumor_096,0,0.0,ITC,3779,0.0,,,-0.06944768130779266,0.06150864064693451,,,,
20,0.00047861696912355426,0.024685907961211343,0.05301198337891274,tumor_096,0,0.0,ITC,3779,0.0,,,-0.06944768130779266,0.06150864064693451,,,,
21,0.011330161598551575,0.12010832525481167,0.21637021428156417,tumor_096,1,0.1875,micro,3779,0.0002646202699126753,0.9965016146393972,0.1639881432056427,-0.06944768130779266,0.06150864064693451,3.7951712608337402,1.0,0.8742836879802074,False
22,0.18916184133457417,0.4907630148473887,0.7679511058778193,tumor_096,6,0.3984375,micro,3779,0.0015877216194760519,0.9909849300322928,0.13217325508594513,-0.06944768130779266,0.06150864064693451,3.277928590774536,0.7824799360274689,0.6522117143461117,True
23,0.004820214097282929,0.07834083994156898,0.14539138992732686,tumor_096,1,0.046875,ITC,3779,0.0002646202699126753,0.6617330462863293,-0.05188232660293579,-0.06944768130779266,0.06150864064693451,0.28557538986206055,1.0,0.004950296078946804,False
24,0.003725028976065388,0.06886838314938709,0.14138385528266673,tumor_096,0,0.0,ITC,3779,0.0,,,-0.06944768130779266,0.06150864064693451,,,,
25,0.002079008198701704,0.05144973714622484,0.06152268605969671,tumor_096,0,0.0,ITC,3779,0.0,,,-0.06944768130779266,0.06150864064693451,,,,
26,0.00425359711192844,0.07359244560604418,0.1376303901294005,tumor_096,1,0.140625,ITC,3779,0.0002646202699126753,0.9857373519913886,0.09660983085632324,-0.06944768130779266,0.06150864064693451,2.6997427940368652,1.0,0.4424196416168575,False
27,0.0020834626899567605,0.05150482585965361,0.09045999347778,tumor_096,0,0.0,ITC,3779,0.0,,,-0.06944768130779266,0.06150864064693451,,,,
28,0.005779266131318184,0.08578105955246129,0.1425894515032581,tumor_096,1,0.046875,ITC,3779,0.0002646202699126753,0.9916576964477933,0.11428055167198181,-0.06944768130779266,0.06150864064693451,2.9870312213897705,1.0,0.5415881362136389,False
29,0.0731808786823852,0.3052487324410689,0.5810763395882681,tumor_096,2,0.421875,micro,3779,0.0005292405398253506,0.9708019375672766,0.07260964810848236,-0.06944768130779266,0.06150864064693451,2.3095507621765137,0.9158517526223893,0.32377599195642837,False
30,0.008724030633573212,0.10539345706516307,0.25040609497555855,tumor_096,1,0.25,micro,3779,0.0002646202699126753,0.7946716899892358,-0.025143593549728394,-0.06944768130779266,0.06150864064693451,0.72029048204422,1.0,0.03149234281294916,False
31,0.0012871835000814228,0.04048324262746605,0.0479197407726015,tumor_096,0,0.0,ITC,3779,0.0,,,-0.06944768130779266,0.06150864064693451,,,,
32,0.0012964492683519345,0.04062869030880336,0.04704372682143709,tumor_096,0,0.0,ITC,3779,0.0,,,-0.06944768130779266,0.06150864064693451,,,,
33,0.1276387641614103,0.40313114735955696,0.6968614118990826,tumor_096,5,0.578125,micro,3779,0.0013231013495633766,0.9910656620021528,0.13480877876281738,-0.06944768130779266,0.06150864064693451,3.3207767009735107,0.8046138202783938,0.6693741935149748,True
34,0.10320715343090699,0.3625016262691522,0.7769510554624663,tumor_096,7,0.328125,micro,3779,0.0018523418893887271,0.9759341842226664,0.10795324295759201,-0.06944768130779266,0.06150864064693451,2.884162425994873,0.7637660035419436,0.5049275270279244,True
35,0.002896898247889927,0.0607325728607595,0.0991970675990475,tumor_096,0,0.0,ITC,3779,0.0,,,-0.06944768130779266,0.06150864064693451,,,,
36,0.000809572746920557,0.03210576327887448,0.055295949136742524,tumor_096,0,0.0,ITC,3779,0.0,,,-0.06944768130779266,0.06150864064693451,,,,
37,0.007823039141028488,0.09980281957123492,0.18968069795264436,tumor_096,0,0.0,ITC,3779,0.0,,,-0.06944768130779266,0.06150864064693451,,,,
38,0.0025307280596621818,0.056764628445298386,0.11351368779495809,tumor_096,0,0.0,ITC,3779,0.0,,,-0.06944768130779266,0.06150864064693451,,,,
39,0.007781843578607391,0.09953969547485227,0.20903516489736415,tumor_096,2,0.0859375,micro,3779,0.0005292405398253506,0.9176533907427341,0.04635117948055267,-0.06944768130779266,0.06150864064693451,1.8826438188552856,0.9158517526223893,0.2151423676763445,False
40,0.010278468382572029,0.11439821853508372,0.230888067032242,tumor_096,1,0.09375,micro,3779,0.0002646202699126753,0.9967707212055974,0.17222893238067627,-0.06944768130779266,0.06150864064693451,3.9291489124298096,1.0,0.937101419110196,False
41,0.0003189484489932132,0.020151867853628484,0.030950765293418083,tumor_096,0,0.0,ITC,3779,0.0,,,-0.06944768130779266,0.06150864064693451,,,,
0,0.03175458929648657,0.2010751074079301,0.3207657102725038,tumor_097,2,0.0546875,micro,5796,0.0003450655624568668,0.9898012100259291,0.09539271891117096,-0.10592221468687057,0.062153588980436325,3.2389912605285645,0.9200053876663031,0.605375490260528,True
1,0.024060926301367747,0.1750294913717679,0.2645394471339366,tumor_097,0,0.0,micro,5796,0.0,,,-0.10592221468687057,0.062153588980436325,,,,
2,0.0014422921473648748,0.04285304419858586,0.054455998212290586,tumor_097,0,0.0,ITC,5796,0.0,,,-0.10592221468687057,0.062153588980436325,,,,
3,0.004555225326983917,0.07615702870710678,0.11203293327578989,tumor_097,1,0.29427772760391235,ITC,5796,0.0001725327812284334,0.9903197925669835,0.09840311855077744,-0.10592221468687057,0.062153588980436325,3.287426233291626,1.0,0.623616093349769,False
4,0.0013620174280612393,0.041643420248894655,0.04697839344817118,tumor_097,0,0.0,ITC,5796,0.0,,,-0.10592221468687057,0.062153588980436325,,,,
5,0.00042036549443701603,0.023134951280678287,0.02681612395719331,tumor_097,0,0.0,ITC,5796,0.0,,,-0.10592221468687057,0.062153588980436325,,,,
6,0.0005139425409963384,0.02558069520005683,0.03414110047798978,tumor_097,0,0.0,ITC,5796,0.0,,,-0.10592221468687057,0.062153588980436325,,,,
7,0.0008989964016341257,0.03383249575681912,0.038861281883569854,tumor_097,0,0.0,ITC,5796,0.0,,,-0.10592221468687057,0.062153588980436325,,,,
8,0.0011035228602791433,0.03748398250221901,0.049482677538363,tumor_097,0,0.0,ITC,5796,0.0,,,-0.10592221468687057,0.062153588980436325,,,,
9,0.0005416983853487062,0.026262364812506118,0.029692600651980646,tumor_097,0,0.0,ITC,5796,0.0,,,-0.10592221468687057,0.062153588980436325,,,,
10,0.000628643645845067,0.02829158796243905,0.03201700632845378,tumor_097,0,0.0,ITC,5796,0.0,,,-0.10592221468687057,0.062153588980436325,,,,
11,0.00037792471434498743,0.021936013567573718,0.025921795000636537,tumor_097,0,0.0,ITC,5796,0.0,,,-0.10592221468687057,0.062153588980436325,,,,
12,0.00019084547402295398,0.015588200808937261,0.01904384956797118,tumor_097,1,0.012329043820500374,ITC,5796,0.0001725327812284334,0.9398444252376836,0.0032233595848083496,-0.10592221468687057,0.062153588980436325,1.7560622692108154,1.0,0.1779447194945958,False
13,0.00016678342811408186,0.014572414215954173,0.01689024811096628,tumor_097,0,0.0,ITC,5796,0.0,,,-0.10592221468687057,0.062153588980436325,,,,
14,0.0010190855668732997,0.03602138313851837,0.04512507027081845,tumor_097,0,0.0,ITC,5796,0.0,,,-0.10592221468687057,0.062153588980436325,,,,
15,0.0005784571259217868,0.0271388004093303,0.031614012135472117,tumor_097,0,0.0,ITC,5796,0.0,,,-0.10592221468687057,0.062153588980436325,,,,
16,0.002600064081067961,0.05753698294889314,0.08977359370360663,tumor_097,0,0.0,ITC,5796,0.0,,,-0.10592221468687057,0.062153588980436325,,,,
17,0.0011302180428199855,0.037934658378474755,0.04109461880682148,tumor_097,0,0.0,ITC,5796,0.0,,,-0.10592221468687057,0.062153588980436325,,,,
18,0.0010104896399763651,0.035869142297566936,0.04151437574832026,tumor_097,0,0.0,ITC,5796,0.0,,,-0.10592221468687057,0.062153588980436325,,,,
19,0.0005126799304740372,0.02554925363433574,0.02990554123422111,tumor_097,0,0.0,ITC,5796,0.0,,,-0.10592221468687057,0.062153588980436325,,,,
20,0.00040707460738446954,0.022766279620953598,0.0292577968401795,tumor_097,0,0.0,ITC,5796,0.0,,,-0.10592221468687057,0.062153588980436325,,,,
21,0.0008921781304952144,0.03370395342826113,0.03793380809807247,tumor_097,1,0.057636700570583344,ITC,5796,0.0001725327812284334,0.9687121866897148,0.03605009615421295,-0.10592221468687057,0.062153588980436325,2.284217357635498,1.0,0.3010787720908926,False
22,0.0008041067570446243,0.031997195521763555,0.040812835404771604,tumor_097,0,0.0,ITC,5796,0.0,,,-0.10592221468687057,0.062153588980436325,,,,
23,0.0015128668813296205,0.04388897286596066,0.05921120896539408,tumor_097,0,0.0,ITC,5796,0.0,,,-0.10592221468687057,0.062153588980436325,,,,
24,0.00021193062713523674,0.01642676033821357,0.02157372229904513,tumor_097,0,0.0,ITC,5796,0.0,,,-0.10592221468687057,0.062153588980436325,,,,
25,0.0004259342744976182,0.02328768691279684,0.027550961160695372,tumor_097,0,0.0,ITC,5796,0.0,,,-0.10592221468687057,0.062153588980436325,,,,
26,0.0004466446613666067,0.02384713075606391,0.03018359059174505,tumor_097,0,0.0,ITC,5796,0.0,,,-0.10592221468687057,0.062153588980436325,,,,
27,0.00024028547513369895,0.017491168313343256,0.02075844934227421,tumor_097,0,0.0,ITC,5796,0.0,,,-0.10592221468687057,0.062153588980436325,,,,
28,0.0005330039940178914,0.026050753591506014,0.03125026264272592,tumor_097,0,0.0,ITC,5796,0.0,,,-0.10592221468687057,0.062153588980436325,,,,
29,0.00032200224296235466,0.020248110757132128,0.022105480680749252,tumor_097,0,0.0,ITC,5796,0.0,,,-0.10592221468687057,0.062153588980436325,,,,
30,0.00028657796019959306,0.01910189497342244,0.028193489843769928,tumor_097,0,0.0,ITC,5796,0.0,,,-0.10592221468687057,0.062153588980436325,,,,
31,0.00191925622388538,0.04943352021381796,0.06264381808855982,tumor_097,0,0.0,ITC,5796,0.0,,,-0.10592221468687057,0.062153588980436325,,,,
32,0.0038898502081045703,0.07037550076592734,0.12071227095628595,tumor_097,1,0.25129300355911255,ITC,5796,0.0001725327812284334,0.9792566983578219,0.06049531698226929,-0.10592221468687057,0.062153588980436325,2.677520990371704,1.0,0.4136862152625423,False
33,0.0002651161004492397,0.018372705381569467,0.024390311866249594,tumor_097,0,0.0,ITC,5796,0.0,,,-0.10592221468687057,0.062153588980436325,,,,
34,0.005360048884791527,0.08261129584887396,0.2110199900897926,tumor_097,1,0.171875,micro,5796,0.0001725327812284334,0.9797752808988764,0.06228803098201752,-0.10592221468687057,0.062153588980436325,2.706364154815674,1.0,0.4226469572767518,False
35,0.0009836597794978953,0.035389751762652855,0.04201249571197222,tumor_097,0,0.0,ITC,5796,0.0,,,-0.10592221468687057,0.062153588980436325,,,,
36,0.0013402390066464386,0.041309143087926894,0.06815054556392963,tumor_097,0,0.0,ITC,5796,0.0,,,-0.10592221468687057,0.062153588980436325,,,,
37,0.00033604230012402247,0.020684833700604588,0.024927637297626596,tumor_097,0,0.0,ITC,5796,0.0,,,-0.10592221468687057,0.062153588980436325,,,,
38,0.0001598077949964881,0.01426441741349638,0.018431285342170412,tumor_097,0,0.0,ITC,5796,0.0,,,-0.10592221468687057,0.062153588980436325,,,,
39,0.00109952167057366,0.03741596545951544,0.04706959589031025,tumor_097,0,0.0,ITC,5796,0.0,,,-0.10592221468687057,0.062153588980436325,,,,
40,0.0003136908375925384,0.019985083918860974,0.024235139846488857,tumor_097,0,0.0,ITC,5796,0.0,,,-0.10592221468687057,0.062153588980436325,,,,
41,0.0007604698072830191,0.031116880165110838,0.037259192775966433,tumor_097,0,0.0,ITC,5796,0.0,,,-0.10592221468687057,0.062153588980436325,,,,
42,0.00019725809278594208,0.01584792744348924,0.01998991343486783,tumor_097,0,0.0,ITC,5796,0.0,,,-0.10592221468687057,0.062153588980436325,,,,
43,0.0003701881129864326,0.021710323453260995,0.02840142036051574,tumor_097,0,0.0,ITC,5796,0.0,,,-0.10592221468687057,0.062153588980436325,,,,
44,0.0005062854067356334,0.025389419071300837,0.02854208843952279,tumor_097,0,0.0,ITC,5796,0.0,,,-0.10592221468687057,0.062153588980436325,,,,
45,0.0002869990810533042,0.019115924756592843,0.021971389096050047,tumor_097,0,0.0,ITC,5796,0.0,,,-0.10592221468687057,0.062153588980436325,,,,
46,0.00023525173678738405,0.017306987439913546,0.019344093841121582,tumor_097,0,0.0,ITC,5796,0.0,,,-0.10592221468687057,0.062153588980436325,,,,
47,0.00036197863918912697,0.021468244403421016,0.027257507811897754,tumor_097,1,0.02338462881743908,ITC,5796,0.0001725327812284334,0.9612791702679343,0.02657763659954071,-0.10592221468687057,0.062153588980436325,2.1318132877349854,1.0,0.2622428228510065,False
48,0.0006938941913621779,0.029723618963786246,0.035829206572109154,tumor_097,1,0.044827114790678024,ITC,5796,0.0001725327812284334,0.9974070872947277,0.19628024101257324,-0.10592221468687057,0.062153588980436325,4.862188339233398,1.0,1.3641710733198398,True
49,0.0005802205533945565,0.027180135269164307,0.03158864814936447,tumor_097,0,0.0,ITC,5796,0.0,,,-0.10592221468687057,0.062153588980436325,,,,
50,0.0002557599752860308,0.018045600973496626,0.02628434541953529,tumor_097,0,0.0,ITC,5796,0.0,,,-0.10592221468687057,0.062153588980436325,,,,
51,0.0002348805204072733,0.017293327235396744,0.02008584825439921,tumor_097,0,0.0,ITC,5796,0.0,,,-0.10592221468687057,0.062153588980436325,,,,
52,0.0002834100085715461,0.018996021433106035,0.024351888781435842,tumor_097,0,0.0,ITC,5796,0.0,,,-0.10592221468687057,0.062153588980436325,,,,
53,0.0028212894708945953,0.059934775560503625,0.0852788113038552,tumor_097,0,0.0,ITC,5796,0.0,,,-0.10592221468687057,0.062153588980436325,,,,
54,0.0012291866541316167,0.039560700902550726,0.05751951174684802,tumor_097,0,0.0,ITC,5796,0.0,,,-0.10592221468687057,0.062153588980436325,,,,
55,0.001863101579061573,0.04870497517009654,0.08033139950887778,tumor_097,0,0.0,ITC,5796,0.0,,,-0.10592221468687057,0.062153588980436325,,,,
56,0.0004983537632373147,0.02518975423900229,0.028910040216996568,tumor_097,0,0.0,ITC,5796,0.0,,,-0.10592221468687057,0.062153588980436325,,,,
57,0.00027726410970450356,0.018788923034904433,0.022865171998714216,tumor_097,0,0.0,ITC,5796,0.0,,,-0.10592221468687057,0.062153588980436325,,,,
58,0.0003765844200049067,0.02189708143752045,0.026999329053276556,tumor_097,0,0.0,ITC,5796,0.0,,,-0.10592221468687057,0.062153588980436325,,,,
59,0.0001670733374367199,0.014585073880351566,0.016849746862764147,tumor_097,0,0.0,ITC,5796,0.0,,,-0.10592221468687057,0.062153588980436325,,,,
60,0.000321956745865983,0.020246680234814268,0.023376265866448066,tumor_097,0,0.0,ITC,5796,0.0,,,-0.10592221468687057,0.062153588980436325,,,,
61,0.0002837460363538771,0.019007279504116768,0.022048581882756234,tumor_097,0,0.0,ITC,5796,0.0,,,-0.10592221468687057,0.062153588980436325,,,,
62,0.0007250698087379894,0.03038400159917665,0.03411262644909395,tumor_097,1,0.046841129660606384,ITC,5796,0.0001725327812284334,0.9548833189282627,0.019344598054885864,-0.10592221468687057,0.062153588980436325,2.015439748764038,1.0,0.23439315263674382,False
63,0.00032754966502438973,0.020421782154694753,0.02462728588988347,tumor_097,0,0.0,ITC,5796,0.0,,,-0.10592221468687057,0.062153588980436325,,,,
64,0.0001514213100836935,0.013885085520592368,0.018487386860857206,tumor_097,1,0.00978215504437685,ITC,5796,0.0001725327812284334,0.789628349178911,-0.07063835859298706,-0.10592221468687057,0.062153588980436325,0.5676881670951843,1.0,0.018596232405884455,False
65,0.0006054856578334164,0.027765595317289518,0.030522896780392116,tumor_097,0,0.0,ITC,5796,0.0,,,-0.10592221468687057,0.062153588980436325,,,,
66,0.00030887523341845607,0.01983109078133833,0.023582020108313863,tumor_097,0,0.0,ITC,5796,0.0,,,-0.10592221468687057,0.062153588980436325,,,,
0,0.0014203635632037393,0.042526027989596475,0.04865976137892586,tumor_098,0,0.0,ITC,2900,0.0,,,-0.1042419821023941,0.057282790541648865,,,,
1,0.00664817461685709,0.09200390656100961,0.12629649556369815,tumor_098,0,0.0,ITC,2900,0.0,,,-0.1042419821023941,0.057282790541648865,,,,
2,0.018080147202438814,0.1517246136682441,0.30898319549768855,tumor_098,1,0.3125,micro,2900,0.0003448275862068965,0.9982752673335633,0.08557823300361633,-0.1042419821023941,0.057282790541648865,3.313739061355591,1.0,0.6886744041775332,False
3,0.0033280348266804885,0.06509520372182141,0.10616892274161546,tumor_098,0,0.0,ITC,2900,0.0,,,-0.1042419821023941,0.057282790541648865,,,,
4,0.0004929473478509445,0.02505274549338141,0.04428337487138938,tumor_098,0,0.0,ITC,2900,0.0,,,-0.1042419821023941,0.057282790541648865,,,,
0,0.486058914245762,0.7866825475938445,1.4672348323333764,tumor_099,15,0.609375,micro,4336,0.003459409594095941,0.9893178294573644,0.1368195116519928,-0.07870674133300781,0.05995801091194153,3.5946197509765625,0.676639430432756,0.7714473065227644,True
1,0.0023973238557992134,0.05524823558033809,0.10365594596397998,tumor_099,0,0.0,ITC,4336,0.0,,,-0.07870674133300781,0.05995801091194153,,,,
2,0.0015515606637134343,0.04444669158773778,0.06508144038504998,tumor_099,0,0.0,ITC,4336,0.0,,,-0.07870674133300781,0.05995801091194153,,,,
3,0.0014338062367465038,0.04272679253247961,0.053883161036171585,tumor_099,0,0.0,ITC,4336,0.0,,,-0.07870674133300781,0.05995801091194153,,,,
4,0.02617874846089975,0.1825700352524815,0.4097366160403725,tumor_099,1,0.609375,micro,4336,0.00023062730627306272,0.9965116279069768,0.19565944373607635,-0.07870674133300781,0.05995801091194153,4.575972557067871,1.0,1.2501645421780625,True
5,0.003716028157813368,0.06878512920593621,0.07158083307554708,tumor_099,0,0.0,ITC,4336,0.0,,,-0.07870674133300781,0.05995801091194153,,,,
6,0.0018066651362293167,0.04796162523874171,0.054139927184329445,tumor_099,0,0.0,ITC,4336,0.0,,,-0.07870674133300781,0.05995801091194153,,,,
7,0.002187661528702074,0.05277705153605361,0.06810321405834892,tumor_099,0,0.0,ITC,4336,0.0,,,-0.07870674133300781,0.05995801091194153,,,,
8,0.0012296181086842175,0.039567643357915634,0.05144380808202241,tumor_099,0,0.0,ITC,4336,0.0,,,-0.07870674133300781,0.05995801091194153,,,,
9,0.0025784132638249514,0.05729692600979206,0.07540623461011303,tumor_099,0,0.0,ITC,4336,0.0,,,-0.07870674133300781,0.05995801091194153,,,,
10,0.0036759676748095668,0.06841335694683975,0.10469576294036254,tumor_099,1,0.23747572302818298,ITC,4336,0.00023062730627306272,0.9865116279069768,0.11624225974082947,-0.07870674133300781,0.05995801091194153,3.2514255046844482,1.0,0.6311723578453855,False
11,0.0032235989809079363,0.06406569830150886,0.08201476526520121,tumor_099,0,0.0,ITC,4336,0.0,,,-0.07870674133300781,0.05995801091194153,,,,
12,0.0017967553013935377,0.047829905937047355,0.05896342234893156,tumor_099,0,0.0,ITC,4336,0.0,,,-0.07870674133300781,0.05995801091194153,,,,
13,0.0022295261403908503,0.053279647596116766,0.0646010563716523,tumor_099,0,0.0,ITC,4336,0.0,,,-0.07870674133300781,0.05995801091194153,,,,
14,0.0022366089552462447,0.05336421055284447,0.06748100353608934,tumor_099,0,0.0,ITC,4336,0.0,,,-0.07870674133300781,0.05995801091194153,,,,
15,0.0022335287980207214,0.05332745249817188,0.07900301785395404,tumor_099,0,0.0,ITC,4336,0.0,,,-0.07870674133300781,0.05995801091194153,,,,
16,0.011234365046263127,0.119599489283578,0.1593133295522146,tumor_099,1,0.3125,ITC,4336,0.00023062730627306272,0.9839534883720931,0.10279816389083862,-0.07870674133300781,0.05995801091194153,3.027200222015381,1.0,0.5471200717748591,False
17,0.005667802286828591,0.08494980873039415,0.12173957973438643,tumor_099,1,0.36615267395973206,ITC,4336,0.00023062730627306272,0.9925581395348837,0.1558372527360916,-0.07870674133300781,0.05995801091194153,3.91180419921875,1.0,0.913596804081683,False
18,0.0022086741576097355,0.053029909286206954,0.06918380673201398,tumor_099,0,0.0,ITC,4336,0.0,,,-0.07870674133300781,0.05995801091194153,,,,
19,0.005099247679124714,0.08057644689027052,0.10257696269516829,tumor_099,0,0.0,ITC,4336,0.0,,,-0.07870674133300781,0.05995801091194153,,,,
20,0.0029027125926047175,0.06079349027572816,0.075553175947105,tumor_099,0,0.0,ITC,4336,0.0,,,-0.07870674133300781,0.05995801091194153,,,,
21,0.0038114083314654923,0.06966229833098338,0.10571289022276328,tumor_099,1,0.2462254911661148,ITC,4336,0.00023062730627306272,0.8686046511627907,-0.020523488521575928,-0.07870674133300781,0.05995801091194153,0.9703999757766724,1.0,0.05622143269713528,False
22,0.0022352959342452567,0.053348544288169576,0.08608623345651681,tumor_099,1,0.14440511167049408,ITC,4336,0.00023062730627306272,0.5002325581395349,-0.08614253997802734,-0.07870674133300781,0.05995801091194153,-0.12401676923036575,1.0,0.0009182505162806474,False
23,0.006174952370266182,0.08866901118586486,0.15114424709303773,tumor_099,1,0.109375,ITC,4336,0.00023062730627306272,0.31209302325581395,-0.10582286864519119,-0.07870674133300781,0.05995801091194153,-0.45225194096565247,1.0,0.01221128123305272,False
24,0.008894344157053253,0.10641724815669844,0.147960753369355,tumor_099,1,0.28125,ITC,4336,0.00023062730627306272,0.5411627906976744,-0.08176809549331665,-0.07870674133300781,0.05995801091194153,-0.05105829983949661,1.0,0.0001556442400571806,False
25,0.0020421620878513357,0.0509917790139866,0.05754958795899411,tumor_099,0,0.0,ITC,4336,0.0,,,-0.07870674133300781,0.05995801091194153,,,,
26,0.006809067625231247,0.09311054807711298,0.17872506446111416,tumor_099,1,0.09375,ITC,4336,0.00023062730627306272,0.9676744186046512,0.04846075177192688,-0.07870674133300781,0.05995801091194153,2.1209425926208496,1.0,0.26857042219277605,False
27,0.0016437790203628637,0.04574849124869611,0.09079313696301754,tumor_099,0,0.0,ITC,4336,0.0,,,-0.07870674133300781,0.05995801091194153,,,,
28,0.0009445100859962368,0.034678344710952075,0.05173153193210971,tumor_099,0,0.0,ITC,4336,0.0,,,-0.07870674133300781,0.05995801091194153,,,,
29,0.003376845706691986,0.06557082804288347,0.08388402900816642,tumor_099,0,0.0,ITC,4336,0.0,,,-0.07870674133300781,0.05995801091194153,,,,
30,0.0007320256437132168,0.030529395626770612,0.035654594118736276,tumor_099,0,0.0,ITC,4336,0.0,,,-0.07870674133300781,0.05995801091194153,,,,
31,0.0053405983520109215,0.08246126978362477,0.12383937854617716,tumor_099,1,0.3450145721435547,ITC,4336,0.00023062730627306272,0.9839534883720931,0.10232651233673096,-0.07870674133300781,0.05995801091194153,3.019333839416504,1.0,0.5442803099038047,False
32,0.003080707099738392,0.06262969028450718,0.09239700913121543,tumor_099,0,0.0,ITC,4336,0.0,,,-0.07870674133300781,0.05995801091194153,,,,
33,0.0007292005178942127,0.030470427227465523,0.03889030062293829,tumor_099,1,0.04710798338055611,ITC,4336,0.00023062730627306272,0.6472093023255814,-0.06850196421146393,-0.07870674133300781,0.05995801091194153,0.1701987236738205,1.0,0.0017294696794514812,False
34,0.00044351163960389616,0.023763344842298827,0.027457001999717706,tumor_099,0,0.0,ITC,4336,0.0,,,-0.07870674133300781,0.05995801091194153,,,,
35,0.0033168049225315932,0.06498528440762164,0.12037112977721247,tumor_099,0,0.0,ITC,4336,0.0,,,-0.07870674133300781,0.05995801091194153,,,,
36,0.0005683301764981155,0.02690019433356784,0.03307569561973685,tumor_099,0,0.0,ITC,4336,0.0,,,-0.07870674133300781,0.05995801091194153,,,,
37,0.003679385306427143,0.06844515229335488,0.09541897921270673,tumor_099,0,0.0,ITC,4336,0.0,,,-0.07870674133300781,0.05995801091194153,,,,
38,0.0010952374364727058,0.037342999544645775,0.045361004837701904,tumor_099,1,0.07075478136539459,ITC,4336,0.00023062730627306272,0.9809302325581395,0.08317805826663971,-0.07870674133300781,0.05995801091194153,2.699969530105591,1.0,0.4352292558256443,False
39,0.005131613772592198,0.08083176098274725,0.11932700904394246,tumor_099,0,0.0,ITC,4336,0.0,,,-0.07870674133300781,0.05995801091194153,,,,
40,0.0009333307661376915,0.03447250556261432,0.03879473215047387,tumor_099,0,0.0,ITC,4336,0.0,,,-0.07870674133300781,0.05995801091194153,,,,
41,0.0008947728744593583,0.033752928870218156,0.04163556951315312,tumor_099,0,0.0,ITC,4336,0.0,,,-0.07870674133300781,0.05995801091194153,,,,
42,0.0033692222923444406,0.06549677135261094,0.09343948060442549,tumor_099,1,0.21765927970409393,ITC,4336,0.00023062730627306272,0.9834883720930233,0.09858745336532593,-0.07870674133300781,0.05995801091194153,2.956972599029541,1.0,0.5220293906618377,False
43,0.005499940682611519,0.08368238745876393,0.16567098126986984,tumor_099,0,0.0,ITC,4336,0.0,,,-0.07870674133300781,0.05995801091194153,,,,
44,0.004572685021819497,0.07630284002184161,0.107056040687208,tumor_099,0,0.0,ITC,4336,0.0,,,-0.07870674133300781,0.05995801091194153,,,,
45,0.005563775195856113,0.08416661212963623,0.1192944065471428,tumor_099,0,0.0,ITC,4336,0.0,,,-0.07870674133300781,0.05995801091194153,,,,
46,0.0018159294611844463,0.048084438235562806,0.05473700781741298,tumor_099,0,0.0,ITC,4336,0.0,,,-0.07870674133300781,0.05995801091194153,,,,
47,0.002896001999832493,0.060723177352793756,0.08033182696224579,tumor_099,0,0.0,ITC,4336,0.0,,,-0.07870674133300781,0.05995801091194153,,,,
48,0.0016748666859961912,0.046179069899358965,0.07275028144288784,tumor_099,0,0.0,ITC,4336,0.0,,,-0.07870674133300781,0.05995801091194153,,,,
49,0.002887377095127159,0.06063268671334333,0.07022833482462314,tumor_099,0,0.0,ITC,4336,0.0,,,-0.07870674133300781,0.05995801091194153,,,,
50,0.006225650413465347,0.08903226548909612,0.15846031656033968,tumor_099,1,0.171875,ITC,4336,0.00023062730627306272,0.9890697674418605,0.13480836153030396,-0.07870674133300781,0.05995801091194153,3.561077117919922,1.0,0.7571171992860558,False
51,0.0014778430675934772,0.04337796946115315,0.0585113519662844,tumor_099,0,0.0,ITC,4336,0.0,,,-0.07870674133300781,0.05995801091194153,,,,
52,0.004644087128302299,0.07689626376456823,0.13298854064368912,tumor_099,0,0.0,ITC,4336,0.0,,,-0.07870674133300781,0.05995801091194153,,,,
53,0.006255346773076824,0.08924435487756581,0.10777611790714645,tumor_099,0,0.0,ITC,4336,0.0,,,-0.07870674133300781,0.05995801091194153,,,,
54,0.007206540244646416,0.09578962376066226,0.15982376091109782,tumor_099,1,0.4375,ITC,4336,0.00023062730627306272,0.9758139534883721,0.06666210293769836,-0.07870674133300781,0.05995801091194153,2.4245107173919678,1.0,0.3509526863166694,False
55,0.00048800002780195143,0.024926711239738452,0.033752599862997536,tumor_099,0,0.0,ITC,4336,0.0,,,-0.07870674133300781,0.05995801091194153,,,,
56,0.0018461816126606999,0.04848331090182,0.06939614224214402,tumor_099,0,0.0,ITC,4336,0.0,,,-0.07870674133300781,0.05995801091194153,,,,
57,0.0006089431902510567,0.02784475804033558,0.0430873070777924,tumor_099,1,0.0393390916287899,ITC,4336,0.00023062730627306272,0.8181395348837209,-0.0363338440656662,-0.07870674133300781,0.05995801091194153,0.7067095041275024,1.0,0.0298182545869599,False
58,0.00170207266275,0.04655261778059292,0.052471016547707104,tumor_099,0,0.0,ITC,4336,0.0,,,-0.07870674133300781,0.05995801091194153,,,,
59,0.0002861873512752056,0.01908887248756733,0.025503558117962823,tumor_099,0,0.0,ITC,4336,0.0,,,-0.07870674133300781,0.05995801091194153,,,,
60,0.002173840996543825,0.052610078129252884,0.06111498309948224,tumor_099,0,0.0,ITC,4336,0.0,,,-0.07870674133300781,0.05995801091194153,,,,
61,0.0009066403581945076,0.03397602620828545,0.04714879529975142,tumor_099,0,0.0,ITC,4336,0.0,,,-0.07870674133300781,0.05995801091194153,,,,
62,0.0012429617062564887,0.03978175457414181,0.05985448244247338,tumor_099,0,0.0,ITC,4336,0.0,,,-0.07870674133300781,0.05995801091194153,,,,
63,0.0029584541329725723,0.06137443110437651,0.0806807224966336,tumor_099,0,0.0,ITC,4336,0.0,,,-0.07870674133300781,0.05995801091194153,,,,
64,0.0066147279816966475,0.09177218120957124,0.12981048600629394,tumor_099,0,0.0,ITC,4336,0.0,,,-0.07870674133300781,0.05995801091194153,,,,
65,0.004398787207100349,0.07483789027595117,0.12116481575694553,tumor_099,0,0.0,ITC,4336,0.0,,,-0.07870674133300781,0.05995801091194153,,,,
66,0.0014011411423928432,0.04223728578223238,0.05339122130744851,tumor_099,0,0.0,ITC,4336,0.0,,,-0.07870674133300781,0.05995801091194153,,,,
67,0.0013171629252059383,0.04095197093219378,0.05057907632983839,tumor_099,0,0.0,ITC,4336,0.0,,,-0.07870674133300781,0.05995801091194153,,,,
68,0.00191463471339069,0.049373967136657156,0.05579791907071431,tumor_099,1,0.1236896812915802,ITC,4336,0.00023062730627306272,0.9416279069767441,0.01768757402896881,-0.07870674133300781,0.05995801091194153,1.6076970100402832,1.0,0.15431522013064228,False
69,0.0006678486210289049,0.029160440226286864,0.034115750000509766,tumor_099,0,0.0,ITC,4336,0.0,,,-0.07870674133300781,0.05995801091194153,,,,
70,0.0012197175732370034,0.03940802770570686,0.04478661956209161,tumor_099,0,0.0,ITC,4336,0.0,,,-0.07870674133300781,0.05995801091194153,,,,
71,0.0013910301632285328,0.04208461252930786,0.06122662990048246,tumor_099,0,0.0,ITC,4336,0.0,,,-0.07870674133300781,0.05995801091194153,,,,
72,0.0005511383642636204,0.026490208757219982,0.03356523771869656,tumor_099,0,0.0,ITC,4336,0.0,,,-0.07870674133300781,0.05995801091194153,,,,
73,0.001581971085674303,0.04488015312928579,0.07963153812573272,tumor_099,0,0.0,ITC,4336,0.0,,,-0.07870674133300781,0.05995801091194153,,,,
74,0.00211069829280015,0.05184037551366838,0.06528275519230965,tumor_099,0,0.0,ITC,4336,0.0,,,-0.07870674133300781,0.05995801091194153,,,,
75,0.0024337387171908015,0.05566625886729191,0.06631056768062976,tumor_099,0,0.0,ITC,4336,0.0,,,-0.07870674133300781,0.05995801091194153,,,,
76,0.0018803832896278152,0.048930341952752865,0.06809351001923705,tumor_099,0,0.0,ITC,4336,0.0,,,-0.07870674133300781,0.05995801091194153,,,,
77,0.004019580812111813,0.07153942439829553,0.10737116138871262,tumor_099,0,0.0,ITC,4336,0.0,,,-0.07870674133300781,0.05995801091194153,,,,
78,0.009996036639623005,0.11281555362710233,0.1754682600809114,tumor_099,1,0.53125,ITC,4336,0.00023062730627306272,0.9158139534883721,-0.0012381970882415771,-0.07870674133300781,0.05995801091194153,1.2920465469360352,1.0,0.09966821353784884,False
79,0.001011296741769041,0.03588346420124689,0.05014262209047003,tumor_099,1,0.06533202528953552,ITC,4336,0.00023062730627306272,0.8341860465116279,-0.031262725591659546,-0.07870674133300781,0.05995801091194153,0.791287362575531,1.0,0.037382540640846756,False
80,0.01952863936646519,0.15768524311505916,0.2922690802398836,tumor_099,1,0.265625,micro,4336,0.00023062730627306272,0.9958139534883721,0.18734344840049744,-0.07870674133300781,0.05995801091194153,4.437274932861328,1.0,1.17552814402313,True
81,0.014542774109399288,0.13607510825363273,0.21323888915255448,tumor_099,1,0.6875,micro,4336,0.00023062730627306272,0.9872093023255814,0.11796167492866516,-0.07870674133300781,0.05995801091194153,3.280102491378784,1.0,0.6423551090323613,False
82,0.005783830139632496,0.08581492442350101,0.12342281573895686,tumor_099,0,0.0,ITC,4336,0.0,,,-0.07870674133300781,0.05995801091194153,,,,
83,0.0004351272812302008,0.023537656243886942,0.03155362140842109,tumor_099,0,0.0,ITC,4336,0.0,,,-0.07870674133300781,0.05995801091194153,,,,
84,0.006187660689785546,0.08876020662232716,0.11041355534647909,tumor_099,0,0.0,ITC,4336,0.0,,,-0.07870674133300781,0.05995801091194153,,,,
85,0.0023665233024807186,0.054892176603371305,0.09092636983158232,tumor_099,0,0.0,ITC,4336,0.0,,,-0.07870674133300781,0.05995801091194153,,,,
86,0.001862404659334448,0.04869586492263628,0.057612838217324436,tumor_099,0,0.0,ITC,4336,0.0,,,-0.07870674133300781,0.05995801091194153,,,,
87,0.00259039189478298,0.057429865025082,0.0663255348341041,tumor_099,0,0.0,ITC,4336,0.0,,,-0.07870674133300781,0.05995801091194153,,,,
88,0.0003998178383645754,0.022562444071871045,0.033485231214103725,tumor_099,0,0.0,ITC,4336,0.0,,,-0.07870674133300781,0.05995801091194153,,,,
89,0.0008501437347984867,0.03290040458496333,0.045767831918599004,tumor_099,0,0.0,ITC,4336,0.0,,,-0.07870674133300781,0.05995801091194153,,,,
90,0.001813918536096096,0.04805780697332813,0.0898447653299181,tumor_099,0,0.0,ITC,4336,0.0,,,-0.07870674133300781,0.05995801091194153,,,,
91,0.004541952757084614,0.07604599832100983,0.08586691681683173,tumor_099,0,0.0,ITC,4336,0.0,,,-0.07870674133300781,0.05995801091194153,,,,
0,0.012438024700945564,0.12584349370403158,0.1498643660943533,tumor_100,0,0.0,ITC,5877,0.0,,,-0.06558644771575928,0.05574952811002731,,,,
1,0.3167381978714696,0.6350461391569167,0.880331027923,tumor_100,7,0.953125,micro,5877,0.0011910838863365663,0.9990752007787783,0.21405883133411407,-0.06558644771575928,0.05574952811002731,5.016100883483887,0.77578584984,1.4495819194783928,True
0,2.5213635768268983,1.7917309543206819,3.235001716384958,tumor_101,50,1.0,macro,3239,0.015436863229391787,0.9762549800796813,0.23094402253627777,-0.05406494438648224,0.07361708581447601,3.8715057373046875,0.5160196257651674,0.9271631657391571,True
1,0.11048547586807644,0.375065963523908,1.1335124498371523,tumor_101,4,0.3203125,micro,3239,0.001234949058351343,0.9677954847277557,0.14530855417251587,-0.05406494438648224,0.07361708581447601,2.7082502841949463,0.8284930168448709,0.45370540189105163,True
2,0.059148856572666435,0.27442788344879837,0.7439233369111363,tumor_101,3,0.25,micro,3239,0.0009262117937635072,0.9329349269588313,0.09087952226400375,-0.05406494438648224,0.07361708581447601,1.9688969850540161,0.8640839315436526,0.23979622570027137,False
3,3.0116864082125843,1.9582130198927972,3.0165030336407295,tumor_101,56,1.0,macro,3239,0.0172892868169188,0.9660702428381711,0.2361029088497162,-0.05406494438648224,0.07361708581447601,3.9415831565856934,0.501999038603405,0.9610317638480345,True
4,2.4823746146568375,1.7778238169818168,3.198306372008995,tumor_101,50,1.0,macro,3239,0.015436863229391787,0.977675962815405,0.23074081540107727,-0.05406494438648224,0.07361708581447601,3.8687455654144287,0.5160196257651674,0.9258416037312106,True
5,0.1094969408461117,0.3733842994995857,1.0971069343904551,tumor_101,4,0.6171875,micro,3239,0.001234949058351343,0.9841467463479415,0.18816536664962769,-0.05406494438648224,0.07361708581447601,3.2904088497161865,0.8284930168448709,0.6697243422975852,True
6,0.06656261053717008,0.29111878664340846,0.7316321043346509,tumor_101,3,0.421875,micro,3239,0.0009262117937635072,0.9708942009738822,0.147583469748497,-0.05406494438648224,0.07361708581447601,2.739152431488037,0.8640839315436526,0.46411836899790965,True
7,2.980379653754644,1.948008530136484,2.9980925829688463,tumor_101,57,1.0,macro,3239,0.01759802408150664,0.9579692924209594,0.2373255342245102,-0.05406494438648224,0.07361708581447601,3.95819091796875,0.4998093152974633,0.9691473916778683,True
0,0.6627310777598829,0.9185942606661752,2.0559277945543832,tumor_102,19,0.578125,macro,9697,0.0019593688769722595,0.9496858918286435,0.27591073513031006,-0.043338775634765625,0.08780483156442642,3.635899066925049,0.6792400526917959,0.720064195679747,True
1,0.016104806637323422,0.14319663638142308,0.24680215178204992,tumor_102,0,0.0,micro,9697,0.0,,,-0.043338775634765625,0.08780483156442642,,,,
2,0.0073015077015048235,0.09641871364908518,0.12075103634554242,tumor_102,0,0.0,ITC,9697,0.0,,,-0.043338775634765625,0.08780483156442642,,,,
3,0.017493463500699497,0.1492426530971351,0.20131450998766448,tumor_102,2,0.0625,micro,9697,0.00020624935547076416,0.9742607381826031,0.1653171181678772,-0.043338775634765625,0.08780483156442642,2.3763599395751953,0.9244902493526356,0.3075898670378963,False
4,0.13996426953366006,0.42214694458236574,0.8332479315633993,tumor_102,6,0.2109375,micro,9697,0.0006187480664122925,0.9825706885387437,0.231295645236969,-0.043338775634765625,0.08780483156442642,3.1277825832366943,0.8048101261377578,0.5328692917449687,True
5,0.009334575529075538,0.10901903823156821,0.19233539999775942,tumor_102,1,0.375,ITC,9697,0.00010312467773538208,0.996762357004101,0.29842785000801086,-0.043338775634765625,0.08780483156442642,3.8923442363739014,1.0,0.8252206051274487,False
6,0.019476920394158718,0.1574763006153677,0.25260369990828024,tumor_102,1,0.328125,micro,9697,0.00010312467773538208,0.9885603280811569,0.22256606817245483,-0.043338775634765625,0.08780483156442642,3.028362274169922,1.0,0.4995319076510156,False
7,0.01217560481105229,0.12450888131574982,0.23321179780086204,tumor_102,1,0.046875,micro,9697,0.00010312467773538208,0.9079430174832722,0.07704420387744904,-0.043338775634765625,0.08780483156442642,1.3710291385650635,1.0,0.1023860879300903,False
8,0.007859537203610774,0.1000353616025576,0.12584065455770813,tumor_102,0,0.0,ITC,9697,0.0,,,-0.043338775634765625,0.08780483156442642,,,,
9,0.007234735522359873,0.09597682721766121,0.1462673414480937,tumor_102,0,0.0,ITC,9697,0.0,,,-0.043338775634765625,0.08780483156442642,,,,
10,0.005752649177822571,0.08558329521695177,0.171954362573924,tumor_102,1,0.171875,ITC,9697,0.00010312467773538208,0.9333045542844809,0.1002989411354065,-0.043338775634765625,0.08780483156442642,1.63587486743927,1.0,0.1457631482741203,False
11,0.019491065089207785,0.1575334721276286,0.37074151405645694,tumor_102,1,0.328125,micro,9697,0.00010312467773538208,0.9637383984459313,0.1431230753660202,-0.043338775634765625,0.08780483156442642,2.1235945224761963,1.0,0.24563529624949426,False
12,8.371834535599536,3.264866121712323,5.4134865492652375,tumor_102,180,0.9921875,macro,9697,0.018562441992368773,0.9826929994963667,0.2749774158000946,-0.043338775634765625,0.08780483156442642,3.625269651412964,0.4342920408094609,0.7158601880871215,True
13,0.016283791733644706,0.14399016484992297,0.21505266112501015,tumor_102,1,0.21875,micro,9697,0.00010312467773538208,0.915929203539823,0.0840255469083786,-0.043338775634765625,0.08780483156442642,1.4505388736724854,1.0,0.11460572786495343,False
14,0.0059644303510296825,0.08714441224054253,0.09841418877270453,tumor_102,0,0.0,ITC,9697,0.0,,,-0.043338775634765625,0.08780483156442642,,,,
15,0.005352754018468191,0.08255506095663519,0.12418618392174871,tumor_102,0,0.0,ITC,9697,0.0,,,-0.043338775634765625,0.08780483156442642,,,,
16,0.0019220523794983091,0.04946951684249163,0.07054798854042744,tumor_102,0,0.0,ITC,9697,0.0,,,-0.043338775634765625,0.08780483156442642,,,,
17,0.005144826691500029,0.08093575720549484,0.13397365190341234,tumor_102,1,0.33236730098724365,ITC,9697,0.00010312467773538208,0.9893157781135333,0.22537930309772491,-0.043338775634765625,0.08780483156442642,3.060401678085327,1.0,0.5101576955988714,False
18,0.012696132022818215,0.12714250806331684,0.18612376055791074,tumor_102,0,0.0,ITC,9697,0.0,,,-0.043338775634765625,0.08780483156442642,,,,
19,0.010579878969770085,0.11606343215166087,0.2355829881103168,tumor_102,1,0.21875,micro,9697,0.00010312467773538208,0.9702136844377294,0.15526524186134338,-0.043338775634765625,0.08780483156442642,2.261880397796631,1.0,0.278667841161619,False
20,0.9370058839886294,1.0922604749526788,2.5434131474551265,tumor_102,24,0.7734375,macro,9697,0.00247499226564917,0.975330959061803,0.26884910464286804,-0.043338775634765625,0.08780483156442642,3.5554749965667725,0.6537906248430289,0.6885616602759949,True
21,0.05165225629442358,0.25644823120633103,0.46857998168311693,tumor_102,3,0.1875,micro,9697,0.00030937403320614623,0.9125836391107274,0.19343365728855133,-0.043338775634765625,0.08780483156442642,2.6965763568878174,0.8803198767851221,0.39607098112047745,False
22,0.002257006673572998,0.05360699720674819,0.07644339917941745,tumor_102,0,0.0,ITC,9697,0.0,,,-0.043338775634765625,0.08780483156442642,,,,
23,0.0031934790902806323,0.06376569503291071,0.08390098821285735,tumor_102,0,0.0,ITC,9697,0.0,,,-0.043338775634765625,0.08780483156442642,,,,
24,0.023830871699658692,0.17419072372981148,0.3064007853642254,tumor_102,1,0.65625,micro,9697,0.00010312467773538208,0.9963306712713145,0.2897806465625763,-0.043338775634765625,0.08780483156442642,3.7938621044158936,1.0,0.783990251444093,False
25,0.0077073652972781985,0.09906221420003737,0.20363727744629728,tumor_102,1,0.25,micro,9697,0.00010312467773538208,0.9697819987049427,0.15449419617652893,-0.043338775634765625,0.08780483156442642,2.253098964691162,1.0,0.27650826389904914,False
26,0.014022018408025224,0.13361657207884847,0.19158300153262553,tumor_102,1,0.09375,ITC,9697,0.00010312467773538208,0.9976257284696741,0.30820760130882263,-0.043338775634765625,0.08780483156442642,4.003724575042725,1.0,0.8731240822100113,False
27,0.016277543055855697,0.14396253509106013,0.26894508066494915,tumor_102,1,0.203125,micro,9697,0.00010312467773538208,0.8917548025037773,0.06481733918190002,-0.043338775634765625,0.08780483156442642,1.231778621673584,1.0,0.08264429973088556,False
28,0.01680404424425656,0.14627225862502688,0.207288007338753,tumor_102,0,0.0,micro,9697,0.0,,,-0.043338775634765625,0.08780483156442642,,,,
29,0.006610037472730179,0.091739637575376,0.12325773015160228,tumor_102,1,0.42702317237854004,ITC,9697,0.00010312467773538208,0.982085042089359,0.19312626123428345,-0.043338775634765625,0.08780483156442642,2.69307541847229,1.0,0.39504321864532926,False
30,0.16655022281875342,0.46049791517149075,0.8275018598294758,tumor_102,6,0.3203125,micro,9697,0.0006187480664122925,0.9670120152528959,0.23750907182693481,-0.043338775634765625,0.08780483156442642,3.1985466480255127,0.8048101261377578,0.5572536954776334,True
31,0.02621407652630681,0.18269318230850212,0.2698749137159046,tumor_102,1,0.75,micro,9697,0.00010312467773538208,0.9729117202676452,0.16217727959156036,-0.043338775634765625,0.08780483156442642,2.3406007289886475,1.0,0.29840235846740987,False
32,0.007770345658169128,0.09946613176474749,0.19300749487733665,tumor_102,1,0.09375,ITC,9697,0.00010312467773538208,0.9864018994172242,0.20828673243522644,-0.043338775634765625,0.08780483156442642,2.865736484527588,1.0,0.447321821944005,False
33,0.011497311523381943,0.12099103970835677,0.22335726224799424,tumor_102,1,0.3125,micro,9697,0.00010312467773538208,0.9812216706237858,0.19059044122695923,-0.043338775634765625,0.08780483156442642,2.6641952991485596,1.0,0.38661588563352106,False
34,0.008690172525246712,0.10518874136387003,0.13736691559933725,tumor_102,0,0.0,ITC,9697,0.0,,,-0.043338775634765625,0.08780483156442642,,,,
35,0.01535588459621727,0.13982746336930157,0.21836775596612146,tumor_102,1,0.1875,micro,9697,0.00010312467773538208,0.9789553205266566,0.18058054149150848,-0.043338775634765625,0.08780483156442642,2.5501935482025146,1.0,0.354236953958787,False
36,0.009320492659282746,0.10893676987230982,0.16439353035265977,tumor_102,1,0.046875,ITC,9697,0.00010312467773538208,0.902978631556227,0.0730246752500534,-0.043338775634765625,0.08780483156442642,1.3252511024475098,1.0,0.09566298491230743,False
37,0.013763432504621545,0.13237879942112132,0.22159814730723718,tumor_102,1,0.265625,micro,9697,0.00010312467773538208,0.9497086121303691,0.11829367280006409,-0.043338775634765625,0.08780483156442642,1.8408149480819702,1.0,0.184572860955348,False
38,8.167074111246313,3.224692500568324,5.452825609272548,tumor_102,163,1.0,macro,9697,0.016809322470867277,0.991647013489517,0.2807464301586151,-0.043338775634765625,0.08780483156442642,3.690972328186035,0.44509936949874435,0.742043145770034,True
39,0.0020644107316190414,0.051268795383478755,0.09017392598915094,tumor_102,0,0.0,ITC,9697,0.0,,,-0.043338775634765625,0.08780483156442642,,,,
40,0.16338940403122212,0.4561072794894451,0.720949206394404,tumor_102,5,0.359375,micro,9697,0.0005156233886769104,0.9970645370170516,0.3182453513145447,-0.043338775634765625,0.08780483156442642,4.118043422698975,0.8246717885339452,0.9236967654891437,True
41,0.0012350087010710678,0.03965427992405979,0.059842163162148174,tumor_102,1,0.0797843188047409,ITC,9697,0.00010312467773538208,0.9983811785020505,0.3169894814491272,-0.043338775634765625,0.08780483156442642,4.103740692138672,1.0,0.9172915668049958,False
42,0.001381921208612011,0.0419465937891627,0.0900286634214169,tumor_102,0,0.0,ITC,9697,0.0,,,-0.043338775634765625,0.08780483156442642,,,,
43,0.0006996610194653321,0.029846877188291897,0.04182865802592763,tumor_102,0,0.0,ITC,9697,0.0,,,-0.043338775634765625,0.08780483156442642,,,,
44,0.0010249503867991619,0.036124885658840415,0.04089160759992092,tumor_102,1,0.06621408462524414,ITC,9697,0.00010312467773538208,0.9996762357004101,0.3530861735343933,-0.043338775634765625,0.08780483156442642,4.5148420333862305,1.0,1.1102804654446699,True
45,0.009885245615266663,0.1121886162976324,0.14111688452077417,tumor_102,1,0.609375,ITC,9697,0.00010312467773538208,0.9915821282106626,0.23790553212165833,-0.043338775634765625,0.08780483156442642,3.203061819076538,1.0,0.5588280803040611,False
46,0.009692014736407071,0.11108670681296402,0.11671557572161856,tumor_102,0,0.0,ITC,9697,0.0,,,-0.043338775634765625,0.08780483156442642,,,,
47,0.007416005651604389,0.09717176369502699,0.10824006287586928,tumor_102,0,0.0,ITC,9697,0.0,,,-0.043338775634765625,0.08780483156442642,,,,
48,0.0030687897983650817,0.0625084356367864,0.08004486145301958,tumor_102,0,0.0,ITC,9697,0.0,,,-0.043338775634765625,0.08780483156442642,,,,
49,0.002829804105009533,0.060025148815742495,0.08691124986464491,tumor_102,0,0.0,ITC,9697,0.0,,,-0.043338775634765625,0.08780483156442642,,,,
50,0.006128382407733627,0.0883340185137399,0.17819115690162754,tumor_102,0,0.0,ITC,9697,0.0,,,-0.043338775634765625,0.08780483156442642,,,,
51,0.0035980503255602877,0.06768441444269563,0.13126021652922099,tumor_102,1,0.23244208097457886,ITC,9697,0.00010312467773538208,0.9665443557090438,0.14772164821624756,-0.043338775634765625,0.08780483156442642,2.17596697807312,1.0,0.25790049759767353,False
52,0.0004747480670159397,0.024585931194715274,0.029210021254065445,tumor_102,0,0.0,ITC,9697,0.0,,,-0.043338775634765625,0.08780483156442642,,,,
0,0.061500878856896896,0.2798309328801371,1.0790589235717245,tumor_103,4,0.171875,micro,5105,0.0007835455435847208,0.9871316306483301,0.05523175001144409,-0.09817122668027878,0.06516042351722717,2.3542354106903076,0.837631962790474,0.32457484911118817,False
1,0.05988412695075293,0.27612830085965356,0.6174695901477907,tumor_103,3,0.265625,micro,5105,0.0005876591576885406,0.9120497707924035,0.044984739273786545,-0.09817122668027878,0.06516042351722717,2.196977138519287,0.871326374853602,0.2826611775129689,False
2,0.0006877591206829977,0.029591926427758566,0.03893646470054015,tumor_103,0,0.0,ITC,5105,0.0,,,-0.09817122668027878,0.06516042351722717,,,,
3,0.0012619014108107643,0.04008369715734013,0.059993160265733654,tumor_103,0,0.0,ITC,5105,0.0,,,-0.09817122668027878,0.06516042351722717,,,,
4,0.044291215308518095,0.23747279173662117,0.51809075253883,tumor_103,3,0.078125,micro,5105,0.0005876591576885406,0.9236411263916176,0.06201738491654396,-0.09817122668027878,0.06516042351722717,2.4583728313446045,0.871326374853602,0.35392446456798793,False
5,0.009928680658045808,0.11243482041107666,0.23634723283391748,tumor_103,1,0.140625,micro,5105,0.0001958863858961802,0.9984282907662082,0.09360010921955109,-0.09817122668027878,0.06516042351722717,2.9430644512176514,1.0,0.5072413319810186,False
6,0.06185851025076618,0.28064337054290256,1.059175427542748,tumor_103,4,0.2578125,micro,5105,0.0007835455435847208,0.8895383104125737,-0.0015078596770763397,-0.09817122668027878,0.06516042351722717,1.48346745967865,0.837631962790474,0.1288757296438868,False
0,5.0194365142218045,2.5280318554549157,3.007088499182636,tumor_104,93,1.0,macro,6668,0.013947210557888423,0.9721235121614629,0.12508587539196014,-0.04552144557237625,0.06377284228801727,2.675234794616699,0.48522876095710243,0.4064065898420256,True
1,0.1158796248966807,0.3841126408327786,0.6653802090978428,tumor_104,5,0.203125,micro,6668,0.0007498500299940012,0.9548051948051948,0.1347385197877884,-0.04552144557237625,0.06377284228801727,2.826594591140747,0.8172147462845989,0.45369498620853965,True
2,0.011714302319977662,0.12212744553448425,0.17272886769629528,tumor_104,1,0.484375,ITC,6668,0.00014997000599880023,0.9802902979373568,0.1333601325750351,-0.04552144557237625,0.06377284228801727,2.804980516433716,1.0,0.4467829904718704,False
3,0.0021180103702229864,0.051930093005184086,0.05923166730127846,tumor_104,0,0.0,ITC,6668,0.0,,,-0.04552144557237625,0.06377284228801727,,,,
4,0.009653400882159852,0.11086519627163084,0.1493697566979032,tumor_104,1,0.015625,ITC,6668,0.00014997000599880023,0.9405653170359053,0.05145376920700073,-0.04552144557237625,0.06377284228801727,1.5206350088119507,1.0,0.1313067047118173,False
5,0.0010471008948631296,0.03651315196839781,0.04089159327599439,tumor_104,0,0.0,ITC,6668,0.0,,,-0.04552144557237625,0.06377284228801727,,,,
6,0.00094889508586732,0.03475875065549882,0.043597157835551244,tumor_104,0,0.0,ITC,6668,0.0,,,-0.04552144557237625,0.06377284228801727,,,,
7,0.007162857786863617,0.09549886799092933,0.17885017726677344,tumor_104,1,0.140625,ITC,6668,0.00014997000599880023,0.6213903743315508,-0.03779567778110504,-0.04552144557237625,0.06377284228801727,0.1211451068520546,1.0,0.0008333907722374069,False
8,0.005348526860817444,0.08252245697548632,0.14656257433740608,tumor_104,0,0.0,ITC,6668,0.0,,,-0.04552144557237625,0.06377284228801727,,,,
9,0.009486255209675606,0.10990120683781836,0.22898495117067064,tumor_104,1,0.203125,micro,6668,0.00014997000599880023,0.9865546218487395,0.1621803641319275,-0.04552144557237625,0.06377284228801727,3.2569005489349365,1.0,0.6023458568986464,False
10,0.00207056315339312,0.05134513498640021,0.062110883162611256,tumor_104,0,0.0,ITC,6668,0.0,,,-0.04552144557237625,0.06377284228801727,,,,
11,0.5530664811611294,0.8391579795734978,1.842036271807982,tumor_104,17,0.375,micro,6668,0.002549490101979604,0.98475711140071,0.16784988343715668,-0.04552144557237625,0.06377284228801727,3.3458025455474854,0.6782295135946227,0.635678535602781,True
12,0.05467117852931836,0.26383613562361796,0.4795363165775308,tumor_104,4,0.2421875,micro,6668,0.0005998800239952009,0.9669595110771582,0.11184153705835342,-0.04552144557237625,0.06377284228801727,2.467554807662964,0.8425573521265585,0.34575665512109677,False
13,0.0028096221254470368,0.059810718068603934,0.10796255542933224,tumor_104,0,0.0,ITC,6668,0.0,,,-0.04552144557237625,0.06377284228801727,,,,
14,0.0011464213508747521,0.03820561475571935,0.04770063123367355,tumor_104,0,0.0,ITC,6668,0.0,,,-0.04552144557237625,0.06377284228801727,,,,
0,0.5635755236596586,0.8470930546098845,1.7599540690347915,tumor_105,13,0.8125,micro,4335,0.0029988465974625142,0.9588109542589658,0.04543383792042732,-0.10817565768957138,0.0488671138882637,3.1434125900268555,0.6937182594933309,0.5899498465310103,True
1,0.000266448076691906,0.01841880093444636,0.024548021199263997,tumor_105,0,0.0,ITC,4335,0.0,,,-0.10817565768957138,0.0488671138882637,,,,
2,6.700051501719475e-05,0.009236217041490228,0.013502856290476938,tumor_105,0,0.0,ITC,4335,0.0,,,-0.10817565768957138,0.0488671138882637,,,,
3,0.0007270609655301362,0.030425692642013894,0.04895208540868281,tumor_105,0,0.0,ITC,4335,0.0,,,-0.10817565768957138,0.0488671138882637,,,,
4,0.0004950898088080559,0.02510712892327173,0.037657656039887785,tumor_105,0,0.0,ITC,4335,0.0,,,-0.10817565768957138,0.0488671138882637,,,,
5,0.0008355412199976196,0.03261662340827499,0.05092740975673044,tumor_105,1,0.05397782847285271,ITC,4335,0.0002306805074971165,0.9767609008145663,0.007359862327575684,-0.10817565768957138,0.0488671138882637,2.3642795085906982,1.0,0.3337412992291442,False
6,0.00021064415716804506,0.016376827249921264,0.02353282688592887,tumor_105,0,0.0,ITC,4335,0.0,,,-0.10817565768957138,0.0488671138882637,,,,
7,5.564769130517006e-05,0.008417412972104767,0.009940985280508024,tumor_105,0,0.0,ITC,4335,0.0,,,-0.10817565768957138,0.0488671138882637,,,,
8,0.00011891889066357423,0.012304967867040524,0.0234476734026767,tumor_105,0,0.0,ITC,4335,0.0,,,-0.10817565768957138,0.0488671138882637,,,,
9,2.306195957917582,1.7135751782542412,4.039524655710753,tumor_105,52,0.8046875,macro,4335,0.011995386389850057,0.8860620692197118,-0.030110808089375496,-0.10817565768957138,0.0488671138882637,1.5974925756454468,0.5281802349147118,0.1523666828986645,True
10,0.0021505895462588655,0.05232796245594546,0.08937155286129152,tumor_105,0,0.0,ITC,4335,0.0,,,-0.10817565768957138,0.0488671138882637,,,,
11,0.0005048672560894775,0.025353835120057424,0.027777367308467457,tumor_105,0,0.0,ITC,4335,0.0,,,-0.10817565768957138,0.0488671138882637,,,,
12,0.0004169022384826813,0.023039453472787918,0.0295693906751242,tumor_105,0,0.0,ITC,4335,0.0,,,-0.10817565768957138,0.0488671138882637,,,,
13,0.0012162159112685395,0.039351419201386066,0.04832856173824275,tumor_105,0,0.0,ITC,4335,0.0,,,-0.10817565768957138,0.0488671138882637,,,,
14,0.000882781703945755,0.03352599849120715,0.05726624419661328,tumor_105,0,0.0,ITC,4335,0.0,,,-0.10817565768957138,0.0488671138882637,,,,
15,0.0010583079951358109,0.03670803168131332,0.06280294302031567,tumor_105,0,0.0,ITC,4335,0.0,,,-0.10817565768957138,0.0488671138882637,,,,
16,0.00022236260313194276,0.016826195635907735,0.024832110371178363,tumor_105,1,0.0143651207908988,ITC,4335,0.0002306805074971165,0.9578342117872545,-0.012745201587677002,-0.10817565768957138,0.0488671138882637,1.952856421470642,1.0,0.22769471176108083,False
17,0.00017976538336397552,0.015128925767333587,0.020533014317504934,tumor_105,0,0.0,ITC,4335,0.0,,,-0.10817565768957138,0.0488671138882637,,,,
18,0.00011917767018500519,0.012318349017987491,0.015021855607339069,tumor_105,0,0.0,ITC,4335,0.0,,,-0.10817565768957138,0.0488671138882637,,,,
19,0.004510595165683262,0.07578303329399783,0.08229279891438966,tumor_105,1,0.29139453172683716,ITC,4335,0.0002306805074971165,0.37374221370388117,-0.12375590205192566,-0.10817565768957138,0.0488671138882637,-0.318828821182251,1.0,0.0060691442917097035,False
20,0.002737724053451214,0.059040482106997805,0.0827124123913797,tumor_105,0,0.0,ITC,4335,0.0,,,-0.10817565768957138,0.0488671138882637,,,,
21,0.0009725076733142739,0.03518856671167665,0.046027978276804646,tumor_105,0,0.0,ITC,4335,0.0,,,-0.10817565768957138,0.0488671138882637,,,,
22,0.0009180551265474587,0.03418923940901682,0.041234136931110485,tumor_105,0,0.0,ITC,4335,0.0,,,-0.10817565768957138,0.0488671138882637,,,,
23,0.0008766039920537882,0.033408484966481064,0.03774117442968066,tumor_105,0,0.0,ITC,4335,0.0,,,-0.10817565768957138,0.0488671138882637,,,,
24,0.001579855076076067,0.044850127734607705,0.08777312795482305,tumor_105,0,0.0,ITC,4335,0.0,,,-0.10817565768957138,0.0488671138882637,,,,
25,0.0004052957785877781,0.022716483280036677,0.02761793470781858,tumor_105,0,0.0,ITC,4335,0.0,,,-0.10817565768957138,0.0488671138882637,,,,
26,0.0030650733230886615,0.06247057357243729,0.09064289904373841,tumor_105,0,0.0,ITC,4335,0.0,,,-0.10817565768957138,0.0488671138882637,,,,
27,0.005425747531474068,0.08311604127256048,0.24112692538131023,tumor_105,0,0.0,micro,4335,0.0,,,-0.10817565768957138,0.0488671138882637,,,,
28,0.0009234630722817479,0.03428979005085548,0.059384937683363975,tumor_105,0,0.0,ITC,4335,0.0,,,-0.10817565768957138,0.0488671138882637,,,,
29,0.006319280475594703,0.08969926307278117,0.12280680639718981,tumor_105,0,0.0,ITC,4335,0.0,,,-0.10817565768957138,0.0488671138882637,,,,
30,0.0003216861914701939,0.020238171359465706,0.023321917429742326,tumor_105,0,0.0,ITC,4335,0.0,,,-0.10817565768957138,0.0488671138882637,,,,
31,0.0010565756603254852,0.03667797585378826,0.06730900754876923,tumor_105,0,0.0,ITC,4335,0.0,,,-0.10817565768957138,0.0488671138882637,,,,
32,0.0010383314952540895,0.036359932897373416,0.05904449982851916,tumor_105,0,0.0,ITC,4335,0.0,,,-0.10817565768957138,0.0488671138882637,,,,
33,0.0068273855686655505,0.09323570825160897,0.14880338347619088,tumor_105,1,0.09375,ITC,4335,0.0002306805074971165,0.09008145663632007,-0.16526460647583008,-0.10817565768957138,0.0488671138882637,-1.1682488918304443,1.0,0.08148601347391457,False
34,0.001655679761395649,0.04591379907638464,0.05590219667786625,tumor_105,0,0.0,ITC,4335,0.0,,,-0.10817565768957138,0.0488671138882637,,,,
35,0.0004870487565413704,0.02490240424221247,0.03686318810141087,tumor_105,0,0.0,ITC,4335,0.0,,,-0.10817565768957138,0.0488671138882637,,,,
36,0.0008925499378856621,0.033710975609835714,0.06556971706285471,tumor_105,0,0.0,ITC,4335,0.0,,,-0.10817565768957138,0.0488671138882637,,,,
37,0.005857763119403687,0.08636165611726061,0.21352536787752713,tumor_105,1,0.046875,micro,4335,0.0002306805074971165,0.7963584091998084,-0.07670371234416962,-0.10817565768957138,0.0488671138882637,0.6440311670303345,1.0,0.024764301674808982,False
38,0.0008970503617094994,0.0337958576477579,0.05497365814939054,tumor_105,0,0.0,ITC,4335,0.0,,,-0.10817565768957138,0.0488671138882637,,,,
39,0.00032602660601702214,0.020374247652776373,0.023302735075927873,tumor_105,1,0.02106204628944397,ITC,4335,0.0002306805074971165,0.34882606612362244,-0.1266748458147049,-0.10817565768957138,0.0488671138882637,-0.3785611093044281,1.0,0.008556266580803629,False
40,0.0011819648677345162,0.038793355231112096,0.06363218293023332,tumor_105,0,0.0,ITC,4335,0.0,,,-0.10817565768957138,0.0488671138882637,,,,
41,0.000894472096769165,0.033747255373862306,0.037222269615527555,tumor_105,1,0.05778489634394646,ITC,4335,0.0002306805074971165,0.9357930043124102,-0.027914604172110558,-0.10817565768957138,0.0488671138882637,1.64243483543396,1.0,0.16106033990738966,False
42,0.0009243901047977601,0.034306996898451916,0.046703321210898444,tumor_105,0,0.0,ITC,4335,0.0,,,-0.10817565768957138,0.0488671138882637,,,,
43,0.0003238713480389471,0.02030679215754848,0.023312661665564748,tumor_105,0,0.0,ITC,4335,0.0,,,-0.10817565768957138,0.0488671138882637,,,,
44,0.0005041830605699415,0.025336649551652508,0.03354993166472351,tumor_105,0,0.0,ITC,4335,0.0,,,-0.10817565768957138,0.0488671138882637,,,,
45,0.000215818884535738,0.01657676501285862,0.022638440491082306,tumor_105,0,0.0,ITC,4335,0.0,,,-0.10817565768957138,0.0488671138882637,,,,
46,0.00041666574649884796,0.02303291786506716,0.03958991742901326,tumor_105,1,0.026917537674307823,ITC,4335,0.0002306805074971165,0.5776233828461907,-0.10447672009468079,-0.10817565768957138,0.0488671138882637,0.07569380104541779,1.0,0.0003420841440306731,False
47,0.000754402328870842,0.030992497120410568,0.053974699247977584,tumor_105,0,0.0,ITC,4335,0.0,,,-0.10817565768957138,0.0488671138882637,,,,
48,0.0004196629251409979,0.023115610131440416,0.03384008647401013,tumor_105,0,0.0,ITC,4335,0.0,,,-0.10817565768957138,0.0488671138882637,,,,
49,0.23303169373542407,0.5447064967857049,0.7815756258048698,tumor_105,7,0.578125,micro,4335,0.0016147635524798155,0.9484222054897666,0.0245528481900692,-0.10817565768957138,0.0488671138882637,2.716110944747925,0.7676380059557605,0.4404608647066971,True
50,0.00036547206305352403,0.021571589722959448,0.025164758263314317,tumor_105,0,0.0,ITC,4335,0.0,,,-0.10817565768957138,0.0488671138882637,,,,
51,0.0005488498803918944,0.026435154091439,0.036587682061083066,tumor_105,0,0.0,ITC,4335,0.0,,,-0.10817565768957138,0.0488671138882637,,,,
52,0.00014895271824736406,0.013771437512777625,0.015445340761724822,tumor_105,0,0.0,ITC,4335,0.0,,,-0.10817565768957138,0.0488671138882637,,,,
53,0.0003687661066665516,0.021668585319902144,0.027742200124412038,tumor_105,1,0.02382311411201954,ITC,4335,0.0002306805074971165,0.8957834211787254,-0.04832513630390167,-0.10817565768957138,0.0488671138882637,1.2247607707977295,1.0,0.08956015793756175,False
54,0.0001960589942504654,0.015799685584868342,0.022347405132493156,tumor_105,0,0.0,ITC,4335,0.0,,,-0.10817565768957138,0.0488671138882637,,,,
55,0.00040907862745042994,0.022822249787781017,0.03995955247120846,tumor_105,0,0.0,ITC,4335,0.0,,,-0.10817565768957138,0.0488671138882637,,,,
56,0.1637968179947992,0.4566755806617718,0.8763284398013323,tumor_105,5,0.71875,micro,4335,0.0011534025374855825,0.936607570675611,-0.007395970169454813,-0.10817565768957138,0.0488671138882637,2.062321186065674,0.8078163049793747,0.2539363789977686,False
57,0.000701627296721426,0.029888787527287745,0.042155920989314435,tumor_105,0,0.0,ITC,4335,0.0,,,-0.10817565768957138,0.0488671138882637,,,,
58,0.0008242522032989231,0.03239553210051157,0.058628849535489205,tumor_105,1,0.053248532116413116,ITC,4335,0.0002306805074971165,0.7678485864877815,-0.0814734399318695,-0.10817565768957138,0.0488671138882637,0.5464251041412354,1.0,0.017826808670300166,False
59,0.0015936384343880454,0.045045349090363285,0.07727630189432316,tumor_105,0,0.0,ITC,4335,0.0,,,-0.10817565768957138,0.0488671138882637,,,,
60,0.0012383390968035593,0.03970771093681826,0.058408159418144326,tumor_105,0,0.0,ITC,4335,0.0,,,-0.10817565768957138,0.0488671138882637,,,,
61,0.0004643525755880842,0.024315263970156122,0.04856290054081057,tumor_105,0,0.0,ITC,4335,0.0,,,-0.10817565768957138,0.0488671138882637,,,,
62,0.0006355586071197939,0.0284467634640871,0.0505131393455284,tumor_105,0,0.0,ITC,4335,0.0,,,-0.10817565768957138,0.0488671138882637,,,,
63,0.0016123058450220624,0.04530840496077668,0.07035798577842824,tumor_105,0,0.0,ITC,4335,0.0,,,-0.10817565768957138,0.0488671138882637,,,,
64,0.0006978324123091564,0.029807848344856273,0.06331149704244986,tumor_105,1,0.04508153349161148,ITC,4335,0.0002306805074971165,0.19094393866794443,-0.14445680379867554,-0.10817565768957138,0.0488671138882637,-0.7424450516700745,1.0,0.032910990264913925,False
65,0.0007113510974961949,0.030095188112436073,0.05171884543390496,tumor_105,1,0.0459548681974411,ITC,4335,0.0002306805074971165,0.8993770963104936,-0.04644334316253662,-0.10817565768957138,0.0488671138882637,1.263269066810608,1.0,0.09528050266732556,False
66,0.0003812793267189932,0.0220331549345213,0.028387037842798425,tumor_105,0,0.0,ITC,4335,0.0,,,-0.10817565768957138,0.0488671138882637,,,,
67,0.0003874771334973922,0.022211510733165036,0.03578141366120345,tumor_105,0,0.0,ITC,4335,0.0,,,-0.10817565768957138,0.0488671138882637,,,,
68,0.00031544825162663985,0.020040987707411178,0.03417058811325964,tumor_105,0,0.0,ITC,4335,0.0,,,-0.10817565768957138,0.0488671138882637,,,,
69,0.0005602582914276996,0.026708482021850367,0.04167478145442991,tumor_105,1,0.03619393706321716,ITC,4335,0.0002306805074971165,0.9674173454719693,-0.005108147859573364,-0.10817565768957138,0.0488671138882637,2.1091384887695312,1.0,0.2655965992656885,False
70,0.0007105917168176837,0.030079120233369946,0.051238422917339245,tumor_105,1,0.045905813574790955,ITC,4335,0.0002306805074971165,0.9976042165788213,0.07855761051177979,-0.10817565768957138,0.0488671138882637,3.8212461471557617,1.0,0.8718109984850719,False
71,0.03343386718553906,0.20632334292089116,0.31875959379913715,tumor_105,3,0.03125,micro,4335,0.0006920415224913495,0.723766171538093,-0.0326148197054863,-0.10817565768957138,0.0488671138882637,1.5462512969970703,0.8688142192997157,0.14274880121433708,False
72,0.0006849837833880672,0.029532159428527945,0.04437199589216733,tumor_105,0,0.0,ITC,4335,0.0,,,-0.10817565768957138,0.0488671138882637,,,,
73,0.0004498319870117841,0.02393206790793887,0.02730527142840965,tumor_105,0,0.0,ITC,4335,0.0,,,-0.10817565768957138,0.0488671138882637,,,,
74,0.0006929337877107596,0.029703041938435523,0.04515011450349048,tumor_105,1,0.04476507008075714,ITC,4335,0.0002306805074971165,0.42285577383804507,-0.11923803389072418,-0.10817565768957138,0.0488671138882637,-0.2263766974210739,1.0,0.0030596782230823214,False
75,0.0005122182771797248,0.02553774786549006,0.028841490467462927,tumor_105,0,0.0,ITC,4335,0.0,,,-0.10817565768957138,0.0488671138882637,,,,
76,0.03247357679321316,0.2033387374115249,0.27745962341795366,tumor_105,2,0.140625,micro,4335,0.000461361014994233,0.7242453282223287,-0.04288649559020996,-0.10817565768957138,0.0488671138882637,1.3360551595687866,0.9172309877106903,0.10657641145975967,False
77,0.002622653035288948,0.05778637864280468,0.1414290576921947,tumor_105,0,0.0,ITC,4335,0.0,,,-0.10817565768957138,0.0488671138882637,,,,
78,0.004417795163859707,0.07499941001878573,0.0967483374973441,tumor_105,1,0.2853994369506836,ITC,4335,0.0002306805074971165,0.968136080498323,-0.0035486966371536255,-0.10817565768957138,0.0488671138882637,2.1410505771636963,1.0,0.27369456233599404,False
79,0.0025204817937548364,0.056649599218296987,0.07348321298674126,tumor_105,0,0.0,ITC,4335,0.0,,,-0.10817565768957138,0.0488671138882637,,,,
80,0.003102760404537798,0.06285345849590136,0.1037558466331485,tumor_105,1,0.2004452496767044,ITC,4335,0.0002306805074971165,0.986823191183517,0.02367323637008667,-0.10817565768957138,0.0488671138882637,2.698111057281494,1.0,0.43464226922640425,False
81,0.004516688601866358,0.07583420428243987,0.13541766590585375,tumor_105,0,0.0,ITC,4335,0.0,,,-0.10817565768957138,0.0488671138882637,,,,
82,0.0031265235019602186,0.06309368716630544,0.08551788339819764,tumor_105,1,0.20198039710521698,ITC,4335,0.0002306805074971165,0.9190225203641591,-0.03872328996658325,-0.10817565768957138,0.0488671138882637,1.4212496280670166,1.0,0.12060159291155818,False
83,0.0052110915136963235,0.08145531159152224,0.13863013369053734,tumor_105,0,0.0,ITC,4335,0.0,,,-0.10817565768957138,0.0488671138882637,,,,
84,1.466811587608703,1.3666025457385795,1.9061702187630476,tumor_105,32,1.0,micro,4335,0.007381776239907728,0.8717731792046,-0.016770590096712112,-0.10817565768957138,0.0488671138882637,1.870482087135315,0.5861549385534524,0.20889085280060948,True
85,0.00039459677891187146,0.022414643051713156,0.031981175255991895,tumor_105,0,0.0,ITC,4335,0.0,,,-0.10817565768957138,0.0488671138882637,,,,
86,0.00050217698995997,0.025286193902465958,0.03532735898816025,tumor_105,0,0.0,ITC,4335,0.0,,,-0.10817565768957138,0.0488671138882637,,,,
87,0.0003043135103910413,0.019684105146717965,0.028740703346474654,tumor_105,0,0.0,ITC,4335,0.0,,,-0.10817565768957138,0.0488671138882637,,,,
88,0.02288045208412841,0.17068185725181914,0.36825191820434233,tumor_105,1,0.171875,micro,4335,0.0002306805074971165,1.0,0.1379919946193695,-0.10817565768957138,0.0488671138882637,5.037491321563721,1.0,1.515098742914412,True
89,0.0012144930698186802,0.03932353752270956,0.07960095473045532,tumor_105,1,0.07845896482467651,ITC,4335,0.0002306805074971165,0.9976042165788213,0.07592108845710754,-0.10817565768957138,0.0488671138882637,3.7672934532165527,1.0,0.8473663579468824,False
90,0.00041733266812931443,0.023051343916832247,0.03222332613873567,tumor_105,0,0.0,ITC,4335,0.0,,,-0.10817565768957138,0.0488671138882637,,,,
91,0.00045978208371580485,0.02419530390277617,0.03041847700476582,tumor_105,0,0.0,ITC,4335,0.0,,,-0.10817565768957138,0.0488671138882637,,,,
92,0.0018919463684911324,0.04908055554780318,0.08124160271479719,tumor_105,0,0.0,ITC,4335,0.0,,,-0.10817565768957138,0.0488671138882637,,,,
93,0.002693928386695135,0.05856633975778958,0.10582385523489886,tumor_105,0,0.0,ITC,4335,0.0,,,-0.10817565768957138,0.0488671138882637,,,,
94,0.0009196802672310104,0.03421948691536921,0.04692775251682611,tumor_105,1,0.059413399547338486,ITC,4335,0.0002306805074971165,0.1657882127455678,-0.14903244376182556,-0.10817565768957138,0.0488671138882637,-0.8360793590545654,1.0,0.041735663247059705,False
95,0.0002485850140070686,0.017790679303004257,0.022674856648505427,tumor_105,0,0.0,ITC,4335,0.0,,,-0.10817565768957138,0.0488671138882637,,,,
96,0.0009342848067561422,0.034490119773743465,0.0389014709583475,tumor_105,0,0.0,ITC,4335,0.0,,,-0.10817565768957138,0.0488671138882637,,,,
97,0.0017558845715435773,0.04728278410245785,0.09475784032322118,tumor_105,1,0.11343406140804291,ITC,4335,0.0002306805074971165,0.9494489698131289,-0.018602438271045685,-0.10817565768957138,0.0488671138882637,1.832995891571045,1.0,0.20060201866718735,False
98,0.001459814530686596,0.04311256879900775,0.08139274505933497,tumor_105,0,0.0,ITC,4335,0.0,,,-0.10817565768957138,0.0488671138882637,,,,
99,0.00041794040636757804,0.023068122002666017,0.02847153150719887,tumor_105,0,0.0,ITC,4335,0.0,,,-0.10817565768957138,0.0488671138882637,,,,
100,0.052132946566552596,0.2576387570846048,0.7822380817467567,tumor_105,1,0.171875,micro,4335,0.0002306805074971165,0.9935313847628174,0.0452362596988678,-0.10817565768957138,0.0488671138882637,3.139369487762451,1.0,0.5884332186400084,False
101,0.0006984102234621034,0.029820186366943984,0.03842665257647112,tumor_105,0,0.0,ITC,4335,0.0,,,-0.10817565768957138,0.0488671138882637,,,,
102,0.0006657855871307344,0.02911536600919812,0.03656521168528118,tumor_105,0,0.0,ITC,4335,0.0,,,-0.10817565768957138,0.0488671138882637,,,,
103,0.0004976334446535358,0.02517154306981713,0.02902212779964797,tumor_105,0,0.0,ITC,4335,0.0,,,-0.10817565768957138,0.0488671138882637,,,,
104,0.0010108125303788496,0.03587487262684237,0.044885528655715885,tumor_105,1,0.06530074775218964,ITC,4335,0.0002306805074971165,0.9985625299472928,0.11716735363006592,-0.10817565768957138,0.0488671138882637,4.611342906951904,1.0,1.269600697858623,True
105,0.001047045248241218,0.0365121817368911,0.04681664724252945,tumor_105,0,0.0,ITC,4335,0.0,,,-0.10817565768957138,0.0488671138882637,,,,
106,0.0006693896274631348,0.02919406351506419,0.05205360889295466,tumor_105,0,0.0,ITC,4335,0.0,,,-0.10817565768957138,0.0488671138882637,,,,
107,0.0002542536518105321,0.01799238182894345,0.021382738684334976,tumor_105,0,0.0,ITC,4335,0.0,,,-0.10817565768957138,0.0488671138882637,,,,
108,0.00021224527215513253,0.016438949896237037,0.01846952175703281,tumor_105,0,0.0,ITC,4335,0.0,,,-0.10817565768957138,0.0488671138882637,,,,
109,0.0003108872160182991,0.0198955748192185,0.028183706787631914,tumor_105,0,0.0,ITC,4335,0.0,,,-0.10817565768957138,0.0488671138882637,,,,
110,0.0005886822019264069,0.02737760871176428,0.041301528437809654,tumor_105,0,0.0,ITC,4335,0.0,,,-0.10817565768957138,0.0488671138882637,,,,
111,0.0003886133520807767,0.022244052856467807,0.028331158555238017,tumor_105,0,0.0,ITC,4335,0.0,,,-0.10817565768957138,0.0488671138882637,,,,
112,0.00031958436237519407,0.02017194705661973,0.02389960707788907,tumor_105,0,0.0,ITC,4335,0.0,,,-0.10817565768957138,0.0488671138882637,,,,
113,0.0008629834368730675,0.03314792057246201,0.04743448226125712,tumor_105,0,0.0,ITC,4335,0.0,,,-0.10817565768957138,0.0488671138882637,,,,
114,0.013749748480590152,0.13231297553773627,0.24625216922673082,tumor_105,2,0.1171875,micro,4335,0.000461361014994233,0.9666986104456157,0.023413345217704773,-0.10817565768957138,0.0488671138882637,2.6927924156188965,0.9172309877106903,0.4329303841624585,False
115,0.019219331002772875,0.15643149381146026,0.26410900136879784,tumor_105,1,0.421875,micro,4335,0.0002306805074971165,0.9765213224724485,0.005923658609390259,-0.10817565768957138,0.0488671138882637,2.3348896503448486,1.0,0.32549553550674076,False
116,0.0010291682557890688,0.036199139788905974,0.04995518586500184,tumor_105,0,0.0,ITC,4335,0.0,,,-0.10817565768957138,0.0488671138882637,,,,
117,0.0009033324557973533,0.03391398833466684,0.04157541089218274,tumor_105,0,0.0,ITC,4335,0.0,,,-0.10817565768957138,0.0488671138882637,,,,
118,0.0009730599218482347,0.03519855638934755,0.05302688540422229,tumor_105,0,0.0,ITC,4335,0.0,,,-0.10817565768957138,0.0488671138882637,,,,
119,0.010031467980186722,0.11301531632534727,0.2383741376327131,tumor_105,1,0.234375,micro,4335,0.0002306805074971165,0.9202204120747485,-0.038434624671936035,-0.10817565768957138,0.0488671138882637,1.4271568059921265,1.0,0.12160619557699064,False
120,0.000256960667057544,0.0180879098499299,0.02250004561079539,tumor_105,0,0.0,ITC,4335,0.0,,,-0.10817565768957138,0.0488671138882637,,,,
121,0.000886256051747828,0.033591907535092246,0.0647634120634474,tumor_105,0,0.0,ITC,4335,0.0,,,-0.10817565768957138,0.0488671138882637,,,,
122,0.0011764265130775223,0.038702361141475586,0.11164335282263851,tumor_105,0,0.0,ITC,4335,0.0,,,-0.10817565768957138,0.0488671138882637,,,,
123,0.0006475480400799007,0.028713825446036963,0.042264576662425335,tumor_105,0,0.0,ITC,4335,0.0,,,-0.10817565768957138,0.0488671138882637,,,,
124,0.0009494626589417253,0.03476914441878027,0.048414473029630006,tumor_105,1,0.06133740767836571,ITC,4335,0.0002306805074971165,0.022280785816962148,-0.19977504014968872,-0.10817565768957138,0.0488671138882637,-1.87445867061615,1.0,0.20977998711616053,False
125,0.016645526437217,0.14558070786611557,0.47557145422490515,tumor_105,3,0.078125,micro,4335,0.0006920415224913495,0.7317521162753554,-0.06441370397806168,-0.10817565768957138,0.0488671138882637,0.8955297470092773,0.8688142192997157,0.0478820073413391,False
126,0.0011146164185122619,0.03767192192151722,0.06615392979276238,tumor_105,1,0.0720067098736763,ITC,4335,0.0002306805074971165,0.8667944417824629,-0.05890624225139618,-0.10817565768957138,0.0488671138882637,1.008232593536377,1.0,0.06069232598744561,False
127,0.04483894679693282,0.2389366447536479,0.508558490414523,tumor_105,2,0.171875,micro,4335,0.000461361014994233,0.1400335409678965,-0.15410491824150085,-0.10817565768957138,0.0488671138882637,-0.9398807883262634,0.9172309877106903,0.05274215380559975,False
128,0.02814365162128299,0.18929767610160295,0.5087559447289044,tumor_105,3,0.109375,micro,4335,0.0006920415224913495,0.9601501357610606,-0.0019331598887220025,-0.10817565768957138,0.0488671138882637,2.1741104125976562,0.8688142192997157,0.2822120204459019,False
129,0.0005071135961656923,0.02541017678629996,0.02905821547201308,tumor_105,1,0.03276067227125168,ITC,4335,0.0002306805074971165,0.7019645424053665,-0.0908442884683609,-0.10817565768957138,0.0488671138882637,0.35466325283050537,1.0,0.0075100823951352,False
130,0.0002563072450013723,0.018064897451628977,0.024814377495490845,tumor_105,0,0.0,ITC,4335,0.0,,,-0.10817565768957138,0.0488671138882637,,,,
131,0.00039831890893802835,0.022520110707446844,0.03625683380675027,tumor_105,0,0.0,ITC,4335,0.0,,,-0.10817565768957138,0.0488671138882637,,,,
132,0.00017434469624647524,0.014899079222416811,0.021420916947238435,tumor_105,0,0.0,ITC,4335,0.0,,,-0.10817565768957138,0.0488671138882637,,,,
133,0.0005039672505127745,0.025331226433086825,0.04516265947324871,tumor_105,0,0.0,ITC,4335,0.0,,,-0.10817565768957138,0.0488671138882637,,,,
134,0.00038922691949988845,0.02226160609171557,0.02674729688902561,tumor_105,0,0.0,ITC,4335,0.0,,,-0.10817565768957138,0.0488671138882637,,,,
135,0.0006739574302383814,0.02929350186726737,0.0373436522304909,tumor_105,0,0.0,ITC,4335,0.0,,,-0.10817565768957138,0.0488671138882637,,,,
136,0.0005698055238519889,0.026935087261356464,0.04304137684876125,tumor_105,0,0.0,ITC,4335,0.0,,,-0.10817565768957138,0.0488671138882637,,,,
137,0.0008205791512329112,0.032323270641056084,0.03720943058696481,tumor_105,1,0.053011246025562286,ITC,4335,0.0002306805074971165,0.06157163392429325,-0.1746867448091507,-0.10817565768957138,0.0488671138882637,-1.3610602617263794,1.0,0.1106030299299331,False
138,0.0010241100251747418,0.03611007314049924,0.040395256364122174,tumor_105,0,0.0,ITC,4335,0.0,,,-0.10817565768957138,0.0488671138882637,,,,
139,0.0002821677676893153,0.018954344095000516,0.02290204167011387,tumor_105,1,0.018228668719530106,ITC,4335,0.0002306805074971165,0.004791566842357451,-0.24321945011615753,-0.10817565768957138,0.0488671138882637,-2.7634904384613037,1.0,0.4559615785257265,False
140,0.0004584203005749407,0.02415944649203276,0.03221338773580794,tumor_105,0,0.0,ITC,4335,0.0,,,-0.10817565768957138,0.0488671138882637,,,,
141,0.00034339084781207657,0.020909777778218255,0.02425652485930332,tumor_105,1,0.022183815017342567,ITC,4335,0.0002306805074971165,0.654048873981792,-0.09567694365978241,-0.10817565768957138,0.0488671138882637,0.25576943159103394,1.0,0.003905796326254802,False
142,0.00029376463888497163,0.019339926449528984,0.02641469464269727,tumor_105,0,0.0,ITC,4335,0.0,,,-0.10817565768957138,0.0488671138882637,,,,
143,0.0007027816549015417,0.02991336481131909,0.039782372011931515,tumor_105,0,0.0,ITC,4335,0.0,,,-0.10817565768957138,0.0488671138882637,,,,
144,0.0008193260734342232,0.0322985813423599,0.04436805834148724,tumor_105,1,0.05293029546737671,ITC,4335,0.0002306805074971165,0.9671777671298515,-0.0061528682708740234,-0.10817565768957138,0.0488671138882637,2.0877597332000732,1.0,0.260239580408013,False
145,0.00035115445676624826,0.021144827752071695,0.036231642252557136,tumor_105,0,0.0,ITC,4335,0.0,,,-0.10817565768957138,0.0488671138882637,,,,
146,0.0011825448373000117,0.03880287167559617,0.0546341952484771,tumor_105,1,0.07639503479003906,ITC,4335,0.0002306805074971165,0.9734068040249162,0.0021002590656280518,-0.10817565768957138,0.0488671138882637,2.2566487789154053,1.0,0.3040466753176484,False
147,0.0013724755303470568,0.04180299175201743,0.0472947967351598,tumor_105,0,0.0,ITC,4335,0.0,,,-0.10817565768957138,0.0488671138882637,,,,
148,0.0019782996438355207,0.05018813941427669,0.0858785936061413,tumor_105,0,0.0,ITC,4335,0.0,,,-0.10817565768957138,0.0488671138882637,,,,
149,0.0012712012884587031,0.04023112911395741,0.06864672057323877,tumor_105,0,0.0,ITC,4335,0.0,,,-0.10817565768957138,0.0488671138882637,,,,
150,0.000728293322151638,0.030451467254140822,0.034754034595417836,tumor_105,1,0.047049373388290405,ITC,4335,0.0002306805074971165,0.9971250598945856,0.07285094261169434,-0.10817565768957138,0.0488671138882637,3.7044668197631836,1.0,0.8193392017356981,False
151,0.0016269381872614818,0.0455135368529085,0.0691023245011621,tumor_105,0,0.0,ITC,4335,0.0,,,-0.10817565768957138,0.0488671138882637,,,,
152,0.0007676969524377165,0.03126439057804214,0.039769364736639744,tumor_105,0,0.0,ITC,4335,0.0,,,-0.10817565768957138,0.0488671138882637,,,,
153,0.00021008375511291646,0.016355028117255657,0.024225527006084,tumor_105,1,0.01357187982648611,ITC,4335,0.0002306805074971165,0.719932918064207,-0.08851870894432068,-0.10817565768957138,0.0488671138882637,0.402253121137619,1.0,0.009660757060142194,False
154,0.0007139969616864081,0.030151105559164688,0.042297708288984166,tumor_105,0,0.0,ITC,4335,0.0,,,-0.10817565768957138,0.0488671138882637,,,,
155,0.0011822345288290215,0.03879778026197443,0.05350681179381445,tumor_105,0,0.0,ITC,4335,0.0,,,-0.10817565768957138,0.0488671138882637,,,,
156,0.0007159255018484574,0.030191797893431634,0.043966329996690263,tumor_105,0,0.0,ITC,4335,0.0,,,-0.10817565768957138,0.0488671138882637,,,,
157,0.0007085969292398329,0.03003687120167577,0.03536417162398947,tumor_105,0,0.0,ITC,4335,0.0,,,-0.10817565768957138,0.0488671138882637,,,,
158,0.0007089388456982403,0.030044117113702962,0.04731158754005483,tumor_105,0,0.0,ITC,4335,0.0,,,-0.10817565768957138,0.0488671138882637,,,,
159,0.0008555825978349352,0.03300547829301494,0.052235939315702265,tumor_105,1,0.05527254566550255,ITC,4335,0.0002306805074971165,0.9935313847628174,0.04613447189331055,-0.10817565768957138,0.0488671138882637,3.157750129699707,1.0,0.5953438055611873,False
0,0.00777063695852005,0.0994679961765004,0.1691740913132061,tumor_106,1,0.0625,ITC,6253,0.00015992323684631377,0.9982005561917225,0.16741937398910522,-0.07614459097385406,0.06544607877731323,3.72159743309021,1.0,0.7922765139759249,False
1,0.016199314753064117,0.1436161834237805,0.3379921452049589,tumor_106,1,0.5,micro,6253,0.00015992323684631377,1.0,0.3023710250854492,-0.07614459097385406,0.06544607877731323,5.78362512588501,1.0,1.913455059294507,True
2,0.0011707487903555146,0.03860885464283417,0.060462982454726553,tumor_106,0,0.0,ITC,6253,0.0,,,-0.07614459097385406,0.06544607877731323,,,,
3,0.006497734328013291,0.09095698047763943,0.1513371144393083,tumor_106,1,0.0625,ITC,6253,0.00015992323684631377,0.999672828398495,0.22171282768249512,-0.07614459097385406,0.06544607877731323,4.551187992095947,1.0,1.1848613820630607,True
4,0.02896520581303528,0.1920407390699935,0.3449316612618758,tumor_106,2,0.34375,micro,6253,0.00031984647369262754,0.9999182070996238,0.25818097591400146,-0.07614459097385406,0.06544607877731323,5.108412265777588,0.9206999517214608,1.4927596006787405,True
5,0.05537523905969019,0.26552955423071223,0.4076664788471394,tumor_106,1,0.8125,micro,6253,0.00015992323684631377,0.9998364141992475,0.23434090614318848,-0.07614459097385406,0.06544607877731323,4.744142055511475,1.0,1.287458872657797,True
6,0.0002172794648529625,0.016632763056981414,0.02558434725472677,tumor_106,1,0.014036738313734531,ITC,6253,0.00015992323684631377,0.8360870276460003,-0.013025999069213867,-0.07614459097385406,0.06544607877731323,0.9644365906715393,1.0,0.0532065810929278,False
7,0.014886097660308746,0.1376719586840206,0.32772738040371524,tumor_106,1,0.5,micro,6253,0.00015992323684631377,0.9978733845902176,0.15785974264144897,-0.07614459097385406,0.06544607877731323,3.575528621673584,1.0,0.731304949476162,False
8,2.1185302304604123,1.642375251317157,2.1927661333437625,tumor_106,44,1.0,macro,6253,0.007036622421237806,0.9574230774950553,0.10797712206840515,-0.07614459097385406,0.06544607877731323,2.8133344650268555,0.5670668090686787,0.45275236567402777,True
9,0.0016106080787132492,0.04528454368642387,0.05347030344878509,tumor_106,0,0.0,ITC,6253,0.0,,,-0.07614459097385406,0.06544607877731323,,,,
10,0.0012979693025633298,0.04065250107774367,0.05239689294995788,tumor_106,0,0.0,ITC,6253,0.0,,,-0.07614459097385406,0.06544607877731323,,,,
11,0.0004964797354866772,0.025142347392025487,0.028382941593898876,tumor_106,0,0.0,ITC,6253,0.0,,,-0.07614459097385406,0.06544607877731323,,,,
12,0.00015412575305605888,0.014008533244171588,0.01681979776204399,tumor_106,0,0.0,ITC,6253,0.0,,,-0.07614459097385406,0.06544607877731323,,,,
13,0.000923396489772377,0.03428855386638271,0.04500602972489367,tumor_106,1,0.059653475880622864,ITC,6253,0.00015992323684631377,0.5717323736299689,-0.06914396584033966,-0.07614459097385406,0.06544607877731323,0.10696782916784286,1.0,0.0006545221667729535,False
14,0.00038261866691103745,0.022071819527736816,0.02744515437464411,tumor_106,0,0.0,ITC,6253,0.0,,,-0.07614459097385406,0.06544607877731323,,,,
15,0.005311480023822705,0.08223616240682642,0.16743479156436852,tumor_106,1,0.15625,ITC,6253,0.00015992323684631377,0.9677735972517586,0.050145283341407776,-0.07614459097385406,0.06544607877731323,1.929678201675415,1.0,0.21300400870310982,False
16,0.00304547029567539,0.06227048428244472,0.09900615901138554,tumor_106,0,0.0,ITC,6253,0.0,,,-0.07614459097385406,0.06544607877731323,,,,
17,0.0013175843035813522,0.040958520955255664,0.05490299616712945,tumor_106,0,0.0,ITC,6253,0.0,,,-0.07614459097385406,0.06544607877731323,,,,
18,0.0011511551296817723,0.03828441240551521,0.05351956566016991,tumor_106,1,0.07436719536781311,ITC,6253,0.00015992323684631377,0.9404547685260919,0.028966784477233887,-0.07614459097385406,0.06544607877731323,1.6060760021209717,1.0,0.14755372607026032,False
19,0.0015289048188918371,0.044120993592044584,0.05368373044871999,tumor_106,0,0.0,ITC,6253,0.0,,,-0.07614459097385406,0.06544607877731323,,,,
20,0.0005794854062234574,0.02716291101484938,0.0444952383858981,tumor_106,0,0.0,ITC,6253,0.0,,,-0.07614459097385406,0.06544607877731323,,,,
21,0.00319554027180205,0.06378627000265905,0.07309381363192721,tumor_106,0,0.0,ITC,6253,0.0,,,-0.07614459097385406,0.06544607877731323,,,,
22,0.0012633177769097957,0.04010618594591695,0.04712320980358426,tumor_106,0,0.0,ITC,6253,0.0,,,-0.07614459097385406,0.06544607877731323,,,,
23,0.0007567087378974352,0.031039837128078653,0.047009581741152,tumor_106,0,0.0,ITC,6253,0.0,,,-0.07614459097385406,0.06544607877731323,,,,
24,0.0006172285187187138,0.028033547013729353,0.033564221500669886,tumor_106,0,0.0,ITC,6253,0.0,,,-0.07614459097385406,0.06544607877731323,,,,
25,0.002021217221221178,0.05072961358574027,0.06667383529472444,tumor_106,0,0.0,ITC,6253,0.0,,,-0.07614459097385406,0.06544607877731323,,,,
26,0.0049422733043366545,0.07932652653413201,0.11541689759578723,tumor_106,1,0.3192819058895111,ITC,6253,0.00015992323684631377,0.9285130050711599,0.022475987672805786,-0.07614459097385406,0.06544607877731323,1.5068981647491455,1.0,0.1298930166183068,False
27,0.0009169606662372637,0.034168853964099896,0.041479472217062455,tumor_106,0,0.0,ITC,6253,0.0,,,-0.07614459097385406,0.06544607877731323,,,,
28,0.0014324745034403402,0.042706945390710245,0.04976177443200705,tumor_106,0,0.0,ITC,6253,0.0,,,-0.07614459097385406,0.06544607877731323,,,,
29,0.0015611193788294107,0.0445833929527352,0.06346443868861897,tumor_106,0,0.0,ITC,6253,0.0,,,-0.07614459097385406,0.06544607877731323,,,,
30,0.22572144411051875,0.5360946453157692,1.943934345467276,tumor_106,11,0.265625,micro,6253,0.0017591556053094515,0.9977395416623291,0.17267069220542908,-0.07614459097385406,0.06544607877731323,3.8018364906311035,0.7256669056257571,0.8268083702790697,True
31,0.001855650175287959,0.048607480744957,0.060038000332185,tumor_106,0,0.0,ITC,6253,0.0,,,-0.07614459097385406,0.06544607877731323,,,,
32,0.0045258845798407605,0.07591136424778798,0.13252035012388694,tumor_106,1,0.15625,ITC,6253,0.00015992323684631377,0.9882218223458203,0.09244158864021301,-0.07614459097385406,0.06544607877731323,2.575955390930176,1.0,0.3795724392120675,False
33,0.013881995410190272,0.13294775483657587,0.2808090703545069,tumor_106,1,0.015625,micro,6253,0.00015992323684631377,0.43252085718959593,-0.09082114696502686,-0.07614459097385406,0.06544607877731323,-0.22425417602062225,1.0,0.002876729807148733,False
34,0.0022970260555949537,0.054080166505573235,0.06366425686887521,tumor_106,0,0.0,ITC,6253,0.0,,,-0.07614459097385406,0.06544607877731323,,,,
35,0.0016922378917879637,0.04641792975697751,0.0626178985793998,tumor_106,0,0.0,ITC,6253,0.0,,,-0.07614459097385406,0.06544607877731323,,,,
36,0.0010690043337306583,0.03689306969064975,0.0463316222335292,tumor_106,0,0.0,ITC,6253,0.0,,,-0.07614459097385406,0.06544607877731323,,,,
37,0.004664725139549876,0.07706693527703792,0.135268213419438,tumor_106,1,0.3013516664505005,ITC,6253,0.00015992323684631377,0.9240961884508425,0.020066946744918823,-0.07614459097385406,0.06544607877731323,1.4700886011123657,1.0,0.1236246329836344,False
38,0.0019007350221132032,0.04919442035655664,0.06359752599309085,tumor_106,0,0.0,ITC,6253,0.0,,,-0.07614459097385406,0.06544607877731323,,,,
39,0.0046267476749280315,0.07675257717646906,0.10969985555774206,tumor_106,0,0.0,ITC,6253,0.0,,,-0.07614459097385406,0.06544607877731323,,,,
40,0.003446124511990042,0.06624003324838301,0.12549122833510762,tumor_106,0,0.0,ITC,6253,0.0,,,-0.07614459097385406,0.06544607877731323,,,,
41,0.0007873191489010026,0.03166142565817257,0.04114978622810926,tumor_106,0,0.0,ITC,6253,0.0,,,-0.07614459097385406,0.06544607877731323,,,,
42,0.001780019425449028,0.047606628980410556,0.06530248246462436,tumor_106,1,0.11499322950839996,ITC,6253,0.00015992323684631377,0.9872403075413054,0.08744092285633087,-0.07614459097385406,0.06544607877731323,2.499546527862549,1.0,0.35738839465212313,False
43,0.0006110780396764227,0.027893524786861627,0.03595490194733979,tumor_106,0,0.0,ITC,6253,0.0,,,-0.07614459097385406,0.06544607877731323,,,,
44,0.00494123119509702,0.07931816284607526,0.16084232527877063,tumor_106,0,0.0,ITC,6253,0.0,,,-0.07614459097385406,0.06544607877731323,,,,
45,0.0032031716723633107,0.06386238988503665,0.1460745489254311,tumor_106,1,0.20693203806877136,ITC,6253,0.00015992323684631377,0.9898576803533453,0.10063572227954865,-0.07614459097385406,0.06544607877731323,2.701159715652466,1.0,0.4173673994288089,False
46,0.0012184257709431038,0.03938715366574725,0.04955750326459421,tumor_106,0,0.0,ITC,6253,0.0,,,-0.07614459097385406,0.06544607877731323,,,,
47,0.0057534934483369875,0.08558957517593675,0.21516297681050792,tumor_106,1,0.296875,micro,6253,0.00015992323684631377,0.7981351218714215,-0.023608744144439697,-0.07614459097385406,0.06544607877731323,0.8027348518371582,1.0,0.036860585790218434,False
48,0.0011414693268170914,0.03812300992846376,0.06185931789811529,tumor_106,0,0.0,ITC,6253,0.0,,,-0.07614459097385406,0.06544607877731323,,,,
49,0.0021267847257451238,0.05203754813552825,0.0678487157607938,tumor_106,0,0.0,ITC,6253,0.0,,,-0.07614459097385406,0.06544607877731323,,,,
50,0.0006429952807843466,0.02861270729191349,0.039150183132785545,tumor_106,0,0.0,ITC,6253,0.0,,,-0.07614459097385406,0.06544607877731323,,,,
51,0.002056249542563791,0.051167355134263175,0.07034593729805219,tumor_106,0,0.0,ITC,6253,0.0,,,-0.07614459097385406,0.06544607877731323,,,,
52,0.08132725371287755,0.32179042169080374,0.8831739727841602,tumor_106,5,0.1875,micro,6253,0.0007996161842315689,0.940781940127597,0.051973868161439896,-0.07614459097385406,0.06544607877731323,1.9576184749603271,0.8158709899761354,0.21921693686031346,False
53,0.005674139016316572,0.08499728335599284,0.11078970566432964,tumor_106,0,0.0,ITC,6253,0.0,,,-0.07614459097385406,0.06544607877731323,,,,
54,0.0018512429327189142,0.04854972408623161,0.05981725678054051,tumor_106,0,0.0,ITC,6253,0.0,,,-0.07614459097385406,0.06544607877731323,,,,
55,0.0010511192124789742,0.03658314567610489,0.04904181917497196,tumor_106,0,0.0,ITC,6253,0.0,,,-0.07614459097385406,0.06544607877731323,,,,
56,0.0016999405793740848,0.04652345182119539,0.060856099206211794,tumor_106,0,0.0,ITC,6253,0.0,,,-0.07614459097385406,0.06544607877731323,,,,
57,0.0016958594300809087,0.0464675724424146,0.05765048533255821,tumor_106,0,0.0,ITC,6253,0.0,,,-0.07614459097385406,0.06544607877731323,,,,
58,0.001092257663465093,0.037292166069615586,0.04181139969030908,tumor_106,0,0.0,ITC,6253,0.0,,,-0.07614459097385406,0.06544607877731323,,,,
59,0.002358415120872278,0.05479806013716127,0.09579504293830705,tumor_106,0,0.0,ITC,6253,0.0,,,-0.07614459097385406,0.06544607877731323,,,,
60,0.0005072272494948385,0.025413024066885014,0.036345547027091946,tumor_106,0,0.0,ITC,6253,0.0,,,-0.07614459097385406,0.06544607877731323,,,,
61,0.00440755179218545,0.07491241043564713,0.11993333400765475,tumor_106,0,0.0,ITC,6253,0.0,,,-0.07614459097385406,0.06544607877731323,,,,
62,0.01273930039452523,0.1273584745298474,0.189193603729386,tumor_106,1,0.46875,ITC,6253,0.00015992323684631377,0.9978733845902176,0.16071224212646484,-0.07614459097385406,0.06544607877731323,3.6191141605377197,1.0,0.7492427690163094,False
63,0.0037349288303443282,0.06895983674259856,0.16759580309327832,tumor_106,1,0.03125,ITC,6253,0.00015992323684631377,0.9993456567969901,0.19576208293437958,-0.07614459097385406,0.06544607877731323,4.154667377471924,1.0,0.9873940704230003,False
64,0.00961183444118342,0.11062625234528256,0.21767365600972477,tumor_106,0,0.0,micro,6253,0.0,,,-0.07614459097385406,0.06544607877731323,,,,
65,0.004334578310488047,0.07428967973187603,0.08398121861151242,tumor_106,1,0.2800234258174896,ITC,6253,0.00015992323684631377,0.9437264845411418,0.030737534165382385,-0.07614459097385406,0.06544607877731323,1.6331325769424438,1.0,0.15256709570241653,False
66,0.015983237336561158,0.14265514301909057,0.297083104177579,tumor_106,0,0.0,micro,6253,0.0,,,-0.07614459097385406,0.06544607877731323,,,,
67,0.021452402745103565,0.1652696206344379,0.3466377793344555,tumor_106,1,0.28125,micro,6253,0.00015992323684631377,0.8118763291346311,-0.020301640033721924,-0.07614459097385406,0.06544607877731323,0.8532665371894836,1.0,0.041647354847321835,False
68,0.0030830820206316834,0.06265382628643082,0.10930236512444662,tumor_106,0,0.0,ITC,6253,0.0,,,-0.07614459097385406,0.06544607877731323,,,,
69,0.0077208931527832265,0.09914911236515711,0.16473874699407753,tumor_106,1,0.109375,ITC,6253,0.00015992323684631377,0.5902175691150008,-0.06604477763175964,-0.07614459097385406,0.06544607877731323,0.15432266891002655,1.0,0.0013623147100697093,False
70,0.05874642073505237,0.27349271652371,0.9830916219697546,tumor_106,2,0.3203125,micro,6253,0.00031984647369262754,0.9840503844266317,0.07937517017126083,-0.07614459097385406,0.06544607877731323,2.3763036727905273,0.9206999517214608,0.32301439247155017,False
71,0.021185126683934637,0.16423684438703054,0.27908374281144654,tumor_106,1,0.296875,micro,6253,0.00015992323684631377,0.9299852772779322,0.023287147283554077,-0.07614459097385406,0.06544607877731323,1.5192924737930298,1.0,0.13203855653739788,False
72,0.0070497367789540185,0.0947417735053453,0.2512042985002446,tumor_106,0,0.0,micro,6253,0.0,,,-0.07614459097385406,0.06544607877731323,,,,
73,0.0016596797848482429,0.0459692281169298,0.05792153945551265,tumor_106,1,0.10721901804208755,ITC,6253,0.00015992323684631377,0.8136757729429086,-0.019718974828720093,-0.07614459097385406,0.06544607877731323,0.8621695637702942,1.0,0.04252099022118149,False
74,0.00038549586716046097,0.022154651484522885,0.030592717254231332,tumor_106,0,0.0,ITC,6253,0.0,,,-0.07614459097385406,0.06544607877731323,,,,
75,0.0023270575373548178,0.05443254246711408,0.06772449737845183,tumor_106,0,0.0,ITC,6253,0.0,,,-0.07614459097385406,0.06544607877731323,,,,
76,0.0014769411953082319,0.04336473146596045,0.054705097277857904,tumor_106,0,0.0,ITC,6253,0.0,,,-0.07614459097385406,0.06544607877731323,,,,
77,0.0007579020413358185,0.03106430186024254,0.03984261002621675,tumor_106,0,0.0,ITC,6253,0.0,,,-0.07614459097385406,0.06544607877731323,,,,
78,0.0023946340774573705,0.05521723284074573,0.07370524141920985,tumor_106,0,0.0,ITC,6253,0.0,,,-0.07614459097385406,0.06544607877731323,,,,
79,0.0010584555021367922,0.0367105897754732,0.054176331551095795,tumor_106,0,0.0,ITC,6253,0.0,,,-0.07614459097385406,0.06544607877731323,,,,
80,0.008129253498650488,0.10173734330941847,0.23940939072949893,tumor_106,1,0.03125,micro,6253,0.00015992323684631377,0.9977097987894651,0.1485433727502823,-0.07614459097385406,0.06544607877731323,3.4331767559051514,1.0,0.6742334921038057,False
81,0.0005941847656421893,0.02750526386884573,0.04536283322088808,tumor_106,0,0.0,ITC,6253,0.0,,,-0.07614459097385406,0.06544607877731323,,,,
82,0.002657378226199695,0.05816768039827301,0.09940570692288277,tumor_106,0,0.0,ITC,6253,0.0,,,-0.07614459097385406,0.06544607877731323,,,,
83,0.00384060515821542,0.06992860904632466,0.11927439184249865,tumor_106,0,0.0,ITC,6253,0.0,,,-0.07614459097385406,0.06544607877731323,,,,
84,0.0008833544301150291,0.0335368721326162,0.05275019597003316,tumor_106,0,0.0,ITC,6253,0.0,,,-0.07614459097385406,0.06544607877731323,,,,
85,0.0009440011602938447,0.03466900067152211,0.04699629720000055,tumor_106,1,0.06098458170890808,ITC,6253,0.00015992323684631377,0.924259774251595,0.02024868130683899,-0.07614459097385406,0.06544607877731323,1.4728654623031616,1.0,0.1240921050330548,False
86,0.004029437661730542,0.07162708547721675,0.1580006311112126,tumor_106,0,0.0,ITC,6253,0.0,,,-0.07614459097385406,0.06544607877731323,,,,
87,0.003992278389510215,0.07129604981424997,0.12074756709044654,tumor_106,0,0.0,ITC,6253,0.0,,,-0.07614459097385406,0.06544607877731323,,,,
88,0.0004722937418847592,0.024522297382150338,0.036193592204011436,tumor_106,0,0.0,ITC,6253,0.0,,,-0.07614459097385406,0.06544607877731323,,,,
89,0.0013304674434515419,0.04115827695598052,0.06821108123909678,tumor_106,0,0.0,ITC,6253,0.0,,,-0.07614459097385406,0.06544607877731323,,,,
90,0.0023355434455517078,0.05453169971056697,0.10528324031963614,tumor_106,1,0.1508813202381134,ITC,6253,0.00015992323684631377,0.9888761655488304,0.09450218081474304,-0.07614459097385406,0.06544607877731323,2.607440710067749,1.0,0.38890800174644563,False
91,0.001433315856661284,0.04271948535267136,0.06582933185114699,tumor_106,0,0.0,ITC,6253,0.0,,,-0.07614459097385406,0.06544607877731323,,,,
92,0.0007813331675903321,0.0315408352233925,0.037775897462335395,tumor_106,0,0.0,ITC,6253,0.0,,,-0.07614459097385406,0.06544607877731323,,,,
93,0.0028898952549638386,0.060659120656027195,0.09065902941756303,tumor_106,0,0.0,ITC,6253,0.0,,,-0.07614459097385406,0.06544607877731323,,,,
94,0.0020761541362676367,0.05141440991844048,0.08128717297291571,tumor_106,1,0.13412418961524963,ITC,6253,0.00015992323684631377,0.9674464256502535,0.04978656768798828,-0.07614459097385406,0.06544607877731323,1.9241971969604492,1.0,0.21179570574179413,False
95,0.004763081949687627,0.07787518406499304,0.13153818198057307,tumor_106,1,0.140625,ITC,6253,0.00015992323684631377,0.6628496646491084,-0.05195966362953186,-0.07614459097385406,0.06544607877731323,0.369539737701416,1.0,0.007811605228608826,False
96,0.001296665026347257,0.040632070927044676,0.056757398669873074,tumor_106,0,0.0,ITC,6253,0.0,,,-0.07614459097385406,0.06544607877731323,,,,
97,0.002276124682454471,0.05383355788398903,0.0658069384755019,tumor_106,1,0.14704273641109467,ITC,6253,0.00015992323684631377,0.9800425323081956,0.07143835723400116,-0.07614459097385406,0.06544607877731323,2.255031108856201,1.0,0.2908861676534511,False
98,0.0018487417215889135,0.04851691527631131,0.08100716444425136,tumor_106,0,0.0,ITC,6253,0.0,,,-0.07614459097385406,0.06544607877731323,,,,
99,0.004775663930681443,0.07797797233135123,0.13027047770036496,tumor_106,0,0.0,ITC,6253,0.0,,,-0.07614459097385406,0.06544607877731323,,,,
100,0.0032997788439836613,0.06481827607272873,0.08561275339808876,tumor_106,0,0.0,ITC,6253,0.0,,,-0.07614459097385406,0.06544607877731323,,,,
101,0.01166243339424219,0.12185676585807242,0.18986541654108596,tumor_106,1,0.078125,ITC,6253,0.00015992323684631377,0.9998364141992475,0.25365352630615234,-0.07614459097385406,0.06544607877731323,5.039234161376953,1.0,1.4526034588747565,True
102,0.00309827253003993,0.06280798600188914,0.1005335733914612,tumor_106,1,0.2001553177833557,ITC,6253,0.00015992323684631377,0.9982005561917225,0.16499000787734985,-0.07614459097385406,0.06544607877731323,3.6844773292541504,1.0,0.776550622682839,False
103,0.0030279863475945125,0.0620914805643699,0.08867827989147435,tumor_106,0,0.0,ITC,6253,0.0,,,-0.07614459097385406,0.06544607877731323,,,,
104,0.0031047394554165903,0.06287350038558309,0.09102833887987495,tumor_106,0,0.0,ITC,6253,0.0,,,-0.07614459097385406,0.06544607877731323,,,,
105,0.0019602838418357965,0.04995909232893153,0.06938992398004205,tumor_106,0,0.0,ITC,6253,0.0,,,-0.07614459097385406,0.06544607877731323,,,,
106,0.00150833114884759,0.043823131623248586,0.04931109442565944,tumor_106,0,0.0,ITC,6253,0.0,,,-0.07614459097385406,0.06544607877731323,,,,
107,0.0013137414049571522,0.04089874702661901,0.047708026907201,tumor_106,0,0.0,ITC,6253,0.0,,,-0.07614459097385406,0.06544607877731323,,,,
108,0.007207132056831427,0.09579355687563879,0.17139484336171504,tumor_106,0,0.0,ITC,6253,0.0,,,-0.07614459097385406,0.06544607877731323,,,,
109,0.001977898182705557,0.05018304675565772,0.08438436798485931,tumor_106,0,0.0,ITC,6253,0.0,,,-0.07614459097385406,0.06544607877731323,,,,
110,0.0008945512082190127,0.033748747726324094,0.03992280266127984,tumor_106,0,0.0,ITC,6253,0.0,,,-0.07614459097385406,0.06544607877731323,,,,
111,0.000995224758871942,0.03559718414278401,0.04638132881401972,tumor_106,0,0.0,ITC,6253,0.0,,,-0.07614459097385406,0.06544607877731323,,,,
112,0.002936151505323947,0.061142654554019196,0.10622644855147281,tumor_106,0,0.0,ITC,6253,0.0,,,-0.07614459097385406,0.06544607877731323,,,,
113,0.005224023091073056,0.08155631662945449,0.14494544581554808,tumor_106,1,0.078125,ITC,6253,0.00015992323684631377,0.9952560117781777,0.12751668691635132,-0.07614459097385406,0.06544607877731323,3.111894369125366,1.0,0.5539463288849096,False
114,0.0018585937242189617,0.048646017589029644,0.06369738563827629,tumor_106,1,0.12006930261850357,ITC,6253,0.00015992323684631377,0.9402911827253394,0.02893875539302826,-0.07614459097385406,0.06544607877731323,1.6056476831436157,1.0,0.14747503535616366,False
115,0.0047334971844846495,0.07763295563211806,0.11194503269994123,tumor_106,0,0.0,ITC,6253,0.0,,,-0.07614459097385406,0.06544607877731323,,,,
116,0.004972244234736417,0.07956668892035054,0.13484113912471157,tumor_106,1,0.3212180733680725,ITC,6253,0.00015992323684631377,0.9944380827744151,0.12341181933879852,-0.07614459097385406,0.06544607877731323,3.049172878265381,1.0,0.5318413391848497,False
117,0.0036101594153066384,0.06779821332724326,0.08680457735728903,tumor_106,0,0.0,ITC,6253,0.0,,,-0.07614459097385406,0.06544607877731323,,,,
118,0.001720753672562841,0.04680738854769908,0.07108268603779873,tumor_106,0,0.0,ITC,6253,0.0,,,-0.07614459097385406,0.06544607877731323,,,,
119,0.0019569132285960347,0.04991612272867187,0.07015027576482011,tumor_106,0,0.0,ITC,6253,0.0,,,-0.07614459097385406,0.06544607877731323,,,,
120,0.035103808033684285,0.21141323648078122,0.557205773866281,tumor_106,2,0.109375,micro,6253,0.00031984647369262754,0.9919025028627515,0.13343918323516846,-0.07614459097385406,0.06544607877731323,3.2023885250091553,0.9206999517214608,0.5866323881436074,True
121,0.002110247413154061,0.05183483824227516,0.07042522118479512,tumor_106,1,0.13632670044898987,ITC,6253,0.00015992323684631377,0.9419270407328644,0.029613390564918518,-0.07614459097385406,0.06544607877731323,1.6159559488296509,1.0,0.14937469459788366,False
122,0.002454394365746714,0.055901985339018995,0.0643861520657003,tumor_106,0,0.0,ITC,6253,0.0,,,-0.07614459097385406,0.06544607877731323,,,,
123,0.0009053393777972754,0.03395164056739259,0.052630390709977146,tumor_106,0,0.0,ITC,6253,0.0,,,-0.07614459097385406,0.06544607877731323,,,,
124,0.012481509235420246,0.12606328226931982,0.336527760088971,tumor_106,1,0.28125,micro,6253,0.00015992323684631377,0.6947488957958449,-0.04567623883485794,-0.07614459097385406,0.06544607877731323,0.46554893255233765,1.0,0.012397915311314676,False
125,0.00389655099438503,0.07043609028139013,0.11325724963766177,tumor_106,0,0.0,ITC,6253,0.0,,,-0.07614459097385406,0.06544607877731323,,,,
126,0.01334544147293922,0.13035315042335913,0.26344027597109726,tumor_106,1,0.296875,micro,6253,0.00015992323684631377,0.9734991002780958,0.05765363574028015,-0.07614459097385406,0.06544607877731323,2.0444040298461914,1.0,0.23908451666115033,False
127,0.0028388947601552554,0.06012148594280681,0.08108249013153448,tumor_106,1,0.18339894711971283,ITC,6253,0.00015992323684631377,0.9595943072141339,0.04305431991815567,-0.07614459097385406,0.06544607877731323,1.8213300704956055,1.0,0.18975590994721314,False
128,0.0007952636131986666,0.03182076493130721,0.040479796633359696,tumor_106,0,0.0,ITC,6253,0.0,,,-0.07614459097385406,0.06544607877731323,,,,
129,0.0018328959926674976,0.048308546441089166,0.0817045363619768,tumor_106,0,0.0,ITC,6253,0.0,,,-0.07614459097385406,0.06544607877731323,,,,
130,0.0010179587029501948,0.03600146213007886,0.05022911657070134,tumor_106,0,0.0,ITC,6253,0.0,,,-0.07614459097385406,0.06544607877731323,,,,
131,0.0030170481427496338,0.06197923042212296,0.11393202128462392,tumor_106,0,0.0,ITC,6253,0.0,,,-0.07614459097385406,0.06544607877731323,,,,
132,0.0011573070304150559,0.03838657417020264,0.05275494330049372,tumor_106,0,0.0,ITC,6253,0.0,,,-0.07614459097385406,0.06544607877731323,,,,
133,0.004555145282559915,0.07615635958847501,0.14063722682934912,tumor_106,0,0.0,ITC,6253,0.0,,,-0.07614459097385406,0.06544607877731323,,,,
134,0.013639810649455691,0.13178295148306093,0.1999041937385543,tumor_106,1,0.375,ITC,6253,0.00015992323684631377,0.40356617045640436,-0.0959894061088562,-0.07614459097385406,0.06544607877731323,-0.3032239079475403,1.0,0.005259505047903516,False
135,0.004074525432733587,0.07202670967762968,0.08229825694550616,tumor_106,0,0.0,ITC,6253,0.0,,,-0.07614459097385406,0.06544607877731323,,,,
136,0.001492506487515946,0.04359264021230052,0.049686604976884,tumor_106,0,0.0,ITC,6253,0.0,,,-0.07614459097385406,0.06544607877731323,,,,
137,0.0009887441795093294,0.0354810962200719,0.04167340375287284,tumor_106,0,0.0,ITC,6253,0.0,,,-0.07614459097385406,0.06544607877731323,,,,
138,0.0021674587622163635,0.05253279173655824,0.058799192796447214,tumor_106,1,0.14002268016338348,ITC,6253,0.00015992323684631377,0.9715360706690659,0.05380711704492569,-0.07614459097385406,0.06544607877731323,1.9856302738189697,1.0,0.225535424909361,False
139,0.030888054832626754,0.198312614003367,0.39491403080967474,tumor_106,2,0.2890625,micro,6253,0.00031984647369262754,0.9982005561917225,0.1854856312274933,-0.07614459097385406,0.06544607877731323,3.997645616531372,0.9206999517214608,0.9141691878634169,True
140,0.0004102661963428266,0.022855352656473437,0.026728314675951305,tumor_106,0,0.0,ITC,6253,0.0,,,-0.07614459097385406,0.06544607877731323,,,,
141,0.006273293886948549,0.08937228794547139,0.18980380613145123,tumor_106,0,0.0,ITC,6253,0.0,,,-0.07614459097385406,0.06544607877731323,,,,
142,0.07114124084118571,0.30096485027412395,0.8587511120705078,tumor_106,3,0.359375,micro,6253,0.00047976971053894133,0.9832051911227438,0.09314531087875366,-0.07614459097385406,0.06544607877731323,2.5867080688476562,0.8743123971731379,0.3827479123826325,False
143,0.00352768180098684,0.06701928058595528,0.09231530789887056,tumor_106,1,0.22789612412452698,ITC,6253,0.00015992323684631377,0.9767708162931458,0.06186201423406601,-0.07614459097385406,0.06544607877731323,2.1087069511413574,1.0,0.2543609593506281,False
144,0.0015023588178765715,0.04373628536240844,0.04834701999828963,tumor_106,0,0.0,ITC,6253,0.0,,,-0.07614459097385406,0.06544607877731323,,,,
145,0.003365634471205293,0.06546188892678241,0.08759785660993333,tumor_106,0,0.0,ITC,6253,0.0,,,-0.07614459097385406,0.06544607877731323,,,,
146,0.0011155010528083034,0.03768686843755049,0.04071196728165208,tumor_106,0,0.0,ITC,6253,0.0,,,-0.07614459097385406,0.06544607877731323,,,,
147,0.0009802704047631025,0.035328728308246904,0.050782322233812335,tumor_106,0,0.0,ITC,6253,0.0,,,-0.07614459097385406,0.06544607877731323,,,,
148,0.017180320381612855,0.1479008563230416,0.22915869979830536,tumor_106,0,0.0,micro,6253,0.0,,,-0.07614459097385406,0.06544607877731323,,,,
149,0.010572432136133835,0.11602257831885329,0.22297818230990146,tumor_106,1,0.046875,micro,6253,0.00015992323684631377,0.9785702601014232,0.06719595193862915,-0.07614459097385406,0.06544607877731323,2.1902081966400146,1.0,0.2744029619326419,False
150,0.0025626881627037134,0.05712193895150152,0.07904804739856738,tumor_106,1,0.16555537283420563,ITC,6253,0.00015992323684631377,0.8838540814657287,0.001364678144454956,-0.07614459097385406,0.06544607877731323,1.1843225955963135,1.0,0.0802339226529661,False
151,0.027012678928091574,0.18545514557563628,0.3827269666689731,tumor_106,0,0.0,micro,6253,0.0,,,-0.07614459097385406,0.06544607877731323,,,,
152,0.0046448315964581965,0.0769024269268918,0.11325423305168912,tumor_106,1,0.3000665009021759,ITC,6253,0.00015992323684631377,0.47554392278750207,-0.08519715070724487,-0.07614459097385406,0.06544607877731323,-0.1383208930492401,1.0,0.0010944440473443632,False
153,0.0019286037941246882,0.04955375482045559,0.05403709913268605,tumor_106,1,0.12459211051464081,ITC,6253,0.00015992323684631377,0.9942744969736627,0.12270133942365646,-0.07614459097385406,0.06544607877731323,3.0383167266845703,1.0,0.5280609881768262,False
154,0.015506654109748472,0.14051222444706293,0.27743939200510287,tumor_106,1,0.5,micro,6253,0.00015992323684631377,0.9934565679699002,0.11744847148656845,-0.07614459097385406,0.06544607877731323,2.958054304122925,1.0,0.5005301929423637,False
155,0.005735899584356386,0.08545861089107717,0.17153788206900414,tumor_106,0,0.0,ITC,6253,0.0,,,-0.07614459097385406,0.06544607877731323,,,,
156,0.004813041027124418,0.07828252784732717,0.12179902333680963,tumor_106,1,0.3109332025051117,ITC,6253,0.00015992323684631377,0.9993456567969901,0.19136245548725128,-0.07614459097385406,0.06544607877731323,4.087441921234131,1.0,0.9556991166460396,False
157,0.006433418529344258,0.09050570633608161,0.1359436242857404,tumor_106,0,0.0,ITC,6253,0.0,,,-0.07614459097385406,0.06544607877731323,,,,
158,0.005547482159029593,0.08404328443480345,0.14323516927776886,tumor_106,0,0.0,ITC,6253,0.0,,,-0.07614459097385406,0.06544607877731323,,,,
159,0.027832392481305267,0.1882479820125238,0.29917736435687514,tumor_106,1,0.40625,micro,6253,0.00015992323684631377,0.9980369703909701,0.16160136461257935,-0.07614459097385406,0.06544607877731323,3.632699728012085,1.0,0.7548783984484447,False
160,0.0029184949437907276,0.06095853651084465,0.10041413114793735,tumor_106,0,0.0,ITC,6253,0.0,,,-0.07614459097385406,0.06544607877731323,,,,
161,0.0010838517158695393,0.03714838980728717,0.055017396015348954,tumor_106,0,0.0,ITC,6253,0.0,,,-0.07614459097385406,0.06544607877731323,,,,
162,0.0049938703618820374,0.07973953364567107,0.14793572996177137,tumor_106,0,0.0,ITC,6253,0.0,,,-0.07614459097385406,0.06544607877731323,,,,
163,0.0020431641377965195,0.05100428782590001,0.06814272222056912,tumor_106,1,0.13199296593666077,ITC,6253,0.00015992323684631377,0.9918207099623753,0.1077343001961708,-0.07614459097385406,0.06544607877731323,2.809624433517456,1.0,0.45155903582977364,False
164,0.004640845884634859,0.0768694250098083,0.11629925898118555,tumor_106,0,0.0,ITC,6253,0.0,,,-0.07614459097385406,0.06544607877731323,,,,
165,0.0038852674909765207,0.07033403309483449,0.10455893645543818,tumor_106,0,0.0,ITC,6253,0.0,,,-0.07614459097385406,0.06544607877731323,,,,
166,0.0091639713295362,0.10801819607633131,0.24095887901672522,tumor_106,1,0.28125,micro,6253,0.00015992323684631377,0.9978733845902176,0.1608392596244812,-0.07614459097385406,0.06544607877731323,3.6210548877716064,1.0,0.7500465379230774,False
167,0.0019266105018395934,0.04952814026635997,0.061293063832654544,tumor_106,0,0.0,ITC,6253,0.0,,,-0.07614459097385406,0.06544607877731323,,,,
168,0.0023876118752311822,0.055136211848689956,0.09211473844607951,tumor_106,0,0.0,ITC,6253,0.0,,,-0.07614459097385406,0.06544607877731323,,,,
169,0.01267965903424078,0.1270599988043201,0.2496745245066711,tumor_106,0,0.0,micro,6253,0.0,,,-0.07614459097385406,0.06544607877731323,,,,
170,0.0017279513073240739,0.04690518026680884,0.05727525311985792,tumor_106,1,0.11162951588630676,ITC,6253,0.00015992323684631377,0.9998364141992475,0.22439824044704437,-0.07614459097385406,0.06544607877731323,4.592220783233643,1.0,1.206322739654147,True
171,0.002021694250920682,0.050735599608518915,0.06352480169941656,tumor_106,0,0.0,ITC,6253,0.0,,,-0.07614459097385406,0.06544607877731323,,,,
172,0.000879347973223496,0.03346073240517715,0.045153734138556556,tumor_106,0,0.0,ITC,6253,0.0,,,-0.07614459097385406,0.06544607877731323,,,,
173,0.002670274057700106,0.05830864880568061,0.07390783502437044,tumor_106,0,0.0,ITC,6253,0.0,,,-0.07614459097385406,0.06544607877731323,,,,
174,0.0031952565331735696,0.06378343808238915,0.10152363512346933,tumor_106,0,0.0,ITC,6253,0.0,,,-0.07614459097385406,0.06544607877731323,,,,
175,0.009726583570169334,0.11128463881736292,0.18280981001912264,tumor_106,1,0.03125,ITC,6253,0.00015992323684631377,0.5609357107803042,-0.0705566480755806,-0.07614459097385406,0.06544607877731323,0.08538239449262619,1.0,0.0004170178599961891,False
176,0.002245121891959222,0.0534656710010555,0.1115036944982053,tumor_106,1,0.1450398862361908,ITC,6253,0.00015992323684631377,0.9993456567969901,0.1875038743019104,-0.07614459097385406,0.06544607877731323,4.0284833908081055,1.0,0.9283273589583046,False
177,0.003152241382205678,0.0633526509498608,0.09672601825326499,tumor_106,0,0.0,ITC,6253,0.0,,,-0.07614459097385406,0.06544607877731323,,,,
178,0.004204596503154389,0.07316733244742049,0.14625424233005715,tumor_106,1,0.0625,ITC,6253,0.00015992323684631377,0.11042041550793391,-0.15176405012607574,-0.07614459097385406,0.06544607877731323,-1.1554467678070068,1.0,0.0763691363244641,False
179,0.017185148144184488,0.14792163533204933,0.35636237724095854,tumor_106,2,0.2109375,micro,6253,0.00031984647369262754,0.9944380827744151,0.13256633281707764,-0.07614459097385406,0.06544607877731323,3.189051628112793,0.9206999517214608,0.5817563003606526,True
180,0.00344453543543864,0.06622475918900747,0.09220001485668393,tumor_106,0,0.0,ITC,6253,0.0,,,-0.07614459097385406,0.06544607877731323,,,,
181,0.0022581826473860108,0.05362096088179145,0.07709635231004468,tumor_106,0,0.0,ITC,6253,0.0,,,-0.07614459097385406,0.06544607877731323,,,,
182,0.02635648013303792,0.18318873536713595,0.34030065247041796,tumor_106,1,0.53125,micro,6253,0.00015992323684631377,0.9972190413872076,0.1454247534275055,-0.07614459097385406,0.06544607877731323,3.3855252265930176,1.0,0.6556470378150291,False
183,0.0005432906451059976,0.026300934082911072,0.034312812500527416,tumor_106,0,0.0,ITC,6253,0.0,,,-0.07614459097385406,0.06544607877731323,,,,
184,0.009953527944305967,0.11257542088891717,0.18758241749546845,tumor_106,1,0.53125,ITC,6253,0.00015992323684631377,0.999672828398495,0.2029142528772354,-0.07614459097385406,0.06544607877731323,4.263950347900391,1.0,1.0400213929679467,True
185,0.00471986573587686,0.0775210919734684,0.15453660272722416,tumor_106,0,0.0,ITC,6253,0.0,,,-0.07614459097385406,0.06544607877731323,,,,
186,0.00111958131631805,0.03775573076345879,0.0429540763888167,tumor_106,0,0.0,ITC,6253,0.0,,,-0.07614459097385406,0.06544607877731323,,,,
187,0.003948969509727393,0.07090827977562525,0.1067079430853684,tumor_106,0,0.0,ITC,6253,0.0,,,-0.07614459097385406,0.06544607877731323,,,,
188,0.0008564694818418109,0.03302258035253799,0.039985869666671,tumor_106,0,0.0,ITC,6253,0.0,,,-0.07614459097385406,0.06544607877731323,,,,
189,0.0020523439000691072,0.051118738374142006,0.07696725006826405,tumor_106,0,0.0,ITC,6253,0.0,,,-0.07614459097385406,0.06544607877731323,,,,
190,0.002442541496551216,0.05576683981601982,0.07007306283619032,tumor_106,1,0.15779364109039307,ITC,6253,0.00015992323684631377,0.9383281531163095,0.02746337652206421,-0.07614459097385406,0.06544607877731323,1.5831042528152466,1.0,0.14336298209125334,False
191,0.011819864609152148,0.12267648117625539,0.1965312785413405,tumor_106,0,0.0,ITC,6253,0.0,,,-0.07614459097385406,0.06544607877731323,,,,
192,0.033988115974641346,0.20802647261817006,0.41439523286679736,tumor_106,2,0.2890625,micro,6253,0.00031984647369262754,0.9975462129887126,0.18040922284126282,-0.07614459097385406,0.06544607877731323,3.920079469680786,0.9206999517214608,0.8790381782033602,True
193,0.0013563121904573959,0.04155611045197476,0.04557964275468242,tumor_106,0,0.0,ITC,6253,0.0,,,-0.07614459097385406,0.06544607877731323,,,,
194,0.0033033841685739212,0.06485367649470926,0.09456287343611662,tumor_106,0,0.0,ITC,6253,0.0,,,-0.07614459097385406,0.06544607877731323,,,,
195,0.006008401793833246,0.08746504881703421,0.2008722260027062,tumor_106,0,0.0,micro,6253,0.0,,,-0.07614459097385406,0.06544607877731323,,,,
196,0.0006314769572557854,0.02835527170681145,0.035713059861231314,tumor_106,0,0.0,ITC,6253,0.0,,,-0.07614459097385406,0.06544607877731323,,,,
197,0.0019302184464161252,0.049574494006033795,0.06527670300687488,tumor_106,0,0.0,ITC,6253,0.0,,,-0.07614459097385406,0.06544607877731323,,,,
198,0.0015724772124451147,0.04474528098112733,0.06810906520822659,tumor_106,1,0.10158553719520569,ITC,6253,0.00015992323684631377,0.9985277277932275,0.1715572476387024,-0.07614459097385406,0.06544607877731323,3.784823179244995,1.0,0.8194249524107123,False
199,0.0007467027205921755,0.030833933126010522,0.034395723840935886,tumor_106,0,0.0,ITC,6253,0.0,,,-0.07614459097385406,0.06544607877731323,,,,
200,0.0011694025442259858,0.03858665006219684,0.05416221105193382,tumor_106,0,0.0,ITC,6253,0.0,,,-0.07614459097385406,0.06544607877731323,,,,
201,0.0018562112630586777,0.04861482884377063,0.05661671256248368,tumor_106,0,0.0,ITC,6253,0.0,,,-0.07614459097385406,0.06544607877731323,,,,
202,0.0010626490676075098,0.03678324095364397,0.048067464744785245,tumor_106,0,0.0,ITC,6253,0.0,,,-0.07614459097385406,0.06544607877731323,,,,
203,0.0024765659449200485,0.0561539107829242,0.0920176291068538,tumor_106,0,0.0,ITC,6253,0.0,,,-0.07614459097385406,0.06544607877731323,,,,
204,0.0025103015266391246,0.056535079136107905,0.08130098932442081,tumor_106,0,0.0,ITC,6253,0.0,,,-0.07614459097385406,0.06544607877731323,,,,
205,0.000714624579890575,0.030164354373273642,0.0334450889471167,tumor_106,0,0.0,ITC,6253,0.0,,,-0.07614459097385406,0.06544607877731323,,,,
206,0.0007789865213748951,0.03149343493222357,0.03703546129840104,tumor_106,0,0.0,ITC,6253,0.0,,,-0.07614459097385406,0.06544607877731323,,,,
207,0.003971271981781778,0.07110823109952419,0.10278027339101127,tumor_106,1,0.2565530240535736,ITC,6253,0.00015992323684631377,0.999672828398495,0.2087191939353943,-0.07614459097385406,0.06544607877731323,4.3526482582092285,1.0,1.083740093570906,True
208,0.003973352077210754,0.07112685139847211,0.16888366526393325,tumor_106,0,0.0,ITC,6253,0.0,,,-0.07614459097385406,0.06544607877731323,,,,
209,0.003051006616851368,0.06232705893770221,0.1133963663516293,tumor_106,0,0.0,ITC,6253,0.0,,,-0.07614459097385406,0.06544607877731323,,,,
210,0.0017259974870116282,0.046878654573022045,0.07608642315785452,tumor_106,1,0.11150329560041428,ITC,6253,0.00015992323684631377,0.9433993129396369,0.030457600951194763,-0.07614459097385406,0.06544607877731323,1.6288553476333618,1.0,0.15176898547133905,False
211,0.0014450030726703886,0.042893298478757225,0.06963896940711492,tumor_106,0,0.0,ITC,6253,0.0,,,-0.07614459097385406,0.06544607877731323,,,,
212,0.0036836009782608035,0.06848435173488017,0.12335620307202705,tumor_106,0,0.0,ITC,6253,0.0,,,-0.07614459097385406,0.06544607877731323,,,,
213,0.0008070898157768798,0.03205649184798831,0.03871732987196917,tumor_106,0,0.0,ITC,6253,0.0,,,-0.07614459097385406,0.06544607877731323,,,,
214,0.0005137863209712639,0.025576807099491644,0.0396891861179509,tumor_106,1,0.0331917442381382,ITC,6253,0.00015992323684631377,0.031244887943726485,-0.18904125690460205,-0.07614459097385406,0.06544607877731323,-1.7250332832336426,1.0,0.1702209275777951,False
215,0.0018291741979601641,0.048259474956241555,0.07013126869696391,tumor_106,1,0.11816874146461487,ITC,6253,0.00015992323684631377,0.6993292982169148,-0.04460360109806061,-0.07614459097385406,0.06544607877731323,0.48193857073783875,1.0,0.013286217744935899,False
216,0.001460054141988636,0.04311610686314686,0.06037777290761817,tumor_106,0,0.0,ITC,6253,0.0,,,-0.07614459097385406,0.06544607877731323,,,,
217,0.0019562404680143254,0.04990754174357881,0.06529439159999989,tumor_106,0,0.0,ITC,6253,0.0,,,-0.07614459097385406,0.06544607877731323,,,,
218,0.0006205385610857406,0.028108614960673912,0.0327632291746087,tumor_106,0,0.0,ITC,6253,0.0,,,-0.07614459097385406,0.06544607877731323,,,,
219,0.0005015310198852783,0.025269925354644274,0.029137238865105566,tumor_106,0,0.0,ITC,6253,0.0,,,-0.07614459097385406,0.06544607877731323,,,,
220,0.004782240851444353,0.07803164848000396,0.14089053495456128,tumor_106,1,0.015625,ITC,6253,0.00015992323684631377,0.9829870767217406,0.07625411450862885,-0.07614459097385406,0.06544607877731323,2.3286147117614746,1.0,0.31017962662266285,False
221,0.0008839872712709799,0.03354888300412908,0.04164412243012019,tumor_106,0,0.0,ITC,6253,0.0,,,-0.07614459097385406,0.06544607877731323,,,,
222,0.0026236936827423677,0.057797842088951855,0.07545810328504149,tumor_106,0,0.0,ITC,6253,0.0,,,-0.07614459097385406,0.06544607877731323,,,,
223,0.0005950130388386014,0.027524427890191407,0.035609200831815346,tumor_106,0,0.0,ITC,6253,0.0,,,-0.07614459097385406,0.06544607877731323,,,,
224,0.0009306100256822097,0.03442222371412972,0.041749608045210246,tumor_106,1,0.06011948734521866,ITC,6253,0.00015992323684631377,0.9290037624734173,0.022894948720932007,-0.07614459097385406,0.06544607877731323,1.513299822807312,1.0,0.13099899307383164,False
225,0.00222916247714537,0.05327530213467849,0.06502640433444608,tumor_106,0,0.0,ITC,6253,0.0,,,-0.07614459097385406,0.06544607877731323,,,,
226,0.003935530937497905,0.07078752445982965,0.10102778839778165,tumor_106,1,0.2542440891265869,ITC,6253,0.00015992323684631377,0.9978733845902176,0.16086825728416443,-0.07614459097385406,0.06544607877731323,3.6214981079101562,1.0,0.7502301618039443,False
227,0.001259375818547473,0.040043564949412996,0.05705741421585805,tumor_106,0,0.0,ITC,6253,0.0,,,-0.07614459097385406,0.06544607877731323,,,,
0,0.3538047812442918,0.6711767565974003,0.8806391198551312,tumor_107,11,0.359375,micro,3480,0.003160919540229885,0.9538638985005767,0.13164716958999634,-0.08456429839134216,0.06771405041217804,3.193007469177246,0.7059524541380183,0.625111114621004,True
1,0.010273838361978996,0.11437244982376125,0.14720118455797193,tumor_107,0,0.0,ITC,3480,0.0,,,-0.08456429839134216,0.06771405041217804,,,,
2,0.1036211277405465,0.36322791400072435,0.6409765579118298,tumor_107,1,0.1875,micro,3480,0.00028735632183908046,0.7272202998846597,-0.05905666947364807,-0.08456429839134216,0.06771405041217804,0.37669625878334045,1.0,0.008700414947362685,False
3,0.0037906864201765022,0.06947266981957217,0.16227882270529054,tumor_107,0,0.0,ITC,3480,0.0,,,-0.08456429839134216,0.06771405041217804,,,,
4,0.010078999807734558,0.11328274858329375,0.4655917469333561,tumor_107,0,0.0,micro,3480,0.0,,,-0.08456429839134216,0.06771405041217804,,,,
0,1.184354141830853,1.227992886115355,1.7373912822728932,tumor_108,26,1.0,micro,6498,0.0040012311480455524,0.9605652079878884,0.050575848668813705,-0.09738495945930481,0.061038874089717865,2.424042224884033,0.6288866767283464,0.3346516443858853,True
1,0.009416482088287376,0.10949628928460468,0.2043374038807615,tumor_108,1,0.328125,micro,6498,0.0001538935056940597,0.9914089347079038,0.07429641485214233,-0.09738495945930481,0.061038874089717865,2.8126564025878906,1.0,0.45055308225226587,False
2,0.4814986591271926,0.7829834822891847,1.0562663034666173,tumor_108,14,0.703125,micro,6498,0.0021545090797168358,0.8456509126612219,0.03212469443678856,-0.09738495945930481,0.061038874089717865,2.1217570304870605,0.6993983068123942,0.2563916645461904,True
3,1.1178162029869145,1.1929994942952187,3.0491281884197683,tumor_108,26,0.8828125,macro,6498,0.0040012311480455524,0.9407336649604691,0.09309768676757812,-0.09738495945930481,0.061038874089717865,3.1206774711608887,0.6288866767283464,0.5546389608333271,True
4,0.006065439784105683,0.08787922273969691,0.11733347756398582,tumor_108,0,0.0,ITC,6498,0.0,,,-0.09738495945930481,0.061038874089717865,,,,
5,0.015939326321931884,0.1424590488158676,0.357413561472599,tumor_108,1,0.234375,micro,6498,0.0001538935056940597,0.9795376444860981,0.045037686824798584,-0.09738495945930481,0.061038874089717865,2.333310604095459,1.0,0.3100685452152069,False
6,0.0010890833187608185,0.03723793695893591,0.04837513387724015,tumor_108,0,0.0,ITC,6498,0.0,,,-0.09738495945930481,0.061038874089717865,,,,
7,0.0013213971474997331,0.04101774131393516,0.056915259141522394,tumor_108,1,0.08536520600318909,ITC,6498,0.0001538935056940597,0.9993751952514839,0.1609523892402649,-0.09738495945930481,0.061038874089717865,4.232341289520264,1.0,1.0201733274464884,True
8,1.1454228122839938,1.207641345781827,1.6875815236403207,tumor_108,27,0.6875,micro,6498,0.004155124653739612,0.9389658324366228,0.05554166063666344,-0.09738495945930481,0.061038874089717865,2.505397081375122,0.6245878665563244,0.35749151341255775,True
9,0.0004769057730551262,0.02464173876507662,0.026207612410729948,tumor_108,0,0.0,ITC,6498,0.0,,,-0.09738495945930481,0.061038874089717865,,,,
10,0.000979141930864769,0.035308387477841104,0.04330173881558835,tumor_108,0,0.0,ITC,6498,0.0,,,-0.09738495945930481,0.061038874089717865,,,,
11,0.0011960331849888383,0.03902354094573345,0.05243444445904343,tumor_108,0,0.0,ITC,6498,0.0,,,-0.09738495945930481,0.061038874089717865,,,,
12,0.0008221792942909699,0.03235477075106099,0.04285638385193067,tumor_108,0,0.0,ITC,6498,0.0,,,-0.09738495945930481,0.061038874089717865,,,,
13,0.033449282882246474,0.2063709032511831,0.2647382991956348,tumor_108,0,0.0,micro,6498,0.0,,,-0.09738495945930481,0.061038874089717865,,,,
0,1.1241659524631398,1.196383109844392,2.0230108475469346,tumor_109,27,0.84375,macro,4834,0.005585436491518411,0.9921719328209507,0.19499170780181885,-0.0775279626250267,0.05311615392565727,5.130636692047119,0.6114971142032464,1.5514617452578863,True
1,4.6369241290576895,2.429797351025987,3.5256126705928716,tumor_109,89,1.0,macro,4834,0.018411253620190318,0.9891646436830136,0.14948062598705292,-0.0775279626250267,0.05311615392565727,4.2738142013549805,0.47089365953742274,1.0765391340729922,True
2,0.001770231758165703,0.04747556295445717,0.0544658276305653,tumor_109,0,0.0,ITC,4834,0.0,,,-0.0775279626250267,0.05311615392565727,,,,
3,0.016591471185224763,0.14534413375971578,0.20755457765368607,tumor_109,1,0.046875,micro,4834,0.0002068680182043856,0.9895388556789069,0.08971512317657471,-0.0775279626250267,0.05311615392565727,3.148629665374756,1.0,0.5843078378905928,False
4,0.0009848248096521837,0.035410703075277106,0.03919411733834672,tumor_109,0,0.0,ITC,4834,0.0,,,-0.0775279626250267,0.05311615392565727,,,,
5,0.0012199235635687294,0.039411355250612054,0.045472012383163125,tumor_109,1,0.07880978286266327,ITC,4834,0.0002068680182043856,0.997865072587532,0.18521592020988464,-0.0775279626250267,0.05311615392565727,4.946590900421143,1.0,1.4421503331540095,True
6,0.003426824725194843,0.06605428640894004,0.08405778989058466,tumor_109,0,0.0,ITC,4834,0.0,,,-0.0775279626250267,0.05311615392565727,,,,
7,0.0535830638561705,0.2611973886350047,0.38699481860775603,tumor_109,3,0.15625,micro,4834,0.0006206040546131568,0.9977227440933675,0.18389129638671875,-0.0775279626250267,0.05311615392565727,4.921652793884277,0.8704990380677489,1.4276458623616755,True
8,0.0008217207524872857,0.03234574712070115,0.05664553659823584,tumor_109,0,0.0,ITC,4834,0.0,,,-0.0775279626250267,0.05311615392565727,,,,
9,0.001405068370209675,0.04229643734414926,0.05184220860166126,tumor_109,0,0.0,ITC,4834,0.0,,,-0.0775279626250267,0.05311615392565727,,,,
10,0.031071280391792907,0.19889993187627036,0.31128332594798924,tumor_109,1,0.578125,micro,4834,0.0002068680182043856,0.9914602903501281,0.10021820664405823,-0.0775279626250267,0.05311615392565727,3.346367597579956,1.0,0.6600028925368548,False
11,0.005344971565181809,0.08249502507590671,0.15093971953956078,tumor_109,0,0.0,ITC,4834,0.0,,,-0.0775279626250267,0.05311615392565727,,,,
12,0.00844105863565812,0.10367010009809076,0.19881076779922968,tumor_109,2,0.0625,ITC,4834,0.0004137360364087712,0.9904995730145175,0.10201650857925415,-0.0775279626250267,0.05311615392565727,3.380223512649536,0.918293990000818,0.6734252293224157,True
13,0.0033445925700258637,0.06525693465973052,0.08356601537560684,tumor_109,0,0.0,ITC,4834,0.0,,,-0.0775279626250267,0.05311615392565727,,,,
14,0.08044237287356562,0.320035014045268,0.7237503846380585,tumor_109,3,0.09375,micro,4834,0.0006206040546131568,0.9501850270424139,0.07271527498960495,-0.0775279626250267,0.05311615392565727,2.8285789489746094,0.8704990380677489,0.47155804222831,True
15,0.05304115719399243,0.2598732360938793,0.5348097654530214,tumor_109,2,0.5625,micro,4834,0.0004137360364087712,0.9876174210076858,0.10780061781406403,-0.0775279626250267,0.05311615392565727,3.489118814468384,0.918293990000818,0.7175134781023753,True
16,0.8253556489878937,1.0251221638233858,1.3875715441067147,tumor_109,20,0.90625,micro,4834,0.004137360364087712,0.9916951323654996,0.1475926637649536,-0.0775279626250267,0.05311615392565727,4.2382707595825195,0.6468724998633879,1.0587073837185834,True
17,0.0011710039549998094,0.03861306181264356,0.05623804766231661,tumor_109,0,0.0,ITC,4834,0.0,,,-0.0775279626250267,0.05311615392565727,,,,
18,0.004613937949691757,0.07664625401480377,0.10595582217391539,tumor_109,0,0.0,ITC,4834,0.0,,,-0.0775279626250267,0.05311615392565727,,,,
19,0.005735014490316811,0.08545201717162994,0.10368107102022743,tumor_109,1,0.3704947531223297,ITC,4834,0.0002068680182043856,0.9950896669513236,0.13671424984931946,-0.0775279626250267,0.05311615392565727,4.033466339111328,1.0,0.9588604815574868,False
0,34.406716071299556,6.618760571772744,10.246070803101688,tumor_110,597,1.0,macro,3300,0.1809090909090909,0.9538945111000579,0.06994625926017761,-0.08936116099357605,0.07133031636476517,2.2333760261535645,0.21103784763583708,0.30783552676880005,True
1,0.03487351920188003,0.21071863636592444,0.2847020018741911,tumor_110,0,0.0,micro,3300,0.0,,,-0.08936116099357605,0.07133031636476517,,,,
2,0.05557206597217035,0.2660010375513573,0.46222340061240635,tumor_110,0,0.0,micro,3300,0.0,,,-0.08936116099357605,0.07133031636476517,,,,
3,0.03153146239957537,0.20036742457412893,0.3996431101309591,tumor_110,0,0.0,micro,3300,0.0,,,-0.08936116099357605,0.07133031636476517,,,,
4,0.0672869512801742,0.29269849199233344,0.664979358113366,tumor_110,0,0.0,micro,3300,0.0,,,-0.08936116099357605,0.07133031636476517,,,,
5,0.037084930382364496,0.21729703144906737,0.6328533088807355,tumor_110,0,0.0,micro,3300,0.0,,,-0.08936116099357605,0.07133031636476517,,,,
6,9.886031211149271,3.547856518874644,7.738835264685236,tumor_110,184,1.0,macro,3300,0.055757575757575756,0.9599832079797289,0.0721731185913086,-0.08936116099357605,0.07133031636476517,2.2645950317382812,0.35631409688598853,0.3165017677594602,True
7,0.09321965589987186,0.3445155326517534,0.7410089280127791,tumor_110,0,0.0,micro,3300,0.0,,,-0.08936116099357605,0.07133031636476517,,,,
8,0.009045535096037968,0.10731790618328946,0.13866379529610953,tumor_110,0,0.0,ITC,3300,0.0,,,-0.08936116099357605,0.07133031636476517,,,,
9,0.0017571622535615444,0.04729998380285678,0.08280883143566571,tumor_110,0,0.0,ITC,3300,0.0,,,-0.08936116099357605,0.07133031636476517,,,,
10,0.046341623568924045,0.24290736443176264,0.4278796791287769,tumor_110,0,0.0,micro,3300,0.0,,,-0.08936116099357605,0.07133031636476517,,,,
11,0.06010027955447031,0.2766261964789123,0.4436246549358581,tumor_110,0,0.0,micro,3300,0.0,,,-0.08936116099357605,0.07133031636476517,,,,
12,0.01694183186192047,0.14687072644625712,0.338489177340676,tumor_110,0,0.0,micro,3300,0.0,,,-0.08936116099357605,0.07133031636476517,,,,
13,0.017331586230749495,0.14855053336147167,0.2135421946721281,tumor_110,0,0.0,micro,3300,0.0,,,-0.08936116099357605,0.07133031636476517,,,,
14,0.005768647236687779,0.08570221573202237,0.11501911789587782,tumor_110,0,0.0,ITC,3300,0.0,,,-0.08936116099357605,0.07133031636476517,,,,
15,0.003267577691026886,0.06450123356735006,0.09965442538181836,tumor_110,0,0.0,ITC,3300,0.0,,,-0.08936116099357605,0.07133031636476517,,,,
16,0.07209571587357679,0.30297708899556836,0.5707182342005442,tumor_110,0,0.0,micro,3300,0.0,,,-0.08936116099357605,0.07133031636476517,,,,
17,0.02406792330963137,0.1750549391404763,0.3521139430908202,tumor_110,0,0.0,micro,3300,0.0,,,-0.08936116099357605,0.07133031636476517,,,,
18,0.03815814683337753,0.22041883200413503,0.6536187013520727,tumor_110,0,0.0,micro,3300,0.0,,,-0.08936116099357605,0.07133031636476517,,,,
19,7.631140968864523,3.117093269860065,4.1815150175505424,tumor_110,141,1.0,macro,3300,0.042727272727272725,0.956590627275769,0.07351136952638626,-0.08936116099357605,0.07133031636476517,2.283356189727783,0.3891685099505474,0.32176764194343904,True
20,0.000673277748866498,0.029278726994988957,0.03728889922922542,tumor_110,0,0.0,ITC,3300,0.0,,,-0.08936116099357605,0.07133031636476517,,,,
21,0.012028072426416321,0.1237522422433302,0.2338023123937936,tumor_110,1,0.328125,micro,3300,0.00030303030303030303,0.9662349676225717,0.06276282668113708,-0.08936116099357605,0.07133031636476517,2.132669448852539,1.0,0.2806998204475607,False
22,0.007958170700010304,0.1006611029097428,0.1366720255928613,tumor_110,1,0.514115571975708,ITC,3300,0.00030303030303030303,0.9703977798334875,0.07506756484508514,-0.08936116099357605,0.07133031636476517,2.30517315864563,1.0,0.32794585621538674,False
23,0.015791201348603852,0.14179556416163963,0.2081114399678459,tumor_110,0,0.0,micro,3300,0.0,,,-0.08936116099357605,0.07133031636476517,,,,
24,4.529538998216389,2.401497068902896,3.126623944220137,tumor_110,84,1.0,macro,3300,0.025454545454545455,0.9611580987621691,0.08228863775730133,-0.08936116099357605,0.07133031636476517,2.406407356262207,0.45309885964849544,0.357382541294749,True
25,0.08279853754344695,0.32468811534541214,0.5093649488041051,tumor_110,2,0.75,micro,3300,0.0006060606060606061,0.9995374653098983,0.27829861640930176,-0.08936116099357605,0.07133031636476517,5.154326915740967,0.9144439951616538,1.6396039673806315,True
26,0.054825904057008844,0.2642092146788973,0.3583762354960147,tumor_110,1,0.859375,micro,3300,0.00030303030303030303,0.9856614246068455,0.12738293409347534,-0.08936116099357605,0.07133031636476517,3.0385971069335938,1.0,0.5698247119966048,False
27,0.00825648928319612,0.10253042795213223,0.14880710800364486,tumor_110,0,0.0,ITC,3300,0.0,,,-0.08936116099357605,0.07133031636476517,,,,
28,0.002451980246451828,0.055874486240966345,0.06563269709815901,tumor_110,0,0.0,ITC,3300,0.0,,,-0.08936116099357605,0.07133031636476517,,,,
29,0.042622411159704734,0.23295608895347075,0.49218647677149496,tumor_110,0,0.0,micro,3300,0.0,,,-0.08936116099357605,0.07133031636476517,,,,
30,0.021703608202085094,0.16623444957749633,0.31713589719230245,tumor_110,0,0.0,micro,3300,0.0,,,-0.08936116099357605,0.07133031636476517,,,,
31,0.03851440016796565,0.22144538228558405,0.30910323236719456,tumor_110,0,0.0,micro,3300,0.0,,,-0.08936116099357605,0.07133031636476517,,,,
32,0.019968779109190912,0.1594523101805153,0.36904882135420225,tumor_110,0,0.0,micro,3300,0.0,,,-0.08936116099357605,0.07133031636476517,,,,
33,6.713607503212911,2.9237015170706773,3.5689510412515246,tumor_110,123,1.0,macro,3300,0.03727272727272727,0.9344103246767897,0.047137241810560226,-0.08936116099357605,0.07133031636476517,1.9136099815368652,0.4060261953909071,0.2259965945071092,True
34,0.0016945820042471981,0.04645006802582857,0.0859270062148572,tumor_110,0,0.0,ITC,3300,0.0,,,-0.08936116099357605,0.07133031636476517,,,,
35,0.0024430452389887732,0.05577259011250484,0.07540332425917115,tumor_110,0,0.0,ITC,3300,0.0,,,-0.08936116099357605,0.07133031636476517,,,,
36,0.07696513556536054,0.31304161730945573,0.4821069492234911,tumor_110,2,0.6796875,micro,3300,0.0006060606060606061,0.9798797409805735,0.10999096930027008,-0.08936116099357605,0.07133031636476517,2.794774293899536,0.9144439951616538,0.4820460401733257,False
37,0.061119129083415644,0.27896109422064175,0.35047897169221315,tumor_110,2,0.5,micro,3300,0.0006060606060606061,0.5925069380203515,-0.05136454105377197,-0.08936116099357605,0.07133031636476517,0.532685399055481,0.9144439951616538,0.017512035359345677,False
38,0.6217342016432189,0.8897283696985794,1.4083758979577834,tumor_110,0,0.0,micro,3300,0.0,,,-0.08936116099357605,0.07133031636476517,,,,
0,0.4952161077298858,0.7940583930363806,1.2643391319693387,tumor_111,14,0.6953125,micro,4328,0.003234750462107209,0.9975152398621786,0.1708308756351471,-0.0933663472533226,0.05721355974674225,4.617738246917725,0.6848081693719869,1.2733704150898801,True
1,0.010254590595018265,0.11426526270326663,0.15357347899321863,tumor_111,1,0.015625,ITC,4328,0.0002310536044362292,0.9812152133580705,0.04501916468143463,-0.0933663472533226,0.05721355974674225,2.4187536239624023,1.0,0.3493650031234785,False
2,0.0012573935157603035,0.04001203753321736,0.055517523497090535,tumor_111,0,0.0,ITC,4328,0.0,,,-0.0933663472533226,0.05721355974674225,,,,
3,0.0018701408435224858,0.04879689822311663,0.058976090628750026,tumor_111,0,0.0,ITC,4328,0.0,,,-0.0933663472533226,0.05721355974674225,,,,
4,0.011445906618079376,0.12072025899361123,0.16343901918359557,tumor_111,0,0.0,ITC,4328,0.0,,,-0.0933663472533226,0.05721355974674225,,,,
5,0.002100035583214371,0.05170926754363774,0.07266267495830084,tumor_111,1,0.13566698133945465,ITC,4328,0.0002310536044362292,0.9691558441558441,0.029245048761367798,-0.0933663472533226,0.05721355974674225,2.14304780960083,1.0,0.27425834566459584,False
6,0.000577031705538763,0.027105342389608898,0.03549420366749994,tumor_111,0,0.0,ITC,4328,0.0,,,-0.0933663472533226,0.05721355974674225,,,,
7,0.002617233562966587,0.05772664263732272,0.07725002104368646,tumor_111,0,0.0,ITC,4328,0.0,,,-0.0933663472533226,0.05721355974674225,,,,
8,0.0008106167831523514,0.03212645862736169,0.045758906674001724,tumor_111,0,0.0,ITC,4328,0.0,,,-0.0933663472533226,0.05721355974674225,,,,
0,1.3509955233165565,1.3115414309303444,1.598801223065036,test_001,27,0.96875,micro,4300,0.006279069767441861,0.9438902632582307,0.21232911944389343,-0.020618492737412453,0.09441718459129333,2.4672162532806396,0.6060613208404294,0.3637871514740765,True
1,0.0064777493220878,0.09081699509322899,0.11510546605450504,test_001,1,0.41847705841064453,ITC,4300,0.00023255813953488373,0.9621738089537946,0.2169676125049591,-0.020618492737412453,0.09441718459129333,2.516343832015991,1.0,0.37841895903485073,False
2,0.0006611594462572975,0.029014037160484816,0.033815282664822546,test_001,0,0.0,ITC,4300,0.0,,,-0.020618492737412453,0.09441718459129333,,,,
3,0.010633584850464523,0.11635764149340674,0.1482603476422348,test_001,1,0.40625,ITC,4300,0.00023255813953488373,0.9827627483840077,0.27285435795783997,-0.020618492737412453,0.09441718459129333,3.1082568168640137,1.0,0.5773866139800005,False
4,0.00018631534442591286,0.015402079869745655,0.02160536218004537,test_001,0,0.0,ITC,4300,0.0,,,-0.020618492737412453,0.09441718459129333,,,,
5,0.006871784038878442,0.09353837277385119,0.12588303297106063,test_001,0,0.0,ITC,4300,0.0,,,-0.020618492737412453,0.09441718459129333,,,,
6,0.0837678859364571,0.3265831975977357,0.4599048947202886,test_001,4,0.2578125,micro,4300,0.0009302325581395349,0.8570744553507302,0.12043105810880661,-0.020618492737412453,0.09441718459129333,1.4938969612121582,0.8343015774903911,0.13337493143653584,False
7,0.0008157335938581197,0.03222769414136063,0.04002371436221129,test_001,0,0.0,ITC,4300,0.0,,,-0.020618492737412453,0.09441718459129333,,,,
8,0.0012609936276056042,0.04006927691294791,0.06376170301367345,test_001,0,0.0,ITC,4300,0.0,,,-0.020618492737412453,0.09441718459129333,,,,
9,0.02187800039236149,0.16690097441083457,0.35746272465503953,test_001,2,0.3984375,micro,4300,0.00046511627906976747,0.9721091692602346,0.24375051259994507,-0.020618492737412453,0.09441718459129333,2.8000094890594482,0.9171507887451955,0.4685456689173254,False
10,0.7070935714860781,0.9488411337226555,1.786434782012498,test_001,17,0.75,micro,4300,0.003953488372093023,0.9707079384303399,0.24155431985855103,-0.020618492737412453,0.09441718459129333,2.7767488956451416,0.6613569275690874,0.4607932802063951,True
11,0.014229373905490127,0.13460089729750188,0.19884255497125394,test_001,0,0.0,ITC,4300,0.0,,,-0.020618492737412453,0.09441718459129333,,,,
12,0.009512551775087917,0.11005342834906418,0.20016065024967025,test_001,0,0.0,micro,4300,0.0,,,-0.020618492737412453,0.09441718459129333,,,,
13,0.002940135848390997,0.06118412562965074,0.08646367472764971,test_001,0,0.0,ITC,4300,0.0,,,-0.020618492737412453,0.09441718459129333,,,,
14,0.0011094384270161591,0.03758431691178848,0.05728496798105651,test_001,1,0.07167220115661621,ITC,4300,0.00023255813953488373,0.9703136222169021,0.2381695806980133,-0.020618492737412453,0.09441718459129333,2.7409002780914307,1.0,0.4489721386663731,False
15,0.007080114708242154,0.09494567935295935,0.13159677030416306,test_001,0,0.0,ITC,4300,0.0,,,-0.020618492737412453,0.09441718459129333,,,,
16,0.0011618857872107134,0.038462435319964135,0.042845490648537626,test_001,0,0.0,ITC,4300,0.0,,,-0.020618492737412453,0.09441718459129333,,,,
17,0.00036072877860969115,0.021431148962430233,0.029202845226727822,test_001,0,0.0,ITC,4300,0.0,,,-0.020618492737412453,0.09441718459129333,,,,
18,0.01305065358212709,0.12890542356861412,0.18742227963405497,test_001,1,0.265625,ITC,4300,0.00023255813953488373,0.9174048360067034,0.13429182767868042,-0.020618492737412453,0.09441718459129333,1.6407005786895752,1.0,0.1608761202197344,False
19,3.6230589319616495,2.147794660827593,2.4703456004393627,test_001,68,1.0,macro,4300,0.01581395348837209,0.9478129532876114,0.24591350555419922,-0.020618492737412453,0.09441718459129333,2.82291841506958,0.4956585050594785,0.4762440634821767,True
20,0.000331857479762023,0.020555633448015087,0.02394250763711988,test_001,0,0.0,ITC,4300,0.0,,,-0.020618492737412453,0.09441718459129333,,,,
21,0.002593989056137991,0.05746972633382841,0.08970566667381408,test_001,0,0.0,ITC,4300,0.0,,,-0.020618492737412453,0.09441718459129333,,,,
22,0.0007444996236779845,0.030788412786424326,0.03980361956220715,test_001,0,0.0,ITC,4300,0.0,,,-0.020618492737412453,0.09441718459129333,,,,
23,0.002626002656877713,0.05782326890894622,0.06432552570401216,test_001,0,0.0,ITC,4300,0.0,,,-0.020618492737412453,0.09441718459129333,,,,
24,0.005210104442245036,0.08144759669914588,0.13149212834971366,test_001,0,0.0,ITC,4300,0.0,,,-0.020618492737412453,0.09441718459129333,,,,
25,0.0022772980214707575,0.053847431657263974,0.07552558074590933,test_001,0,0.0,ITC,4300,0.0,,,-0.020618492737412453,0.09441718459129333,,,,
26,0.0001450397959427322,0.013589348908413724,0.016994737891982446,test_001,0,0.0,ITC,4300,0.0,,,-0.020618492737412453,0.09441718459129333,,,,
27,0.0009253312340224986,0.03432445657451888,0.08412491139278666,test_001,0,0.0,ITC,4300,0.0,,,-0.020618492737412453,0.09441718459129333,,,,
28,0.00011601874419848907,0.012153997410071699,0.013993195036181199,test_001,1,0.0074950698763132095,ITC,4300,0.00023255813953488373,0.9731864974862341,0.24726322293281555,-0.020618492737412453,0.09441718459129333,2.8372135162353516,1.0,0.4810796227302149,False
29,0.0010261293450032,0.03614565617154107,0.046677806989117644,test_001,0,0.0,ITC,4300,0.0,,,-0.020618492737412453,0.09441718459129333,,,,
0,1.1055071462003438,1.1864128352009662,1.4474365112924623,test_002,25,1.0,micro,3499,0.007144898542440698,0.9516076610562971,0.1374480128288269,-0.05173049122095108,0.06775625795125961,2.7920446395874023,0.6055411622305082,0.47765264511396793,True
1,0.5811957412014814,0.8602333409775453,2.1654385539110725,test_002,14,0.71875,macro,3499,0.00400114318376679,0.9941547135395075,0.21861718595027924,-0.05173049122095108,0.06775625795125961,3.9900031089782715,0.6765953259195024,0.9754700509174496,True
2,0.21888381321733888,0.5279124233154027,1.2552328696096067,test_002,6,0.5390625,micro,3499,0.0017147756501857674,0.8805378216289418,0.08049105107784271,-0.05173049122095108,0.06775625795125961,1.9514293670654297,0.7804278896583035,0.23333137739685106,False
3,0.104270141376,0.36436364710965513,0.5261178403817912,test_002,3,0.8125,micro,3499,0.0008573878250928837,0.9968078932095182,0.25561484694480896,-0.05173049122095108,0.06775625795125961,4.536043643951416,0.8653699769344012,1.2607295171477406,True
4,0.06546175631618116,0.28870139731144123,0.5717054136668639,test_002,3,0.390625,micro,3499,0.0008573878250928837,0.9985490423679628,0.2855026423931122,-0.05173049122095108,0.06775625795125961,4.977150917053223,0.8653699769344012,1.5178508255918661,True
5,0.005800265172,0.08593676155720845,0.1279242106248852,test_002,1,0.3747100830078125,ITC,3499,0.0002857959416976279,0.9924550203134068,0.19242191314697266,-0.05173049122095108,0.06775625795125961,3.6033926010131836,1.0,0.7955924202638206,False
6,0.00019296946003635406,0.015674704062421007,0.02226557670829747,test_002,0,0.0,ITC,3499,0.0,,,-0.05173049122095108,0.06775625795125961,,,,
7,0.0009817182935345763,0.03535480947647922,0.03901815065133149,test_002,0,0.0,ITC,3499,0.0,,,-0.05173049122095108,0.06775625795125961,,,,
8,0.000419094795041462,0.02309995813934448,0.03742354279930811,test_002,1,0.027074459940195084,ITC,3499,0.0002857959416976279,0.9962275101567034,0.24288669228553772,-0.05173049122095108,0.06775625795125961,4.348191261291504,1.0,1.158469888110137,True
9,0.004469591440205613,0.07543779272009206,0.17889293603314482,test_002,0,0.0,ITC,3499,0.0,,,-0.05173049122095108,0.06775625795125961,,,,
10,0.0017817354239339906,0.04762957064690198,0.0632485055906239,test_002,0,0.0,ITC,3499,0.0,,,-0.05173049122095108,0.06775625795125961,,,,
11,0.0011434529229285965,0.038156119810794406,0.06775348744699498,test_002,0,0.0,ITC,3499,0.0,,,-0.05173049122095108,0.06775625795125961,,,,
12,0.0002179961770911026,0.016660172666376583,0.020884573669715044,test_002,0,0.0,ITC,3499,0.0,,,-0.05173049122095108,0.06775625795125961,,,,
13,0.001092847277142334,0.03730223008901435,0.06552038880379145,test_002,0,0.0,ITC,3499,0.0,,,-0.05173049122095108,0.06775625795125961,,,,
14,0.0011816035627019348,0.03878742556850168,0.061847656282055234,test_002,0,0.0,ITC,3499,0.0,,,-0.05173049122095108,0.06775625795125961,,,,
15,0.0003268947650622597,0.020401356372657664,0.027143096435014575,test_002,0,0.0,ITC,3499,0.0,,,-0.05173049122095108,0.06775625795125961,,,,
16,0.00016815363349012756,0.014632151439570786,0.018748831883613443,test_002,0,0.0,ITC,3499,0.0,,,-0.05173049122095108,0.06775625795125961,,,,
17,0.0012810786221184082,0.04038712618639746,0.0620514260958055,test_002,0,0.0,ITC,3499,0.0,,,-0.05173049122095108,0.06775625795125961,,,,
18,0.00029531114968369673,0.019390766714559988,0.02223582782920393,test_002,0,0.0,ITC,3499,0.0,,,-0.05173049122095108,0.06775625795125961,,,,
19,0.00032336439040942384,0.020290892765683282,0.026687077860602048,test_002,0,0.0,ITC,3499,0.0,,,-0.05173049122095108,0.06775625795125961,,,,
20,0.0008468453048131714,0.03283651824358716,0.039348770771582206,test_002,0,0.0,ITC,3499,0.0,,,-0.05173049122095108,0.06775625795125961,,,,
21,0.0006896080425454102,0.029631676127688505,0.04348411827952786,test_002,0,0.0,ITC,3499,0.0,,,-0.05173049122095108,0.06775625795125961,,,,
22,0.0004819260219776573,0.02477109744881846,0.02948393737834644,test_002,0,0.0,ITC,3499,0.0,,,-0.05173049122095108,0.06775625795125961,,,,
0,0.007163204915982513,0.09550118201399528,0.1903092461519507,test_004,0,0.0,ITC,5481,0.0,,,-0.09219183027744293,0.07508238404989243,,,,
1,0.00822559954008252,0.10233845129563195,0.35424325866752693,test_004,1,0.15625,micro,5481,0.00018244845831052726,0.9775547445255475,0.074485182762146,-0.09219183027744293,0.07508238404989243,2.219921588897705,1.0,0.2862136912055125,False
2,0.0048421092729446415,0.0785185647235222,0.12956384210505628,test_004,0,0.0,ITC,5481,0.0,,,-0.09219183027744293,0.07508238404989243,,,,
0,0.13816485420607205,0.4194245534869642,0.5088498475075778,test_008,5,0.25,micro,6575,0.0007604562737642585,0.9593849901050389,0.1485002487897873,-0.07362581044435501,0.058980025351047516,3.7661235332489014,0.8169227111492353,0.8067135875055093,True
1,0.0006428289953098097,0.028609007276220268,0.038477607212880925,test_008,0,0.0,ITC,6575,0.0,,,-0.07362581044435501,0.058980025351047516,,,,
2,0.0014099472390979386,0.04236980742002091,0.04854213884888128,test_008,0,0.0,ITC,6575,0.0,,,-0.07362581044435501,0.058980025351047516,,,,
3,0.001342431102785923,0.041342911921506825,0.06995424163548312,test_008,0,0.0,ITC,6575,0.0,,,-0.07362581044435501,0.058980025351047516,,,,
4,0.006394926047784234,0.09023454288517137,0.2095455427598084,test_008,1,0.1875,micro,6575,0.0001520912547528517,0.9217536915816715,0.01452644169330597,-0.07362581044435501,0.058980025351047516,1.4946119785308838,1.0,0.12705365598193094,False
5,0.0011576129332263793,0.038391647061316495,0.07667244160607217,test_008,0,0.0,ITC,6575,0.0,,,-0.07362581044435501,0.058980025351047516,,,,
6,0.000791715826238142,0.0317497070562718,0.04626661394154924,test_008,0,0.0,ITC,6575,0.0,,,-0.07362581044435501,0.058980025351047516,,,,
0,0.006037127929645511,0.08767388446196385,0.10819291272158447,test_010,1,0.3900119364261627,ITC,4539,0.0002203128442388191,0.9995591800749394,0.189930260181427,-0.05726684257388115,0.07061032205820084,3.500863552093506,1.0,0.7277537507325225,False
1,0.02653552600583258,0.18380990465960845,0.251528357472606,test_010,1,0.421875,micro,4539,0.0002203128442388191,1.0,0.2899380624294281,-0.05726684257388115,0.07061032205820084,4.917197227478027,1.0,1.4357186438739353,True
0,0.000230063100544693,0.017115064633178717,0.02257975917669174,test_011,0,0.0,ITC,5632,0.0,,,-0.10225053876638412,0.05230505391955376,,,,
1,0.0007927379977342072,0.03177019621169133,0.058077,test_011,1,0.05121264606714249,ITC,5632,0.0001775568181818182,0.41580817051509766,-0.11976027488708496,-0.10225053876638412,0.05230505391955376,-0.3347618281841278,1.0,0.0064881095511032365,False
2,0.00014827685718431854,0.013740158592102293,0.018418866427362176,test_011,0,0.0,ITC,5632,0.0,,,-0.10225053876638412,0.05230505391955376,,,,
3,0.00015798378079872894,0.014182778188342134,0.0158008452753039,test_011,0,0.0,ITC,5632,0.0,,,-0.10225053876638412,0.05230505391955376,,,,
4,9.339957474296952e-05,0.010905046172492638,0.016162959512358684,test_011,0,0.0,ITC,5632,0.0,,,-0.10225053876638412,0.05230505391955376,,,,
5,0.003277938597453369,0.06460341359008319,0.0990128838889162,test_011,1,0.21176216006278992,ITC,5632,0.0001775568181818182,1.0,0.12571567296981812,-0.10225053876638412,0.05230505391955376,4.358397483825684,1.0,1.0997652243531748,True
6,0.0017186774612177583,0.046779141807727555,0.0684129597396806,test_011,0,0.0,ITC,5632,0.0,,,-0.10225053876638412,0.05230505391955376,,,,
7,0.003410520499210831,0.06589696174881766,0.09578443461617646,test_011,0,0.0,ITC,5632,0.0,,,-0.10225053876638412,0.05230505391955376,,,,
8,0.0005273771032249146,0.02591288063519452,0.0317195271102846,test_011,0,0.0,ITC,5632,0.0,,,-0.10225053876638412,0.05230505391955376,,,,
0,0.006165651385550858,0.08860220743940017,0.14328667190882868,test_013,0,0.0,ITC,1230,0.0,,,-0.10453300923109055,0.072115458548069,,,,
1,0.012309987261531968,0.12519409960764372,0.29318680186529095,test_013,2,0.2421875,micro,1230,0.0016260162601626016,0.7304560260586319,-0.05309540033340454,-0.10453300923109055,0.072115458548069,0.71326744556427,0.9025762977155795,0.03575312261303049,False
0,0.019399651407013295,0.1571636195990868,0.17621532530768094,test_016,0,0.0,ITC,6130,0.0,,,-0.09941325336694717,0.04951291158795357,,,,
1,0.010999353883907825,0.1183419297270741,0.1668680420543805,test_016,0,0.0,ITC,6130,0.0,,,-0.09941325336694717,0.04951291158795357,,,,
2,0.0014910442426275402,0.04357128059471141,0.09768273742024594,test_016,1,0.09632478654384613,ITC,6130,0.0001631321370309951,0.9992567818654775,0.17774748802185059,-0.09941325336694717,0.04951291158795357,5.597746849060059,1.0,1.7965227229954355,True
3,0.02497122423112754,0.1783097029651513,0.3196621720034537,test_016,2,0.171875,micro,6130,0.0003262642740619902,0.9969342251950948,0.12172044813632965,-0.09941325336694717,0.04951291158795357,4.466182708740234,0.920519303715702,1.1436132486529682,True
4,0.17870879183765515,0.4770105876807631,0.7213132946570513,test_016,5,0.90625,micro,6130,0.0008156606851549756,0.9947603121516165,0.10725102573633194,-0.09941325336694717,0.04951291158795357,4.173947334289551,0.8154515382962788,0.9988496833274408,True
5,0.003187297203924133,0.06370394682325438,0.07772887543591529,test_016,0,0.0,ITC,6130,0.0,,,-0.09941325336694717,0.04951291158795357,,,,
6,0.22187356665181898,0.5315055963887199,0.7487086132869174,test_016,5,0.640625,micro,6130,0.0008156606851549756,0.9968041620215533,0.1274460107088089,-0.09941325336694717,0.04951291158795357,4.581820487976074,0.8154515382962788,1.203600462931009,True
7,0.01571663335398912,0.14146037995284255,0.2550625279134791,test_016,1,0.078125,micro,6130,0.0001631321370309951,0.9986993682645856,0.16462934017181396,-0.09941325336694717,0.04951291158795357,5.332802772521973,1.0,1.6304866623634604,True
8,0.0059025869850039365,0.08669144805311599,0.10520700253023199,test_016,1,0.3813202977180481,ITC,6130,0.0001631321370309951,0.9925678186547752,0.06392538547515869,-0.09941325336694717,0.04951291158795357,3.298909902572632,1.0,0.6239461589155955,False
9,0.000766848896416214,0.031247117303099214,0.03783095708983321,test_016,0,0.0,ITC,6130,0.0,,,-0.09941325336694717,0.04951291158795357,,,,
10,0.000921412506083107,0.03425169834852778,0.036389718370658505,test_016,0,0.0,ITC,6130,0.0,,,-0.09941325336694717,0.04951291158795357,,,,
11,0.0011989844690738296,0.03907165775275082,0.05240542827132008,test_016,0,0.0,ITC,6130,0.0,,,-0.09941325336694717,0.04951291158795357,,,,
12,0.03405093495879419,0.20821862770833388,0.3752601706146022,test_016,2,0.296875,micro,6130,0.0003262642740619902,0.9948903753251579,0.09320373833179474,-0.09941325336694717,0.04951291158795357,3.890237808227539,0.920519303715702,0.8676778421134579,True
13,0.001052871633038864,0.03661362859257425,0.04635257928430677,test_016,0,0.0,ITC,6130,0.0,,,-0.09941325336694717,0.04951291158795357,,,,
14,0.003417841020507317,0.06596764619817733,0.08082085335483205,test_016,0,0.0,ITC,6130,0.0,,,-0.09941325336694717,0.04951291158795357,,,,
15,0.0005527316379175873,0.026528471102249932,0.03665381810396104,test_016,1,0.03570769727230072,ITC,6130,0.0001631321370309951,0.22779635823114083,-0.13298046588897705,-0.09941325336694717,0.04951291158795357,-0.6779486536979675,1.0,0.02635116446752904,False
16,0.01311121449728119,0.12920416702817045,0.28558822040977716,test_016,0,0.0,micro,6130,0.0,,,-0.09941325336694717,0.04951291158795357,,,,
17,0.0007967129162277489,0.03184974710641268,0.04217097166901346,test_016,0,0.0,ITC,6130,0.0,,,-0.09941325336694717,0.04951291158795357,,,,
18,0.005462122255633301,0.08339418477358206,0.09959318411353411,test_016,1,0.3528653085231781,ITC,6130,0.0001631321370309951,0.99702712746191,0.12302945554256439,-0.09941325336694717,0.04951291158795357,4.492620468139648,1.0,1.1571926569806932,True
19,0.015513490423681183,0.14054319437205465,0.18743018346998963,test_016,1,0.1875,ITC,6130,0.0001631321370309951,0.9890375325157934,0.041009411215782166,-0.09941325336694717,0.04951291158795357,2.8360819816589355,1.0,0.4611516509100501,False
20,0.0009596951174791833,0.034955997689434554,0.043315704480397926,test_016,0,0.0,ITC,6130,0.0,,,-0.09941325336694717,0.04951291158795357,,,,
21,0.08211276520720587,0.32334071780301366,0.5056490333871181,test_016,3,0.515625,micro,6130,0.0004893964110929853,0.9911433172302737,0.0972144827246666,-0.09941325336694717,0.04951291158795357,3.9712417125701904,0.8740260768581803,0.9041882299142079,True
22,0.0008933215204357568,0.03372554352388922,0.040408819527910346,test_016,0,0.0,ITC,6130,0.0,,,-0.09941325336694717,0.04951291158795357,,,,
23,0.00827670885259282,0.10265589613549127,0.1498912150151039,test_016,0,0.0,ITC,6130,0.0,,,-0.09941325336694717,0.04951291158795357,,,,
24,0.002896564681092659,0.0607290761979002,0.08458818301982005,test_016,0,0.0,ITC,6130,0.0,,,-0.09941325336694717,0.04951291158795357,,,,
25,0.0027693514417752685,0.059380533585827684,0.09608285134418648,test_016,0,0.0,ITC,6130,0.0,,,-0.09941325336694717,0.04951291158795357,,,,
26,0.002003780357573868,0.05051031964090717,0.07593362704484462,test_016,0,0.0,ITC,6130,0.0,,,-0.09941325336694717,0.04951291158795357,,,,
27,0.00023412886231075858,0.017265634250090898,0.022958136302593506,test_016,1,0.015125247649848461,ITC,6130,0.0001631321370309951,0.8249721293199554,-0.060164302587509155,-0.09941325336694717,0.04951291158795357,0.7927013039588928,1.0,0.03602677203822986,False
28,29.586445955530674,6.137640668754678,12.008719691726153,test_016,531,1.0,macro,6130,0.0866231647634584,0.9899973476490302,0.09736506640911102,-0.09941325336694717,0.04951291158795357,3.97428297996521,0.2804955881610958,0.9055736561065131,True
29,9.97401991764782,3.563610048690142,4.917861211266209,test_016,188,1.0,macro,6130,0.03066884176182708,0.989061252243491,0.08711028844118118,-0.09941325336694717,0.04951291158795357,3.767169713973999,0.39955601792706635,0.8136480318546058,True
30,0.0005117689708487663,0.025526544839697084,0.05735375007238381,test_016,0,0.0,ITC,6130,0.0,,,-0.09941325336694717,0.04951291158795357,,,,
31,0.018731070572437683,0.15443166698592864,0.22547163517853908,test_016,1,0.671875,micro,6130,0.0001631321370309951,0.99702712746191,0.1215672641992569,-0.09941325336694717,0.04951291158795357,4.4630889892578125,1.0,1.1420294383040788,True
32,0.001006658622504204,0.03580108331071811,0.06681704238357174,test_016,0,0.0,ITC,6130,0.0,,,-0.09941325336694717,0.04951291158795357,,,,
33,0.004416088673573822,0.07498492336630906,0.11539802385402889,test_016,1,0.2852891981601715,ITC,6130,0.0001631321370309951,0.9842066146413972,0.018906712532043457,-0.09941325336694717,0.04951291158795357,2.389678955078125,1.0,0.3274050126075403,False
34,0.0003269717193947697,0.02040375757412026,0.02941741056882504,test_016,0,0.0,ITC,6130,0.0,,,-0.09941325336694717,0.04951291158795357,,,,
35,0.0006682308282303086,0.029168783236774874,0.042695882019006884,test_016,0,0.0,ITC,6130,0.0,,,-0.09941325336694717,0.04951291158795357,,,,
36,0.001751135191189934,0.04721879470719677,0.09074180415028141,test_016,0,0.0,ITC,6130,0.0,,,-0.09941325336694717,0.04951291158795357,,,,
37,0.0004450882745852394,0.023805545406477654,0.04442794038603325,test_016,0,0.0,ITC,6130,0.0,,,-0.09941325336694717,0.04951291158795357,,,,
38,0.0006816568918766556,0.02946035489736366,0.03953576706535978,test_016,0,0.0,ITC,6130,0.0,,,-0.09941325336694717,0.04951291158795357,,,,
39,0.00019003088872730827,0.015554897693291858,0.019864546919922614,test_016,0,0.0,ITC,6130,0.0,,,-0.09941325336694717,0.04951291158795357,,,,
40,0.0003138684334394074,0.019990740388968333,0.024892831499464592,test_016,0,0.0,ITC,6130,0.0,,,-0.09941325336694717,0.04951291158795357,,,,
41,0.00021056596945693589,0.01637378756085675,0.026240444849921305,test_016,0,0.0,ITC,6130,0.0,,,-0.09941325336694717,0.04951291158795357,,,,
42,0.0002364228493080826,0.01735001213307971,0.028791402572641612,test_016,0,0.0,ITC,6130,0.0,,,-0.09941325336694717,0.04951291158795357,,,,
43,0.00111657104678286,0.03770493881801524,0.08816235633266112,test_016,0,0.0,ITC,6130,0.0,,,-0.09941325336694717,0.04951291158795357,,,,
44,0.014973924466530121,0.13807748828344005,0.24969886709254807,test_016,1,0.234375,micro,6130,0.0001631321370309951,0.9812337421033073,0.013002276420593262,-0.09941325336694717,0.04951291158795357,2.2704286575317383,1.0,0.29554384968616104,False
45,0.0003646752772772942,0.021548062187043904,0.030809973749546242,test_016,0,0.0,ITC,6130,0.0,,,-0.09941325336694717,0.04951291158795357,,,,
46,0.0033488618029948883,0.06529857025560505,0.1308758746481005,test_016,1,0.015625,ITC,6130,0.0001631321370309951,0.5797101449275363,-0.09277364611625671,-0.09941325336694717,0.04951291158795357,0.13409850001335144,1.0,0.001030989034805684,False
47,0.0006080098099630394,0.027823409813174466,0.03517807099558066,test_016,0,0.0,ITC,6130,0.0,,,-0.09941325336694717,0.04951291158795357,,,,
48,0.020327700953379227,0.16087893804781625,0.27905535876401244,test_016,1,0.171875,micro,6130,0.0001631321370309951,0.9968413229282794,0.11890828609466553,-0.09941325336694717,0.04951291158795357,4.409385681152344,1.0,1.1147112425053207,True
49,0.0005488419109596061,0.026434962168344137,0.035297714876398927,test_016,0,0.0,ITC,6130,0.0,,,-0.09941325336694717,0.04951291158795357,,,,
50,0.0004988674300871372,0.025202732779747262,0.032964947880044136,test_016,0,0.0,ITC,6130,0.0,,,-0.09941325336694717,0.04951291158795357,,,,
51,0.0010876189808680114,0.03721289421753848,0.05060328200572901,test_016,0,0.0,ITC,6130,0.0,,,-0.09941325336694717,0.04951291158795357,,,,
0,48.81252101772002,7.8835291613577105,8.990926242247403,test_021,827,1.0,macro,6496,0.1273091133004926,0.9862718973194581,0.1810121238231659,-0.0654495432972908,0.06319158524274826,3.9002292156219482,0.23478196057785822,0.8663793506740985,True
1,0.048881782280124755,0.24947588704359663,0.28475578087580916,test_021,2,0.3046875,micro,6496,0.0003078817733990148,0.9942275042444821,0.2346113622188568,-0.0654495432972908,0.06319158524274826,4.748431205749512,0.9210443365625121,1.284186592143498,True
2,161.0496742441486,14.319735120258546,20.943620960362225,test_021,2711,1.0,macro,6496,0.41733374384236455,0.9830146814305549,0.17487545311450958,-0.0654495432972908,0.06319158524274826,3.803117275238037,0.09954149874831401,0.8237724548063653,True
3,0.008772400538669312,0.10568522729355229,0.1677094388399174,test_021,1,0.5,ITC,6496,0.0001539408866995074,0.9833616298811545,0.1423758864402771,-0.0654495432972908,0.06319158524274826,3.2888147830963135,1.0,0.6160368084840295,False
4,0.0008183132669882813,0.032278612292211434,0.04068793021795725,test_021,0,0.0,ITC,6496,0.0,,,-0.0654495432972908,0.06319158524274826,,,,
5,0.0017386870684905397,0.04705066558000864,0.06061317303178982,test_021,1,0.11232306808233261,ITC,6496,0.0001539408866995074,0.7724957555178268,-0.03896094858646393,-0.0654495432972908,0.06319158524274826,0.41917914152145386,1.0,0.010007535933806924,False
6,0.010686901294146973,0.11664898344344589,0.21490440601052654,test_021,1,0.390625,micro,6496,0.0001539408866995074,0.9707979626485569,0.09961922466754913,-0.0654495432972908,0.06319158524274826,2.6121954917907715,1.0,0.3886325584092309,False
7,0.0023308241874378664,0.05447657778597234,0.11388656139034722,test_021,0,0.0,ITC,6496,0.0,,,-0.0654495432972908,0.06319158524274826,,,,
8,0.0009243350112590332,0.034305974536780366,0.045570042045594825,test_021,0,0.0,ITC,6496,0.0,,,-0.0654495432972908,0.06319158524274826,,,,
9,0.02956633809061377,0.19402327399046482,0.22320867610056647,test_021,1,0.421875,micro,6496,0.0001539408866995074,0.9935483870967742,0.19770537316799164,-0.0654495432972908,0.06319158524274826,4.164398193359375,1.0,0.9877165463827539,False
10,0.0019482239298652955,0.049805177938682624,0.055360891923456355,test_021,0,0.0,ITC,6496,0.0,,,-0.0654495432972908,0.06319158524274826,,,,
11,0.011077334983265625,0.11876068773366048,0.21353089402923875,test_021,1,0.375,micro,6496,0.0001539408866995074,0.999660441426146,0.3253110349178314,-0.0654495432972908,0.06319158524274826,6.183743953704834,1.0,2.1778643599449343,True
12,0.006475660800692872,0.0908023535473257,0.14489970288813328,test_021,1,0.078125,ITC,6496,0.0001539408866995074,0.9976230899830221,0.24144332110881805,-0.0654495432972908,0.06319158524274826,4.856546401977539,1.0,1.343330624123773,True
13,0.005248834770016296,0.08174976448263103,0.12565618136854728,test_021,0,0.0,ITC,6496,0.0,,,-0.0654495432972908,0.06319158524274826,,,,
14,0.010537278004702881,0.11582952581037247,0.22235509094890196,test_021,0,0.0,micro,6496,0.0,,,-0.0654495432972908,0.06319158524274826,,,,
15,0.08404187736454541,0.3271168624120777,0.7839311912637805,test_021,3,0.5,micro,6496,0.00046182266009852215,0.9830220713073005,0.1542738676071167,-0.0654495432972908,0.06319158524274826,3.4770991802215576,0.8748582342320212,0.688592023493458,True
16,0.0031886540334607545,0.06371750473677945,0.08130934496078826,test_021,0,0.0,ITC,6496,0.0,,,-0.0654495432972908,0.06319158524274826,,,,
17,0.0021892786707266238,0.052796554603632695,0.07233639784214008,test_021,0,0.0,ITC,6496,0.0,,,-0.0654495432972908,0.06319158524274826,,,,
18,0.0006456667673984985,0.028672085047535146,0.04026926636199289,test_021,0,0.0,ITC,6496,0.0,,,-0.0654495432972908,0.06319158524274826,,,,
19,0.00038035749638915635,0.022006503710020265,0.02742780085971167,test_021,0,0.0,ITC,6496,0.0,,,-0.0654495432972908,0.06319158524274826,,,,
20,0.0025530776941725085,0.05701473038611779,0.12482987834724757,test_021,1,0.16493451595306396,ITC,6496,0.0001539408866995074,0.9884550084889644,0.16184130311012268,-0.0654495432972908,0.06319158524274826,3.596853017807007,1.0,0.7368400318532221,False
21,0.0002188679735951958,0.016693452580501575,0.021326580850656866,test_021,0,0.0,ITC,6496,0.0,,,-0.0654495432972908,0.06319158524274826,,,,
22,0.0004006455489889755,0.022585786601198827,0.03259655294935136,test_021,1,0.025882598012685776,ITC,6496,0.0001539408866995074,0.8743633276740238,-0.004247128963470459,-0.0654495432972908,0.06319158524274826,0.9685215950012207,1.0,0.05342523578632816,False
23,0.0004239259001580734,0.023232718741436818,0.02758781353398076,test_021,0,0.0,ITC,6496,0.0,,,-0.0654495432972908,0.06319158524274826,,,,
24,0.00021548885884490205,0.016564085743897332,0.01977432106694161,test_021,0,0.0,ITC,6496,0.0,,,-0.0654495432972908,0.06319158524274826,,,,
0,16.628833635287975,4.601357252732157,5.948710825435602,test_026,319,1.0,macro,5748,0.055497564370215725,0.8137892441579994,-0.030020764097571373,-0.093656525015831,0.05552325397729874,1.1461100578308105,0.3340126289487915,0.07587084796332798,True
1,0.00025078780160520174,0.017869329767535753,0.020292570787475872,test_026,0,0.0,ITC,5748,0.0,,,-0.093656525015831,0.05552325397729874,,,,
2,0.00018341074782052375,0.015281551526417053,0.01953545951440086,test_026,0,0.0,ITC,5748,0.0,,,-0.093656525015831,0.05552325397729874,,,,
3,0.0013965719452949724,0.04216836050663188,0.05989617294813072,test_026,0,0.0,ITC,5748,0.0,,,-0.093656525015831,0.05552325397729874,,,,
4,0.000612890506281169,0.02793486046483746,0.03824055798428912,test_026,0,0.0,ITC,5748,0.0,,,-0.093656525015831,0.05552325397729874,,,,
5,0.001190886349930235,0.03893948630909879,0.05529418728898623,test_026,0,0.0,ITC,5748,0.0,,,-0.093656525015831,0.05552325397729874,,,,
6,0.002266754588808409,0.053722635645328864,0.06991653650220109,test_026,0,0.0,ITC,5748,0.0,,,-0.093656525015831,0.05552325397729874,,,,
7,0.0006104408382635766,0.027878978012087663,0.04632065882801087,test_026,0,0.0,ITC,5748,0.0,,,-0.093656525015831,0.05552325397729874,,,,
8,0.000743532956006836,0.03076841826291585,0.040701324013308636,test_026,0,0.0,ITC,5748,0.0,,,-0.093656525015831,0.05552325397729874,,,,
9,0.0006141427572848339,0.027963383999218324,0.05896274536271749,test_026,0,0.0,ITC,5748,0.0,,,-0.093656525015831,0.05552325397729874,,,,
10,0.0008661479955836964,0.03320864163994455,0.042163504132083175,test_026,0,0.0,ITC,5748,0.0,,,-0.093656525015831,0.05552325397729874,,,,
11,0.0011046010397327871,0.03750228959601482,0.05866235917732938,test_026,0,0.0,ITC,5748,0.0,,,-0.093656525015831,0.05552325397729874,,,,
12,0.00121913466827324,0.03939861000090072,0.04992736359483207,test_026,0,0.0,ITC,5748,0.0,,,-0.093656525015831,0.05552325397729874,,,,
13,0.0014396657953570004,0.04281400964463774,0.06091132768029601,test_026,0,0.0,ITC,5748,0.0,,,-0.093656525015831,0.05552325397729874,,,,
14,0.0018687566146452829,0.04877883579229607,0.06356841785274138,test_026,0,0.0,ITC,5748,0.0,,,-0.093656525015831,0.05552325397729874,,,,
15,0.0011284123139864903,0.037904342507603404,0.0576825768253303,test_026,0,0.0,ITC,5748,0.0,,,-0.093656525015831,0.05552325397729874,,,,
16,0.0007774748408228988,0.03146286243132355,0.0552838476248739,test_026,0,0.0,ITC,5748,0.0,,,-0.093656525015831,0.05552325397729874,,,,
17,0.0006262856571867514,0.028238478447512386,0.05954454657858847,test_026,0,0.0,ITC,5748,0.0,,,-0.093656525015831,0.05552325397729874,,,,
18,0.0016394293241662275,0.045687922324470866,0.08565784468015758,test_026,1,0.10591079294681549,ITC,5748,0.00017397355601948505,0.8802462227196418,-0.0320490300655365,-0.093656525015831,0.05552325397729874,1.1095800399780273,1.0,0.07111145452024632,False
19,0.0014219136321718914,0.042549226381677734,0.057531715300221595,test_026,0,0.0,ITC,5748,0.0,,,-0.093656525015831,0.05552325397729874,,,,
20,0.001811295678398123,0.04802304951733484,0.06279732138349992,test_026,0,0.0,ITC,5748,0.0,,,-0.093656525015831,0.05552325397729874,,,,
21,0.0020742757432622794,0.05139114615385082,0.07048657055175817,test_026,0,0.0,ITC,5748,0.0,,,-0.093656525015831,0.05552325397729874,,,,
22,0.0014995166749158899,0.04369489590893532,0.07753162414400756,test_026,0,0.0,ITC,5748,0.0,,,-0.093656525015831,0.05552325397729874,,,,
23,0.002829222477292597,0.06001897982257376,0.08030714470547363,test_026,0,0.0,ITC,5748,0.0,,,-0.093656525015831,0.05552325397729874,,,,
24,0.0012294000265456724,0.0395641343908395,0.06382751130116696,test_026,0,0.0,ITC,5748,0.0,,,-0.093656525015831,0.05552325397729874,,,,
25,0.0005930328578179607,0.02747858959082749,0.03729900727802651,test_026,0,0.0,ITC,5748,0.0,,,-0.093656525015831,0.05552325397729874,,,,
26,0.0008098344287842226,0.03211095170523733,0.03815915056107788,test_026,0,0.0,ITC,5748,0.0,,,-0.093656525015831,0.05552325397729874,,,,
27,0.00027575762883273123,0.01873780984512957,0.023172714844651075,test_026,0,0.0,ITC,5748,0.0,,,-0.093656525015831,0.05552325397729874,,,,
28,0.0033112143824783995,0.06493049432175393,0.09277695241741107,test_026,0,0.0,ITC,5748,0.0,,,-0.093656525015831,0.05552325397729874,,,,
29,0.0035811152714172994,0.06752494041332803,0.11956460044897535,test_026,1,0.23134803771972656,ITC,5748,0.00017397355601948505,0.9259466517440776,-0.00556635856628418,-0.093656525015831,0.05552325397729874,1.586545467376709,1.0,0.14538758939699303,False
30,0.0014071421010852184,0.042327638348523815,0.05930531212025684,test_026,1,0.09090451896190643,ITC,5748,0.00017397355601948505,0.7983585152023877,-0.059805452823638916,-0.093656525015831,0.05552325397729874,0.609673798084259,1.0,0.02146927366900932,False
31,0.0021725978427632074,0.052595032923389476,0.06600458268149509,test_026,0,0.0,ITC,5748,0.0,,,-0.093656525015831,0.05552325397729874,,,,
32,0.006355662443586588,0.08995710508994029,0.11040208518504802,test_026,0,0.0,ITC,5748,0.0,,,-0.093656525015831,0.05552325397729874,,,,
33,0.000868522512990655,0.033254130706311676,0.047952919246320065,test_026,0,0.0,ITC,5748,0.0,,,-0.093656525015831,0.05552325397729874,,,,
34,0.0015824092182213593,0.04488636755845686,0.063912620876091,test_026,0,0.0,ITC,5748,0.0,,,-0.093656525015831,0.05552325397729874,,,,
35,0.0009033026171805683,0.033913428211507425,0.04560218510692605,test_026,0,0.0,ITC,5748,0.0,,,-0.093656525015831,0.05552325397729874,,,,
36,0.004318991639389452,0.07415599064574083,0.12054295250879396,test_026,0,0.0,ITC,5748,0.0,,,-0.093656525015831,0.05552325397729874,,,,
37,0.0015127630414047233,0.04388746661782074,0.07625978042774323,test_026,0,0.0,ITC,5748,0.0,,,-0.093656525015831,0.05552325397729874,,,,
38,0.005795998039975582,0.08590514481510642,0.11313375942030801,test_026,0,0.0,ITC,5748,0.0,,,-0.093656525015831,0.05552325397729874,,,,
39,0.0016565699628457546,0.045926140544527295,0.08969687253915976,test_026,0,0.0,ITC,5748,0.0,,,-0.093656525015831,0.05552325397729874,,,,
40,0.0004986226735881987,0.025196549484285895,0.03163645794661679,test_026,0,0.0,ITC,5748,0.0,,,-0.093656525015831,0.05552325397729874,,,,
41,0.003324727620909668,0.06506285178514269,0.08943387096063203,test_026,1,0.21478483080863953,ITC,5748,0.00017397355601948505,0.8653236336504384,-0.03821808099746704,-0.093656525015831,0.05552325397729874,0.9984725117683411,1.0,0.05758303041180307,False
42,0.004825991788432011,0.07838777702932267,0.13316798783662942,test_026,0,0.0,ITC,5748,0.0,,,-0.093656525015831,0.05552325397729874,,,,
43,0.0010975033936433372,0.03738160939911146,0.05134786917232334,test_026,0,0.0,ITC,5748,0.0,,,-0.093656525015831,0.05552325397729874,,,,
44,0.006475878873652314,0.09080388245471187,0.1700730943006565,test_026,1,0.15625,ITC,5748,0.00017397355601948505,0.9522477149785488,0.020345538854599,-0.093656525015831,0.05552325397729874,2.0532310009002686,1.0,0.24349941164432773,False
45,0.00042333958704408647,0.023216647110993104,0.032412730054078576,test_026,0,0.0,ITC,5748,0.0,,,-0.093656525015831,0.05552325397729874,,,,
46,0.011097719120912545,0.11886990721418689,0.23487676364434726,test_026,1,0.171875,micro,5748,0.00017397355601948505,0.9483305353478828,0.015717044472694397,-0.093656525015831,0.05552325397729874,1.969869613647461,1.0,0.2241285866369416,False
47,0.0022141947287966654,0.053096141935625264,0.08044723193833679,test_026,0,0.0,ITC,5748,0.0,,,-0.093656525015831,0.05552325397729874,,,,
48,0.0015990034351544495,0.04512110820675854,0.06330538016007899,test_026,0,0.0,ITC,5748,0.0,,,-0.093656525015831,0.05552325397729874,,,,
49,0.008554099421530889,0.10436195500798799,0.18226457065700102,test_026,0,0.0,ITC,5748,0.0,,,-0.093656525015831,0.05552325397729874,,,,
50,0.0014576929069688245,0.04308122854832092,0.0537603550216007,test_026,0,0.0,ITC,5748,0.0,,,-0.093656525015831,0.05552325397729874,,,,
51,0.0007385016447448482,0.030664140260915507,0.03359370857300403,test_026,0,0.0,ITC,5748,0.0,,,-0.093656525015831,0.05552325397729874,,,,
52,0.0007971953469846053,0.03185938857950148,0.03478589405198782,test_026,0,0.0,ITC,5748,0.0,,,-0.093656525015831,0.05552325397729874,,,,
53,0.004348719394292201,0.07441076200234463,0.11928924694554259,test_026,0,0.0,ITC,5748,0.0,,,-0.093656525015831,0.05552325397729874,,,,
54,0.0008558424829596005,0.03301049065628218,0.043038656590145295,test_026,0,0.0,ITC,5748,0.0,,,-0.093656525015831,0.05552325397729874,,,,
55,0.0008866301674010868,0.0335989968702969,0.052935040666464775,test_026,0,0.0,ITC,5748,0.0,,,-0.093656525015831,0.05552325397729874,,,,
56,0.00032340969843316984,0.02029231423953378,0.031820919764062996,test_026,0,0.0,ITC,5748,0.0,,,-0.093656525015831,0.05552325397729874,,,,
57,0.000495943078475534,0.025128755230865375,0.03079852940074696,test_026,0,0.0,ITC,5748,0.0,,,-0.093656525015831,0.05552325397729874,,,,
58,0.0011880568502405434,0.038893199445658375,0.05218689140857629,test_026,0,0.0,ITC,5748,0.0,,,-0.093656525015831,0.05552325397729874,,,,
59,0.004083062874103549,0.07210212975320943,0.11123034381050215,test_026,0,0.0,ITC,5748,0.0,,,-0.093656525015831,0.05552325397729874,,,,
60,0.0021550013091841277,0.05238160827818556,0.05780811532165455,test_026,0,0.0,ITC,5748,0.0,,,-0.093656525015831,0.05552325397729874,,,,
61,0.0007413199225307393,0.0307225949533262,0.03657356561940233,test_026,0,0.0,ITC,5748,0.0,,,-0.093656525015831,0.05552325397729874,,,,
62,0.0017271861847788191,0.046894794504088046,0.07192231646629849,test_026,0,0.0,ITC,5748,0.0,,,-0.093656525015831,0.05552325397729874,,,,
63,0.001143425511480609,0.03815566245888205,0.06367331618074817,test_026,1,0.07386784255504608,ITC,5748,0.00017397355601948505,0.8237269166200336,-0.05230778455734253,-0.093656525015831,0.05552325397729874,0.7447103261947632,1.0,0.0320329578381048,False
64,0.00939911581644643,0.1093952738606441,0.21467005759864677,test_026,0,0.0,micro,5748,0.0,,,-0.093656525015831,0.05552325397729874,,,,
65,0.0014208950168179664,0.04253398317028125,0.060909951623365495,test_026,1,0.091792993247509,ITC,5748,0.00017397355601948505,0.4346204066405521,-0.11137442290782928,-0.093656525015831,0.05552325397729874,-0.31910771131515503,1.0,0.00588161900574536,False
66,0.0006602746349678794,0.028994616321425578,0.036384587980144836,test_026,0,0.0,ITC,5748,0.0,,,-0.093656525015831,0.05552325397729874,,,,
67,0.0006520264651700006,0.0288129463899187,0.042857402080835084,test_026,0,0.0,ITC,5748,0.0,,,-0.093656525015831,0.05552325397729874,,,,
68,0.0016636346667116832,0.046023965992183,0.07022248785849058,test_026,0,0.0,ITC,5748,0.0,,,-0.093656525015831,0.05552325397729874,,,,
69,0.0005130167978908724,0.025557646100297763,0.0369750206654314,test_026,0,0.0,ITC,5748,0.0,,,-0.093656525015831,0.05552325397729874,,,,
70,0.011859201545709663,0.12288044749667015,0.19340243739755486,test_026,1,0.40625,ITC,5748,0.00017397355601948505,0.5642603991792576,-0.09801843762397766,-0.093656525015831,0.05552325397729874,-0.07856010645627975,1.0,0.00035647281609195273,False
71,0.0004434994364934154,0.0237630179188414,0.026866657604087255,test_026,0,0.0,ITC,5748,0.0,,,-0.093656525015831,0.05552325397729874,,,,
72,0.001400509919307189,0.042227770626162175,0.07685034574673666,test_026,0,0.0,ITC,5748,0.0,,,-0.093656525015831,0.05552325397729874,,,,
73,0.0023899616051746846,0.05516333588632158,0.12619624078869138,test_026,0,0.0,ITC,5748,0.0,,,-0.093656525015831,0.05552325397729874,,,,
74,0.00039623025371403266,0.022460989022061183,0.03149681007029317,test_026,0,0.0,ITC,5748,0.0,,,-0.093656525015831,0.05552325397729874,,,,
75,0.0049059919065380635,0.07903482081687108,0.12337369098381762,test_026,0,0.0,ITC,5748,0.0,,,-0.093656525015831,0.05552325397729874,,,,
76,0.0013442238738796835,0.04137050873751379,0.05561194220299885,test_026,0,0.0,ITC,5748,0.0,,,-0.093656525015831,0.05552325397729874,,,,
77,0.0006231357687379961,0.028167376563964237,0.042657868392995305,test_026,0,0.0,ITC,5748,0.0,,,-0.093656525015831,0.05552325397729874,,,,
78,0.0024619108239202422,0.05598751840032543,0.07472486355058482,test_026,0,0.0,ITC,5748,0.0,,,-0.093656525015831,0.05552325397729874,,,,
79,0.004648995716422698,0.07693689095260971,0.12612682839121195,test_026,1,0.30033549666404724,ITC,5748,0.00017397355601948505,0.8653236336504384,-0.03820672631263733,-0.093656525015831,0.05552325397729874,0.9986770153045654,1.0,0.05760662072432345,False
80,0.0013229750382161409,0.041042223811025444,0.05305197285911376,test_026,0,0.0,ITC,5748,0.0,,,-0.093656525015831,0.05552325397729874,,,,
81,0.013507632729927933,0.13114286922095011,0.22916119763664225,test_026,1,0.1875,micro,5748,0.00017397355601948505,0.8194366722626376,-0.0535011887550354,-0.093656525015831,0.05552325397729874,0.7232165336608887,1.0,0.030210574398516005,False
82,0.003387540433608121,0.06567457985750011,0.11571285165684118,test_026,0,0.0,ITC,5748,0.0,,,-0.093656525015831,0.05552325397729874,,,,
83,0.004477013805732347,0.07550040410344631,0.1536001866846558,test_026,0,0.0,ITC,5748,0.0,,,-0.093656525015831,0.05552325397729874,,,,
84,0.01795797123742148,0.15121110780197886,0.24190346237147395,test_026,1,0.328125,micro,5748,0.00017397355601948505,0.9714605484051483,0.04546472430229187,-0.093656525015831,0.05552325397729874,2.5056393146514893,1.0,0.3626263844393934,False
85,0.0007652054034116292,0.03121361528994534,0.046602429308439684,test_026,0,0.0,ITC,5748,0.0,,,-0.093656525015831,0.05552325397729874,,,,
86,0.0006149704588146014,0.027982221266487712,0.041912032721130976,test_026,0,0.0,ITC,5748,0.0,,,-0.093656525015831,0.05552325397729874,,,,
87,0.0009102825219598203,0.03404420220596302,0.040800200933189694,test_026,1,0.05880628526210785,ITC,5748,0.00017397355601948505,0.8205558664428279,-0.05301055312156677,-0.093656525015831,0.05552325397729874,0.7320531010627747,1.0,0.030953335843498665,False
88,0.0038320837656903276,0.06985098846268792,0.10039672263201624,test_026,0,0.0,ITC,5748,0.0,,,-0.093656525015831,0.05552325397729874,,,,
89,0.0008081751187493506,0.032078037974020625,0.06040028843060272,test_026,0,0.0,ITC,5748,0.0,,,-0.093656525015831,0.05552325397729874,,,,
90,0.012463851121830249,0.1259740772064078,0.20902273136320798,test_026,0,0.0,micro,5748,0.0,,,-0.093656525015831,0.05552325397729874,,,,
91,0.0005270843718490355,0.025905687901503122,0.030351891982917555,test_026,0,0.0,ITC,5748,0.0,,,-0.093656525015831,0.05552325397729874,,,,
92,0.0012016932980806016,0.03911576955346068,0.05928492230295332,test_026,0,0.0,ITC,5748,0.0,,,-0.093656525015831,0.05552325397729874,,,,
93,0.0014837492349291258,0.04346456258128346,0.07394975029047579,test_026,0,0.0,ITC,5748,0.0,,,-0.093656525015831,0.05552325397729874,,,,
94,0.0005829055834653096,0.02724295211086631,0.03785682592273426,test_026,0,0.0,ITC,5748,0.0,,,-0.093656525015831,0.05552325397729874,,,,
95,0.0014912495480461437,0.043574280207948235,0.07527434526498838,test_026,1,0.09633804857730865,ITC,5748,0.00017397355601948505,0.2348442454765902,-0.13125327229499817,-0.093656525015831,0.05552325397729874,-0.677135169506073,1.0,0.026483356856139135,False
96,0.00039930292988622383,0.022547910782592523,0.0379224778551563,test_026,0,0.0,ITC,5748,0.0,,,-0.093656525015831,0.05552325397729874,,,,
97,0.004714559798245148,0.07747750622693242,0.0977483306990718,test_026,0,0.0,ITC,5748,0.0,,,-0.093656525015831,0.05552325397729874,,,,
98,0.0007204101495256191,0.030286212883168306,0.04394567654894835,test_026,1,0.04654010385274887,ITC,5748,0.00017397355601948505,0.6985637008020892,-0.0803176611661911,-0.093656525015831,0.05552325397729874,0.2402392327785492,1.0,0.003333574419972744,False
99,0.00025260745432124666,0.017934040262492235,0.022183596467391285,test_026,0,0.0,ITC,5748,0.0,,,-0.093656525015831,0.05552325397729874,,,,
100,0.003348061044750704,0.06529076290229667,0.07625199616266512,test_026,0,0.0,ITC,5748,0.0,,,-0.093656525015831,0.05552325397729874,,,,
101,0.014595287931198098,0.13632056983741406,0.27628023288553977,test_026,1,0.359375,micro,5748,0.00017397355601948505,0.4689423614997202,-0.10807587206363678,-0.093656525015831,0.05552325397729874,-0.2596992552280426,1.0,0.003895504395663976,False
102,0.006246704618190411,0.08918268522622426,0.1574884218564478,test_026,1,0.125,ITC,5748,0.00017397355601948505,0.8151464279052416,-0.05462023615837097,-0.093656525015831,0.05552325397729874,0.7030619978904724,1.0,0.028550225207322758,False
103,0.00027809106474232007,0.01881692165757801,0.02439942659162301,test_026,0,0.0,ITC,5748,0.0,,,-0.093656525015831,0.05552325397729874,,,,
104,0.009080134407012275,0.10752295661168547,0.17123334289357592,test_026,0,0.0,ITC,5748,0.0,,,-0.093656525015831,0.05552325397729874,,,,
105,0.007676592646968361,0.09886425707475525,0.15340387245926806,test_026,1,0.046875,ITC,5748,0.00017397355601948505,0.17925760119380713,-0.13692088425159454,-0.093656525015831,0.05552325397729874,-0.7792115211486816,1.0,0.03506977834112257,False
106,0.010815368959127027,0.11734800999446776,0.19278366081695747,test_026,1,0.25,ITC,5748,0.00017397355601948505,0.7073307218802463,-0.07866626977920532,-0.093656525015831,0.05552325397729874,0.2699815630912781,1.0,0.004210081520840359,False
107,0.002735374874141258,0.059015146017201536,0.07201120961356003,test_026,0,0.0,ITC,5748,0.0,,,-0.093656525015831,0.05552325397729874,,,,
108,0.01685333005826011,0.14648660788840234,0.24579843970594417,test_026,1,0.125,micro,5748,0.00017397355601948505,0.44450662189889945,-0.11036509275436401,-0.093656525015831,0.05552325397729874,-0.3009291887283325,1.0,0.0052305928894946134,False
109,0.008903563745651282,0.10647238820479955,0.18391886664874438,test_026,0,0.0,ITC,5748,0.0,,,-0.093656525015831,0.05552325397729874,,,,
110,0.0060849007012110275,0.08802008974415217,0.17939938899352473,test_026,0,0.0,ITC,5748,0.0,,,-0.093656525015831,0.05552325397729874,,,,
111,0.0011488113512602286,0.038245418573538456,0.055679268726604905,test_026,0,0.0,ITC,5748,0.0,,,-0.093656525015831,0.05552325397729874,,,,
112,0.0024751323491098995,0.056137655680834786,0.14039453208791228,test_026,0,0.0,ITC,5748,0.0,,,-0.093656525015831,0.05552325397729874,,,,
113,0.00944355962281167,0.10965360712182749,0.2754842542499577,test_026,1,0.125,micro,5748,0.00017397355601948505,0.8392091027793322,-0.047415852546691895,-0.093656525015831,0.05552325397729874,0.8328163027763367,1.0,0.04006090228908531,False
114,0.001474330815558848,0.04332639260763777,0.057335245613847556,test_026,0,0.0,ITC,5748,0.0,,,-0.093656525015831,0.05552325397729874,,,,
115,0.003972167125362248,0.0711162447146094,0.11420457189228003,test_026,1,0.2566108703613281,ITC,5748,0.00017397355601948505,0.9356463346390599,0.0014129281044006348,-0.093656525015831,0.05552325397729874,1.7122457027435303,1.0,0.16933801331418533,False
116,0.0006699095373981386,0.029205398720280287,0.04433575647250068,test_026,0,0.0,ITC,5748,0.0,,,-0.093656525015831,0.05552325397729874,,,,
117,0.0052643128814698565,0.08187021031209174,0.19023683614797468,test_026,0,0.0,ITC,5748,0.0,,,-0.093656525015831,0.05552325397729874,,,,
118,0.0004390946632860689,0.02364471799743008,0.03664906897772095,test_026,0,0.0,ITC,5748,0.0,,,-0.093656525015831,0.05552325397729874,,,,
119,0.0019039664951605883,0.049236220747426084,0.08192079024644654,test_026,1,0.12300048768520355,ITC,5748,0.00017397355601948505,0.8914381645215445,-0.0259627103805542,-0.093656525015831,0.05552325397729874,1.2191975116729736,1.0,0.08585595545821663,False
120,0.0014991691053971516,0.04368983164578333,0.06489816226865977,test_026,0,0.0,ITC,5748,0.0,,,-0.093656525015831,0.05552325397729874,,,,
121,0.0005214407967272529,0.025766626527959535,0.04276400130340366,test_026,0,0.0,ITC,5748,0.0,,,-0.093656525015831,0.05552325397729874,,,,
122,0.001422039598014599,0.042551111035688385,0.06484920067208529,test_026,0,0.0,ITC,5748,0.0,,,-0.093656525015831,0.05552325397729874,,,,
123,0.0018094935183491521,0.04799915315403078,0.08798054681792346,test_026,1,0.11689732223749161,ITC,5748,0.00017397355601948505,0.953180376795374,0.021493256092071533,-0.093656525015831,0.05552325397729874,2.073901891708374,1.0,0.2484269491274022,False
124,0.017164807668883317,0.14783406881296213,0.2388979885811856,test_026,1,0.265625,micro,5748,0.00017397355601948505,0.8972206677858608,-0.023076802492141724,-0.093656525015831,0.05552325397729874,1.2711740732192993,1.0,0.09333238058985571,False
125,0.007515862797880285,0.09782378916738525,0.18399608950877067,test_026,0,0.0,ITC,5748,0.0,,,-0.093656525015831,0.05552325397729874,,,,
126,0.00026494983378341677,0.018366943287984928,0.023935660948646235,test_026,0,0.0,ITC,5748,0.0,,,-0.093656525015831,0.05552325397729874,,,,
127,0.0007821757222882691,0.03155783675332029,0.03732028790235456,test_026,1,0.05053029954433441,ITC,5748,0.00017397355601948505,0.6851333706398061,-0.08233338594436646,-0.093656525015831,0.05552325397729874,0.20393507182598114,1.0,0.002402183230279133,False
128,0.0006532438570662604,0.028839832023992217,0.036961845199108785,test_026,0,0.0,ITC,5748,0.0,,,-0.093656525015831,0.05552325397729874,,,,
129,0.007570660558881243,0.09817975556770554,0.2198416700935311,test_026,0,0.0,micro,5748,0.0,,,-0.093656525015831,0.05552325397729874,,,,
130,0.0004814887464659815,0.024759856872475058,0.03753493013576897,test_026,0,0.0,ITC,5748,0.0,,,-0.093656525015831,0.05552325397729874,,,,
131,0.0011692334320804996,0.03858385987367396,0.05807916743862367,test_026,0,0.0,ITC,5748,0.0,,,-0.093656525015831,0.05552325397729874,,,,
132,0.0026199756931110665,0.05775687542374437,0.08663804036580076,test_026,0,0.0,ITC,5748,0.0,,,-0.093656525015831,0.05552325397729874,,,,
133,0.00036206429925313,0.021470784418504855,0.0264276735731453,test_026,0,0.0,ITC,5748,0.0,,,-0.093656525015831,0.05552325397729874,,,,
134,0.001200422698078401,0.03909508472418367,0.04757964602795287,test_026,0,0.0,ITC,5748,0.0,,,-0.093656525015831,0.05552325397729874,,,,
135,0.003218833255500335,0.06401832385193826,0.08775533716527638,test_026,0,0.0,ITC,5748,0.0,,,-0.093656525015831,0.05552325397729874,,,,
136,0.017676299638621447,0.15002054427471156,0.29027066962599735,test_026,2,0.109375,micro,5748,0.0003479471120389701,0.8319343406080955,-0.048570141196250916,-0.093656525015831,0.05552325397729874,0.8120270371437073,0.919928540042725,0.0380858164303198,False
137,0.0007382570283539343,0.030659061346996544,0.04510837787361403,test_026,0,0.0,ITC,5748,0.0,,,-0.093656525015831,0.05552325397729874,,,,
138,0.0030762326616732903,0.06258419188300139,0.11037551251396657,test_026,0,0.0,ITC,5748,0.0,,,-0.093656525015831,0.05552325397729874,,,,
139,0.0006480558384983554,0.0287250817365697,0.052816254764025676,test_026,1,0.04186585545539856,ITC,5748,0.00017397355601948505,0.9725797425853385,0.048110440373420715,-0.093656525015831,0.05552325397729874,2.5532898902893066,1.0,0.3765499044653479,False
140,0.0003846979380087068,0.02213171090202386,0.0271731385423668,test_026,0,0.0,ITC,5748,0.0,,,-0.093656525015831,0.05552325397729874,,,,
141,0.0006487693104568591,0.028740889712815725,0.03980800350191923,test_026,0,0.0,ITC,5748,0.0,,,-0.093656525015831,0.05552325397729874,,,,
142,0.004321857077463215,0.07418058598932543,0.1755097733919566,test_026,1,0.1875,ITC,5748,0.00017397355601948505,0.8393956351426972,-0.047377318143844604,-0.093656525015831,0.05552325397729874,0.8335103392601013,1.0,0.04012770048440695,False
143,0.009187144390282414,0.10815468339789722,0.26847539683204646,test_026,0,0.0,micro,5748,0.0,,,-0.093656525015831,0.05552325397729874,,,,
144,0.012747888714367344,0.1274013972569202,0.27925463643527126,test_026,1,0.390625,micro,5748,0.00017397355601948505,0.9630665920537214,0.03341174125671387,-0.093656525015831,0.05552325397729874,2.2885594367980957,1.0,0.3025148390238194,False
145,0.0016077945168744908,0.045244972744968776,0.058561365122082626,test_026,0,0.0,ITC,5748,0.0,,,-0.093656525015831,0.05552325397729874,,,,
146,0.0026792262775860286,0.058406308271591004,0.06469297756959298,test_026,1,0.17308400571346283,ITC,5748,0.00017397355601948505,0.42286886774855437,-0.11265578866004944,-0.093656525015831,0.05552325397729874,-0.34218570590019226,1.0,0.0067631032562035735,False
147,0.0010043923782191177,0.03576076193790027,0.04170376888472871,test_026,0,0.0,ITC,5748,0.0,,,-0.093656525015831,0.05552325397729874,,,,
148,0.04822622945041546,0.24779738180566088,0.4729683475176764,test_026,2,0.3984375,micro,5748,0.0003479471120389701,0.8060063421003544,-0.025820530951023102,-0.093656525015831,0.05552325397729874,1.221758246421814,0.919928540042725,0.08621698836935845,False
149,0.004229619900949797,0.0733847349050748,0.09072050749443698,test_026,0,0.0,ITC,5748,0.0,,,-0.093656525015831,0.05552325397729874,,,,
150,0.0003323198895298569,0.020569949558796555,0.033539695436623,test_026,1,0.02146860770881176,ITC,5748,0.00017397355601948505,0.884909531803768,-0.030007392168045044,-0.093656525015831,0.05552325397729874,1.1463508605957031,1.0,0.0759027329103864,False
151,0.005273314140431443,0.08194017387953498,0.17606888638961607,test_026,0,0.0,ITC,5748,0.0,,,-0.093656525015831,0.05552325397729874,,,,
152,0.000607132537870657,0.027803329946471146,0.036553607917610934,test_026,0,0.0,ITC,5748,0.0,,,-0.093656525015831,0.05552325397729874,,,,
153,0.005657083630498023,0.08486944436146641,0.11067830771087594,test_026,1,0.36546024680137634,ITC,5748,0.00017397355601948505,0.9542995709755643,0.022392138838768005,-0.093656525015831,0.05552325397729874,2.0900912284851074,1.0,0.25232063894338796,False
154,0.0017836448208516926,0.04765508492984185,0.06685329186481553,test_026,0,0.0,ITC,5748,0.0,,,-0.093656525015831,0.05552325397729874,,,,
155,0.0038305175358697243,0.06983671243315241,0.09094334020448408,test_026,0,0.0,ITC,5748,0.0,,,-0.093656525015831,0.05552325397729874,,,,
156,0.0056511338638877626,0.08482480243474733,0.1442844408057593,test_026,0,0.0,ITC,5748,0.0,,,-0.093656525015831,0.05552325397729874,,,,
157,0.0008097033310064493,0.032108352504312584,0.048446524590155665,test_026,0,0.0,ITC,5748,0.0,,,-0.093656525015831,0.05552325397729874,,,,
158,0.025441418560175354,0.17998061058062445,0.3160256581222003,test_026,2,0.2265625,micro,5748,0.0003479471120389701,0.6815892557358701,-0.08215685933828354,-0.093656525015831,0.05552325397729874,0.20711439847946167,0.919928540042725,0.0024776666442496596,False
159,0.009763625643491237,0.1114963419547177,0.2046374850904847,test_026,0,0.0,micro,5748,0.0,,,-0.093656525015831,0.05552325397729874,,,,
160,0.0020214747834133616,0.05073284570105289,0.06771637803696688,test_026,0,0.0,ITC,5748,0.0,,,-0.093656525015831,0.05552325397729874,,,,
161,0.020271610069645077,0.160656825488753,0.49986317256174945,test_026,2,0.28125,micro,5748,0.0003479471120389701,0.968009699682895,0.039643533527851105,-0.093656525015831,0.05552325397729874,2.400797128677368,0.919928540042725,0.3329148873498068,False
162,0.003759092959027498,0.06918255421541855,0.11569892485531137,test_026,1,0.2428458034992218,ITC,5748,0.00017397355601948505,0.9705278865883231,0.04321935772895813,-0.093656525015831,0.05552325397729874,2.4651992321014404,1.0,0.3510155353253424,False
163,0.0011361121352147126,0.03803344446416698,0.04678967840793459,test_026,0,0.0,ITC,5748,0.0,,,-0.093656525015831,0.05552325397729874,,,,
164,0.010094570216362965,0.1133702164881902,0.1641910512760016,test_026,1,0.515625,ITC,5748,0.00017397355601948505,0.8901324379779891,-0.02693074941635132,-0.093656525015831,0.05552325397729874,1.2017626762390137,1.0,0.08341798863916797,False
165,0.0009526353221526075,0.03482718713700866,0.04277097907635416,test_026,0,0.0,ITC,5748,0.0,,,-0.093656525015831,0.05552325397729874,,,,
166,0.0017692907789601674,0.047462943291660335,0.07291591265769276,test_026,0,0.0,ITC,5748,0.0,,,-0.093656525015831,0.05552325397729874,,,,
167,0.007206670016775896,0.09579048622497063,0.16557064301300434,test_026,0,0.0,ITC,5748,0.0,,,-0.093656525015831,0.05552325397729874,,,,
168,0.0034090428240815137,0.06588268462438533,0.1291526720239758,test_026,1,0.140625,ITC,5748,0.00017397355601948505,0.923335198656967,-0.007740110158920288,-0.093656525015831,0.05552325397729874,1.54739511013031,1.0,0.13830081222813817,False
169,0.0012460739122634654,0.0398315274720503,0.05571457748422985,test_026,0,0.0,ITC,5748,0.0,,,-0.093656525015831,0.05552325397729874,,,,
170,0.0009000461852795449,0.033852243576843584,0.04627006884277378,test_026,0,0.0,ITC,5748,0.0,,,-0.093656525015831,0.05552325397729874,,,,
171,0.0009773882088573189,0.03527675322468054,0.04496115593756988,test_026,0,0.0,ITC,5748,0.0,,,-0.093656525015831,0.05552325397729874,,,,
172,0.0014518246145827046,0.042994424188568754,0.06502044133556147,test_026,0,0.0,ITC,5748,0.0,,,-0.093656525015831,0.05552325397729874,,,,
173,0.0013163716151306248,0.040939667755750135,0.04607578703616582,test_026,0,0.0,ITC,5748,0.0,,,-0.093656525015831,0.05552325397729874,,,,
174,0.0005888896593378182,0.02738243235643117,0.032512965577026154,test_026,0,0.0,ITC,5748,0.0,,,-0.093656525015831,0.05552325397729874,,,,
175,0.011411291057277265,0.1205375751813854,0.18169969981910897,test_026,1,0.515625,ITC,5748,0.00017397355601948505,0.9735124044021638,0.050620466470718384,-0.093656525015831,0.05552325397729874,2.598496675491333,1.0,0.3900018090068928,False
176,0.00460046122708334,0.0765342352045368,0.10867081284183426,test_026,1,0.2972000539302826,ITC,5748,0.00017397355601948505,0.8880805819809737,-0.027939513325691223,-0.093656525015831,0.05552325397729874,1.1835943460464478,1.0,0.0809148166244008,False
177,0.0004771247596309526,0.024647395637965242,0.028893085201972143,test_026,0,0.0,ITC,5748,0.0,,,-0.093656525015831,0.05552325397729874,,,,
178,0.001651149801893579,0.04585094570510553,0.05982588935402465,test_026,0,0.0,ITC,5748,0.0,,,-0.093656525015831,0.05552325397729874,,,,
179,0.0002103479379864757,0.016365308209681864,0.020821408911993144,test_026,0,0.0,ITC,5748,0.0,,,-0.093656525015831,0.05552325397729874,,,,
180,0.00046722615373816326,0.024390383663934853,0.028756632731932078,test_026,0,0.0,ITC,5748,0.0,,,-0.093656525015831,0.05552325397729874,,,,
181,0.005753533509996606,0.0855898731561543,0.1531348248860189,test_026,1,0.0625,ITC,5748,0.00017397355601948505,0.9462786793508674,0.01332131028175354,-0.093656525015831,0.05552325397729874,1.9267213344573975,1.0,0.21441743830150647,False
182,0.005419080550928564,0.08306496044390474,0.14078737190384435,test_026,1,0.35008469223976135,ITC,5748,0.00017397355601948505,0.9848908785674314,0.08022603392601013,-0.093656525015831,0.05552325397729874,3.131706953048706,1.0,0.5664799245077873,False
183,0.0014389291164864579,0.04280305425061847,0.052704517145198256,test_026,0,0.0,ITC,5748,0.0,,,-0.093656525015831,0.05552325397729874,,,,
184,0.0009124826014973445,0.03408531842464195,0.04055001891582723,test_026,0,0.0,ITC,5748,0.0,,,-0.093656525015831,0.05552325397729874,,,,
185,0.0007844988246115952,0.03160466621076289,0.03889285038950392,test_026,0,0.0,ITC,5748,0.0,,,-0.093656525015831,0.05552325397729874,,,,
186,0.001904333101941639,0.04924096071097996,0.0765827823141001,test_026,0,0.0,ITC,5748,0.0,,,-0.093656525015831,0.05552325397729874,,,,
187,0.0008809157727551651,0.03349054788224299,0.04641009907834369,test_026,0,0.0,ITC,5748,0.0,,,-0.093656525015831,0.05552325397729874,,,,
188,0.0015363015744399204,0.04422759226111905,0.07370889509000171,test_026,0,0.0,ITC,5748,0.0,,,-0.093656525015831,0.05552325397729874,,,,
189,0.0011170580840133763,0.03771316118189941,0.08145295291597744,test_026,1,0.07216444611549377,ITC,5748,0.00017397355601948505,0.9757507927625443,0.055590271949768066,-0.093656525015831,0.05552325397729874,2.688005208969116,1.0,0.41733278391387524,False
190,0.0006646300089183226,0.02909008783026432,0.036997791110798726,test_026,0,0.0,ITC,5748,0.0,,,-0.093656525015831,0.05552325397729874,,,,
191,0.0013074798884329434,0.040801165398781716,0.10182888134566531,test_026,0,0.0,ITC,5748,0.0,,,-0.093656525015831,0.05552325397729874,,,,
192,0.0025900254768211443,0.057425803076319504,0.06745493860972443,test_026,0,0.0,ITC,5748,0.0,,,-0.093656525015831,0.05552325397729874,,,,
193,0.0005701728359598112,0.02694376740691299,0.06696582706456529,test_026,0,0.0,ITC,5748,0.0,,,-0.093656525015831,0.05552325397729874,,,,
194,0.0007432294120841732,0.030762137088892822,0.060048297509929016,test_026,0,0.0,ITC,5748,0.0,,,-0.093656525015831,0.05552325397729874,,,,
195,0.001927798766471386,0.04954341150711198,0.11931289397221338,test_026,0,0.0,ITC,5748,0.0,,,-0.093656525015831,0.05552325397729874,,,,
196,0.0016692847910811481,0.04610205426474499,0.15220550110494943,test_026,0,0.0,ITC,5748,0.0,,,-0.093656525015831,0.05552325397729874,,,,
197,0.0013379846041080095,0.04127438561865142,0.10146794475489121,test_026,0,0.0,ITC,5748,0.0,,,-0.093656525015831,0.05552325397729874,,,,
198,0.000452228018462059,0.02399572037558191,0.050505174905623534,test_026,1,0.02921493910253048,ITC,5748,0.00017397355601948505,0.9944040290990487,0.11380982398986816,-0.093656525015831,0.05552325397729874,3.7365667819976807,1.0,0.8064320649897957,False
199,0.00205790213542408,0.0511879124209698,0.10915792370944018,test_026,0,0.0,ITC,5748,0.0,,,-0.093656525015831,0.05552325397729874,,,,
200,0.0006458146615548935,0.028675368622939196,0.04020001843361383,test_026,0,0.0,ITC,5748,0.0,,,-0.093656525015831,0.05552325397729874,,,,
201,0.002311558772835268,0.05425097270605706,0.12896051583349377,test_026,0,0.0,ITC,5748,0.0,,,-0.093656525015831,0.05552325397729874,,,,
202,0.006819837223161415,0.09318415338020707,0.18999161711281667,test_026,1,0.109375,ITC,5748,0.00017397355601948505,0.9998134676366349,0.20542263984680176,-0.093656525015831,0.05552325397729874,5.386557102203369,1.0,1.6758873648036974,True
203,0.0003334998828748441,0.020606436835144414,0.02962208497280918,test_026,0,0.0,ITC,5748,0.0,,,-0.093656525015831,0.05552325397729874,,,,
204,0.00039668120499091245,0.02247376685933235,0.03276052605391451,test_026,0,0.0,ITC,5748,0.0,,,-0.093656525015831,0.05552325397729874,,,,
205,0.000507867286842207,0.025429052540054533,0.04597237692665053,test_026,0,0.0,ITC,5748,0.0,,,-0.093656525015831,0.05552325397729874,,,,
206,0.0021820618444603613,0.05270946242777173,0.06962031220185436,test_026,0,0.0,ITC,5748,0.0,,,-0.093656525015831,0.05552325397729874,,,,
207,0.0009219845150012226,0.034262328352478125,0.05548485999440932,test_026,1,0.059562258422374725,ITC,5748,0.00017397355601948505,0.8091773922775601,-0.05707976222038269,-0.093656525015831,0.05552325397729874,0.6587647795677185,1.0,0.025065884497608926,False
208,0.002487957527168804,0.056282909565984855,0.15394612726366866,test_026,1,0.078125,ITC,5748,0.00017397355601948505,0.966051109867562,0.036553531885147095,-0.093656525015831,0.05552325397729874,2.345144510269165,1.0,0.3176592524643638,False
209,0.002627754981831333,0.05784255835232811,0.1124051785023237,test_026,0,0.0,ITC,5748,0.0,,,-0.093656525015831,0.05552325397729874,,,,
210,0.00017148178113079836,0.014776243938746833,0.019298741179653765,test_026,0,0.0,ITC,5748,0.0,,,-0.093656525015831,0.05552325397729874,,,,
211,0.000833855863160162,0.032583711568585784,0.05972148107594759,test_026,0,0.0,ITC,5748,0.0,,,-0.093656525015831,0.05552325397729874,,,,
212,0.0034747881291577265,0.06651494310017811,0.12703709588261208,test_026,0,0.0,ITC,5748,0.0,,,-0.093656525015831,0.05552325397729874,,,,
213,0.0008627403935720301,0.0331432524948335,0.05399155264028797,test_026,1,0.05573495477437973,ITC,5748,0.00017397355601948505,0.9992538705465398,0.17312780022621155,-0.093656525015831,0.05552325397729874,4.804911136627197,1.0,1.3334999712707631,True
214,0.0012949172801328907,0.040604678156908186,0.06966019051984697,test_026,0,0.0,ITC,5748,0.0,,,-0.093656525015831,0.05552325397729874,,,,
215,0.0005349031408622732,0.02609712305118879,0.04387553768880057,test_026,0,0.0,ITC,5748,0.0,,,-0.093656525015831,0.05552325397729874,,,,
216,0.001834789956275202,0.048333499031339405,0.08625391022008558,test_026,0,0.0,ITC,5748,0.0,,,-0.093656525015831,0.05552325397729874,,,,
217,0.0005282932405399818,0.025935378251951333,0.056915313508430536,test_026,0,0.0,ITC,5748,0.0,,,-0.093656525015831,0.05552325397729874,,,,
218,0.00021483796612432193,0.016539050582786183,0.020364940300766556,test_026,0,0.0,ITC,5748,0.0,,,-0.093656525015831,0.05552325397729874,,,,
219,0.0009195515865137587,0.03421709285391257,0.051409933641942636,test_026,0,0.0,ITC,5748,0.0,,,-0.093656525015831,0.05552325397729874,,,,
220,0.0012455205734998598,0.03982268258117778,0.052861995698705894,test_026,0,0.0,ITC,5748,0.0,,,-0.093656525015831,0.05552325397729874,,,,
221,0.003906294146567053,0.07052409645487609,0.11186433605298458,test_026,0,0.0,ITC,5748,0.0,,,-0.093656525015831,0.05552325397729874,,,,
222,0.0007824689893323784,0.03156375230778084,0.045433873177903844,test_026,0,0.0,ITC,5748,0.0,,,-0.093656525015831,0.05552325397729874,,,,
223,0.002137929636539795,0.052173715193608174,0.1340594742877288,test_026,0,0.0,ITC,5748,0.0,,,-0.093656525015831,0.05552325397729874,,,,
224,0.0008937487170108834,0.03373360653049971,0.06364409161751179,test_026,0,0.0,ITC,5748,0.0,,,-0.093656525015831,0.05552325397729874,,,,
225,0.003577013280013664,0.06748625608341471,0.13175287486030274,test_026,1,0.046875,ITC,5748,0.00017397355601948505,0.9725797425853385,0.048367202281951904,-0.093656525015831,0.05552325397729874,2.5579142570495605,1.0,0.3779151092094741,False
226,0.0002552618982414637,0.01802802105349322,0.029380718706306277,test_026,0,0.0,ITC,5748,0.0,,,-0.093656525015831,0.05552325397729874,,,,
227,0.00030022762774985646,0.019551513702860585,0.02602319301440833,test_026,0,0.0,ITC,5748,0.0,,,-0.093656525015831,0.05552325397729874,,,,
228,0.000731289553544157,0.030514042312092034,0.05201555150476208,test_026,1,0.047242939472198486,ITC,5748,0.00017397355601948505,0.9884349934713673,0.09212300181388855,-0.093656525015831,0.05552325397729874,3.3459768295288086,1.0,0.6466483129037818,False
229,0.00040323158268838836,0.02265856122451297,0.025932709537560838,test_026,0,0.0,ITC,5748,0.0,,,-0.093656525015831,0.05552325397729874,,,,
230,0.00153115665280192,0.04415347324426168,0.05407008379891596,test_026,0,0.0,ITC,5748,0.0,,,-0.093656525015831,0.05552325397729874,,,,
231,0.001007865318183323,0.035822534512204664,0.047389561202509825,test_026,0,0.0,ITC,5748,0.0,,,-0.093656525015831,0.05552325397729874,,,,
232,0.0009573655479428873,0.03491354571520818,0.03989128298587232,test_026,1,0.061847951263189316,ITC,5748,0.00017397355601948505,0.6625629546726357,-0.08528947830200195,-0.093656525015831,0.05552325397729874,0.15069445967674255,1.0,0.0013116466722348675,False
233,0.0026400543572245847,0.05797776822083369,0.09998170553577121,test_026,0,0.0,ITC,5748,0.0,,,-0.093656525015831,0.05552325397729874,,,,
234,0.002630489464403418,0.0578726464583023,0.10410938092830756,test_026,0,0.0,ITC,5748,0.0,,,-0.093656525015831,0.05552325397729874,,,,
235,0.004412137970004232,0.0749513745053212,0.1264331736095401,test_026,1,0.046875,ITC,5748,0.00017397355601948505,0.9944040290990487,0.1149892807006836,-0.093656525015831,0.05552325397729874,3.7578094005584717,1.0,0.8156273634509007,False
236,0.0007255469200357762,0.03039399661364644,0.036824973015850866,test_026,0,0.0,ITC,5748,0.0,,,-0.093656525015831,0.05552325397729874,,,,
237,0.0016465505223695613,0.04578704224434316,0.055084806592762804,test_026,0,0.0,ITC,5748,0.0,,,-0.093656525015831,0.05552325397729874,,,,
238,0.003667381554911219,0.0683334121886599,0.08120972185479486,test_026,0,0.0,ITC,5748,0.0,,,-0.093656525015831,0.05552325397729874,,,,
239,0.004951209448206436,0.07939820944909777,0.14228653159954607,test_026,0,0.0,ITC,5748,0.0,,,-0.093656525015831,0.05552325397729874,,,,
240,0.0027511020613966487,0.05918455825781448,0.09459660068558694,test_026,0,0.0,ITC,5748,0.0,,,-0.093656525015831,0.05552325397729874,,,,
241,0.0011000533868904332,0.037425011336120514,0.04988735174022123,test_026,0,0.0,ITC,5748,0.0,,,-0.093656525015831,0.05552325397729874,,,,
242,0.0007060365682804842,0.02998255624131839,0.03307362328132129,test_026,1,0.045611537992954254,ITC,5748,0.00017397355601948505,0.8630852452900578,-0.03862813115119934,-0.093656525015831,0.05552325397729874,0.9910873174667358,1.0,0.0567343557813164,False
243,0.0008552243816549492,0.03299856818628285,0.06712751299765246,test_026,0,0.0,ITC,5748,0.0,,,-0.093656525015831,0.05552325397729874,,,,
244,0.000965979323295682,0.03507025910677842,0.04203999918176357,test_026,0,0.0,ITC,5748,0.0,,,-0.093656525015831,0.05552325397729874,,,,
245,0.0010848602882712508,0.037165669905703906,0.04377713300285865,test_026,0,0.0,ITC,5748,0.0,,,-0.093656525015831,0.05552325397729874,,,,
246,0.0014239871521533223,0.04258023900022659,0.0675693428522377,test_026,0,0.0,ITC,5748,0.0,,,-0.093656525015831,0.05552325397729874,,,,
247,0.0024504501534078084,0.05585705002702137,0.07970273126366892,test_026,0,0.0,ITC,5748,0.0,,,-0.093656525015831,0.05552325397729874,,,,
248,0.00191888585125066,0.04942875021326289,0.0743788258048477,test_026,1,0.12396430969238281,ITC,5748,0.00017397355601948505,0.9492631971647081,0.016878485679626465,-0.093656525015831,0.05552325397729874,1.9907877445220947,1.0,0.22891392265842855,False
249,0.0015488101402366848,0.0444072777575496,0.055879550406525515,test_026,0,0.0,ITC,5748,0.0,,,-0.093656525015831,0.05552325397729874,,,,
250,0.0004623425238660336,0.02426257992462662,0.04076961375806189,test_026,0,0.0,ITC,5748,0.0,,,-0.093656525015831,0.05552325397729874,,,,
251,0.0006580344859431582,0.02894538873987191,0.04769052654804508,test_026,0,0.0,ITC,5748,0.0,,,-0.093656525015831,0.05552325397729874,,,,
252,0.0006629963437764817,0.02905431401549596,0.06248817837691078,test_026,1,0.042831044644117355,ITC,5748,0.00017397355601948505,0.9326618168252192,-0.000586777925491333,-0.093656525015831,0.05552325397729874,1.6762300729751587,1.0,0.16228917272731055,False
253,0.0010999696503271523,0.03742358690458518,0.05428837286025216,test_026,0,0.0,ITC,5748,0.0,,,-0.093656525015831,0.05552325397729874,,,,
254,0.03020723589440863,0.19611488285671874,0.4427226020511037,test_026,2,0.2265625,micro,5748,0.0003479471120389701,0.9715538145868308,0.04785367101430893,-0.093656525015831,0.05552325397729874,2.5486652851104736,0.919928540042725,0.37518709986693194,False
255,0.00015483505860286332,0.014040730733282792,0.02446901272656795,test_026,0,0.0,ITC,5748,0.0,,,-0.093656525015831,0.05552325397729874,,,,
256,0.0012179730168172074,0.03937983506100621,0.05237325144925673,test_026,0,0.0,ITC,5748,0.0,,,-0.093656525015831,0.05552325397729874,,,,
257,0.00023227296889153862,0.0171970674583124,0.020210508648149675,test_026,0,0.0,ITC,5748,0.0,,,-0.093656525015831,0.05552325397729874,,,,
258,0.0007300145636500741,0.03048743037174269,0.033714748484994644,test_026,0,0.0,ITC,5748,0.0,,,-0.093656525015831,0.05552325397729874,,,,
259,0.02840563897855774,0.1901767147706844,0.28251007934775074,test_026,1,0.046875,micro,5748,0.00017397355601948505,0.9945905614624138,0.11746425926685333,-0.093656525015831,0.05552325397729874,3.802384853363037,1.0,0.8350922110832147,False
260,0.0013796657786898194,0.04191234934891755,0.06166854900223893,test_026,0,0.0,ITC,5748,0.0,,,-0.093656525015831,0.05552325397729874,,,,
261,0.000239923525564785,0.017477989600104528,0.01964063824861644,test_026,0,0.0,ITC,5748,0.0,,,-0.093656525015831,0.05552325397729874,,,,
262,0.00032351272167131995,0.020295546074368752,0.026573176120860298,test_026,0,0.0,ITC,5748,0.0,,,-0.093656525015831,0.05552325397729874,,,,
263,0.00034062710755342486,0.020825462860301038,0.02314593792945388,test_026,1,0.022005271166563034,ITC,5748,0.00017397355601948505,0.8429397500466331,-0.04612153768539429,-0.093656525015831,0.05552325397729874,0.8561275601387024,1.0,0.042334969018388534,False
264,0.0007823300364105949,0.031560949595854516,0.03820597682899513,test_026,0,0.0,ITC,5748,0.0,,,-0.093656525015831,0.05552325397729874,,,,
265,0.0004101461538512421,0.022852008712680675,0.03897020336773954,test_026,0,0.0,ITC,5748,0.0,,,-0.093656525015831,0.05552325397729874,,,,
266,0.000433076211757679,0.02348211572013851,0.03666316248938948,test_026,0,0.0,ITC,5748,0.0,,,-0.093656525015831,0.05552325397729874,,,,
267,0.0004413309679560814,0.0237048526828987,0.04469828741677057,test_026,0,0.0,ITC,5748,0.0,,,-0.093656525015831,0.05552325397729874,,,,
268,0.0007889625284197769,0.031694452046033224,0.054583700863882714,test_026,1,0.05096874013543129,ITC,5748,0.00017397355601948505,0.9972020145495244,0.13555589318275452,-0.093656525015831,0.05552325397729874,4.128223896026611,1.0,0.9843482584496149,False
269,0.00024911860697171973,0.01780976310133659,0.03279493638957381,test_026,0,0.0,ITC,5748,0.0,,,-0.093656525015831,0.05552325397729874,,,,
270,0.001689587984019905,0.046381572154935685,0.07863276985381633,test_026,0,0.0,ITC,5748,0.0,,,-0.093656525015831,0.05552325397729874,,,,
271,0.0004326842766781769,0.02347148762758307,0.03087601023882082,test_026,0,0.0,ITC,5748,0.0,,,-0.093656525015831,0.05552325397729874,,,,
272,0.0014085432654635812,0.04234870701755403,0.08565511058562857,test_026,0,0.0,ITC,5748,0.0,,,-0.093656525015831,0.05552325397729874,,,,
273,0.000485608577934763,0.02486555940832917,0.03058182209685758,test_026,1,0.03137139976024628,ITC,5748,0.00017397355601948505,0.9733258720387987,0.05021888017654419,-0.093656525015831,0.05552325397729874,2.591264009475708,1.0,0.38783376529972713,False
274,0.0015145102191623154,0.04391280339426052,0.07332655702320937,test_026,0,0.0,ITC,5748,0.0,,,-0.093656525015831,0.05552325397729874,,,,
275,0.0007548460032308807,0.031001609337239958,0.03564751083618031,test_026,0,0.0,ITC,5748,0.0,,,-0.093656525015831,0.05552325397729874,,,,
276,0.002024224741671364,0.05076734175163498,0.07342226984306119,test_026,0,0.0,ITC,5748,0.0,,,-0.093656525015831,0.05552325397729874,,,,
277,0.0024812338088425713,0.05620680568358435,0.06464555696093481,test_026,0,0.0,ITC,5748,0.0,,,-0.093656525015831,0.05552325397729874,,,,
278,0.004483137821054947,0.07555202418377016,0.1431347075837465,test_026,1,0.09375,ITC,5748,0.00017397355601948505,0.14773363178511473,-0.14145112037658691,-0.093656525015831,0.05552325397729874,-0.8608031868934631,1.0,0.04279864532410822,False
279,0.0015781952366941566,0.0448265611515279,0.07425049576806213,test_026,1,0.10195493698120117,ITC,5748,0.00017397355601948505,0.9559783622458496,0.024435102939605713,-0.093656525015831,0.05552325397729874,2.1268858909606934,1.0,0.26128270949519006,False
280,0.0006535260037116795,0.02884605954785591,0.031841578042710136,test_026,0,0.0,ITC,5748,0.0,,,-0.093656525015831,0.05552325397729874,,,,
281,0.0006391579078815422,0.028527199716147637,0.04450317948753774,test_026,0,0.0,ITC,5748,0.0,,,-0.093656525015831,0.05552325397729874,,,,
282,0.5753879130163341,0.8559244384961985,1.3994923346162278,test_026,0,0.0,micro,5748,0.0,,,-0.093656525015831,0.05552325397729874,,,,
283,0.000909243356424697,0.034024764469245815,0.04657898415670801,test_026,0,0.0,ITC,5748,0.0,,,-0.093656525015831,0.05552325397729874,,,,
284,0.0004567181467957263,0.024114551733309862,0.03310787028515217,test_026,0,0.0,ITC,5748,0.0,,,-0.093656525015831,0.05552325397729874,,,,
285,0.003006785544684125,0.06187372833464849,0.0793469676754954,test_026,0,0.0,ITC,5748,0.0,,,-0.093656525015831,0.05552325397729874,,,,
286,0.003031000037274705,0.06212237203739009,0.07593956701985168,test_026,0,0.0,ITC,5748,0.0,,,-0.093656525015831,0.05552325397729874,,,,
287,0.0027581505847003958,0.05926032732591809,0.07241431772646714,test_026,0,0.0,ITC,5748,0.0,,,-0.093656525015831,0.05552325397729874,,,,
288,0.0012216036949625302,0.039438485422501765,0.04417162937772307,test_026,0,0.0,ITC,5748,0.0,,,-0.093656525015831,0.05552325397729874,,,,
289,0.0027117700893822755,0.0587599601261907,0.07020878256027097,test_026,0,0.0,ITC,5748,0.0,,,-0.093656525015831,0.05552325397729874,,,,
290,0.0025373154166145784,0.05683845815906564,0.06364891232248318,test_026,0,0.0,ITC,5748,0.0,,,-0.093656525015831,0.05552325397729874,,,,
291,0.0004922946496627693,0.02503615416976379,0.02970008604554286,test_026,0,0.0,ITC,5748,0.0,,,-0.093656525015831,0.05552325397729874,,,,
292,0.0014929749905327769,0.043599481616722655,0.05025241631042026,test_026,0,0.0,ITC,5748,0.0,,,-0.093656525015831,0.05552325397729874,,,,
293,0.16604405032892103,0.4597976196619311,0.7820737459238292,test_026,0,0.0,micro,5748,0.0,,,-0.093656525015831,0.05552325397729874,,,,
294,0.00020570146544235564,0.0161835484431314,0.02132439983957082,test_026,0,0.0,ITC,5748,0.0,,,-0.093656525015831,0.05552325397729874,,,,
295,0.00027449875859776357,0.018694990623891305,0.021393015617409507,test_026,0,0.0,ITC,5748,0.0,,,-0.093656525015831,0.05552325397729874,,,,
296,0.000706391589653997,0.02999009346460599,0.037709394429055,test_026,0,0.0,ITC,5748,0.0,,,-0.093656525015831,0.05552325397729874,,,,
297,0.059742738397377,0.27580213385379787,0.6455211412875326,test_026,0,0.0,micro,5748,0.0,,,-0.093656525015831,0.05552325397729874,,,,
298,0.0007838479817003189,0.031591553417989596,0.0371560172316861,test_026,0,0.0,ITC,5748,0.0,,,-0.093656525015831,0.05552325397729874,,,,
299,0.0690218296079743,0.2964478417982583,0.5996587320244134,test_026,0,0.0,micro,5748,0.0,,,-0.093656525015831,0.05552325397729874,,,,
300,0.0006382595320742684,0.028507144298247755,0.03211844735856177,test_026,0,0.0,ITC,5748,0.0,,,-0.093656525015831,0.05552325397729874,,,,
301,0.0005936407495950222,0.02749266952754146,0.03612109305776474,test_026,0,0.0,ITC,5748,0.0,,,-0.093656525015831,0.05552325397729874,,,,
302,0.00026565568666416406,0.01839139270269077,0.020990103920824454,test_026,0,0.0,ITC,5748,0.0,,,-0.093656525015831,0.05552325397729874,,,,
303,0.00015883373326230956,0.014220878672834858,0.016526297625389458,test_026,0,0.0,ITC,5748,0.0,,,-0.093656525015831,0.05552325397729874,,,,
304,0.0011491141798604708,0.038250459019654466,0.05142890569544694,test_026,0,0.0,ITC,5748,0.0,,,-0.093656525015831,0.05552325397729874,,,,
305,0.0014816823512701493,0.04343427865607222,0.06451858767154092,test_026,0,0.0,ITC,5748,0.0,,,-0.093656525015831,0.05552325397729874,,,,
306,0.00043527938082356073,0.023541769701371094,0.03114407867075217,test_026,0,0.0,ITC,5748,0.0,,,-0.093656525015831,0.05552325397729874,,,,
0,2.701623213602754,1.8546734242268954,2.2219184978918656,test_027,49,1.0,macro,2878,0.017025712300208478,0.9883278868281141,0.12489312142133713,-0.05956127122044563,0.06737477332353592,2.737736701965332,0.5113756235858508,0.470517424318673,True
1,0.08174834333421241,0.3226224162232166,0.3844491025786238,test_027,0,0.0,micro,2878,0.0,,,-0.05956127122044563,0.06737477332353592,,,,
0,0.04346394279560376,0.23524457642519558,0.3984250288357348,test_029,2,0.4140625,micro,2233,0.0008956560680698612,0.9977558348294434,0.09480433166027069,-0.0913604274392128,0.05840662494301796,3.1873912811279297,0.9101104812500634,0.6587556593544869,True
1,0.007905557405568604,0.10032780428148452,0.2111379487081629,test_029,1,0.21875,micro,2233,0.0004478280340349306,1.0,0.2337258756160736,-0.0913604274392128,0.05840662494301796,5.565914630889893,1.0,2.008753657005951,True
2,0.0030931426327631835,0.06275596798345412,0.09385413024348568,test_029,1,0.19982391595840454,ITC,2233,0.0004478280340349306,0.9995511669658886,0.10763899981975555,-0.0913604274392128,0.05840662494301796,3.4071381092071533,1.0,0.7527193403433428,False
3,0.0034882012958829347,0.06664319792682966,0.09351941338387755,test_029,0,0.0,ITC,2233,0.0,,,-0.0913604274392128,0.05840662494301796,,,,
4,0.002819504816605591,0.05991581618465613,0.08548996221704397,test_029,1,0.18214631080627441,ITC,2233,0.0004478280340349306,1.0,0.15396596491336823,-0.0913604274392128,0.05840662494301796,4.200317859649658,1.0,1.1439786319678842,True
5,0.0019092860987871094,0.04930495475293405,0.06427468992844372,test_029,0,0.0,ITC,2233,0.0,,,-0.0913604274392128,0.05840662494301796,,,,
6,0.0033504569756531983,0.0653141203288801,0.10829838008444674,test_029,0,0.0,ITC,2233,0.0,,,-0.0913604274392128,0.05840662494301796,,,,
0,0.005922859098851807,0.08684018898270887,0.10656521581375535,test_030,0,0.0,ITC,2727,0.0,,,-0.08443956077098846,0.06387888640165329,,,,
1,0.004183405334022217,0.07298271783739695,0.08740234052930163,test_030,0,0.0,ITC,2727,0.0,,,-0.08443956077098846,0.06387888640165329,,,,
2,0.0021606018504049074,0.05244963027861583,0.10566050384987691,test_030,0,0.0,ITC,2727,0.0,,,-0.08443956077098846,0.06387888640165329,,,,
3,0.0025747851237297365,0.057256599957808525,0.11031739851324339,test_030,0,0.0,ITC,2727,0.0,,,-0.08443956077098846,0.06387888640165329,,,,
4,0.0029689782418212893,0.061483497826206525,0.08757074043880181,test_030,0,0.0,ITC,2727,0.0,,,-0.08443956077098846,0.06387888640165329,,,,
5,0.0019323555382738038,0.049601930263027144,0.06317738960747339,test_030,1,0.12483448535203934,ITC,2727,0.0003667033370003667,0.9796145292809488,0.05784379690885544,-0.08443956077098846,0.06387888640165329,2.2273924350738525,1.0,0.31356995239175744,False
6,0.003310385071480225,0.06492236272125007,0.0864722422587156,test_030,0,0.0,ITC,2727,0.0,,,-0.08443956077098846,0.06387888640165329,,,,
7,0.0013385876412095948,0.041283685868413196,0.04652573945208836,test_030,1,0.08647575229406357,ITC,2727,0.0003667033370003667,0.9944403261675315,0.10105498880147934,-0.08443956077098846,0.06387888640165329,2.9038474559783936,1.0,0.5329525643683256,False
8,0.0014976416008883058,0.04366756817240303,0.051049619340716876,test_030,0,0.0,ITC,2727,0.0,,,-0.08443956077098846,0.06387888640165329,,,,
9,0.0005135937244711303,0.025572012825048767,0.0304927480096726,test_030,0,0.0,ITC,2727,0.0,,,-0.08443956077098846,0.06387888640165329,,,,
10,0.0003775961071071167,0.0219264747624153,0.029153356354766787,test_030,0,0.0,ITC,2727,0.0,,,-0.08443956077098846,0.06387888640165329,,,,
11,0.002615098392131836,0.05770309078581142,0.08215087716472272,test_030,0,0.0,ITC,2727,0.0,,,-0.08443956077098846,0.06387888640165329,,,,
12,0.003691610216094727,0.0685587639246809,0.08855101351982432,test_030,0,0.0,ITC,2727,0.0,,,-0.08443956077098846,0.06387888640165329,,,,
13,0.001632712778942871,0.04559423730412105,0.06530735196744698,test_030,0,0.0,ITC,2727,0.0,,,-0.08443956077098846,0.06387888640165329,,,,
14,0.000954906167758667,0.03486867210407996,0.038911311610507295,test_030,0,0.0,ITC,2727,0.0,,,-0.08443956077098846,0.06387888640165329,,,,
15,0.000902320449144104,0.03389498602851853,0.04362819705226243,test_030,1,0.05829191580414772,ITC,2727,0.0003667033370003667,0.9936990363232023,0.09291248768568039,-0.08443956077098846,0.06387888640165329,2.7763795852661133,1.0,0.48719031265402607,False
16,0.0018535958134035645,0.04858056699526014,0.0580140905028087,test_030,0,0.0,ITC,2727,0.0,,,-0.08443956077098846,0.06387888640165329,,,,
17,0.001784514487775757,0.04766670131222536,0.052803914140651706,test_030,0,0.0,ITC,2727,0.0,,,-0.08443956077098846,0.06387888640165329,,,,
18,0.0008934005866376954,0.033727035982972275,0.040055985501957325,test_030,1,0.05771567299962044,ITC,2727,0.0003667033370003667,0.874351371386212,-0.014123438857495785,-0.08443956077098846,0.06387888640165329,1.100772500038147,1.0,0.07658365721118202,False
19,0.0017431112924703369,0.047110489579791595,0.058303070125105994,test_030,0,0.0,ITC,2727,0.0,,,-0.08443956077098846,0.06387888640165329,,,,
20,0.03887099115658594,0.22246816195495484,0.6769080083417859,test_030,1,0.515625,micro,2727,0.0003667033370003667,0.9977761304670126,0.12716928124427795,-0.08443956077098846,0.06387888640165329,3.312657117843628,1.0,0.6935757993208144,False
21,0.02194167226575586,0.1671436651697549,0.27332796691370786,test_030,1,0.578125,micro,2727,0.0003667033370003667,0.9981467753891772,0.1415158063173294,-0.08443956077098846,0.06387888640165329,3.5372464656829834,1.0,0.7908089977907405,False
22,0.0008994374350592652,0.03384079358307989,0.042107984111056054,test_030,1,0.05810566619038582,ITC,2727,0.0003667033370003667,0.7868791697553743,-0.037369512021541595,-0.08443956077098846,0.06387888640165329,0.7368639707565308,1.0,0.034317496930047584,False
23,0.0018106682283742677,0.0480147309766667,0.05787396198097437,test_030,1,0.11697321385145187,ITC,2727,0.0003667033370003667,0.9340252038547072,0.011517494916915894,-0.08443956077098846,0.06387888640165329,1.5021717548370361,1.0,0.14261990501448674,False
24,0.0009470622519876709,0.0347251653783915,0.04390486283096227,test_030,0,0.0,ITC,2727,0.0,,,-0.08443956077098846,0.06387888640165329,,,,
25,0.0005905882792468872,0.027421895481425602,0.030497164443596937,test_030,0,0.0,ITC,2727,0.0,,,-0.08443956077098846,0.06387888640165329,,,,
26,0.0006390269733284913,0.0285242775998667,0.03594017357631057,test_030,0,0.0,ITC,2727,0.0,,,-0.08443956077098846,0.06387888640165329,,,,
27,0.0013082786516019288,0.040813626581723564,0.05345351919622565,test_030,0,0.0,ITC,2727,0.0,,,-0.08443956077098846,0.06387888640165329,,,,
28,0.0012836366792918703,0.04042742857450789,0.0559974380177571,test_030,0,0.0,ITC,2727,0.0,,,-0.08443956077098846,0.06387888640165329,,,,
29,0.001724350072925171,0.04685627708018734,0.06679214312964549,test_030,0,0.0,ITC,2727,0.0,,,-0.08443956077098846,0.06387888640165329,,,,
30,0.029046821269218752,0.19231110599448936,0.40156380471601266,test_030,0,0.0,micro,2727,0.0,,,-0.08443956077098846,0.06387888640165329,,,,
31,0.004380390498628785,0.07468123194107303,0.12976969624629328,test_030,1,0.2829830050468445,ITC,2727,0.0003667033370003667,0.9458858413639734,0.01841454580426216,-0.08443956077098846,0.06387888640165329,1.6101423501968384,1.0,0.16385870018205365,False
32,0.0037953674975302735,0.06951555210640335,0.12301640340780169,test_030,0,0.0,ITC,2727,0.0,,,-0.08443956077098846,0.06387888640165329,,,,
33,0.0031090874053029786,0.06291750974466323,0.10633693604881608,test_030,0,0.0,ITC,2727,0.0,,,-0.08443956077098846,0.06387888640165329,,,,
34,0.003968921028539795,0.07108718030325736,0.1359598469659457,test_030,0,0.0,ITC,2727,0.0,,,-0.08443956077098846,0.06387888640165329,,,,
35,0.0034823165137734375,0.06658695887800126,0.11917519248971739,test_030,1,0.2249654233455658,ITC,2727,0.0003667033370003667,0.9521868050407709,0.02201799675822258,-0.08443956077098846,0.06387888640165329,1.6665531396865845,1.0,0.1755412924750314,False
36,0.0006027685338740845,0.02770322605131974,0.03315086327409574,test_030,0,0.0,ITC,2727,0.0,,,-0.08443956077098846,0.06387888640165329,,,,
37,0.0005401845264210206,0.02622564204158365,0.0362807824111031,test_030,0,0.0,ITC,2727,0.0,,,-0.08443956077098846,0.06387888640165329,,,,
38,0.0009650169034233399,0.035052784237153974,0.04419530143681067,test_030,0,0.0,ITC,2727,0.0,,,-0.08443956077098846,0.06387888640165329,,,,
39,0.0006308069229239502,0.028340224405594944,0.03403735271727224,test_030,0,0.0,ITC,2727,0.0,,,-0.08443956077098846,0.06387888640165329,,,,
40,0.0008983017905921631,0.03381942286450713,0.038586742366032864,test_030,1,0.05803230032324791,ITC,2727,0.0003667033370003667,0.550407709414381,-0.07810188829898834,-0.08443956077098846,0.06387888640165329,0.09921388328075409,1.0,0.0006221367502871319,False
41,0.0005813625109163819,0.02720686932973482,0.03568681811470723,test_030,1,0.037557315081357956,ITC,2727,0.0003667033370003667,0.09006671608598962,-0.16940128803253174,-0.08443956077098846,0.06387888640165329,-1.330043911933899,1.0,0.11180801021052335,False
42,0.0015766704052470703,0.04480490050177753,0.0663707070739931,test_030,0,0.0,ITC,2727,0.0,,,-0.08443956077098846,0.06387888640165329,,,,
43,0.002676818379076172,0.05838005664877058,0.127747868312389,test_030,0,0.0,ITC,2727,0.0,,,-0.08443956077098846,0.06387888640165329,,,,
44,0.001805326982506714,0.0479438599333111,0.06021547845031209,test_030,0,0.0,ITC,2727,0.0,,,-0.08443956077098846,0.06387888640165329,,,,
45,0.0009479971103928223,0.034742299999378376,0.04345641533205714,test_030,0,0.0,ITC,2727,0.0,,,-0.08443956077098846,0.06387888640165329,,,,
46,0.010032344412194092,0.1130202531938783,0.16180326794308225,test_030,1,0.171875,ITC,2727,0.0003667033370003667,0.9944403261675315,0.10222315788269043,-0.08443956077098846,0.06387888640165329,2.9221348762512207,1.0,0.5396864008849133,False
47,0.006268999752481201,0.08934169458205957,0.18026866241411157,test_030,1,0.25,ITC,2727,0.0003667033370003667,0.9936990363232023,0.09535779058933258,-0.08443956077098846,0.06387888640165329,2.81466007232666,1.0,0.5007176084609527,False
48,0.0025800976235753176,0.05731563768827241,0.07168027424619557,test_030,0,0.0,ITC,2727,0.0,,,-0.08443956077098846,0.06387888640165329,,,,
49,0.0009864795930941163,0.03544044057290599,0.04601661100049473,test_030,0,0.0,ITC,2727,0.0,,,-0.08443956077098846,0.06387888640165329,,,,
50,0.0019514194704415284,0.0498460072436329,0.09145990805248949,test_030,0,0.0,ITC,2727,0.0,,,-0.08443956077098846,0.06387888640165329,,,,
51,0.005591234364591797,0.08437405227248752,0.19421995959095129,test_030,1,0.09375,ITC,2727,0.0003667033370003667,0.9977761304670126,0.12669947743415833,-0.08443956077098846,0.06387888640165329,3.305302381515503,1.0,0.6904994746237845,False
52,0.007387352132238282,0.0969838587892305,0.1405944987727951,test_030,1,0.34375,ITC,2727,0.0003667033370003667,0.9962935507783544,0.11470088362693787,-0.08443956077098846,0.06387888640165329,3.11746883392334,1.0,0.6142500496562872,False
53,0.00467972489416333,0.07719074292770038,0.1260294837181417,test_030,0,0.0,ITC,2727,0.0,,,-0.08443956077098846,0.06387888640165329,,,,
54,0.0006668380684187622,0.02913836986939352,0.033688995295956536,test_030,0,0.0,ITC,2727,0.0,,,-0.08443956077098846,0.06387888640165329,,,,
55,0.0018298685671918945,0.048268633929463886,0.06391835435342497,test_030,0,0.0,ITC,2727,0.0,,,-0.08443956077098846,0.06387888640165329,,,,
56,0.0008406816257422485,0.03271680134773687,0.03737463235939585,test_030,0,0.0,ITC,2727,0.0,,,-0.08443956077098846,0.06387888640165329,,,,
57,0.0011760113027213745,0.03869553069387172,0.05639031155412197,test_030,0,0.0,ITC,2727,0.0,,,-0.08443956077098846,0.06387888640165329,,,,
58,0.0020736405639832766,0.051383277120386484,0.07368030885521586,test_030,0,0.0,ITC,2727,0.0,,,-0.08443956077098846,0.06387888640165329,,,,
59,0.0004968008974302979,0.025150478096214648,0.02965115202935752,test_030,0,0.0,ITC,2727,0.0,,,-0.08443956077098846,0.06387888640165329,,,,
60,0.000706412842289978,0.029990544605131196,0.038487453936384836,test_030,0,0.0,ITC,2727,0.0,,,-0.08443956077098846,0.06387888640165329,,,,
61,0.0008746916584707642,0.03337202434697302,0.03715600388161985,test_030,0,0.0,ITC,2727,0.0,,,-0.08443956077098846,0.06387888640165329,,,,
62,0.008202788742712281,0.10219645299289845,0.17308867995914695,test_030,0,0.0,ITC,2727,0.0,,,-0.08443956077098846,0.06387888640165329,,,,
63,0.004038220731670533,0.0717051066935423,0.11900835925705976,test_030,0,0.0,ITC,2727,0.0,,,-0.08443956077098846,0.06387888640165329,,,,
64,0.003684431185432251,0.0684920687754998,0.09481646538804475,test_030,0,0.0,ITC,2727,0.0,,,-0.08443956077098846,0.06387888640165329,,,,
65,0.005112710840988281,0.08068274675258924,0.09488737731121037,test_030,0,0.0,ITC,2727,0.0,,,-0.08443956077098846,0.06387888640165329,,,,
66,0.006409306735879395,0.09033594406690557,0.1544697024540735,test_030,0,0.0,ITC,2727,0.0,,,-0.08443956077098846,0.06387888640165329,,,,
67,0.006982310793089356,0.09428761432655142,0.15872782545574532,test_030,0,0.0,ITC,2727,0.0,,,-0.08443956077098846,0.06387888640165329,,,,
68,0.03296282431679297,0.20486476374989096,0.419902325861707,test_030,2,0.2734375,micro,2727,0.0007334066740007334,0.9951816160118606,0.15883579850196838,-0.08443956077098846,0.06387888640165329,3.808384418487549,0.9123813785088779,0.9166900526116664,True
69,0.0021047290551727297,0.051767019075845924,0.07784410392915889,test_030,1,0.13597019016742706,ITC,2727,0.0003667033370003667,0.9985174203113417,0.1512228101491928,-0.08443956077098846,0.06387888640165329,3.6892058849334717,1.0,0.8602144723305366,False
70,0.0013894965289654542,0.04206140663305334,0.055385950433493494,test_030,0,0.0,ITC,2727,0.0,,,-0.08443956077098846,0.06387888640165329,,,,
71,0.0012486587244664308,0.03987281863461909,0.05579284762628629,test_030,0,0.0,ITC,2727,0.0,,,-0.08443956077098846,0.06387888640165329,,,,
72,0.0013642683518886108,0.04167781682448405,0.05006404132472392,test_030,0,0.0,ITC,2727,0.0,,,-0.08443956077098846,0.06387888640165329,,,,
73,0.00034520991827453613,0.020965088103366822,0.027087961094368104,test_030,0,0.0,ITC,2727,0.0,,,-0.08443956077098846,0.06387888640165329,,,,
74,0.0006050041173369141,0.0277545521837581,0.03071391391926096,test_030,0,0.0,ITC,2727,0.0,,,-0.08443956077098846,0.06387888640165329,,,,
75,0.28564916844375,0.6030752997622254,1.3462459227782482,test_030,10,0.2421875,micro,2727,0.003667033370003667,0.9033358042994811,0.12677273154258728,-0.08443956077098846,0.06387888640165329,3.3064491748809814,0.70893723963334,0.6909787031451964,True
76,0.002621334244179989,0.057771847985488754,0.07069220853581593,test_030,0,0.0,ITC,2727,0.0,,,-0.08443956077098846,0.06387888640165329,,,,
0,0.0031375766799963227,0.0632051161189518,0.0936913706230096,test_033,1,0.20269446074962616,ITC,10577,9.454476694714947e-05,0.04814149248084744,-0.15328511595726013,-0.07013417780399323,0.051056861877441406,-1.6285947561264038,1.0,0.14311438408404056,False
1,0.016184731169177492,0.1435515229647688,0.27320140234289164,test_033,1,0.40625,micro,10577,9.454476694714947e-05,0.9738011917147451,0.034760475158691406,-0.07013417780399323,0.051056861877441406,2.05446720123291,1.0,0.22774856345713995,False
2,0.0032265785654623717,0.06409529954483047,0.1267890479771415,test_033,0,0.0,ITC,10577,0.0,,,-0.07013417780399323,0.051056861877441406,,,,
3,0.016609931939281862,0.1454249709659702,0.25388882121431383,test_033,1,0.140625,micro,10577,9.454476694714947e-05,0.6217724392320061,-0.05583414435386658,-0.07013417780399323,0.051056861877441406,0.28008052706718445,1.0,0.004232754223645144,False
4,0.0019466590628880616,0.049785171476918445,0.05639883857961642,test_033,0,0.0,ITC,10577,0.0,,,-0.07013417780399323,0.051056861877441406,,,,
5,0.01386431592494568,0.13286306972346493,0.25851349224561937,test_033,1,0.515625,micro,10577,9.454476694714947e-05,0.9992433557173933,0.12575644254684448,-0.07013417780399323,0.051056861877441406,3.836714744567871,1.0,0.7942847857451655,False
6,0.003978248125156128,0.07117065990783915,0.13792285228311543,test_033,0,0.0,ITC,10577,0.0,,,-0.07013417780399323,0.051056861877441406,,,,
7,0.016645963628990477,0.14558261967918393,0.2646020070842245,test_033,0,0.0,micro,10577,0.0,,,-0.07013417780399323,0.051056861877441406,,,,
0,0.06954346043015186,0.29756593201741754,0.332411171416729,test_038,2,0.53125,micro,2579,0.0007754943776657619,0.9964939618231399,0.19599033892154694,-0.05890844389796257,0.07883115857839584,3.2334775924682617,0.9117589654744049,0.6655103986569686,True
1,0.11725773048106349,0.3863899317715042,0.7636475759391211,test_038,5,0.265625,micro,2579,0.0019387359441644049,0.9100895987534087,0.06666042655706406,-0.05890844389796257,0.07883115857839584,1.5928837060928345,0.7951106628130952,0.16150399662516754,False
2,0.02281341576666797,0.17043163762813027,0.23485741977528293,test_038,0,0.0,micro,2579,0.0,,,-0.05890844389796257,0.07883115857839584,,,,
3,0.10864789278005511,0.3719338564042162,0.7708627033066597,test_038,4,0.4765625,micro,2579,0.0015509887553315238,0.9803272302298403,0.1402546465396881,-0.05890844389796257,0.07883115857839584,2.526451349258423,0.82351793094881,0.40629082368376807,True
4,0.010713161630372224,0.11679221308344723,0.3494130439632582,test_038,1,0.296875,micro,2579,0.00038774718883288094,0.917802882742501,0.052114337682724,-0.05890844389796257,0.07883115857839584,1.4083616733551025,1.0,0.1262535301007035,False
0,0.12210671124620508,0.3942982290554018,0.8543102497307239,test_040,6,0.265625,micro,1818,0.0033003300330033004,0.9597617310965232,0.1515367329120636,-0.057401690632104874,0.0948639065027237,2.2025070190429688,0.7612735575974277,0.32316582253115805,True
1,0.0006613569343745728,0.02901837007880567,0.03809000777434943,test_040,0,0.0,ITC,1818,0.0,,,-0.057401690632104874,0.0948639065027237,,,,
2,0.017552482954349854,0.1494941985689348,0.2710520293927535,test_040,0,0.0,micro,1818,0.0,,,-0.057401690632104874,0.0948639065027237,,,,
3,0.0009165033637250977,0.034160332632712884,0.04279509863429156,test_040,0,0.0,ITC,1818,0.0,,,-0.057401690632104874,0.0948639065027237,,,,
4,0.0023807274185368653,0.05505666439693198,0.0713658944288976,test_040,0,0.0,ITC,1818,0.0,,,-0.057401690632104874,0.0948639065027237,,,,
5,0.21590851713617285,0.5243121799681033,1.0467858515513693,test_040,5,0.890625,micro,1818,0.0027502750275027505,0.9636761487964989,0.14998522400856018,-0.057401690632104874,0.0948639065027237,2.1861519813537598,0.7855653095731944,0.31838421189662536,True
6,0.018090803667418946,0.15176932043531627,0.19057592998200634,test_040,1,0.078125,ITC,1818,0.00055005500550055,0.9474835886214442,0.11565849184989929,-0.057401690632104874,0.0948639065027237,1.8242995738983154,1.0,0.22170890419323003,False
7,0.0486466480376565,0.24887514138691605,0.3371642929623775,test_040,2,0.5234375,micro,1818,0.0011001100110011,0.9664478482859227,0.16052687168121338,-0.057401690632104874,0.0948639065027237,2.2972757816314697,0.9076480055954498,0.3515742754565096,False
8,0.10294503662102564,0.3620410081193833,0.4390473123728807,test_040,3,0.6875,micro,1818,0.0016501650165016502,0.9640165329443229,0.14997810125350952,-0.057401690632104874,0.0948639065027237,2.1860768795013428,0.8536255520019779,0.3183623370831806,False
9,0.010716028373905884,0.11680783829932397,0.13475706608927135,test_040,0,0.0,ITC,1818,0.0,,,-0.057401690632104874,0.0948639065027237,,,,
10,0.05987203319368433,0.2761004170331787,0.3475403576697192,test_040,2,0.453125,micro,1818,0.0011001100110011,0.9781181619256017,0.18582168221473694,-0.057401690632104874,0.0948639065027237,2.5639190673828125,0.9076480055954498,0.43792470523321725,False
11,0.2332342443043213,0.5449431741334906,0.6737891151837103,test_040,6,0.7578125,micro,1818,0.0033003300330033004,0.9343544857768052,0.11758234351873398,-0.057401690632104874,0.0948639065027237,1.8445796966552734,0.7612735575974277,0.22666562916633567,False
12,0.05874158273198071,0.2734814546814647,0.42007027372006456,test_040,2,0.3359375,micro,1818,0.0011001100110011,0.9635302698760029,0.15064768493175507,-0.057401690632104874,0.0948639065027237,2.1931352615356445,0.9076480055954498,0.3204215059670613,False
13,0.13269952916028588,0.4110453601424213,0.5893068240064098,test_040,5,0.421875,micro,1818,0.0027502750275027505,0.8164843180160467,0.059682805091142654,-0.057401690632104874,0.0948639065027237,1.234236478805542,0.7855653095731944,0.10148166368391848,False
14,12.551610991904191,3.99765024295835,5.49070270046654,test_040,229,1.0,macro,1818,0.12596259625962597,0.9511369318923808,0.1397239863872528,-0.057401690632104874,0.0948639065027237,2.077983856201172,0.2760338956255423,0.28765714150200467,True
15,0.03425252502276013,0.20883407137248672,0.26540874438035167,test_040,1,0.953125,micro,1818,0.00055005500550055,0.9700948212983224,0.164972722530365,-0.057401690632104874,0.0948639065027237,2.3441414833068848,1.0,0.36606521548597837,False
16,0.010563891742922058,0.11597570742784725,0.12870128029344016,test_040,1,0.6824510097503662,ITC,1818,0.00055005500550055,0.9292487235594457,0.09259258210659027,-0.057401690632104874,0.0948639065027237,1.5811522006988525,1.0,0.1665475221518556,False
17,0.06407864142571802,0.2856351873213959,0.37915456988915824,test_040,1,0.96875,micro,1818,0.00055005500550055,0.9409190371991247,0.10582347214221954,-0.057401690632104874,0.0948639065027237,1.7206244468688965,1.0,0.19722547028179235,False
18,0.010400782716427368,0.11507687800228737,0.12847837247797342,test_040,1,0.640625,ITC,1818,0.00055005500550055,0.9912472647702407,0.23588088154792786,-0.057401690632104874,0.0948639065027237,3.09161376953125,1.0,0.6367387607690003,False
19,0.001053901724355011,0.03663153493526277,0.04363147499083518,test_040,0,0.0,ITC,1818,0.0,,,-0.057401690632104874,0.0948639065027237,,,,
20,0.020266170016760378,0.16063526725369304,0.22116115390246352,test_040,1,0.125,micro,1818,0.00055005500550055,0.9810357403355215,0.19602486491203308,-0.057401690632104874,0.0948639065027237,2.6714749336242676,1.0,0.47543705727366575,False
21,0.047453181105935306,0.2458033089841475,0.31872001626587426,test_040,2,0.484375,micro,1818,0.0011001100110011,0.9803063457330415,0.1967390477657318,-0.057401690632104874,0.0948639065027237,2.6790034770965576,0.9076480055954498,0.4781205127911834,False
22,0.10410049923575757,0.36406712602710933,0.5892355998560668,test_040,3,0.625,micro,1818,0.0016501650165016502,0.9662047167517627,0.16063891351222992,-0.057401690632104874,0.0948639065027237,2.298456907272339,0.8536255520019779,0.35193588649538277,False
23,0.007158054907206848,0.09546684540321496,0.1241526619465253,test_040,0,0.0,ITC,1818,0.0,,,-0.057401690632104874,0.0948639065027237,,,,
24,0.19099425771979103,0.49313430396411995,0.8162898856638356,test_040,5,0.75,micro,1818,0.0027502750275027505,0.9693654266958425,0.16319915652275085,-0.057401690632104874,0.0948639065027237,2.3254454135894775,0.7855653095731944,0.3602492797032105,True
25,4.21817956080191,2.317488516391525,3.425057144945258,test_040,79,1.0,macro,1818,0.043454345434543455,0.9552945738581281,0.14046712219715118,-0.057401690632104874,0.0948639065027237,2.085817575454712,0.417833275616837,0.28983008700971435,True
26,0.05092023807362,0.25462454858607414,0.3578290676098271,test_040,2,0.484375,micro,1818,0.0011001100110011,0.9325309992706053,0.0932052806019783,-0.057401690632104874,0.0948639065027237,1.5876109600067139,0.9076480055954498,0.16791094228536918,False
27,0.07507541571844592,0.30917468869581993,0.514313432950091,test_040,3,0.4375,micro,1818,0.0016501650165016502,0.9722830051057623,0.17401349544525146,-0.057401690632104874,0.0948639065027237,2.439443826675415,0.8536255520019779,0.3964354345906632,True
28,3.650230484117051,2.155833435072294,2.623165854443017,test_040,73,1.0,macro,1818,0.040154015401540157,0.9534286542169998,0.13888958096504211,-0.057401690632104874,0.0948639065027237,2.069188117980957,0.42835735697316524,0.28522709176616684,True
29,0.007335600008616211,0.09664355133856455,0.1277857823443794,test_040,0,0.0,ITC,1818,0.0,,,-0.057401690632104874,0.0948639065027237,,,,
30,0.10035934850886769,0.35746537063797973,0.4101546282235224,test_040,3,0.5,micro,1818,0.0016501650165016502,0.9518599562363238,0.12867826223373413,-0.057401690632104874,0.0948639065027237,1.9615463018417358,0.8536255520019779,0.25632321994519663,False
31,0.08551639141400391,0.3299740160548408,0.5134571782329128,test_040,3,0.34375,micro,1818,0.0016501650165016502,0.936542669584245,0.1004081591963768,-0.057401690632104874,0.0948639065027237,1.6635395288467407,0.8536255520019779,0.18435591315910393,False
32,0.19287493469340822,0.4955562471000233,0.5669434546323023,test_040,6,0.4765625,micro,1818,0.0033003300330033004,0.9597617310965232,0.15452615916728973,-0.057401690632104874,0.0948639065027237,2.2340197563171387,0.7612735575974277,0.33247947562439467,True
33,0.008448366358018981,0.10371496582190996,0.13898180959430256,test_040,0,0.0,ITC,1818,0.0,,,-0.057401690632104874,0.0948639065027237,,,,
34,0.0012063821669159546,0.039192007871257234,0.053702274297258185,test_040,0,0.0,ITC,1818,0.0,,,-0.057401690632104874,0.0948639065027237,,,,
35,0.09554698423622021,0.3487896195556037,0.765740540874514,test_040,0,0.0,micro,1818,0.0,,,-0.057401690632104874,0.0948639065027237,,,,
36,0.017211193876700684,0.14803368757117077,0.3768401926662167,test_040,0,0.0,micro,1818,0.0,,,-0.057401690632104874,0.0948639065027237,,,,
37,0.009091880590423096,0.10759248070258798,0.19680521586011582,test_040,0,0.0,ITC,1818,0.0,,,-0.057401690632104874,0.0948639065027237,,,,
38,0.05537643625798242,0.2655324245552119,0.6234866825668075,test_040,0,0.0,micro,1818,0.0,,,-0.057401690632104874,0.0948639065027237,,,,
39,0.006333810380087586,0.0898023264998272,0.2021074876863551,test_040,0,0.0,micro,1818,0.0,,,-0.057401690632104874,0.0948639065027237,,,,
40,0.021513995308417237,0.1655067055799359,0.4201916745221283,test_040,0,0.0,micro,1818,0.0,,,-0.057401690632104874,0.0948639065027237,,,,
41,0.010512576244559509,0.11569368086294357,0.1735669831194144,test_040,0,0.0,ITC,1818,0.0,,,-0.057401690632104874,0.0948639065027237,,,,
42,0.021441673164345337,0.16522828504263795,0.3523624347678728,test_040,0,0.0,micro,1818,0.0,,,-0.057401690632104874,0.0948639065027237,,,,
43,0.04613092119799805,0.24235451946343542,0.46518980681271427,test_040,0,0.0,micro,1818,0.0,,,-0.057401690632104874,0.0948639065027237,,,,
44,0.029689149429079104,0.19442581902271852,0.3338535054637995,test_040,0,0.0,micro,1818,0.0,,,-0.057401690632104874,0.0948639065027237,,,,
45,0.018104776915521974,0.1518279220612957,0.4650458126757819,test_040,0,0.0,micro,1818,0.0,,,-0.057401690632104874,0.0948639065027237,,,,
46,0.01817173934649756,0.15210843872902186,0.45476395549569665,test_040,0,0.0,micro,1818,0.0,,,-0.057401690632104874,0.0948639065027237,,,,
47,0.01811327760725537,0.15186356157526218,0.235771657787907,test_040,0,0.0,micro,1818,0.0,,,-0.057401690632104874,0.0948639065027237,,,,
48,0.03452451497392896,0.20966157904491614,0.5264756747605198,test_040,0,0.0,micro,1818,0.0,,,-0.057401690632104874,0.0948639065027237,,,,
49,0.013771844362010743,0.13241924650763603,0.2945310537708613,test_040,0,0.0,micro,1818,0.0,,,-0.057401690632104874,0.0948639065027237,,,,
50,0.010156409316527344,0.1137169379394259,0.19950014310523337,test_040,0,0.0,ITC,1818,0.0,,,-0.057401690632104874,0.0948639065027237,,,,
51,0.048466050895120606,0.24841274640568384,0.4678095767970209,test_040,0,0.0,micro,1818,0.0,,,-0.057401690632104874,0.0948639065027237,,,,
52,0.02482762131367163,0.17779625771729926,0.4873570636838231,test_040,0,0.0,micro,1818,0.0,,,-0.057401690632104874,0.0948639065027237,,,,
53,0.013776639080262451,0.13244229562543083,0.2869674682218564,test_040,0,0.0,micro,1818,0.0,,,-0.057401690632104874,0.0948639065027237,,,,
54,0.0016710312010039673,0.04612616400270614,0.05775056764181062,test_040,0,0.0,ITC,1818,0.0,,,-0.057401690632104874,0.0948639065027237,,,,
55,0.004630403979045044,0.0767828981884586,0.11179506490301418,test_040,0,0.0,ITC,1818,0.0,,,-0.057401690632104874,0.0948639065027237,,,,
56,0.005813009069947449,0.08603111659022718,0.10933052377904043,test_040,0,0.0,ITC,1818,0.0,,,-0.057401690632104874,0.0948639065027237,,,,
57,0.004249312516407349,0.07355537188967182,0.11541415311947334,test_040,0,0.0,ITC,1818,0.0,,,-0.057401690632104874,0.0948639065027237,,,,
58,0.00027789919406707764,0.018810429110901073,0.02191872338336057,test_040,0,0.0,ITC,1818,0.0,,,-0.057401690632104874,0.0948639065027237,,,,
59,0.0009917664175810546,0.03553528136942953,0.044930650301183386,test_040,0,0.0,ITC,1818,0.0,,,-0.057401690632104874,0.0948639065027237,,,,
60,0.001081255955559082,0.0371038790505552,0.0489827527868063,test_040,0,0.0,ITC,1818,0.0,,,-0.057401690632104874,0.0948639065027237,,,,
61,0.0009374010711654968,0.034547592001252576,0.041932496665534405,test_040,0,0.0,ITC,1818,0.0,,,-0.057401690632104874,0.0948639065027237,,,,
62,0.0009389497036322022,0.03457611738153781,0.043011594880978485,test_040,0,0.0,ITC,1818,0.0,,,-0.057401690632104874,0.0948639065027237,,,,
63,0.011460442559831543,0.12079689013937153,0.2954536269495291,test_040,0,0.0,micro,1818,0.0,,,-0.057401690632104874,0.0948639065027237,,,,
64,0.0026399555307229615,0.05797668305499012,0.07864936670372866,test_040,0,0.0,ITC,1818,0.0,,,-0.057401690632104874,0.0948639065027237,,,,
65,0.018929716025244875,0.15524839134093693,0.24812426919633376,test_040,0,0.0,micro,1818,0.0,,,-0.057401690632104874,0.0948639065027237,,,,
66,0.0041804559294570925,0.07295698598768564,0.08994987736210787,test_040,0,0.0,ITC,1818,0.0,,,-0.057401690632104874,0.0948639065027237,,,,
67,0.009724771304406738,0.11127427100761618,0.16333349713465234,test_040,0,0.0,ITC,1818,0.0,,,-0.057401690632104874,0.0948639065027237,,,,
68,0.0035217856633134154,0.06696324943289413,0.07227011599878047,test_040,0,0.0,ITC,1818,0.0,,,-0.057401690632104874,0.0948639065027237,,,,
69,0.003422806233105652,0.06601554551737127,0.0743814207494508,test_040,0,0.0,ITC,1818,0.0,,,-0.057401690632104874,0.0948639065027237,,,,
70,0.0007996678154151306,0.03190875562033912,0.03977750267397662,test_040,0,0.0,ITC,1818,0.0,,,-0.057401690632104874,0.0948639065027237,,,,
71,0.004531670436167908,0.07595987100460495,0.08437700445619055,test_040,0,0.0,ITC,1818,0.0,,,-0.057401690632104874,0.0948639065027237,,,,
72,0.005272056928150818,0.08193040560754358,0.11810656218961756,test_040,0,0.0,ITC,1818,0.0,,,-0.057401690632104874,0.0948639065027237,,,,
73,0.02125037513492688,0.16448956794351952,0.3284767371206943,test_040,0,0.0,micro,1818,0.0,,,-0.057401690632104874,0.0948639065027237,,,,
74,0.016872952652254577,0.1465718613967039,0.25739231902793963,test_040,0,0.0,micro,1818,0.0,,,-0.057401690632104874,0.0948639065027237,,,,
75,0.007446666759032593,0.09737243241320989,0.24014611365638974,test_040,0,0.0,micro,1818,0.0,,,-0.057401690632104874,0.0948639065027237,,,,
76,0.010735178742363098,0.1169121640146011,0.2262131407719354,test_040,0,0.0,micro,1818,0.0,,,-0.057401690632104874,0.0948639065027237,,,,
77,0.044327223351956636,0.23756930289921538,0.29916924676541223,test_040,2,0.2578125,micro,1818,0.0011001100110011,0.9438366156090445,0.11072875559329987,-0.057401690632104874,0.0948639065027237,1.7723331451416016,0.9076480055954498,0.20925774502095623,False
0,0.016584028330926717,0.14531152976259032,0.2991286745057635,test_046,1,0.296875,micro,1811,0.0005521811154058532,0.9988925802879292,0.18920163810253143,-0.07374486327171326,0.058128152042627335,4.523565292358398,1.0,1.3638789699173812,True
1,0.07611758273315611,0.3113132126741568,0.4633764617025854,test_046,4,0.328125,micro,1811,0.0022087244616234127,0.9986157253599114,0.21977177262306213,-0.07374486327171326,0.058128152042627335,5.049474716186523,0.8152010246696246,1.6994426383047867,True
2,0.002333139264916406,0.05450362534241091,0.0706447777521722,test_046,0,0.0,ITC,1811,0.0,,,-0.07374486327171326,0.058128152042627335,,,,
3,0.0009486748848764706,0.034754717356379125,0.07511095072804787,test_046,0,0.0,ITC,1811,0.0,,,-0.07374486327171326,0.058128152042627335,,,,
0,0.08086137474432493,0.32086741805007823,0.8861555157583377,test_048,3,0.484375,micro,5109,0.0005871990604815032,0.9941738675045824,0.17406882345676422,-0.025112416595220566,0.060018401592969894,3.318669557571411,0.8713381777593131,0.6449161799688546,True
1,0.0015072829129791226,0.043807901226931976,0.07061493234471998,test_048,0,0.0,ITC,5109,0.0,,,-0.025112416595220566,0.060018401592969894,,,,
2,0.0017718807242244688,0.04749766948637136,0.05875646067077848,test_048,0,0.0,ITC,5109,0.0,,,-0.025112416595220566,0.060018401592969894,,,,
3,0.005974592696904316,0.08721862006122591,0.16826476643529648,test_048,0,0.0,ITC,5109,0.0,,,-0.025112416595220566,0.060018401592969894,,,,
4,0.03187962822910378,0.20147060165877884,0.48679401522271204,test_048,2,0.2578125,micro,5109,0.00039146604032100216,0.9044579732914375,0.06690375506877899,-0.025112416595220566,0.060018401592969894,1.5331326723098755,0.9188234281996287,0.13763685093738123,False
5,0.0053056559744872975,0.08219106397582163,0.13050022163801167,test_048,0,0.0,ITC,5109,0.0,,,-0.025112416595220566,0.060018401592969894,,,,
6,0.003482353853237755,0.06658731586948957,0.0967249893254065,test_048,1,0.2249678373336792,ITC,5109,0.00019573302016050108,0.9116260801256874,0.0582890510559082,-0.025112416595220566,0.060018401592969894,1.3895983695983887,1.0,0.11307167913546548,False
7,0.0015036677321722642,0.043755333603390206,0.06871037165159274,test_048,0,0.0,ITC,5109,0.0,,,-0.025112416595220566,0.060018401592969894,,,,
8,0.003577238492175247,0.06748838054944208,0.15310052519685807,test_048,1,0.1875,ITC,5109,0.00019573302016050108,0.9836999214454045,0.12394240498542786,-0.025112416595220566,0.060018401592969894,2.483485460281372,1.0,0.361159042759135,False
9,0.01785934938609366,0.15079532446868538,0.3001552127673394,test_048,2,0.078125,micro,5109,0.00039146604032100216,0.9011194029850746,0.06270182132720947,-0.025112416595220566,0.060018401592969894,1.463122010231018,0.9188234281996287,0.12535346322055912,False
10,0.011601698047525772,0.12153905026857229,0.17403255718230515,test_048,1,0.609375,ITC,5109,0.00019573302016050108,0.9913589945011784,0.15267303586006165,-0.025112416595220566,0.060018401592969894,2.9621825218200684,1.0,0.5138056551363213,False
11,0.00039033995797646716,0.022293413161422807,0.03782563287726984,test_048,0,0.0,ITC,5109,0.0,,,-0.025112416595220566,0.060018401592969894,,,,
12,0.018919618462437563,0.15520697921703452,0.19352112393534537,test_048,1,0.4375,ITC,5109,0.00019573302016050108,0.9946975648075412,0.1756572276353836,-0.025112416595220566,0.060018401592969894,3.345134973526001,1.0,0.6552432286294984,False
13,8.930930871411324e-05,0.010663589619249686,0.011926425370083083,test_048,0,0.0,ITC,5109,0.0,,,-0.025112416595220566,0.060018401592969894,,,,
14,0.0025536185755701143,0.057020769484339186,0.12277201386314908,test_048,1,0.16496945917606354,ITC,5109,0.00019573302016050108,0.8906127258444619,0.048968493938446045,-0.025112416595220566,0.060018401592969894,1.23430335521698,1.0,0.08921113584374281,False
15,0.004269245070573715,0.07372768577691907,0.10181706518616113,test_048,0,0.0,ITC,5109,0.0,,,-0.025112416595220566,0.060018401592969894,,,,
16,0.01466023454062523,0.13662353513292055,0.18030653217576453,test_048,0,0.0,ITC,5109,0.0,,,-0.025112416595220566,0.060018401592969894,,,,
17,0.0057011229164452976,0.0851991499172029,0.2710521299565193,test_048,1,0.09375,micro,5109,0.00019573302016050108,0.8340534171249018,0.02911888062953949,-0.025112416595220566,0.060018401592969894,0.9035778045654297,1.0,0.04780863658499949,False
18,0.003984820325889176,0.07122942381899883,0.12540052800280022,test_048,1,0.25742828845977783,ITC,5109,0.00019573302016050108,0.9980361351139042,0.21940341591835022,-0.025112416595220566,0.060018401592969894,4.074014663696289,1.0,0.9718974115341013,False
19,0.004603504411220272,0.07655954454363226,0.2600246961250432,test_048,0,0.0,micro,5109,0.0,,,-0.025112416595220566,0.060018401592969894,,,,
20,0.021716934211257317,0.1662854756982243,0.2370036395542031,test_048,2,0.234375,micro,5109,0.00039146604032100216,0.9667124901806756,0.112767294049263,-0.025112416595220566,0.060018401592969894,2.297290563583374,0.9188234281996287,0.30903460048965575,False
21,0.0006011984181393986,0.027667121285151947,0.05975043562738163,test_048,0,0.0,ITC,5109,0.0,,,-0.025112416595220566,0.060018401592969894,,,,
22,0.0017788931321789246,0.04759156523742418,0.09045054833696119,test_048,0,0.0,ITC,5109,0.0,,,-0.025112416595220566,0.060018401592969894,,,,
23,0.007749886578046326,0.09933509983072877,0.13340159828005982,test_048,1,0.015625,ITC,5109,0.00019573302016050108,0.20188531029065201,-0.07249763607978821,-0.025112416595220566,0.060018401592969894,-0.789511501789093,1.0,0.036499941835582736,False
0,0.018008499906011947,0.15142369108463138,0.2482127576102663,test_051,1,0.515625,micro,1821,0.0005491488193300384,0.9982558139534884,0.13219258189201355,-0.11305200308561325,0.06963011622428894,3.5221052169799805,1.0,0.8262283223221184,False
1,0.0007039891929745273,0.02993905274990112,0.043115812652503416,test_051,0,0.0,ITC,1821,0.0,,,-0.11305200308561325,0.06963011622428894,,,,
2,0.001334849293764061,0.041225997951319586,0.06407747319739288,test_051,0,0.0,ITC,1821,0.0,,,-0.11305200308561325,0.06963011622428894,,,,
3,0.0063471898593925324,0.08989712524280512,0.12373091407778934,test_051,0,0.0,ITC,1821,0.0,,,-0.11305200308561325,0.06963011622428894,,,,
4,0.0010241195672745552,0.03611024136711117,0.04789849348963361,test_051,0,0.0,ITC,1821,0.0,,,-0.11305200308561325,0.06963011622428894,,,,
5,0.0011478648723642197,0.038229660572734685,0.0442359986707319,test_051,0,0.0,ITC,1821,0.0,,,-0.11305200308561325,0.06963011622428894,,,,
6,0.0014341331958285827,0.04273166387289838,0.07066501849653627,test_051,0,0.0,ITC,1821,0.0,,,-0.11305200308561325,0.06963011622428894,,,,
7,0.0015097271825860977,0.043843407151249354,0.06715130135355839,test_051,0,0.0,ITC,1821,0.0,,,-0.11305200308561325,0.06963011622428894,,,,
8,0.002205077813814331,0.05298671788067805,0.07558393811518424,test_051,0,0.0,ITC,1821,0.0,,,-0.11305200308561325,0.06963011622428894,,,,
9,0.021841985039541368,0.16676354244215935,0.2635956624430676,test_051,1,0.15625,micro,1821,0.0005491488193300384,0.9790697674418605,0.0429096519947052,-0.11305200308561325,0.06963011622428894,2.2398593425750732,1.0,0.3341465027258338,False
10,0.005310435880482605,0.08222807891961811,0.11678041049322356,test_051,1,0.34306600689888,ITC,1821,0.0005491488193300384,0.9866279069767442,0.07052531838417053,-0.11305200308561325,0.06963011622428894,2.6364645957946777,1.0,0.4629555706398823,False
11,0.004725780610239212,0.07756965097703633,0.08946593830570443,test_051,0,0.0,ITC,1821,0.0,,,-0.11305200308561325,0.06963011622428894,,,,
12,0.010710272154198945,0.11677646184742006,0.14461239521001237,test_051,1,0.15625,ITC,1821,0.0005491488193300384,0.9941860465116279,0.10274025797843933,-0.11305200308561325,0.06963011622428894,3.0991225242614746,1.0,0.6396949463438957,False
13,0.012027931880497833,0.12375151922958608,0.1688262502130519,test_051,0,0.0,ITC,1821,0.0,,,-0.11305200308561325,0.06963011622428894,,,,
14,0.00989809228672998,0.11226149169195422,0.14201619377028804,test_051,1,0.15625,ITC,1821,0.0005491488193300384,0.9866279069767442,0.0704275518655777,-0.11305200308561325,0.06963011622428894,2.6350603103637695,1.0,0.46246252504863994,False
15,0.009434798038673767,0.10960272788315624,0.17188351254047027,test_051,0,0.0,ITC,1821,0.0,,,-0.11305200308561325,0.06963011622428894,,,,
16,0.0031598556890248034,0.06342911964486624,0.10739071995554877,test_051,0,0.0,ITC,1821,0.0,,,-0.11305200308561325,0.06963011622428894,,,,
17,0.020512847915251008,0.1616099289673621,0.3295857966297196,test_051,1,0.4375,micro,1821,0.0005491488193300384,0.9901162790697674,0.08681674301624298,-0.11305200308561325,0.06963011622428894,2.8704352378845215,1.0,0.5487707215959322,False
18,0.001062789127751541,0.03678566494122205,0.056224096362612434,test_051,0,0.0,ITC,1821,0.0,,,-0.11305200308561325,0.06963011622428894,,,,
19,0.0019195320076104583,0.04943707171217277,0.07019251208068636,test_051,0,0.0,ITC,1821,0.0,,,-0.11305200308561325,0.06963011622428894,,,,
20,0.0017311643983450471,0.04694876963681338,0.07370683062897658,test_051,0,0.0,ITC,1821,0.0,,,-0.11305200308561325,0.06963011622428894,,,,
21,0.021805239861205444,0.16662320868871253,0.1989621922577846,test_051,1,0.421875,ITC,1821,0.0005491488193300384,0.9418604651162791,0.005213290452957153,-0.11305200308561325,0.06963011622428894,1.6984790563583374,1.0,0.19213912954680898,False
22,0.00863146956728952,0.1048328592677464,0.19206651953455298,test_051,1,0.21875,ITC,1821,0.0005491488193300384,0.9959302325581395,0.1216416209936142,-0.11305200308561325,0.06963011622428894,3.3705761432647705,1.0,0.7566651150478868,False
23,0.0005326678547911149,0.02604253783580423,0.041058558334877045,test_051,0,0.0,ITC,1821,0.0,,,-0.11305200308561325,0.06963011622428894,,,,
24,0.0020510930498641206,0.0511031582293937,0.09374074070941145,test_051,0,0.0,ITC,1821,0.0,,,-0.11305200308561325,0.06963011622428894,,,,
25,0.003347604157325455,0.0652863078541481,0.0824136389759001,test_051,0,0.0,ITC,1821,0.0,,,-0.11305200308561325,0.06963011622428894,,,,
26,0.003339602249709114,0.06520823297725648,0.12683791138003653,test_051,0,0.0,ITC,1821,0.0,,,-0.11305200308561325,0.06963011622428894,,,,
27,0.011029781990846421,0.1185055045158384,0.2001921146437552,test_051,1,0.015625,micro,1821,0.0005491488193300384,0.45058139534883723,-0.13091832399368286,-0.11305200308561325,0.06963011622428894,-0.25658899545669556,1.0,0.004385019003257164,False
28,0.0023721213583608397,0.05495706249769825,0.07985342672533917,test_051,0,0.0,ITC,1821,0.0,,,-0.11305200308561325,0.06963011622428894,,,,
29,0.006229566303006501,0.08906026141628773,0.14241767432650465,test_051,1,0.328125,ITC,1821,0.0005491488193300384,0.9837209302325581,0.06344571709632874,-0.11305200308561325,0.06963011622428894,2.5347900390625,1.0,0.4279365789115824,False
30,0.00824640796762619,0.10246781312393072,0.2457922177353262,test_051,0,0.0,micro,1821,0.0,,,-0.11305200308561325,0.06963011622428894,,,,
31,0.0014940411044216996,0.043615045748107435,0.05716281875222766,test_051,0,0.0,ITC,1821,0.0,,,-0.11305200308561325,0.06963011622428894,,,,
32,0.002599437696946312,0.05753005188444855,0.08030885905851627,test_051,0,0.0,ITC,1821,0.0,,,-0.11305200308561325,0.06963011622428894,,,,
33,0.0021085397132257233,0.05181386054448684,0.07124526295079249,test_051,0,0.0,ITC,1821,0.0,,,-0.11305200308561325,0.06963011622428894,,,,
34,0.025681171505571716,0.1808266659428851,0.3611115438521785,test_051,2,0.140625,micro,1821,0.001098297638660077,0.9799418604651163,0.06123035401105881,-0.11305200308561325,0.06963011622428894,2.502973794937134,0.9076682890066193,0.4172612284495201,False
35,0.005625743836025665,0.08463403287435833,0.13504508018610337,test_051,0,0.0,ITC,1821,0.0,,,-0.11305200308561325,0.06963011622428894,,,,
36,0.0031656956581908187,0.06348770667306357,0.09728192753254072,test_051,0,0.0,ITC,1821,0.0,,,-0.11305200308561325,0.06963011622428894,,,,
37,0.016848481905465822,0.14646553666577652,0.2162194921387976,test_051,0,0.0,micro,1821,0.0,,,-0.11305200308561325,0.06963011622428894,,,,
38,0.006167405166349617,0.08861480771406254,0.12027687225664134,test_051,0,0.0,ITC,1821,0.0,,,-0.11305200308561325,0.06963011622428894,,,,
39,0.0015529859102284813,0.04446710102221005,0.056621999772350495,test_051,0,0.0,ITC,1821,0.0,,,-0.11305200308561325,0.06963011622428894,,,,
40,0.015026554580016633,0.1383199317249631,0.1963733251957894,test_051,1,0.03125,ITC,1821,0.0005491488193300384,0.9656976744186047,0.025081723928451538,-0.11305200308561325,0.06963011622428894,1.9838216304779053,1.0,0.2621203078346047,False
41,0.001616310364489357,0.045364636807023524,0.06105242295051757,test_051,1,0.10441725701093674,ITC,1821,0.0005491488193300384,0.983139534883721,0.05394074320793152,-0.11305200308561325,0.06963011622428894,2.3982834815979004,1.0,0.3830861573680487,False
42,0.004786685478880485,0.07806790146993964,0.10992105562498958,test_051,0,0.0,ITC,1821,0.0,,,-0.11305200308561325,0.06963011622428894,,,,
43,0.0026577140701184005,0.05817135594666664,0.06633925524856135,test_051,0,0.0,ITC,1821,0.0,,,-0.11305200308561325,0.06963011622428894,,,,
44,0.010412039865505188,0.11513913712600156,0.13197070263509247,test_051,0,0.0,ITC,1821,0.0,,,-0.11305200308561325,0.06963011622428894,,,,
45,0.0020224230448292082,0.05074474353921047,0.06804471908818292,test_051,0,0.0,ITC,1821,0.0,,,-0.11305200308561325,0.06963011622428894,,,,
46,0.0039016716387600173,0.07048235680679883,0.09990358093053094,test_051,1,0.25205668807029724,ITC,1821,0.0005491488193300384,0.9162790697674419,-0.010206460952758789,-0.11305200308561325,0.06963011622428894,1.4770267009735107,1.0,0.14530217643570986,False
47,0.02850588238677704,0.19051198574476644,0.46502589278068784,test_051,1,0.25,micro,1821,0.0005491488193300384,0.9982558139534884,0.1318487972021103,-0.11305200308561325,0.06963011622428894,3.517167568206787,1.0,0.823913362721465,False
48,0.0008144207374193,0.03220174978063498,0.0438581342198913,test_051,0,0.0,ITC,1821,0.0,,,-0.11305200308561325,0.06963011622428894,,,,
49,0.00612805230286599,0.08833163942899712,0.14703781764083518,test_051,0,0.0,ITC,1821,0.0,,,-0.11305200308561325,0.06963011622428894,,,,
50,0.004690386385462532,0.07727862205072189,0.09138227717758411,test_051,1,0.30300942063331604,ITC,1821,0.0005491488193300384,0.9889534883720931,0.08046206831932068,-0.11305200308561325,0.06963011622428894,2.77917218208313,1.0,0.5144300563714036,False
51,0.007275106438118592,0.09624423727771947,0.12513978407377616,test_051,1,0.4699881076812744,ITC,1821,0.0005491488193300384,0.8436046511627907,-0.04263174533843994,-0.11305200308561325,0.06963011622428894,1.0113476514816284,1.0,0.06812340818527138,False
52,0.017912702080362306,0.1510203980983268,0.2372405481963895,test_051,2,0.109375,micro,1821,0.001098297638660077,0.8459302325581395,-0.00863683968782425,-0.11305200308561325,0.06963011622428894,1.4995689392089844,0.9076682890066193,0.14977119648868725,False
53,0.04874112675481421,0.24911669963930258,0.5867242219420193,test_051,2,0.28125,micro,1821,0.001098297638660077,0.9584302325581395,0.03824488818645477,-0.11305200308561325,0.06963011622428894,2.172865629196167,0.9076682890066193,0.3144569279037291,False
54,0.005464043354696457,0.08340884889115129,0.11767484277280152,test_051,1,0.35298940539360046,ITC,1821,0.0005491488193300384,0.9994186046511628,0.15074791014194489,-0.11305200308561325,0.06963011622428894,3.7885892391204834,1.0,0.9559836607799789,False
55,0.001164906605140068,0.03851240262029265,0.08272445610239584,test_051,0,0.0,ITC,1821,0.0,,,-0.11305200308561325,0.06963011622428894,,,,
56,0.0028834590670239716,0.06059153496784909,0.0773291338421398,test_051,0,0.0,ITC,1821,0.0,,,-0.11305200308561325,0.06963011622428894,,,,
57,0.034592670458522094,0.20986842541407266,0.49958858546809987,test_051,2,0.21875,micro,1821,0.001098297638660077,0.9851744186046512,0.06480126082897186,-0.11305200308561325,0.06963011622428894,2.55425763130188,0.9076682890066193,0.4345350632001589,False
58,0.002314283727836426,0.05428293986160335,0.0838568574034037,test_051,0,0.0,ITC,1821,0.0,,,-0.11305200308561325,0.06963011622428894,,,,
59,0.004591551409331177,0.07646008648991265,0.09579664398740699,test_051,1,0.29662448167800903,ITC,1821,0.0005491488193300384,0.9790697674418605,0.0450003445148468,-0.11305200308561325,0.06963011622428894,2.2698850631713867,1.0,0.3431651373864631,False
60,0.0018910790375642854,0.049069304181397974,0.06637850929124144,test_051,0,0.0,ITC,1821,0.0,,,-0.11305200308561325,0.06963011622428894,,,,
61,0.0018996710923439484,0.04918065022712244,0.06431785828010306,test_051,0,0.0,ITC,1821,0.0,,,-0.11305200308561325,0.06963011622428894,,,,
62,0.0026282275285808717,0.05784775900543366,0.09701149220582064,test_051,0,0.0,ITC,1821,0.0,,,-0.11305200308561325,0.06963011622428894,,,,
63,0.005362229093148057,0.08262809527833422,0.1001510216469136,test_051,0,0.0,ITC,1821,0.0,,,-0.11305200308561325,0.06963011622428894,,,,
64,0.0012491821238965301,0.03988117449024441,0.04814221899746624,test_051,0,0.0,ITC,1821,0.0,,,-0.11305200308561325,0.06963011622428894,,,,
65,0.0019497524741750336,0.049824712267758024,0.05824753176299395,test_051,0,0.0,ITC,1821,0.0,,,-0.11305200308561325,0.06963011622428894,,,,
66,0.0007110243406922607,0.03008827525529892,0.04387277348196715,test_051,0,0.0,ITC,1821,0.0,,,-0.11305200308561325,0.06963011622428894,,,,
67,0.012790754067782044,0.12761541398311663,0.24792148683519347,test_051,0,0.0,micro,1821,0.0,,,-0.11305200308561325,0.06963011622428894,,,,
68,3.162319187041982,2.0065866146310762,3.530965624237731,test_051,63,1.0,macro,1821,0.03459637561779242,0.976984126984127,0.07724640518426895,-0.11305200308561325,0.06963011622428894,2.732990026473999,0.4481075175768692,0.497475297552112,True
69,0.0031770616820159456,0.06360157678552877,0.12227932936414465,test_051,0,0.0,ITC,1821,0.0,,,-0.11305200308561325,0.06963011622428894,,,,
70,0.00045899595235800937,0.02417461059491123,0.03442984824429404,test_051,0,0.0,ITC,1821,0.0,,,-0.11305200308561325,0.06963011622428894,,,,
71,0.008279624012233887,0.10267397288463613,0.19172152400489806,test_051,1,0.09375,ITC,1821,0.0005491488193300384,0.9889534883720931,0.07991218566894531,-0.11305200308561325,0.06963011622428894,2.771275043487549,1.0,0.5115106593238273,False
72,0.001588661213552147,0.044974951698490424,0.09360744540182891,test_051,1,0.10263106226921082,ITC,1821,0.0005491488193300384,0.983139534883721,0.05435836315155029,-0.11305200308561325,0.06963011622428894,2.4042811393737793,1.0,0.3850046066643404,False
73,0.0016522063494397202,0.0458656130469132,0.06013063843823976,test_051,0,0.0,ITC,1821,0.0,,,-0.11305200308561325,0.06963011622428894,,,,
74,0.0037502110217867432,0.06910077404805638,0.09788919538437324,test_051,0,0.0,ITC,1821,0.0,,,-0.11305200308561325,0.06963011622428894,,,,
75,0.005433756697226693,0.08317736412858101,0.10157465400507155,test_051,0,0.0,ITC,1821,0.0,,,-0.11305200308561325,0.06963011622428894,,,,
76,0.0027926715903809738,0.059630025191437695,0.07987250603208212,test_051,1,0.18041281402111053,ITC,1821,0.0005491488193300384,0.9790697674418605,0.044257670640945435,-0.11305200308561325,0.06963011622428894,2.25921893119812,1.0,0.33994766615396915,False
77,0.0007851167498801995,0.031617110765871946,0.044809621689989754,test_051,0,0.0,ITC,1821,0.0,,,-0.11305200308561325,0.06963011622428894,,,,
78,0.0016500783500184404,0.045836066663216504,0.06848467980081484,test_051,0,0.0,ITC,1821,0.0,,,-0.11305200308561325,0.06963011622428894,,,,
79,0.002270123750370232,0.05376254579550595,0.06630483904524939,test_051,0,0.0,ITC,1821,0.0,,,-0.11305200308561325,0.06963011622428894,,,,
80,0.02871907231035608,0.19122305968071424,0.41503829731010017,test_051,2,0.0703125,micro,1821,0.001098297638660077,0.9058139534883721,0.011273987591266632,-0.11305200308561325,0.06963011622428894,1.785520315170288,0.9076682890066193,0.21233667797285374,False
81,0.006396628729249237,0.09024655478780982,0.1341155221828915,test_051,1,0.265625,ITC,1821,0.0005491488193300384,0.9982558139534884,0.137736976146698,-0.11305200308561325,0.06963011622428894,3.601731538772583,1.0,0.8640086778454293,False
82,0.00958512632827121,0.1104724485219598,0.16318708160995282,test_051,1,0.25,ITC,1821,0.0005491488193300384,0.938953488372093,0.0033006370067596436,-0.11305200308561325,0.06963011622428894,1.6710102558135986,1.0,0.18597461039959198,False
83,0.003014717075893295,0.061955282238205484,0.07781790526618772,test_051,0,0.0,ITC,1821,0.0,,,-0.11305200308561325,0.06963011622428894,,,,
84,0.0017326139158723068,0.04696842081065813,0.0555685058959338,test_051,0,0.0,ITC,1821,0.0,,,-0.11305200308561325,0.06963011622428894,,,,
85,0.0022237526975333174,0.05321061804011405,0.07404056083007234,test_051,0,0.0,ITC,1821,0.0,,,-0.11305200308561325,0.06963011622428894,,,,
86,0.0019707242370408324,0.05009195574509365,0.05444652768532625,test_051,0,0.0,ITC,1821,0.0,,,-0.11305200308561325,0.06963011622428894,,,,
87,0.0015967869494064903,0.04508982466700629,0.04963935524782734,test_051,1,0.10315600037574768,ITC,1821,0.0005491488193300384,0.7040697674418605,-0.07936425507068634,-0.11305200308561325,0.06963011622428894,0.4838100075721741,1.0,0.015589964338027354,False
88,0.0076763431443100895,0.0988626504312537,0.13524516355965913,test_051,0,0.0,ITC,1821,0.0,,,-0.11305200308561325,0.06963011622428894,,,,
89,0.005036065153842247,0.08007569733530093,0.11772926573601575,test_051,0,0.0,ITC,1821,0.0,,,-0.11305200308561325,0.06963011622428894,,,,
90,0.00808426464312442,0.1014554357032205,0.14879385245096277,test_051,1,0.3125,ITC,1821,0.0005491488193300384,0.9959302325581395,0.1244182288646698,-0.11305200308561325,0.06963011622428894,3.4104530811309814,1.0,0.7746750790393988,False
91,0.0060423208166575475,0.0877115830762668,0.18166830156227778,test_051,0,0.0,ITC,1821,0.0,,,-0.11305200308561325,0.06963011622428894,,,,
92,0.0028973562202513504,0.06073737329526542,0.07765534103228966,test_051,1,0.1871756762266159,ITC,1821,0.0005491488193300384,0.9575581395348837,0.02039971947669983,-0.11305200308561325,0.06963011622428894,1.9165805578231812,1.0,0.24465245794735346,False
93,0.0034885946070394823,0.06664695498845011,0.09374270147659969,test_051,0,0.0,ITC,1821,0.0,,,-0.11305200308561325,0.06963011622428894,,,,
94,0.007280011383092469,0.09627667619457715,0.12505788081712063,test_051,0,0.0,ITC,1821,0.0,,,-0.11305200308561325,0.06963011622428894,,,,
95,0.01918481668792623,0.15629096987850177,0.3774805543210885,test_051,1,0.296875,micro,1821,0.0005491488193300384,0.95,0.011166438460350037,-0.11305200308561325,0.06963011622428894,1.7839758396148682,1.0,0.21196949428084091,False
96,0.0019707131121933746,0.05009181435896196,0.06388152692987094,test_051,0,0.0,ITC,1821,0.0,,,-0.11305200308561325,0.06963011622428894,,,,
97,0.0018724441294578668,0.04882693837353477,0.07094177183824024,test_051,0,0.0,ITC,1821,0.0,,,-0.11305200308561325,0.06963011622428894,,,,
98,0.003923343226792419,0.07067783063960696,0.12718638067186971,test_051,1,0.2534567415714264,ITC,1821,0.0005491488193300384,0.9575581395348837,0.01869840919971466,-0.11305200308561325,0.06963011622428894,1.8921468257904053,1.0,0.23845426456795804,False
0,0.03141562685900098,0.19999904609653554,0.3012864728104499,test_052,2,0.4140625,micro,4102,0.00048756704046806434,0.728170731707317,-0.00956803560256958,-0.06219812110066414,0.0779244527220726,0.6753988265991211,0.9166813292007772,0.02741621390058985,False
0,0.1721234780603086,0.46813931563557026,0.940788055527651,test_061,5,0.296875,micro,3205,0.0015600624024961,0.9894169835234474,0.11604593694210052,-0.08446367084980011,0.07195881009101868,2.786449670791626,0.8006262721427708,0.480912552048839,True
1,0.004691147545507325,0.07728489221786637,0.1016771023592619,test_061,0,0.0,ITC,3205,0.0,,,-0.08446367084980011,0.07195881009101868,,,,
2,0.04601544185391943,0.24205098685374477,0.4049549796702986,test_061,1,0.484375,micro,3205,0.00031201248049921997,0.9933460076045627,0.1274365335702896,-0.08446367084980011,0.07195881009101868,2.9447429180145264,1.0,0.5371041130569363,False
3,0.020873216673029663,0.16302332622642288,0.17702159048887983,test_061,1,0.171875,ITC,3205,0.00031201248049921997,0.9093789607097592,0.012040868401527405,-0.08446367084980011,0.07195881009101868,1.3411080837249756,1.0,0.11140155852845741,False
4,0.15997433856554882,0.45131547060178223,0.8246121852721802,test_061,5,0.40625,micro,3205,0.0015600624024961,0.9930925221799747,0.1336430013179779,-0.08446367084980011,0.07195881009101868,3.0309932231903076,0.8006262721427708,0.569027999661018,True
5,0.02927193455328003,0.19305487464484222,0.3072995539617532,test_061,1,0.578125,micro,3205,0.00031201248049921997,0.9942965779467681,0.13781872391700745,-0.08446367084980011,0.07195881009101868,3.089022636413574,1.0,0.5910250491999303,False
6,0.004017365694557007,0.07151970964686884,0.08339716429838868,test_061,1,0.25953078269958496,ITC,3205,0.00031201248049921997,0.8986058301647655,0.006489954888820648,-0.08446367084980011,0.07195881009101868,1.2639678716659546,1.0,0.09895455178107829,False
7,0.025363129140551513,0.17970347520283225,0.2342071501984245,test_061,2,0.15625,micro,3205,0.0006240249609984399,0.9749683143219265,0.08160081505775452,-0.08446367084980011,0.07195881009101868,2.3077714443206787,0.9141344091161872,0.32987491900184923,False
8,0.09044939293781397,0.33935784046595135,0.5867379268832174,test_061,2,0.4296875,micro,3205,0.0006240249609984399,0.9952471482889734,0.14737123250961304,-0.08446367084980011,0.07195881009101868,3.2217724323272705,0.9141344091161872,0.6429148072563613,True
9,0.003896544167553955,0.0704360285786816,0.07810771527935655,test_061,1,0.2517254650592804,ITC,3205,0.00031201248049921997,0.9904942965779467,0.1114218533039093,-0.08446367084980011,0.07195881009101868,2.7221896648406982,1.0,0.45898708736173044,False
10,0.027159108786013183,0.185957122224765,0.28002767993222294,test_061,1,0.625,micro,3205,0.00031201248049921997,0.9727503168567807,0.06012128293514252,-0.08446367084980011,0.07195881009101868,2.0092737674713135,1.0,0.25005868019823635,False
11,0.0044313411863298345,0.07511430512657874,0.08412947583010014,test_061,0,0.0,ITC,3205,0.0,,,-0.08446367084980011,0.07195881009101868,,,,
12,0.007962801028525635,0.10069038264092885,0.12306696555128024,test_061,0,0.0,ITC,3205,0.0,,,-0.08446367084980011,0.07195881009101868,,,,
13,0.06383006507340527,0.2850806254281029,0.48422766746030155,test_061,2,0.5390625,micro,3205,0.0006240249609984399,0.9960392902408112,0.15731847286224365,-0.08446367084980011,0.07195881009101868,3.3600075244903564,0.9141344091161872,0.6992688881896459,True
14,0.061442294634408694,0.2796976210978532,0.5336262358085498,test_061,2,0.6015625,micro,3205,0.0006240249609984399,0.9984157160963245,0.2085677683353424,-0.08446367084980011,0.07195881009101868,4.072210788726807,0.9141344091161872,1.0271271439743501,True
15,0.12159454449718653,0.3934704340581097,0.6275439718618269,test_061,3,0.59375,micro,3205,0.00093603744149766,0.9950359104351499,0.14936670660972595,-0.08446367084980011,0.07195881009101868,3.2495031356811523,0.8639062583468923,0.6540299356853047,True
16,0.006318286811013428,0.08969221049099481,0.11476880504336122,test_061,0,0.0,ITC,3205,0.0,,,-0.08446367084980011,0.07195881009101868,,,,
17,0.0038888195607487794,0.0703661768684712,0.08618209582143975,test_061,0,0.0,ITC,3205,0.0,,,-0.08446367084980011,0.07195881009101868,,,,
18,0.13183288947665112,0.4097009252837639,0.7165847976598887,test_061,4,0.8515625,micro,3205,0.0012480499219968799,0.9984157160963245,0.22018983960151672,-0.08446367084980011,0.07195881009101868,4.233720779418945,0.8282688182323744,1.1102176582422316,True
19,0.006077930757785705,0.08796966403809278,0.11278071159163587,test_061,1,0.3926478922367096,ITC,3205,0.00031201248049921997,0.9996831432192649,0.2550390958786011,-0.08446367084980011,0.07195881009101868,4.718015193939209,1.0,1.3787400030097885,True
20,0.030225299565204714,0.1961735116112396,0.25478429439275807,test_061,0,0.0,micro,3205,0.0,,,-0.08446367084980011,0.07195881009101868,,,,
21,0.004224759180668426,0.07334255555821577,0.0946420102368021,test_061,0,0.0,ITC,3205,0.0,,,-0.08446367084980011,0.07195881009101868,,,,
22,0.012771121835842163,0.12751743940349872,0.15039747478589277,test_061,0,0.0,ITC,3205,0.0,,,-0.08446367084980011,0.07195881009101868,,,,
23,0.33752021760237966,0.6555486924698782,1.6187582072372886,test_061,8,0.7578125,micro,3205,0.0024960998439937598,0.9991682509505704,0.23071444034576416,-0.08446367084980011,0.07195881009101868,4.379979133605957,0.7424032273485616,1.1882499075593649,True
24,0.0173873429940119,0.1487892895266653,0.2022767734346763,test_061,1,0.28125,micro,3205,0.00031201248049921997,0.9889100126742713,0.10085149854421616,-0.08446367084980011,0.07195881009101868,2.5752949714660645,1.0,0.4107879218710613,False
25,0.014611287133678163,0.13639526596652513,0.18930178246666995,test_061,1,0.140625,ITC,3205,0.00031201248049921997,0.9280735107731305,0.021584421396255493,-0.08446367084980011,0.07195881009101868,1.4737333059310913,1.0,0.13452453615704005,False
26,0.002535101325993027,0.05681365380051585,0.06962897945899532,test_061,0,0.0,ITC,3205,0.0,,,-0.08446367084980011,0.07195881009101868,,,,
27,0.010768782002302002,0.11709500029447549,0.14853397365536944,test_061,1,0.234375,ITC,3205,0.00031201248049921997,0.9980988593155894,0.19060680270195007,-0.08446367084980011,0.07195881009101868,3.822610378265381,1.0,0.905073345944671,False
28,0.012478770590040527,0.12604945134715081,0.18788926006108292,test_061,1,0.203125,ITC,3205,0.00031201248049921997,0.9961977186311787,0.1549755334854126,-0.08446367084980011,0.07195881009101868,3.3274481296539307,1.0,0.6857823357434281,False
29,0.010512008472782868,0.11569055658150423,0.13273898994842387,test_061,1,0.6790992021560669,ITC,3205,0.00031201248049921997,0.9987325728770595,0.22104595601558685,-0.08446367084980011,0.07195881009101868,4.245617866516113,1.0,1.1164660223285354,True
30,0.01899239900032123,0.1555052200300606,0.1734613250641191,test_061,1,0.09375,ITC,3205,0.00031201248049921997,0.9933460076045627,0.12221693992614746,-0.08446367084980011,0.07195881009101868,2.8722071647644043,1.0,0.5109697952228058,False
31,0.016299267848446288,0.1440585727225986,0.1714289222279893,test_061,1,0.59375,ITC,3205,0.00031201248049921997,1.0,0.27209994196891785,-0.08446367084980011,0.07195881009101868,4.95510721206665,1.0,1.5207919933058491,True
32,0.020412896589464723,0.16121571623230788,0.1865352202982154,test_061,1,0.046875,ITC,3205,0.00031201248049921997,0.9987325728770595,0.21143387258052826,-0.08446367084980011,0.07195881009101868,4.1120405197143555,1.0,1.0473177816712704,True
33,0.0012256386171954003,0.039503563826162644,0.0620477999041722,test_061,1,0.07917898893356323,ITC,3205,0.00031201248049921997,0.9917617237008872,0.1173098236322403,-0.08446367084980011,0.07195881009101868,2.804013729095459,1.0,0.4869944115725964,False
34,0.0015594330478807756,0.04455930681607026,0.050674470697399075,test_061,0,0.0,ITC,3205,0.0,,,-0.08446367084980011,0.07195881009101868,,,,
35,0.0036382533055206072,0.06806150147001062,0.0823675181256616,test_061,0,0.0,ITC,3205,0.0,,,-0.08446367084980011,0.07195881009101868,,,,
0,0.08976901813482568,0.3380790791831225,0.5056024853853441,test_064,4,0.34375,micro,1387,0.002883922134102379,0.9981923355025307,0.25083574652671814,-0.05890820920467377,0.07282407581806183,4.253317832946777,0.808387861089062,1.2502395705561158,True
0,0.09614315512961835,0.34987607386993097,0.5278059408353336,test_065,3,0.609375,micro,1584,0.001893939393939394,0.7172995780590717,-0.03566301241517067,-0.07418899238109589,0.06138073652982712,0.6276558637619019,0.8508881997874596,0.026735034335630715,False
1,0.0029556329925736315,0.06134516122620168,0.07954164147227463,test_065,0,0.0,ITC,1584,0.0,,,-0.07418899238109589,0.06138073652982712,,,,
2,0.001085894568017681,0.03718338211369722,0.050809442664177515,test_065,0,0.0,ITC,1584,0.0,,,-0.07418899238109589,0.06138073652982712,,,,
3,0.0007474917345120835,0.03085021937917885,0.04896807026982511,test_065,1,0.04828963428735733,ITC,1584,0.0006313131313131314,0.7341772151898734,-0.04937690496444702,-0.07418899238109589,0.06138073652982712,0.4042324721813202,1.0,0.011089193469087098,False
4,0.001786876940012189,0.047698242961338524,0.13584504388916174,test_065,0,0.0,ITC,1584,0.0,,,-0.07418899238109589,0.06138073652982712,,,,
5,0.0017668803384019432,0.04743060106796455,0.06323698789365965,test_065,0,0.0,ITC,1584,0.0,,,-0.07418899238109589,0.06138073652982712,,,,
0,0.027013826377448136,0.18545908443205686,0.27536025058908004,test_066,1,0.53125,micro,5793,0.00017262213015708613,0.9816799170411338,0.052821189165115356,-0.06643957644701004,0.05377370864152908,2.2178266048431396,1.0,0.2838483730239037,False
1,0.0009267278858018303,0.034350350673780644,0.04454161677919275,test_066,0,0.0,ITC,5793,0.0,,,-0.06643957644701004,0.05377370864152908,,,,
2,0.0012316451455196343,0.039600243741127306,0.047117641252062636,test_066,1,0.07956703007221222,ITC,5793,0.00017262213015708613,0.9804701002419633,0.05075806379318237,-0.06643957644701004,0.05377370864152908,2.179459810256958,1.0,0.2741125761916578,False
3,0.0008154211233564377,0.03222152106697922,0.04960236499298138,test_066,0,0.0,ITC,5793,0.0,,,-0.06643957644701004,0.05377370864152908,,,,
4,0.00025313149406416515,0.017952632906077848,0.02092726440509137,test_066,0,0.0,ITC,5793,0.0,,,-0.06643957644701004,0.05377370864152908,,,,
5,0.002220900035982399,0.05317647741921738,0.0801244727410839,test_066,0,0.0,ITC,5793,0.0,,,-0.06643957644701004,0.05377370864152908,,,,
6,0.0006311072253280792,0.028346969436886818,0.047146735013518855,test_066,0,0.0,ITC,5793,0.0,,,-0.06643957644701004,0.05377370864152908,,,,
7,0.008973251583712922,0.10688825361675958,0.15992021821520883,test_066,1,0.171875,ITC,5793,0.00017262213015708613,0.8517110266159695,-0.0081329345703125,-0.06643957644701004,0.05377370864152908,1.084296464920044,1.0,0.06784647914913451,False
8,0.00046274098399248505,0.024273032768669284,0.028097765755641508,test_066,0,0.0,ITC,5793,0.0,,,-0.06643957644701004,0.05377370864152908,,,,
9,0.026556200569394166,0.18388149641242071,0.27558746611497537,test_066,1,0.8125,micro,5793,0.00017262213015708613,0.9991358451434497,0.11531278491020203,-0.06643957644701004,0.05377370864152908,3.379948377609253,1.0,0.6592518633599418,False
10,0.0004401627724754448,0.02367345872567003,0.025874949545460317,test_066,0,0.0,ITC,5793,0.0,,,-0.06643957644701004,0.05377370864152908,,,,
11,0.0023016012688345413,0.054133998112948986,0.061448500028809604,test_066,0,0.0,ITC,5793,0.0,,,-0.06643957644701004,0.05377370864152908,,,,
12,0.0003998880008930168,0.022564423684244165,0.028913569300391684,test_066,0,0.0,ITC,5793,0.0,,,-0.06643957644701004,0.05377370864152908,,,,
13,0.0004819114311459961,0.024770722460093868,0.03884752315463626,test_066,1,0.03113255463540554,ITC,5793,0.00017262213015708613,0.8748703767715175,-0.0026512742042541504,-0.06643957644701004,0.05377370864152908,1.1862359046936035,1.0,0.08120324066306103,False
14,0.0003931054432783127,0.02237224610164552,0.02746683260145065,test_066,0,0.0,ITC,5793,0.0,,,-0.06643957644701004,0.05377370864152908,,,,
15,0.01342935234839795,0.1307623128816644,0.24464990965736738,test_066,2,0.0625,micro,5793,0.00034524426031417227,0.8097995160732804,0.021837398409843445,-0.06643957644701004,0.05377370864152908,1.641638159751892,0.9200006076732836,0.15551995029778395,False
16,0.00033187829149134064,0.02055627798911851,0.027639046890223985,test_066,0,0.0,ITC,5793,0.0,,,-0.06643957644701004,0.05377370864152908,,,,
17,0.0002036495138467827,0.016102627558749995,0.02117309632528979,test_066,0,0.0,ITC,5793,0.0,,,-0.06643957644701004,0.05377370864152908,,,,
18,0.0030062010993204802,0.061867714674789416,0.08178412964753598,test_066,0,0.0,ITC,5793,0.0,,,-0.06643957644701004,0.05377370864152908,,,,
19,0.0037974839556093407,0.06953493181688698,0.11389945827673492,test_066,0,0.0,ITC,5793,0.0,,,-0.06643957644701004,0.05377370864152908,,,,
20,0.0006703314685188561,0.029214594534215283,0.03965481552724713,test_066,0,0.0,ITC,5793,0.0,,,-0.06643957644701004,0.05377370864152908,,,,
0,9.282957161497414,3.437939521006876,4.660673060144095,test_068,168,1.0,macro,4944,0.03398058252427184,0.9953777390712434,0.17808590829372406,-0.09154615551233292,0.06816735118627548,3.9554429054260254,0.39760097015578405,0.9196835960131039,True
1,0.003525891136581665,0.06700226880880217,0.09112518556295714,test_068,0,0.0,ITC,4944,0.0,,,-0.09154615551233292,0.06816735118627548,,,,
2,0.0036443927715822375,0.0681189033479363,0.09180689128061126,test_068,0,0.0,ITC,4944,0.0,,,-0.09154615551233292,0.06816735118627548,,,,
3,0.01391510108785515,0.13310618683609135,0.22668358868106137,test_068,1,0.28125,micro,4944,0.0002022653721682848,0.9974774017237755,0.18162043392658234,-0.09154615551233292,0.06816735118627548,4.007293701171875,1.0,0.9439533836441197,False
4,0.005459980428991619,0.0833778327595062,0.13522500289269454,test_068,0,0.0,ITC,4944,0.0,,,-0.09154615551233292,0.06816735118627548,,,,
5,0.05464768268389829,0.2637794355541733,0.38588875478915396,test_068,2,0.234375,micro,4944,0.0004045307443365696,0.9977927265083035,0.19486099481582642,-0.09154615551233292,0.06816735118627548,4.201529502868652,0.9185101240393199,1.037679017183638,True
6,0.01875352527197342,0.15452420515720766,0.2509784515189788,test_068,0,0.0,micro,4944,0.0,,,-0.09154615551233292,0.06816735118627548,,,,
7,0.0064965470999162065,0.09094867053370187,0.12465486516105076,test_068,1,0.41969144344329834,ITC,4944,0.0002022653721682848,0.9983182678158503,0.20597337186336517,-0.09154615551233292,0.06816735118627548,4.364545822143555,1.0,1.1197635200102922,True
8,0.0012715722200050564,0.04023699832861689,0.047494534938243155,test_068,0,0.0,ITC,4944,0.0,,,-0.09154615551233292,0.06816735118627548,,,,
9,0.007744611535247681,0.09930128732946743,0.17685809775353797,test_068,1,0.359375,ITC,4944,0.0002022653721682848,0.9960058860626445,0.1483161300420761,-0.09154615551233292,0.06816735118627548,3.5187268257141113,1.0,0.727812154300326,False
10,0.002145417952062504,0.05226500718980825,0.06178236172444365,test_068,0,0.0,ITC,4944,0.0,,,-0.09154615551233292,0.06816735118627548,,,,
11,0.011177781865728813,0.11929792074411653,0.15364383129690964,test_068,0,0.0,ITC,4944,0.0,,,-0.09154615551233292,0.06816735118627548,,,,
12,0.007855725350247117,0.10001110022649044,0.14803298304400514,test_068,1,0.078125,ITC,4944,0.0002022653721682848,0.9064536472566743,-0.0020853132009506226,-0.09154615551233292,0.06816735118627548,1.312370777130127,1.0,0.10124213677045137,False
13,0.0051669794556523365,0.0811098179616421,0.10502876838511296,test_068,0,0.0,ITC,4944,0.0,,,-0.09154615551233292,0.06816735118627548,,,,
14,0.0028765973790099222,0.060519398024409955,0.06686654807221498,test_068,0,0.0,ITC,4944,0.0,,,-0.09154615551233292,0.06816735118627548,,,,
15,0.001647644648627987,0.04580225237152017,0.058738696113602655,test_068,0,0.0,ITC,4944,0.0,,,-0.09154615551233292,0.06816735118627548,,,,
16,0.0052905474603439865,0.08207395591664964,0.10222333491566778,test_068,0,0.0,ITC,4944,0.0,,,-0.09154615551233292,0.06816735118627548,,,,
17,0.002652290705631157,0.05811197303949607,0.0740101530350511,test_068,0,0.0,ITC,4944,0.0,,,-0.09154615551233292,0.06816735118627548,,,,
18,0.0019626255010389976,0.04998892276723428,0.06632442284897773,test_068,0,0.0,ITC,4944,0.0,,,-0.09154615551233292,0.06816735118627548,,,,
19,0.0027267582736520577,0.05892212201667201,0.0742464182276726,test_068,1,0.17615467309951782,ITC,4944,0.0002022653721682848,0.9951650199705697,0.1422017216682434,-0.09154615551233292,0.06816735118627548,3.429029703140259,1.0,0.6911792541327297,False
20,0.003122486472475628,0.06305294009526101,0.09104826068767048,test_068,1,0.20171959698200226,ITC,4944,0.0002022653721682848,0.9968467521547194,0.170169398188591,-0.09154615551233292,0.06816735118627548,3.8393094539642334,1.0,0.8664718075973913,False
21,0.0035122355354452973,0.0668723947092747,0.08805288224876512,test_068,0,0.0,ITC,4944,0.0,,,-0.09154615551233292,0.06816735118627548,,,,
22,0.001430442503582245,0.04267664422176238,0.04831191413173043,test_068,0,0.0,ITC,4944,0.0,,,-0.09154615551233292,0.06816735118627548,,,,
23,0.001486219338332817,0.04350072681824375,0.0601109508159703,test_068,0,0.0,ITC,4944,0.0,,,-0.09154615551233292,0.06816735118627548,,,,
24,0.0005064025116186447,0.025392355214632338,0.032925964212598226,test_068,0,0.0,ITC,4944,0.0,,,-0.09154615551233292,0.06816735118627548,,,,
25,0.006059904735052002,0.08783911626374703,0.10747586726447013,test_068,1,0.3914833664894104,ITC,4944,0.0002022653721682848,0.9667857893630439,0.04475201666355133,-0.09154615551233292,0.06816735118627548,1.9994642734527588,1.0,0.23500413130717854,False
26,0.019988919329128694,0.15953270055498878,0.24073601820330356,test_068,1,0.09375,micro,4944,0.0002022653721682848,0.9617405928105949,0.038920044898986816,-0.09154615551233292,0.06816735118627548,1.9139102697372437,1.0,0.2153234579274171,False
27,0.007417495310080696,0.09718152268658045,0.11184254684455464,test_068,1,0.4791867733001709,ITC,4944,0.0002022653721682848,0.9890687408030271,0.09789615869522095,-0.09154615551233292,0.06816735118627548,2.7790768146514893,1.0,0.45399315198435575,False
28,0.008370937464312401,0.10323860036860069,0.1332753318188829,test_068,1,0.5407812595367432,ITC,4944,0.0002022653721682848,0.9983182678158503,0.21041832864284515,-0.09154615551233292,0.06816735118627548,4.429752349853516,1.0,1.153472100230217,True
29,0.001475973061444336,0.043350516361339346,0.050976948853308224,test_068,0,0.0,ITC,4944,0.0,,,-0.09154615551233292,0.06816735118627548,,,,
30,0.0045772502793928185,0.07634091997004627,0.1097025309163412,test_068,0,0.0,ITC,4944,0.0,,,-0.09154615551233292,0.06816735118627548,,,,
31,0.0014975378272444153,0.04366605525330132,0.05229344444444771,test_068,0,0.0,ITC,4944,0.0,,,-0.09154615551233292,0.06816735118627548,,,,
32,0.0009175439286792183,0.03417971933802325,0.041604835578602145,test_068,1,0.05927538499236107,ITC,4944,0.0002022653721682848,0.9871767920958587,0.08336451649665833,-0.09154615551233292,0.06816735118627548,2.5659008026123047,1.0,0.38701511354514145,False
33,0.0009087976025755005,0.03401642317704255,0.03951692365056407,test_068,0,0.0,ITC,4944,0.0,,,-0.09154615551233292,0.06816735118627548,,,,
34,0.0022384306730070303,0.05338593870131624,0.06608749388203868,test_068,0,0.0,ITC,4944,0.0,,,-0.09154615551233292,0.06816735118627548,,,,
35,0.0013331017268237687,0.041199002848937426,0.0516357846773921,test_068,0,0.0,ITC,4944,0.0,,,-0.09154615551233292,0.06816735118627548,,,,
36,0.001348911576912655,0.04144258150835031,0.050480990733799594,test_068,0,0.0,ITC,4944,0.0,,,-0.09154615551233292,0.06816735118627548,,,,
37,0.0009220002502361297,0.034262620723703494,0.051416185458952754,test_068,1,0.059563275426626205,ITC,4944,0.0002022653721682848,0.9388269918015556,0.01860623061656952,-0.09154615551233292,0.06816735118627548,1.6159112453460693,1.0,0.15349110286004286,False
38,0.0013600545962912294,0.04161340282885804,0.0799072544965287,test_068,0,0.0,ITC,4944,0.0,,,-0.09154615551233292,0.06816735118627548,,,,
39,0.005683855547579727,0.08507002791665723,0.13869490358625064,test_068,1,0.078125,ITC,4944,0.0002022653721682848,0.6752154719360942,-0.06584881991147995,-0.09154615551233292,0.06816735118627548,0.3769742548465729,1.0,0.008353559741941111,False
40,0.008990294925703766,0.10698971454414628,0.19172464890370608,test_068,2,0.0390625,ITC,4944,0.0004045307443365696,0.968257305024175,0.09726996719837189,-0.09154615551233292,0.06816735118627548,2.7698910236358643,0.9185101240393199,0.4509969094265108,False
41,0.0007000390638027878,0.02985493960625429,0.037582510661812014,test_068,0,0.0,ITC,4944,0.0,,,-0.09154615551233292,0.06816735118627548,,,,
42,0.006032931080942024,0.08764340490257802,0.11024938935028863,test_068,1,0.38974082469940186,ITC,4944,0.0002022653721682848,0.9997897834769813,0.25659796595573425,-0.09154615551233292,0.06816735118627548,5.107197284698486,1.0,1.5332517495133613,True
43,0.0006252257625623932,0.02821457363281672,0.0317503888579496,test_068,1,0.0403909794986248,ITC,4944,0.0002022653721682848,0.9915913390792517,0.12173150479793549,-0.09154615551233292,0.06816735118627548,3.1287362575531006,1.0,0.5754215335842144,False
44,0.001169327293982666,0.03858540853012819,0.04534109832250392,test_068,0,0.0,ITC,4944,0.0,,,-0.09154615551233292,0.06816735118627548,,,,
0,0.48591502919714685,0.7865661005630414,1.050821473700019,test_069,11,0.953125,micro,11457,0.0009601117220912979,0.9171118304603658,0.13653890788555145,-0.042484451085329056,0.08476950228214264,2.1118838787078857,0.7434406278049743,0.23859852081444075,False
1,0.00024029584281779482,0.017491545658148148,0.01977359741889503,test_069,0,0.0,ITC,11457,0.0,,,-0.042484451085329056,0.08476950228214264,,,,
2,0.0012066488127596283,0.03919633892359456,0.049848243446217855,test_069,1,0.07795220613479614,ITC,11457,8.728288382648163e-05,0.13366076126995263,-0.1175408735871315,-0.042484451085329056,0.08476950228214264,-0.8854176998138428,1.0,0.04193957989562064,False
3,0.0004638041025092468,0.024300899660818612,0.032683500000000004,test_069,0,0.0,ITC,11457,0.0,,,-0.042484451085329056,0.08476950228214264,,,,
4,0.011522763497574372,0.12112488658299146,0.203461093730069,test_069,0,0.0,micro,11457,0.0,,,-0.042484451085329056,0.08476950228214264,,,,
5,0.0009024207119782333,0.03389686912502019,0.047382326130608984,test_069,0,0.0,ITC,11457,0.0,,,-0.042484451085329056,0.08476950228214264,,,,
6,0.07885512436111633,0.3168618983746427,0.7740381663706691,test_069,3,0.453125,micro,11457,0.0002618486514794449,0.918259954393966,0.13141092658042908,-0.042484451085329056,0.08476950228214264,2.0513906478881836,0.8824555508058125,0.225125359607898,False
7,0.00986995979914856,0.11210184263080723,0.3487344529708444,test_069,2,0.1796875,micro,11457,0.00017456576765296326,0.8709436940887564,0.05078335106372833,-0.042484451085329056,0.08476950228214264,1.1002517938613892,0.9258377096362185,0.06476074670776502,False
8,0.20158149042164025,0.5066177307314508,1.0359806201546187,test_069,7,0.40625,micro,11457,0.0006109801867853714,0.9046032024456863,0.0897843986749649,-0.042484451085329056,0.08476950228214264,1.5603352785110474,0.7918001291161729,0.13024574152468388,False
9,0.001751774639258606,0.047227415175597226,0.06646897027235467,test_069,0,0.0,ITC,11457,0.0,,,-0.042484451085329056,0.08476950228214264,,,,
10,0.03642996048380475,0.21536960393964494,0.3575208056282135,test_069,1,0.296875,micro,11457,8.728288382648163e-05,0.7796877740747238,0.004678994417190552,-0.042484451085329056,0.08476950228214264,0.5563728213310242,1.0,0.01655996788963839,False
11,0.0005234118582669296,0.025815279896386385,0.030958568358646386,test_069,0,0.0,ITC,11457,0.0,,,-0.042484451085329056,0.08476950228214264,,,,
12,0.014618682846131012,0.13642978080916052,0.20756387063366885,test_069,2,0.2109375,micro,11457,0.00017456576765296326,0.9288721276968953,0.09871900081634521,-0.042484451085329056,0.08476950228214264,1.665734052658081,0.9258377096362185,0.14843591887398955,False
13,0.0002135711880358944,0.01649021777367934,0.020072556823074145,test_069,0,0.0,ITC,11457,0.0,,,-0.042484451085329056,0.08476950228214264,,,,
14,0.46301516005862237,0.7678080564819041,1.1262480684457907,test_069,12,0.765625,micro,11457,0.0010473946059177796,0.9254516751447115,0.1313733011484146,-0.042484451085329056,0.08476950228214264,2.0509469509124756,0.7341309700782495,0.2250279850401164,False
15,0.0005316157082306185,0.026016804998339322,0.03739985153911882,test_069,0,0.0,ITC,11457,0.0,,,-0.042484451085329056,0.08476950228214264,,,,
16,0.0019733975421310015,0.05012591932448088,0.06857254048452077,test_069,1,0.12748588621616364,ITC,11457,8.728288382648163e-05,0.6966321697947728,-0.020209357142448425,-0.042484451085329056,0.08476950228214264,0.26277250051498413,1.0,0.003693920161366811,False
17,0.00043663428998485994,0.023578380873081256,0.030069446685560282,test_069,0,0.0,ITC,11457,0.0,,,-0.042484451085329056,0.08476950228214264,,,,
18,0.0013931943268792348,0.04211733740970965,0.054641283626261965,test_069,0,0.0,ITC,11457,0.0,,,-0.042484451085329056,0.08476950228214264,,,,
19,0.003629347894638851,0.06797815282173746,0.11964755158782606,test_069,1,0.23446397483348846,ITC,11457,8.728288382648163e-05,0.8253815120154359,0.023025423288345337,-0.042484451085329056,0.08476950228214264,0.7727999687194824,1.0,0.03194933835248,False
20,0.0038474681406519187,0.06999106074197399,0.11778740350777347,test_069,0,0.0,ITC,11457,0.0,,,-0.042484451085329056,0.08476950228214264,,,,
21,0.0009652519209504176,0.035057052306000445,0.05259996639807,test_069,0,0.0,ITC,11457,0.0,,,-0.042484451085329056,0.08476950228214264,,,,
22,0.07371433359963583,0.3063592736524492,0.7678518433168715,test_069,4,0.34375,micro,11457,0.0003491315353059265,0.9668259954393966,0.1762954592704773,-0.042484451085329056,0.08476950228214264,2.5808799266815186,0.8516754192724372,0.35633893415744633,False
23,0.009725726915975152,0.11127973809600165,0.32665241455861616,test_069,0,0.0,micro,11457,0.0,,,-0.042484451085329056,0.08476950228214264,,,,
24,0.16780454242639892,0.4622287087616697,0.8703581370500485,test_069,6,0.3671875,micro,11457,0.0005236973029588898,0.8939513535637023,0.08049658685922623,-0.042484451085329056,0.08476950228214264,1.4507699012756348,0.808293260442031,0.11259646362910394,False
25,0.034791232646616946,0.21046988671958203,0.373583746780002,test_069,1,0.28125,micro,11457,8.728288382648163e-05,0.6940887563585336,-0.02105650305747986,-0.042484451085329056,0.08476950228214264,0.2527789771556854,1.0,0.0034182953275780324,False
26,0.0027216000608983157,0.05886636410115171,0.06692532786807996,test_069,0,0.0,ITC,11457,0.0,,,-0.042484451085329056,0.08476950228214264,,,,
27,0.013879202082698364,0.13293437832653443,0.22090405191101276,test_069,1,0.28125,micro,11457,8.728288382648163e-05,0.9569373794071215,0.1419379711151123,-0.042484451085329056,0.08476950228214264,2.175575017929077,1.0,0.25320705575317753,False
28,0.000992447713799286,0.035547484795569656,0.038047081314800134,test_069,0,0.0,ITC,11457,0.0,,,-0.042484451085329056,0.08476950228214264,,,,
29,0.0006097430919666825,0.027863040336996055,0.045977104777687905,test_069,0,0.0,ITC,11457,0.0,,,-0.042484451085329056,0.08476950228214264,,,,
30,0.0007246723805003815,0.030375673356000724,0.03338598038473635,test_069,0,0.0,ITC,11457,0.0,,,-0.042484451085329056,0.08476950228214264,,,,
31,0.016139901711870484,0.14335257621574943,0.26001242590999046,test_069,2,0.1953125,micro,11457,0.00017456576765296326,0.9303630941940011,0.10096081346273422,-0.042484451085329056,0.08476950228214264,1.6921801567077637,0.9258377096362185,0.15318663385315126,False
0,10.80160456167321,3.7085077962051067,4.964015062740875,test_071,201,1.0,macro,6989,0.02875947918157104,0.9919723725693875,0.21487239003181458,-0.08891059458255768,0.051578644663095474,5.889705181121826,0.40089817744115896,1.959346114381854,True
1,0.001919218587198332,0.04943303551484236,0.07169499657042995,test_071,0,0.0,ITC,6989,0.0,,,-0.08891059458255768,0.051578644663095474,,,,
2,0.0002685233930322211,0.018490392172560495,0.02422492036324684,test_071,1,0.01734721101820469,ITC,6989,0.00014308198597796538,0.9967948717948718,0.15394574403762817,-0.08891059458255768,0.051578644663095474,4.70846700668335,1.0,1.252227136869573,True
3,0.0005113545059709263,0.025516206190981768,0.03754318537278783,test_071,0,0.0,ITC,6989,0.0,,,-0.08891059458255768,0.051578644663095474,,,,
4,0.00023726313944249583,0.01738081734689709,0.01996287390723936,test_071,0,0.0,ITC,6989,0.0,,,-0.08891059458255768,0.051578644663095474,,,,
5,0.0005774608712004018,0.027115420276100644,0.031681062538267725,test_071,0,0.0,ITC,6989,0.0,,,-0.08891059458255768,0.051578644663095474,,,,
6,0.0013359834856240512,0.04124350864087175,0.051807302244451084,test_071,0,0.0,ITC,6989,0.0,,,-0.08891059458255768,0.051578644663095474,,,,
7,0.000700919546075233,0.02987370890500218,0.03765118980107351,test_071,0,0.0,ITC,6989,0.0,,,-0.08891059458255768,0.051578644663095474,,,,
8,0.002439966341327634,0.05573743475978346,0.09483540648848078,test_071,0,0.0,ITC,6989,0.0,,,-0.08891059458255768,0.051578644663095474,,,,
9,0.004698675005905632,0.0773468734040218,0.15281825066682106,test_071,1,0.140625,ITC,6989,0.00014308198597796538,0.9894688644688645,0.06419055163860321,-0.08891059458255768,0.051578644663095474,2.9683048725128174,1.0,0.497669537114205,False
10,0.00023194027122297835,0.0171847468802335,0.02020555903577875,test_071,0,0.0,ITC,6989,0.0,,,-0.08891059458255768,0.051578644663095474,,,,
11,0.0007074763907604246,0.030013112429114697,0.03905895230215577,test_071,0,0.0,ITC,6989,0.0,,,-0.08891059458255768,0.051578644663095474,,,,
12,0.002587059910389925,0.057392917529146915,0.10882079448956497,test_071,0,0.0,ITC,6989,0.0,,,-0.08891059458255768,0.051578644663095474,,,,
13,0.03885559341893413,0.22242409508670205,0.33689946898384193,test_071,2,0.34375,micro,6989,0.00028616397195593076,0.9978632478632479,0.18431627750396729,-0.08891059458255768,0.051578644663095474,5.297286510467529,0.9216968010751307,1.585006230942315,True
14,0.015974058511176517,0.14261417526439382,0.2226445260885716,test_071,1,0.390625,micro,6989,0.00014308198597796538,0.9998473748473748,0.2873073220252991,-0.08891059458255768,0.051578644663095474,7.294063568115234,1.0,3.005129112248904,True
15,0.0019442210227383972,0.04975398566804442,0.09682912029900469,test_071,0,0.0,ITC,6989,0.0,,,-0.08891059458255768,0.051578644663095474,,,,
16,0.004203863609424895,0.07316095535319964,0.11958594851852462,test_071,1,0.27157896757125854,ITC,6989,0.00014308198597796538,0.9952686202686203,0.11488336324691772,-0.08891059458255768,0.051578644663095474,3.9511306285858154,1.0,0.8817933601283637,False
17,0.0017810781574527184,0.04762078477233278,0.08297498097034953,test_071,0,0.0,ITC,6989,0.0,,,-0.08891059458255768,0.051578644663095474,,,,
18,0.003754370914915143,0.06913908818080763,0.1248166228284867,test_071,0,0.0,ITC,6989,0.0,,,-0.08891059458255768,0.051578644663095474,,,,
19,0.006998684098580295,0.09439810038036568,0.1792752465151768,test_071,1,0.0625,ITC,6989,0.00014308198597796538,0.9598595848595849,0.004659414291381836,-0.08891059458255768,0.051578644663095474,1.8141230344772339,1.0,0.18589064033532313,False
20,0.02865029767533751,0.19099395793761023,0.6081997140766605,test_071,3,0.109375,micro,6989,0.00042924595793389613,0.773097273097273,0.027600228786468506,-0.08891059458255768,0.051578644663095474,2.258896589279175,0.875892366017573,0.288215111239569,False
21,0.007014568747939797,0.09450516556855698,0.21773092304276145,test_071,0,0.0,micro,6989,0.0,,,-0.08891059458255768,0.051578644663095474,,,,
22,0.00046660054674301746,0.024374049062645654,0.0330108570900604,test_071,1,0.030143437907099724,ITC,6989,0.00014308198597796538,0.9958791208791209,0.12311473488807678,-0.08891059458255768,0.051578644663095474,4.110719203948975,1.0,0.9544642620236901,False
23,0.0010107172376910582,0.03587318156469738,0.05232264579032678,test_071,0,0.0,ITC,6989,0.0,,,-0.08891059458255768,0.051578644663095474,,,,
24,0.0008196135400877688,0.03230424694432801,0.048182659065141534,test_071,0,0.0,ITC,6989,0.0,,,-0.08891059458255768,0.051578644663095474,,,,
25,0.0024675581392026528,0.05605169579741483,0.09244823781423984,test_071,0,0.0,ITC,6989,0.0,,,-0.08891059458255768,0.051578644663095474,,,,
26,0.0007501780016218142,0.030905603007469258,0.04903323708159879,test_071,1,0.04846317321062088,ITC,6989,0.00014308198597796538,0.9986263736263736,0.21044756472110748,-0.08891059458255768,0.051578644663095474,5.803916931152344,1.0,1.9026829385871173,True
27,0.0008049821237692366,0.03201460717840979,0.04302042374332821,test_071,1,0.0520036444067955,ITC,6989,0.00014308198597796538,0.9978632478632479,0.19007495045661926,-0.08891059458255768,0.051578644663095474,5.408935546875,1.0,1.6525235631825823,True
28,0.032695314804907886,0.20403178119394474,0.6098611385852745,test_071,2,0.2578125,micro,6989,0.00028616397195593076,0.9981684981684982,0.19542726874351501,-0.08891059458255768,0.051578644663095474,5.512705326080322,0.9216968010751307,1.7165387227741329,True
29,0.0028374344409637987,0.060106020795163424,0.16653369699340054,test_071,0,0.0,ITC,6989,0.0,,,-0.08891059458255768,0.051578644663095474,,,,
30,0.0018601281343696462,0.04866609393565376,0.09668429761534476,test_071,0,0.0,ITC,6989,0.0,,,-0.08891059458255768,0.051578644663095474,,,,
31,0.0011945304335077343,0.038999017748293154,0.07186195235570829,test_071,0,0.0,ITC,6989,0.0,,,-0.08891059458255768,0.051578644663095474,,,,
32,0.005598613798384324,0.08442971327561676,0.11005830777995748,test_071,0,0.0,ITC,6989,0.0,,,-0.08891059458255768,0.051578644663095474,,,,
33,10.30859109104832,3.622886394524029,4.911840420691398,test_071,194,1.0,macro,6989,0.027757905279725284,0.9972637614390192,0.21853145956993103,-0.08891059458255768,0.051578644663095474,5.960646629333496,0.40490251290655277,2.0068309940433084,True
34,0.001521587173920742,0.04401528098964845,0.049242430690823395,test_071,0,0.0,ITC,6989,0.0,,,-0.08891059458255768,0.051578644663095474,,,,
35,0.00026061741446046637,0.01821615761179342,0.024051148242787618,test_071,0,0.0,ITC,6989,0.0,,,-0.08891059458255768,0.051578644663095474,,,,
36,0.0004489013984944153,0.02390730039653175,0.037665106355964505,test_071,0,0.0,ITC,6989,0.0,,,-0.08891059458255768,0.051578644663095474,,,,
37,0.0017848093586287652,0.04767063934141797,0.06480388527539589,test_071,0,0.0,ITC,6989,0.0,,,-0.08891059458255768,0.051578644663095474,,,,
38,0.0046052786795514455,0.07657429679292284,0.14033222714969065,test_071,0,0.0,ITC,6989,0.0,,,-0.08891059458255768,0.051578644663095474,,,,
39,0.001908959608796608,0.04930073897237249,0.07046136589899667,test_071,1,0.12332305312156677,ITC,6989,0.00014308198597796538,0.9986263736263736,0.20838388800621033,-0.08891059458255768,0.051578644663095474,5.763906955718994,1.0,1.8765406261477005,True
40,0.0002791660872040157,0.018853257060177632,0.02392533091895191,test_071,0,0.0,ITC,6989,0.0,,,-0.08891059458255768,0.051578644663095474,,,,
41,0.0010448856479561806,0.03647450790215041,0.04211161782190243,test_071,0,0.0,ITC,6989,0.0,,,-0.08891059458255768,0.051578644663095474,,,,
42,0.0002945220512653599,0.01936484243332677,0.022659532432729928,test_071,0,0.0,ITC,6989,0.0,,,-0.08891059458255768,0.051578644663095474,,,,
43,0.00036956162674022484,0.021691944988458504,0.028609518991100782,test_071,0,0.0,ITC,6989,0.0,,,-0.08891059458255768,0.051578644663095474,,,,
44,0.0004323197424034081,0.023461598240480937,0.035020190414689824,test_071,0,0.0,ITC,6989,0.0,,,-0.08891059458255768,0.051578644663095474,,,,
45,0.0007255931672844772,0.03039496527348292,0.05040317340455856,test_071,0,0.0,ITC,6989,0.0,,,-0.08891059458255768,0.051578644663095474,,,,
46,0.0008005595574903717,0.03192654203812909,0.0530319080656559,test_071,0,0.0,ITC,6989,0.0,,,-0.08891059458255768,0.051578644663095474,,,,
47,0.0038062120122573624,0.06961479476125798,0.15574584827516905,test_071,1,0.03125,ITC,6989,0.00014308198597796538,0.8672161172161172,-0.04094448685646057,-0.08891059458255768,0.051578644663095474,0.9299606084823608,1.0,0.04884871614185255,False
48,0.0014576825510260964,0.04308107551625026,0.04687134897456605,test_071,1,0.09416954964399338,ITC,6989,0.00014308198597796538,0.9911477411477412,0.07667437195777893,-0.08891059458255768,0.051578644663095474,3.2103395462036133,1.0,0.5821380478773068,False
49,0.03589654309027625,0.21378703932144597,0.30766439107139637,test_071,2,0.140625,micro,6989,0.00028616397195593076,0.9819902319902319,0.062408193945884705,-0.08891059458255768,0.051578644663095474,2.933748722076416,0.9216968010751307,0.48614953515829373,False
50,0.0010856163920944977,0.03717861913556538,0.052219563575349806,test_071,1,0.07013324648141861,ITC,6989,0.00014308198597796538,0.6840659340659341,-0.07346025109291077,-0.08891059458255768,0.051578644663095474,0.2995492219924927,1.0,0.0050682781345516275,False
51,0.003041079688273453,0.06222558089564646,0.11870490229383064,test_071,0,0.0,ITC,6989,0.0,,,-0.08891059458255768,0.051578644663095474,,,,
52,0.001155979386286606,0.03836454961965266,0.06989713214510587,test_071,0,0.0,ITC,6989,0.0,,,-0.08891059458255768,0.051578644663095474,,,,
53,0.01521300947597699,0.13917544776017307,0.22194626887295665,test_071,2,0.0234375,micro,6989,0.00028616397195593076,0.9959554334554335,0.14430581033229828,-0.08891059458255768,0.051578644663095474,4.52156925201416,0.9216968010751307,1.154788423880524,True
54,0.0030203904151713183,0.06201355107664113,0.12607594306532396,test_071,0,0.0,ITC,6989,0.0,,,-0.08891059458255768,0.051578644663095474,,,,
55,0.004659377756297607,0.07702274997153445,0.13059834228383513,test_071,1,0.203125,ITC,6989,0.00014308198597796538,0.9952686202686203,0.11604753136634827,-0.08891059458255768,0.051578644663095474,3.973701238632202,1.0,0.8918965241223149,False
56,0.0008563431834255639,0.033020145441863595,0.06083316194889538,test_071,0,0.0,ITC,6989,0.0,,,-0.08891059458255768,0.051578644663095474,,,,
57,0.002015497997128235,0.05065779063755333,0.09181374703191837,test_071,0,0.0,ITC,6989,0.0,,,-0.08891059458255768,0.051578644663095474,,,,
58,0.006359568457426666,0.08998474341490356,0.13429141911570722,test_071,0,0.0,ITC,6989,0.0,,,-0.08891059458255768,0.051578644663095474,,,,
59,0.03627208657427728,0.21490243134135828,0.49511770849990683,test_071,3,0.046875,micro,6989,0.00042924595793389613,0.9976088726088727,0.1791328340768814,-0.08891059458255768,0.051578644663095474,5.19679069519043,0.875892366017573,1.5254377835399875,True
60,0.003051015295214493,0.06232714757999855,0.09374929256778997,test_071,0,0.0,ITC,6989,0.0,,,-0.08891059458255768,0.051578644663095474,,,,
61,0.004301022104404473,0.07400156367339694,0.1372863979606137,test_071,1,0.171875,ITC,6989,0.00014308198597796538,0.9952686202686203,0.11179852485656738,-0.08891059458255768,0.051578644663095474,3.891322135925293,1.0,0.8552998917961072,False
62,0.0010584101836668893,0.03670980387301313,0.0514063749982951,test_071,0,0.0,ITC,6989,0.0,,,-0.08891059458255768,0.051578644663095474,,,,
63,0.005319217332028496,0.08229603790085735,0.1306043065335181,test_071,0,0.0,ITC,6989,0.0,,,-0.08891059458255768,0.051578644663095474,,,,
64,0.04131060941433692,0.22934319593884284,0.5214272318519656,test_071,3,0.40625,micro,6989,0.00042924595793389613,0.6747049247049247,-0.014071524143218994,-0.08891059458255768,0.051578644663095474,1.4509700536727905,0.875892366017573,0.11891617908374962,False
65,0.0022493521243841857,0.053516016993046034,0.13406651906148875,test_071,1,0.03125,ITC,6989,0.00014308198597796538,0.9758852258852259,0.02711707353591919,-0.08891059458255768,0.051578644663095474,2.2495291233062744,1.0,0.28582965699827134,False
66,0.00030301188034702494,0.019641962951354727,0.02955482770505956,test_071,0,0.0,ITC,6989,0.0,,,-0.08891059458255768,0.051578644663095474,,,,
67,0.0016208131514535255,0.045427782237937295,0.06519524128100372,test_071,1,0.10470815002918243,ITC,6989,0.00014308198597796538,0.8669108669108669,-0.041146427392959595,-0.08891059458255768,0.051578644663095474,0.9260454177856445,1.0,0.048438269837162026,False
68,0.0030404912679077452,0.06221956057159272,0.10730794236522721,test_071,0,0.0,ITC,6989,0.0,,,-0.08891059458255768,0.051578644663095474,,,,
69,0.01619805403042424,0.14361059480168212,0.2804012248280141,test_071,2,0.0703125,micro,6989,0.00028616397195593076,0.9977106227106227,0.19188830256462097,-0.08891059458255768,0.051578644663095474,5.444092273712158,0.9216968010751307,1.674075355772168,True
70,0.0019520448895184756,0.049853994287650666,0.06856044574508227,test_071,0,0.0,ITC,6989,0.0,,,-0.08891059458255768,0.051578644663095474,,,,
71,7.754087588994313e-05,0.00993620196636909,0.012300900036725253,test_071,0,0.0,ITC,6989,0.0,,,-0.08891059458255768,0.051578644663095474,,,,
72,0.008448011792925722,0.10371278941934804,0.1776380278016225,test_071,1,0.40625,ITC,6989,0.00014308198597796538,0.9993894993894994,0.24895672500133514,-0.08891059458255768,0.051578644663095474,6.550527095794678,1.0,2.4236870522742526,True
73,0.12233015046147293,0.39465882111128564,0.635800527338407,test_071,3,0.609375,micro,6989,0.00042924595793389613,0.9971001221001221,0.2758634388446808,-0.08891059458255768,0.051578644663095474,7.07219123840332,0.875892366017573,2.8250883858170446,True
74,0.0006025925129472813,0.02769918079737764,0.03626669936199771,test_071,0,0.0,ITC,6989,0.0,,,-0.08891059458255768,0.051578644663095474,,,,
75,0.001625633744075838,0.04549528731872388,0.05616617646461383,test_071,1,0.10501956939697266,ITC,6989,0.00014308198597796538,0.9952686202686203,0.11877398192882538,-0.08891059458255768,0.051578644663095474,4.026561260223389,1.0,0.9157831947506145,False
76,0.08601067996822045,0.3309262742743447,0.6279100108989385,test_071,2,0.90625,micro,6989,0.00028616397195593076,1.0,0.34538060426712036,-0.08891059458255768,0.051578644663095474,8.419981002807617,0.9216968010751307,4.004481312043604,True
77,0.0018564232061794167,0.04861760419715961,0.0868209930921096,test_071,0,0.0,ITC,6989,0.0,,,-0.08891059458255768,0.051578644663095474,,,,
0,3.945363044556674,2.241292539287604,4.315007480370126,test_073,76,1.0,macro,4825,0.015751295336787565,0.9880542304142673,0.18030375242233276,-0.07090146094560623,0.05717066675424576,4.3939528465271,0.4893946078762201,1.1381637297965699,True
1,0.12141711501057642,0.3931832552883238,0.4837268791325523,test_073,3,0.71875,micro,4825,0.000621761658031088,0.9900386926813205,0.14559531211853027,-0.07090146094560623,0.05717066675424576,3.7868504524230957,0.8704705844552657,0.8453766866714303,True
2,0.5725443964612446,0.8538068673247969,1.8065302713544815,test_073,15,0.859375,micro,4825,0.0031088082901554403,0.9931670371285091,0.17982164025306702,-0.07090146094560623,0.05717066675424576,4.385519981384277,0.6807134205281609,1.1337991991036163,True
3,0.0011941824091728946,0.03899333618691835,0.048978020463788144,test_073,0,0.0,ITC,4825,0.0,,,-0.07090146094560623,0.05717066675424576,,,,
4,0.06837606630704787,0.2950578104974802,0.6749869971084241,test_073,4,0.2890625,micro,4825,0.0008290155440414508,0.9789454186218819,0.12160032242536545,-0.07090146094560623,0.05717066675424576,3.36714243888855,0.8365520755402117,0.6683699793972774,True
5,9.242718400304671,3.4304802241259504,4.533501123608594,test_073,164,1.0,macro,4825,0.03398963730569948,0.9926916612954719,0.1767279952764511,-0.07090146094560623,0.05717066675424576,4.33140754699707,0.39871169787010996,1.105992178078749,True
6,2.8320386186543396,1.8989111515518178,2.8453642497397444,test_073,57,1.0,macro,4825,0.011813471502590673,0.992781410181418,0.2385755181312561,-0.07090146094560623,0.05717066675424576,5.413212776184082,0.5233131167912741,1.727444702585471,True
7,3.5145207685572166,2.11537864774136,2.734990602093351,test_073,68,1.0,macro,4825,0.014093264248704664,0.997228800139468,0.21626721322536469,-0.07090146094560623,0.05717066675424576,5.023007392883301,0.5025084166857733,1.487378818250586,True
8,0.0031679502039908295,0.06351030999351956,0.11737748258761692,test_073,1,0.2046566605567932,ITC,4825,0.0002072538860103627,0.9908619412200543,0.14695948362350464,-0.07090146094560623,0.05717066675424576,3.8107118606567383,1.0,0.8560638955924328,False
9,0.0006088369276624431,0.0278423284334282,0.05165414204184824,test_073,0,0.0,ITC,4825,0.0,,,-0.07090146094560623,0.05717066675424576,,,,
10,0.012566434227627777,0.12649142656689882,0.27509971731932215,test_073,2,0.1484375,micro,4825,0.0004145077720207254,0.9817238824401087,0.11845691502094269,-0.07090146094560623,0.05717066675424576,3.312159776687622,0.9182760377701058,0.64672033257141,True
11,0.00019904613191137506,0.015919591903567575,0.022174308962525688,test_073,0,0.0,ITC,4825,0.0,,,-0.07090146094560623,0.05717066675424576,,,,
12,3.979854527835719,2.251068228005035,4.306749363455273,test_073,75,1.0,macro,4825,0.015544041450777202,0.994042973573722,0.18139518797397614,-0.07090146094560623,0.05717066675424576,4.413043975830078,0.4909562566010561,1.1480755500213673,True
13,0.12041685902701044,0.39156034881738094,0.47610995322361,test_073,3,0.3125,micro,4825,0.000621761658031088,0.9921791388820285,0.15799057483673096,-0.07090146094560623,0.05717066675424576,4.003662109375,0.8704705844552657,0.94494992198465,True
14,0.00043613682920724107,0.02356494553064074,0.030896255884710254,test_073,0,0.0,ITC,4825,0.0,,,-0.07090146094560623,0.05717066675424576,,,,
15,0.06282943180190496,0.2828372626501438,0.5482310439123478,test_073,3,0.28125,micro,4825,0.000621761658031088,0.9776899646003129,0.11789136379957199,-0.07090146094560623,0.05717066675424576,3.30226731300354,0.8704705844552657,0.6428629682786885,True
16,0.5085942526514124,0.8047125665110523,1.751839311606357,test_073,12,0.7265625,micro,4825,0.002487046632124352,0.9946077220712933,0.1940293312072754,-0.07090146094560623,0.05717066675424576,4.634033679962158,0.7070226599954774,1.2659376884028186,True
17,2.9482054625885232,1.9374652980045683,2.768868697269954,test_073,58,1.0,macro,4825,0.012020725388601036,0.992313981315097,0.2252499759197235,-0.07090146094560623,0.05717066675424576,5.180129051208496,0.5212625824107567,1.5818857592807352,True
18,3.580379517456141,2.135106738967623,2.771800303758226,test_073,68,1.0,macro,4825,0.014093264248704664,0.9966367875873491,0.21570347249507904,-0.07090146094560623,0.05717066675424576,5.013146877288818,0.5025084166857733,1.4815448923264725,True
19,0.004860203205272003,0.07866513151581775,0.12965795896470747,test_073,0,0.0,ITC,4825,0.0,,,-0.07090146094560623,0.05717066675424576,,,,
20,0.015497483929727234,0.14047067090046378,0.26783397614517734,test_073,1,0.125,micro,4825,0.0002072538860103627,0.9720918745369227,0.0747177004814148,-0.07090146094560623,0.05717066675424576,2.547095537185669,1.0,0.38245859697465545,False
21,9.410031545545161,3.4613905126398903,4.600212811231441,test_073,166,1.0,macro,4825,0.03440414507772021,0.9924806660576612,0.18319150805473328,-0.07090146094560623,0.05717066675424576,4.444463729858398,0.3972825560686241,1.1644817604408084,True
22,0.0006838929048989754,0.029508634175122023,0.03504425586878673,test_073,0,0.0,ITC,4825,0.0,,,-0.07090146094560623,0.05717066675424576,,,,
23,0.0005026229386257706,0.02529741887128657,0.04112799607222068,test_073,0,0.0,ITC,4825,0.0,,,-0.07090146094560623,0.05717066675424576,,,,
0,0.011631357405328765,0.12169430638864237,0.2101909265501249,test_074,1,0.265625,micro,3688,0.00027114967462039046,0.9986420423682781,0.24857306480407715,-0.05471460148692131,0.08828657865524292,3.4352633953094482,1.0,0.7184503285058293,False
1,0.15950010960968886,0.4506460328735279,1.1190683042604823,test_074,5,0.75,micro,3688,0.0013557483731019523,0.9932102118413906,0.200337216258049,-0.05471460148692131,0.08828657865524292,2.8889081478118896,0.8040339281145843,0.5080940763816633,True
2,0.004153191300713562,0.07271868673813199,0.08959409815408294,test_074,0,0.0,ITC,3688,0.0,,,-0.05471460148692131,0.08828657865524292,,,,
0,0.9080695945256759,1.075262813046985,1.232119098132041,test_075,19,0.953125,micro,3198,0.0059412132582864294,0.9831162063574779,0.17798011004924774,-0.07854520529508591,0.09347447752952576,2.744335412979126,0.6351503723276009,0.46661181676441266,True
1,0.2471929787152914,0.5610132580262132,0.9674751354014222,test_075,6,0.6171875,micro,3198,0.001876172607879925,0.9855335533553355,0.20101308822631836,-0.07854520529508591,0.09347447752952576,2.9907448291778564,0.7779805321652759,0.5541662521669997,True
2,0.2365448578518944,0.548797109249666,0.9616510555156368,test_075,7,0.453125,micro,3198,0.002188868042526579,0.9802451673738802,0.1638588160276413,-0.07854520529508591,0.09347447752952576,2.593264102935791,0.758879501871096,0.4166533232492738,True
3,0.01480909275646051,0.1373154125332498,0.17475797069813356,test_075,1,0.171875,ITC,3198,0.00031269543464665416,0.7844884488448844,-0.007658541202545166,-0.07854520529508591,0.09347447752952576,0.7583531737327576,1.0,0.03563070131680955,False
4,0.03484043767663111,0.2106186672775412,0.29228832042394376,test_075,2,0.2421875,micro,3198,0.0006253908692933083,0.8877887788778878,0.07942959666252136,-0.07854520529508591,0.09347447752952576,1.6900315284729004,0.914111145607418,0.17695831192012515,False
5,0.012262997743041962,0.12495492652728453,0.1602757706766684,test_075,1,0.21875,ITC,3198,0.00031269543464665416,0.9884488448844885,0.19380305707454681,-0.07854520529508591,0.09347447752952576,2.9136109352111816,1.0,0.5259500130120089,False
6,0.0026201975034013825,0.05775932025523661,0.08257746405042964,test_075,1,0.1692706048488617,ITC,3198,0.00031269543464665416,0.9775577557755776,0.13224375247955322,-0.07854520529508591,0.09347447752952576,2.2550430297851562,1.0,0.31505836868362486,False
7,0.01687877699419501,0.1465971566428735,0.2414038290132042,test_075,0,0.0,micro,3198,0.0,,,-0.07854520529508591,0.09347447752952576,,,,
8,1.4618490282599064,1.3642888225054046,1.9959836606177384,test_075,30,1.0,micro,3198,0.009380863039399626,0.9478547854785478,0.14227990806102753,-0.07854520529508591,0.09347447752952576,2.3624107837677,0.5785527881134499,0.34577388228397066,True
9,0.003529016579446312,0.06703195851962751,0.07628497902757721,test_075,0,0.0,ITC,3198,0.0,,,-0.07854520529508591,0.09347447752952576,,,,
10,0.0011903371910091018,0.0389305071012665,0.04877566228724446,test_075,0,0.0,ITC,3198,0.0,,,-0.07854520529508591,0.09347447752952576,,,,
11,0.002444437257038704,0.05578847712821734,0.07397681416261497,test_075,0,0.0,ITC,3198,0.0,,,-0.07854520529508591,0.09347447752952576,,,,
12,0.003914527710976227,0.07059838157193513,0.08919962417031974,test_075,0,0.0,ITC,3198,0.0,,,-0.07854520529508591,0.09347447752952576,,,,
13,0.0009022151185441589,0.03389300763857268,0.04137975611239058,test_075,1,0.05828510969877243,ITC,3198,0.00031269543464665416,0.7996699669966997,-0.002127125859260559,-0.07854520529508591,0.09347447752952576,0.8175288438796997,1.0,0.04140831152001,False
14,0.0011844376556597671,0.03883391380558268,0.047248474990776126,test_075,0,0.0,ITC,3198,0.0,,,-0.07854520529508591,0.09347447752952576,,,,
15,0.12654522517230204,0.4014005292557429,0.8492620933889939,test_075,4,0.40625,micro,3198,0.0012507817385866166,0.874009900990099,0.10175598412752151,-0.07854520529508591,0.09347447752952576,1.9288815259933472,0.8282222912148359,0.23051142769788763,False
16,0.08139026392894144,0.32191505493027217,0.42030185233255446,test_075,2,0.875,micro,3198,0.0006253908692933083,0.9924092409240924,0.22496458888053894,-0.07854520529508591,0.09347447752952576,3.2469804286956787,0.914111145607418,0.6531917564952958,True
17,0.002753732849051136,0.059212849610942815,0.07596616858839204,test_075,0,0.0,ITC,3198,0.0,,,-0.07854520529508591,0.09347447752952576,,,,
18,0.0030696034525167617,0.06251672178225538,0.09883878888936319,test_075,0,0.0,ITC,3198,0.0,,,-0.07854520529508591,0.09347447752952576,,,,
19,0.0017838113117297745,0.047657309013835976,0.06916886335324174,test_075,0,0.0,ITC,3198,0.0,,,-0.07854520529508591,0.09347447752952576,,,,
20,0.0032442038695598033,0.06427012259134393,0.09120017752844727,test_075,0,0.0,ITC,3198,0.0,,,-0.07854520529508591,0.09347447752952576,,,,
21,0.03815095844205739,0.220398069315444,0.38388001430134394,test_075,3,0.046875,micro,3198,0.0009380863039399625,0.9815181518151815,0.23985834419727325,-0.07854520529508591,0.09347447752952576,3.406315326690674,0.8638693865578579,0.7188711432798864,True
22,0.0019579288620085716,0.049929074224219584,0.08177458200164486,test_075,0,0.0,ITC,3198,0.0,,,-0.07854520529508591,0.09347447752952576,,,,
23,0.0014848116103327474,0.04348012027073466,0.06293131395664137,test_075,0,0.0,ITC,3198,0.0,,,-0.07854520529508591,0.09347447752952576,,,,
24,0.008045312580832678,0.10121072140673376,0.13695478903140385,test_075,0,0.0,ITC,3198,0.0,,,-0.07854520529508591,0.09347447752952576,,,,
25,0.06407840830128236,0.28563466773639123,0.5551074494441401,test_075,3,0.171875,micro,3198,0.0009380863039399625,0.9820682068206821,0.1601300835609436,-0.07854520529508591,0.09347447752952576,2.5533740520477295,0.8638693865578579,0.403933836739654,True
26,0.007626189711138966,0.09853916133129285,0.131691932597445,test_075,0,0.0,ITC,3198,0.0,,,-0.07854520529508591,0.09347447752952576,,,,
27,0.0027450202399885884,0.05911910284038381,0.08074659167930877,test_075,0,0.0,ITC,3198,0.0,,,-0.07854520529508591,0.09347447752952576,,,,
28,0.008000669304677582,0.10092952265350448,0.11636350813792205,test_075,1,0.516861081123352,ITC,3198,0.00031269543464665416,0.9884488448844885,0.1910134255886078,-0.07854520529508591,0.09347447752952576,2.8837673664093018,1.0,0.5152307790410723,False
29,0.051400228143507115,0.25582181900831386,0.39412660669070815,test_075,2,0.3359375,micro,3198,0.0006253908692933083,0.9894389438943895,0.19448041915893555,-0.07854520529508591,0.09347447752952576,2.9208574295043945,0.914111145607418,0.5285694659323806,True
30,2.438035185819997,1.761874799763525,3.8297173112816205,test_075,56,0.828125,macro,3198,0.017510944340212633,0.9524811409712399,0.17076840996742249,-0.07854520529508591,0.09347447752952576,2.6671838760375977,0.5012129386933499,0.4407448713723306,True
31,0.004926347388715141,0.07919861303340434,0.12367034932129044,test_075,1,0.3182530403137207,ITC,3198,0.00031269543464665416,0.9567656765676568,0.08746689558029175,-0.07854520529508591,0.09347447752952576,1.7760154008865356,1.0,0.19542260956295368,False
32,0.6233652055660326,0.8908946237006016,1.2883589787509877,test_075,16,0.6015625,micro,3198,0.0050031269543464665,0.981023102310231,0.2001725435256958,-0.07854520529508591,0.09347447752952576,2.981752395629883,0.656444582429672,0.550838779113769,True
33,0.007054439288724667,0.09477336687243752,0.11077049118447566,test_075,0,0.0,ITC,3198,0.0,,,-0.07854520529508591,0.09347447752952576,,,,
34,0.07688966726856583,0.31288810291838665,0.44804207976960275,test_075,3,0.046875,micro,3198,0.0009380863039399625,0.9925192519251925,0.23255474865436554,-0.07854520529508591,0.09347447752952576,3.3281805515289307,0.8638693865578579,0.6862701515533713,True
35,0.008808722298391183,0.10590379393063341,0.18766948311260545,test_075,0,0.0,ITC,3198,0.0,,,-0.07854520529508591,0.09347447752952576,,,,
36,0.0025623349397304496,0.057118002172007014,0.08881121618039375,test_075,0,0.0,ITC,3198,0.0,,,-0.07854520529508591,0.09347447752952576,,,,
37,0.011062113554668717,0.11867906481833715,0.1360666363573832,test_075,0,0.0,ITC,3198,0.0,,,-0.07854520529508591,0.09347447752952576,,,,
38,0.002203191844473175,0.05296405366870297,0.06988250499098615,test_075,0,0.0,ITC,3198,0.0,,,-0.07854520529508591,0.09347447752952576,,,,
39,0.006701161788436157,0.0923698229115176,0.14862524492240625,test_075,0,0.0,ITC,3198,0.0,,,-0.07854520529508591,0.09347447752952576,,,,
40,0.004428212805251244,0.07508778633139022,0.09026535755068377,test_075,0,0.0,ITC,3198,0.0,,,-0.07854520529508591,0.09347447752952576,,,,
41,0.006398240937421509,0.09025792695530095,0.25288703122811285,test_075,2,0.078125,micro,3198,0.0006253908692933083,0.9863036303630363,0.1838873326778412,-0.07854520529508591,0.09347447752952576,2.8075315952301025,0.914111145607418,0.488349399626688,False
42,0.012009393475960556,0.12365611461580642,0.2000054538839081,test_075,0,0.0,micro,3198,0.0,,,-0.07854520529508591,0.09347447752952576,,,,
43,0.0630238697323451,0.2832745721123929,0.44909207548763475,test_075,4,0.125,micro,3198,0.0012507817385866166,0.9921617161716172,0.2299196720123291,-0.07854520529508591,0.09347447752952576,3.29999041557312,0.8282222912148359,0.6746937861722163,True
44,0.008472973979986084,0.1038659016849628,0.12742109449426756,test_075,0,0.0,ITC,3198,0.0,,,-0.07854520529508591,0.09347447752952576,,,,
45,0.002591687285486664,0.05744422285547042,0.079934844386603,test_075,0,0.0,ITC,3198,0.0,,,-0.07854520529508591,0.09347447752952576,,,,
46,0.0026686068070091514,0.05829044275036421,0.06605797376719216,test_075,0,0.0,ITC,3198,0.0,,,-0.07854520529508591,0.09347447752952576,,,,
47,0.007128982932699875,0.09527278196660122,0.10608098615294044,test_075,0,0.0,ITC,3198,0.0,,,-0.07854520529508591,0.09347447752952576,,,,
48,0.010219211041038437,0.11406797803697727,0.15636252252378124,test_075,1,0.078125,ITC,3198,0.00031269543464665416,0.9656765676567657,0.10469821095466614,-0.07854520529508591,0.09347447752952576,1.9603577852249146,1.0,0.23809596573259947,False
49,0.006213073578344192,0.08894229013409216,0.10190168222304818,test_075,1,0.40137842297554016,ITC,3198,0.00031269543464665416,0.9778877887788779,0.1332874894142151,-0.07854520529508591,0.09347447752952576,2.2662088871002197,1.0,0.3181861194060764,False
50,0.013730252424527389,0.13221913759401138,0.161349473309081,test_075,1,0.125,ITC,3198,0.00031269543464665416,0.9933993399339934,0.2299104481935501,-0.07854520529508591,0.09347447752952576,3.299891710281372,1.0,0.6746534255392136,False
51,0.0053688472002077865,0.08267906969085474,0.14682132594160155,test_075,0,0.0,ITC,3198,0.0,,,-0.07854520529508591,0.09347447752952576,,,,
52,0.004164223689939949,0.0728152063456152,0.08446781970680141,test_075,0,0.0,ITC,3198,0.0,,,-0.07854520529508591,0.09347447752952576,,,,
0,0.12303953959690503,0.3958014747076966,1.290074211757646,test_079,7,0.125,micro,2800,0.0025,0.8912449053294124,0.07853293418884277,-0.08408472687005997,0.07742908596992493,2.1002140045166016,0.754842095334631,0.2778562833187001,True
1,0.00015171659343319701,0.013898617425904404,0.02072418156796846,test_079,0,0.0,ITC,2800,0.0,,,-0.08408472687005997,0.07742908596992493,,,,
2,0.27727557210710707,0.5941701971622565,1.0526149504481046,test_079,12,0.2421875,micro,2800,0.004285714285714286,0.8424521487901769,0.0013230083277449012,-0.08408472687005997,0.07742908596992493,1.1030446290969849,0.6869359523887495,0.0766441991435674,False
3,0.0007627971507460786,0.03116445887451307,0.05607108212625723,test_079,0,0.0,ITC,2800,0.0,,,-0.08408472687005997,0.07742908596992493,,,,
4,0.025469339086390458,0.18007934279939294,0.3759578198617932,test_079,1,0.03125,micro,2800,0.00035714285714285714,0.9693029974720115,0.0725843757390976,-0.08408472687005997,0.07742908596992493,2.023388385772705,1.0,0.25790016953961153,False
5,0.004883574671257393,0.0788540448620864,0.11724170090700749,test_079,0,0.0,ITC,2800,0.0,,,-0.08408472687005997,0.07742908596992493,,,,
6,0.017479003972106964,0.14918096078209703,0.3401807330258432,test_079,2,0.3046875,micro,2800,0.0007142857142857143,0.911520404478151,0.015082135796546936,-0.08408472687005997,0.07742908596992493,1.2807443141937256,0.9126729923818522,0.103327993267877,False
7,0.0001176462946570015,0.012238950716824518,0.0151875,test_079,0,0.0,ITC,2800,0.0,,,-0.08408472687005997,0.07742908596992493,,,,
8,0.00034794793857424164,0.02104806582329611,0.02764421153671222,test_079,0,0.0,ITC,2800,0.0,,,-0.08408472687005997,0.07742908596992493,,,,
9,0.0406529826984394,0.22751040675777323,0.8420080627722137,test_079,3,0.328125,micro,2800,0.0010714285714285715,0.8728782954135067,0.01794946938753128,-0.08408472687005997,0.07742908596992493,1.317776083946228,0.861589967625045,0.10938968323241992,False
10,0.0012607081013609133,0.04006474022155517,0.1072269109251319,test_079,0,0.0,ITC,2800,0.0,,,-0.08408472687005997,0.07742908596992493,,,,
11,0.027552612281144966,0.18729942743401398,0.2492042725045298,test_079,2,0.0703125,micro,2800,0.0007142857142857143,0.9566630552546046,0.07954031229019165,-0.08408472687005997,0.07742908596992493,2.1132242679595947,0.9126729923818522,0.28130943653522916,False
12,0.0006008440307715912,0.027658965638585636,0.035174414770233024,test_079,0,0.0,ITC,2800,0.0,,,-0.08408472687005997,0.07742908596992493,,,,
13,0.05286056022445166,0.25943044469496346,0.9602244974602339,test_079,4,0.46875,micro,2800,0.0014285714285714286,0.841459010473095,-0.017172574996948242,-0.08408472687005997,0.07742908596992493,0.8641733527183533,0.8253459847637045,0.0470429841185058,False
0,0.01882739974988672,0.15482825932656055,0.27528222295777666,test_082,1,0.015625,micro,4358,0.0002294630564479119,0.9890632429862102,0.13052546977996826,-0.07835130393505096,0.07862535864114761,2.6566081047058105,1.0,0.42110749294150673,False
1,0.028881757414118133,0.19176390604361182,0.2762407177200711,test_082,2,0.3046875,micro,4358,0.0004589261128958238,0.822039942938659,0.03293531388044357,-0.07835130393505096,0.07862535864114761,1.4154036045074463,0.9172832543909227,0.11953596092457477,False
2,0.035497024741880726,0.2125940159595397,0.3493025879392224,test_082,1,0.25,micro,4358,0.0002294630564479119,0.8944365192582026,0.023293673992156982,-0.07835130393505096,0.07862535864114761,1.2927759885787964,1.0,0.09972052053428669,False
3,0.01496159327096013,0.13802062238966303,0.3051176880580162,test_082,1,0.046875,micro,4358,0.0002294630564479119,0.9679029957203994,0.08443674445152283,-0.07835130393505096,0.07862535864114761,2.0704267024993896,1.0,0.25577477006024346,False
4,0.035729756151549504,0.2132897992307585,0.3299808925221277,test_082,2,0.515625,micro,4358,0.0004589261128958238,0.9859724203518783,0.1320272982120514,-0.07835130393505096,0.07862535864114761,2.6757092475891113,0.9172832543909227,0.4271848300097585,False
5,0.002577683688228527,0.05728881920297664,0.07309616108250828,test_082,0,0.0,ITC,4358,0.0,,,-0.07835130393505096,0.07862535864114761,,,,
6,0.002625072872629961,0.05781303130993909,0.08383553034608995,test_082,1,0.16958557069301605,ITC,4358,0.0002294630564479119,0.9990489776509748,0.2226458489894867,-0.07835130393505096,0.07862535864114761,3.828244924545288,1.0,0.8744548954538942,False
7,0.0048385678142153325,0.07848984571867715,0.08663258992356868,test_082,0,0.0,ITC,4358,0.0,,,-0.07835130393505096,0.07862535864114761,,,,
8,0.00466762714762009,0.07709090390201227,0.09690134760241172,test_082,0,0.0,ITC,4358,0.0,,,-0.07835130393505096,0.07862535864114761,,,,
9,0.012127859124372689,0.12426451557113347,0.1714663700509638,test_082,1,0.03125,ITC,4358,0.0002294630564479119,0.4113171659533999,-0.1042318046092987,-0.07835130393505096,0.07862535864114761,-0.32916226983070374,1.0,0.006464844445263124,False
10,0.0024449200186093026,0.055793985799618175,0.0629557616823115,test_082,1,0.15794728696346283,ITC,4358,0.0002294630564479119,0.5763195435092725,-0.0675680935382843,-0.07835130393505096,0.07862535864114761,0.1371467262506485,1.0,0.0011222997679750208,False
11,0.006394324164433938,0.09023029639767852,0.1377987140161197,test_082,0,0.0,ITC,4358,0.0,,,-0.07835130393505096,0.07862535864114761,,,,
12,0.005912409639198189,0.08676355085691508,0.11842406090367573,test_082,1,0.3819548785686493,ITC,4358,0.0002294630564479119,0.988112220637185,0.126784086227417,-0.07835130393505096,0.07862535864114761,2.609023332595825,1.0,0.40615696826438885,False
13,0.007137392717751732,0.09532896020909008,0.14398016630875327,test_082,0,0.0,ITC,4358,0.0,,,-0.07835130393505096,0.07862535864114761,,,,
14,0.007504921086589943,0.09775255652699372,0.11799251539080774,test_082,0,0.0,ITC,4358,0.0,,,-0.07835130393505096,0.07862535864114761,,,,
15,0.004001195575378956,0.07137562912361509,0.0961906376330358,test_082,1,0.25848618149757385,ITC,4358,0.0002294630564479119,0.9638611507370424,0.07506683468818665,-0.07835130393505096,0.07862535864114761,1.951255202293396,1.0,0.22717792606278153,False
16,0.009275425640035126,0.1086730818516857,0.15904482959293395,test_082,0,0.0,ITC,4358,0.0,,,-0.07835130393505096,0.07862535864114761,,,,
17,0.006110665242102699,0.08820623918342638,0.11377618434671039,test_082,1,0.39476263523101807,ITC,4358,0.0002294630564479119,0.9417498811222064,0.05430188775062561,-0.07835130393505096,0.07862535864114761,1.6871553659439087,1.0,0.16984318979495883,False
18,0.0017505179890994855,0.04721047264634978,0.05360485276688531,test_082,0,0.0,ITC,4358,0.0,,,-0.07835130393505096,0.07862535864114761,,,,
19,0.0017580549127586861,0.04731199675283517,0.058333505716888875,test_082,0,0.0,ITC,4358,0.0,,,-0.07835130393505096,0.07862535864114761,,,,
20,0.0043014902384269985,0.07400559082162332,0.11737736656928868,test_082,0,0.0,ITC,4358,0.0,,,-0.07835130393505096,0.07862535864114761,,,,
21,0.0018970449883971062,0.04914664482310928,0.08137224763092371,test_082,0,0.0,ITC,4358,0.0,,,-0.07835130393505096,0.07862535864114761,,,,
22,0.0009499630084337082,0.034778304564388705,0.06252227796324056,test_082,0,0.0,ITC,4358,0.0,,,-0.07835130393505096,0.07862535864114761,,,,
23,0.006130528817169136,0.08834948624727948,0.18101529021189114,test_082,1,0.015625,ITC,4358,0.0002294630564479119,0.6890156918687589,-0.04324162006378174,-0.07835130393505096,0.07862535864114761,0.44654402136802673,1.0,0.011897796618760314,False
24,0.01336804189766002,0.13046347986995144,0.3358758424316759,test_082,1,0.421875,micro,4358,0.0002294630564479119,0.9778887303851641,0.09927552938461304,-0.07835130393505096,0.07862535864114761,2.2591545581817627,1.0,0.3045298511713199,False
25,0.00085319048662183,0.032959306223868716,0.04348685309286141,test_082,0,0.0,ITC,4358,0.0,,,-0.07835130393505096,0.07862535864114761,,,,
26,0.0018960676443734094,0.04913398319197287,0.0898843767179188,test_082,0,0.0,ITC,4358,0.0,,,-0.07835130393505096,0.07862535864114761,,,,
27,0.0013114693011241551,0.0408633647158119,0.052782437565486486,test_082,0,0.0,ITC,4358,0.0,,,-0.07835130393505096,0.07862535864114761,,,,
28,0.0011931351977035732,0.03897623527140091,0.05027028514957722,test_082,0,0.0,ITC,4358,0.0,,,-0.07835130393505096,0.07862535864114761,,,,
29,0.009093555540410409,0.10760239084841966,0.1542835748826459,test_082,0,0.0,ITC,4358,0.0,,,-0.07835130393505096,0.07862535864114761,,,,
30,0.03202816118618724,0.2019394002353316,0.3278289755421262,test_082,1,0.359375,micro,4358,0.0002294630564479119,0.9907275320970043,0.14400234818458557,-0.07835130393505096,0.07862535864114761,2.828014373779297,1.0,0.47720084889604797,False
31,0.0007849994135767994,0.03161474807680576,0.046651292707136284,test_082,0,0.0,ITC,4358,0.0,,,-0.07835130393505096,0.07862535864114761,,,,
32,0.005932959659565388,0.08691420399380714,0.11201746515610858,test_082,1,0.38328245282173157,ITC,4358,0.0002294630564479119,0.927246790299572,0.044186681509017944,-0.07835130393505096,0.07862535864114761,1.558504581451416,1.0,0.1449286174141292,False
33,0.004897447886735939,0.0789659693644791,0.1235753559164657,test_082,0,0.0,ITC,4358,0.0,,,-0.07835130393505096,0.07862535864114761,,,,
34,0.0016442157673722038,0.04575456846147018,0.05954289247518296,test_082,0,0.0,ITC,4358,0.0,,,-0.07835130393505096,0.07862535864114761,,,,
35,0.0008096293185764179,0.03210688500911414,0.04886183982121345,test_082,0,0.0,ITC,4358,0.0,,,-0.07835130393505096,0.07862535864114761,,,,
36,0.0009372160911808548,0.0345441831464225,0.06258037783806496,test_082,0,0.0,ITC,4358,0.0,,,-0.07835130393505096,0.07862535864114761,,,,
37,0.002519836122648594,0.05664234279766607,0.1448201521762856,test_082,0,0.0,ITC,4358,0.0,,,-0.07835130393505096,0.07862535864114761,,,,
38,0.000572934897456276,0.02700894977595604,0.03412746094983976,test_082,0,0.0,ITC,4358,0.0,,,-0.07835130393505096,0.07862535864114761,,,,
39,0.7777697336300687,0.9951317408041699,1.1308521533976916,test_082,17,1.0,micro,4358,0.003900871959614502,0.764915666694638,-0.013988115824759007,-0.07835130393505096,0.07862535864114761,0.8186059594154358,0.6618983759737398,0.03998414249454461,False
40,0.0021098950540582697,0.05183051049399497,0.102784305891848,test_082,0,0.0,ITC,4358,0.0,,,-0.07835130393505096,0.07862535864114761,,,,
41,0.0012242700974236336,0.039481503282886035,0.07668780744213458,test_082,1,0.07909058034420013,ITC,4358,0.0002294630564479119,0.8342843556823585,-0.005235880613327026,-0.07835130393505096,0.07862535864114761,0.9299216270446777,1.0,0.05159773989254116,False
42,0.00044898882635227203,0.023909628371347427,0.03218741162706315,test_082,0,0.0,ITC,4358,0.0,,,-0.07835130393505096,0.07862535864114761,,,,
43,0.0004033401231868286,0.02266161059633278,0.03129144912871218,test_082,0,0.0,ITC,4358,0.0,,,-0.07835130393505096,0.07862535864114761,,,,
44,0.0015627188885293695,0.04460622698884287,0.06936219579464475,test_082,0,0.0,ITC,4358,0.0,,,-0.07835130393505096,0.07862535864114761,,,,
45,0.00033319987856630516,0.020597166351019595,0.027732101237073207,test_082,0,0.0,ITC,4358,0.0,,,-0.07835130393505096,0.07862535864114761,,,,
46,0.0023120875217113837,0.054257177069321004,0.09789158305628373,test_082,1,0.14936602115631104,ITC,4358,0.0002294630564479119,0.9717070851165003,0.08822378516197205,-0.07835130393505096,0.07862535864114761,2.1185925006866455,1.0,0.2678137334975914,False
47,0.0020904330936887512,0.05159091083231215,0.08048406638661783,test_082,0,0.0,ITC,4358,0.0,,,-0.07835130393505096,0.07862535864114761,,,,
48,0.0007672091544679299,0.03125445623509384,0.05138405883804923,test_082,0,0.0,ITC,4358,0.0,,,-0.07835130393505096,0.07862535864114761,,,,
49,0.00034362195622390367,0.02091681292892225,0.039656676827490224,test_082,0,0.0,ITC,4358,0.0,,,-0.07835130393505096,0.07862535864114761,,,,
50,0.0008913716994528123,0.033688717648511154,0.048822802457611024,test_082,0,0.0,ITC,4358,0.0,,,-0.07835130393505096,0.07862535864114761,,,,
51,0.0008841160648405151,0.033551326887182584,0.06953678594555252,test_082,0,0.0,ITC,4358,0.0,,,-0.07835130393505096,0.07862535864114761,,,,
52,0.000568680724297863,0.02690848911597739,0.04370710590109822,test_082,0,0.0,ITC,4358,0.0,,,-0.07835130393505096,0.07862535864114761,,,,
53,0.004400794589730744,0.07485496443056892,0.10405271688127728,test_082,0,0.0,ITC,4358,0.0,,,-0.07835130393505096,0.07862535864114761,,,,
54,0.00045642016701435474,0.02410668383783435,0.03758356943415688,test_082,0,0.0,ITC,4358,0.0,,,-0.07835130393505096,0.07862535864114761,,,,
55,0.0015753730193555603,0.044786462530013824,0.05124371320067288,test_082,0,0.0,ITC,4358,0.0,,,-0.07835130393505096,0.07862535864114761,,,,
56,0.0009107756496940498,0.034053422347428225,0.03929769073368053,test_082,0,0.0,ITC,4358,0.0,,,-0.07835130393505096,0.07862535864114761,,,,
57,0.0008655689398176041,0.033197539108648755,0.0467841541168426,test_082,0,0.0,ITC,4358,0.0,,,-0.07835130393505096,0.07862535864114761,,,,
58,0.0021785497198913728,0.05266702624543565,0.10563345723671651,test_082,0,0.0,ITC,4358,0.0,,,-0.07835130393505096,0.07862535864114761,,,,
59,0.0234314991996622,0.17272495874493712,0.2457669564164034,test_082,2,0.125,micro,4358,0.0004589261128958238,0.6373038516405135,-0.05428336560726166,-0.07835130393505096,0.07862535864114761,0.30610910058021545,0.9172832543909227,0.005591012525265824,False
60,0.005472401054252289,0.08347261483219756,0.1938221059212389,test_082,1,0.1875,ITC,4358,0.0002294630564479119,0.8076557299096528,-0.013304144144058228,-0.07835130393505096,0.07862535864114761,0.8273050785064697,1.0,0.040838460612380334,False
61,0.0020974008565421563,0.051676819868398206,0.06556209866411426,test_082,0,0.0,ITC,4358,0.0,,,-0.07835130393505096,0.07862535864114761,,,,
62,0.00048674986208773613,0.024894761955168248,0.0367621210218434,test_082,0,0.0,ITC,4358,0.0,,,-0.07835130393505096,0.07862535864114761,,,,
63,0.002208792755561119,0.05303133302590993,0.07944321683444142,test_082,1,0.1426929384469986,ITC,4358,0.0002294630564479119,0.9113171659534,0.03146675229072571,-0.07835130393505096,0.07862535864114761,1.3967256546020508,1.0,0.1164019358419033,False
64,0.0013189069372993012,0.04097907354241931,0.06073872873570195,test_082,0,0.0,ITC,4358,0.0,,,-0.07835130393505096,0.07862535864114761,,,,
65,0.0015541013336387215,0.044483067278622716,0.05876935262197435,test_082,0,0.0,ITC,4358,0.0,,,-0.07835130393505096,0.07862535864114761,,,,
66,0.0015168271612376403,0.04394638010366886,0.08490800445851979,test_082,0,0.0,ITC,4358,0.0,,,-0.07835130393505096,0.07862535864114761,,,,
67,0.0020607934719706305,0.051223859109257676,0.07356815752776191,test_082,0,0.0,ITC,4358,0.0,,,-0.07835130393505096,0.07862535864114761,,,,
68,0.0022242508824745788,0.05321657806528635,0.06966769946866926,test_082,1,0.14369156956672668,ITC,4358,0.0002294630564479119,0.8316690442225392,-0.006145596504211426,-0.07835130393505096,0.07862535864114761,0.918351411819458,1.0,0.05032175495244039,False
69,0.002157677835125771,0.05241412733682292,0.08330674940211634,test_082,0,0.0,ITC,4358,0.0,,,-0.07835130393505096,0.07862535864114761,,,,
70,0.00042635078352788546,0.0232990703144251,0.03250650957333352,test_082,0,0.0,ITC,4358,0.0,,,-0.07835130393505096,0.07862535864114761,,,,
71,0.0010776783208026695,0.03704244396027003,0.0577008068332017,test_082,0,0.0,ITC,4358,0.0,,,-0.07835130393505096,0.07862535864114761,,,,
72,0.00033074558388665774,0.02052116850111157,0.02921761966125233,test_082,0,0.0,ITC,4358,0.0,,,-0.07835130393505096,0.07862535864114761,,,,
73,0.0017756272627804414,0.04754785849732785,0.07706161851216319,test_082,1,0.11470948904752731,ITC,4358,0.0002294630564479119,0.6600095102234903,-0.04950639605522156,-0.07835130393505096,0.07862535864114761,0.3668651878833771,1.0,0.008030655371427142,False
74,0.0013238708664000092,0.04105611695257228,0.11247372468429379,test_082,0,0.0,ITC,4358,0.0,,,-0.07835130393505096,0.07862535864114761,,,,
75,0.00613263828854306,0.0883646851549305,0.1188428140424976,test_082,0,0.0,ITC,4358,0.0,,,-0.07835130393505096,0.07862535864114761,,,,
76,0.0006430155317436848,0.02861315786303511,0.04850585742449858,test_082,0,0.0,ITC,4358,0.0,,,-0.07835130393505096,0.07862535864114761,,,,
77,0.0008171173494906235,0.03225501700605108,0.040729868589542514,test_082,0,0.0,ITC,4358,0.0,,,-0.07835130393505096,0.07862535864114761,,,,
78,0.0004999813459845887,0.025230854550282112,0.04171825070241657,test_082,0,0.0,ITC,4358,0.0,,,-0.07835130393505096,0.07862535864114761,,,,
79,0.0008796059503618126,0.03346564028649406,0.054721867076460005,test_082,0,0.0,ITC,4358,0.0,,,-0.07835130393505096,0.07862535864114761,,,,
80,0.0010473314457148475,0.03651717148313643,0.060350563254422375,test_082,0,0.0,ITC,4358,0.0,,,-0.07835130393505096,0.07862535864114761,,,,
81,0.0005411323817601128,0.026248640867551607,0.048600000000000004,test_082,0,0.0,ITC,4358,0.0,,,-0.07835130393505096,0.07862535864114761,,,,
82,0.0009467998616436768,0.034720354617925636,0.04475928915659202,test_082,0,0.0,ITC,4358,0.0,,,-0.07835130393505096,0.07862535864114761,,,,
83,0.0008651953958309899,0.033190374988764565,0.05025454399487136,test_082,0,0.0,ITC,4358,0.0,,,-0.07835130393505096,0.07862535864114761,,,,
84,0.0010991746255871544,0.03741006014252091,0.08141854199717673,test_082,0,0.0,ITC,4358,0.0,,,-0.07835130393505096,0.07862535864114761,,,,
85,0.0020526242796527483,0.0511222300309504,0.0935109179739883,test_082,0,0.0,ITC,4358,0.0,,,-0.07835130393505096,0.07862535864114761,,,,
86,0.0031172358710938913,0.06299990461376671,0.07570428727083162,test_082,0,0.0,ITC,4358,0.0,,,-0.07835130393505096,0.07862535864114761,,,,
87,0.0007136331230524865,0.030143422378742603,0.053984220390190164,test_082,0,0.0,ITC,4358,0.0,,,-0.07835130393505096,0.07862535864114761,,,,
88,0.0020317060763455352,0.05086107076814106,0.07288010332942718,test_082,1,0.13125275075435638,ITC,4358,0.0002294630564479119,0.5504041844983357,-0.07302367687225342,-0.07835130393505096,0.07862535864114761,0.06775965541601181,1.0,0.0002739557121179141,False
89,0.0008801339188452416,0.03347568236999046,0.0609147534167482,test_082,1,0.056858617812395096,ITC,4358,0.0002294630564479119,0.4455539705183072,-0.09678196907043457,-0.07835130393505096,0.07862535864114761,-0.23441120982170105,1.0,0.003278647565765423,False
90,0.008704507244394562,0.10527546172302858,0.2645487676664702,test_082,0,0.0,micro,4358,0.0,,,-0.07835130393505096,0.07862535864114761,,,,
91,0.000885873151017334,0.03358465017674614,0.047579873540952236,test_082,1,0.057229384779930115,ITC,4358,0.0002294630564479119,0.17237280076081787,-0.15585169196128845,-0.07835130393505096,0.07862535864114761,-0.985692024230957,1.0,0.05797229152779407,False
92,0.004247945568007896,0.073543540036295,0.12681952094314977,test_082,1,0.27442675828933716,ITC,4358,0.0002294630564479119,0.9008559201141226,0.025866597890853882,-0.07835130393505096,0.07862535864114761,1.3254998922348022,1.0,0.10483284598277964,False
93,0.004074520591291786,0.07202666688574726,0.14541174538466844,test_082,1,0.21875,ITC,4358,0.0002294630564479119,0.937470280551593,0.05100792646408081,-0.07835130393505096,0.07862535864114761,1.6452609300613403,1.0,0.16151302526901118,False
94,0.0033582902576305847,0.06539042711830302,0.11051782612578329,test_082,0,0.0,ITC,4358,0.0,,,-0.07835130393505096,0.07862535864114761,,,,
95,0.0025873174851400223,0.05739577455584172,0.07693202803010263,test_082,0,0.0,ITC,4358,0.0,,,-0.07835130393505096,0.07862535864114761,,,,
96,0.001814542631749134,0.048066073631521135,0.07308088756351938,test_082,0,0.0,ITC,4358,0.0,,,-0.07835130393505096,0.07862535864114761,,,,
97,0.0005809209206068955,0.02719653449395079,0.04608325197353813,test_082,1,0.03752879053354263,ITC,4358,0.0002294630564479119,0.6597717546362339,-0.04953205585479736,-0.07835130393505096,0.07862535864114761,0.3665388524532318,1.0,0.008016374802546826,False
98,0.006750060543209565,0.09270622424072146,0.1359314339421787,test_082,0,0.0,ITC,4358,0.0,,,-0.07835130393505096,0.07862535864114761,,,,
99,0.0010343763078898315,0.03629061613340958,0.05347846993484806,test_082,0,0.0,ITC,4358,0.0,,,-0.07835130393505096,0.07862535864114761,,,,
100,0.0016691902820240708,0.04610074917786788,0.09055687700555931,test_082,0,0.0,ITC,4358,0.0,,,-0.07835130393505096,0.07862535864114761,,,,
101,0.001251547594030529,0.03991891642865346,0.06368039050786103,test_082,0,0.0,ITC,4358,0.0,,,-0.07835130393505096,0.07862535864114761,,,,
102,0.0015017259011760407,0.043727071737430394,0.06998916777794977,test_082,1,0.09701484441757202,ITC,4358,0.0002294630564479119,0.5779838326200666,-0.06733721494674683,-0.07835130393505096,0.07862535864114761,0.1400831639766693,1.0,0.0011708732045167276,False
103,0.0014432292691791229,0.04286696370910923,0.05681688728895152,test_082,0,0.0,ITC,4358,0.0,,,-0.07835130393505096,0.07862535864114761,,,,
104,0.0023211546607275584,0.054363461106561796,0.06872212775406203,test_082,0,0.0,ITC,4358,0.0,,,-0.07835130393505096,0.07862535864114761,,,,
105,0.0014983298279486732,0.043677600529338646,0.08286620668282095,test_082,0,0.0,ITC,4358,0.0,,,-0.07835130393505096,0.07862535864114761,,,,
106,0.0036040320957604066,0.06774065385584122,0.10201261846580549,test_082,0,0.0,ITC,4358,0.0,,,-0.07835130393505096,0.07862535864114761,,,,
107,0.0010189830602271768,0.0360195714535375,0.044881272240323594,test_082,1,0.0658285841345787,ITC,4358,0.0002294630564479119,0.963623395149786,0.07479351758956909,-0.07835130393505096,0.07862535864114761,1.9477789402008057,1.0,0.22636918865182623,False
108,0.002342623672604004,0.054614293901799525,0.09017447154491676,test_082,0,0.0,ITC,4358,0.0,,,-0.07835130393505096,0.07862535864114761,,,,
109,0.007822861214649444,0.09980168461236824,0.2093523582049114,test_082,1,0.171875,micro,4358,0.0002294630564479119,0.9771754636233951,0.09794121980667114,-0.07835130393505096,0.07862535864114761,2.2421839237213135,1.0,0.29997181536055795,False
110,0.0020621135240518115,0.05124026233886737,0.06312138648375583,test_082,0,0.0,ITC,4358,0.0,,,-0.07835130393505096,0.07862535864114761,,,,
111,0.0016967709838841515,0.046480059326989794,0.07095693620957713,test_082,0,0.0,ITC,4358,0.0,,,-0.07835130393505096,0.07862535864114761,,,,
112,0.003550718028733532,0.0672377468866084,0.09251636069960595,test_082,0,0.0,ITC,4358,0.0,,,-0.07835130393505096,0.07862535864114761,,,,
113,0.0025557636125326426,0.057044713150928864,0.08163321222864522,test_082,1,0.16510803997516632,ITC,4358,0.0002294630564479119,0.9443651925820257,0.055867940187454224,-0.07835130393505096,0.07862535864114761,1.7070732116699219,1.0,0.17387705547052318,False
114,0.0017067978820154114,0.04661719165986131,0.07201227461822465,test_082,0,0.0,ITC,4358,0.0,,,-0.07835130393505096,0.07862535864114761,,,,
115,0.0025845430088224184,0.057364992494565045,0.06410365678110491,test_082,0,0.0,ITC,4358,0.0,,,-0.07835130393505096,0.07862535864114761,,,,
116,0.011479852066865158,0.12089913820719489,0.23054042499302363,test_082,0,0.0,micro,4358,0.0,,,-0.07835130393505096,0.07862535864114761,,,,
117,0.002439699544282173,0.05573438738384426,0.08438759307211115,test_082,0,0.0,ITC,4358,0.0,,,-0.07835130393505096,0.07862535864114761,,,,
118,0.023006940385605194,0.1711529909242517,0.3509760369999177,test_082,1,0.171875,micro,4358,0.0002294630564479119,0.994531621493105,0.16266164183616638,-0.07835130393505096,0.07862535864114761,3.065333604812622,1.0,0.5606521284811274,False
119,0.014983520207444138,0.13812172330034217,0.3299985852958312,test_082,1,0.546875,micro,4358,0.0002294630564479119,0.9895387541607228,0.1322302520275116,-0.07835130393505096,0.07862535864114761,2.678290605545044,1.0,0.42800947033791187,False
120,0.0004997403079233399,0.025224771993937294,0.03154117505593292,test_082,0,0.0,ITC,4358,0.0,,,-0.07835130393505096,0.07862535864114761,,,,
121,0.0008875364197796631,0.03361616377661399,0.04406860070319054,test_082,0,0.0,ITC,4358,0.0,,,-0.07835130393505096,0.07862535864114761,,,,
122,0.003512936683303734,0.06687906924691087,0.10280704845564187,test_082,0,0.0,ITC,4358,0.0,,,-0.07835130393505096,0.07862535864114761,,,,
123,0.001544300985678154,0.044342587700075826,0.0650505364420525,test_082,1,0.09976529330015182,ITC,4358,0.0002294630564479119,0.927246790299572,0.04423186182975769,-0.07835130393505096,0.07862535864114761,1.5590792894363403,1.0,0.14503552372908024,False
124,0.0009908564389372102,0.03551897522747972,0.043229899100110665,test_082,0,0.0,ITC,4358,0.0,,,-0.07835130393505096,0.07862535864114761,,,,
125,0.0007280536682765809,0.030446456626990914,0.03848728750311734,test_082,0,0.0,ITC,4358,0.0,,,-0.07835130393505096,0.07862535864114761,,,,
126,0.00582447781322747,0.08611594207365905,0.11334439213450309,test_082,0,0.0,ITC,4358,0.0,,,-0.07835130393505096,0.07862535864114761,,,,
127,0.0031588401432642516,0.06341892608599527,0.0782321940011547,test_082,1,0.204068124294281,ITC,4358,0.0002294630564479119,0.7349025202092249,-0.0327700600028038,-0.07835130393505096,0.07862535864114761,0.5797269940376282,1.0,0.020053262031884886,False
128,0.0035139728988272325,0.06688893222286095,0.08777633632788634,test_082,0,0.0,ITC,4358,0.0,,,-0.07835130393505096,0.07862535864114761,,,,
129,0.002516405824770035,0.05660377555162828,0.0736975435296624,test_082,0,0.0,ITC,4358,0.0,,,-0.07835130393505096,0.07862535864114761,,,,
130,0.003140880177184319,0.06323838112148239,0.11159342280242347,test_082,1,0.20290787518024445,ITC,4358,0.0002294630564479119,0.9766999524488825,0.09602916240692139,-0.07835130393505096,0.07862535864114761,2.217865467071533,1.0,0.29350018565114566,False
131,0.002224331306733238,0.05321754015665509,0.057050816315369235,test_082,0,0.0,ITC,4358,0.0,,,-0.07835130393505096,0.07862535864114761,,,,
132,0.02840779943889093,0.19018394681071613,0.4287795308802269,test_082,2,0.21875,micro,4358,0.0004589261128958238,0.7942225392296719,-0.00835922360420227,-0.07835130393505096,0.07862535864114761,0.8901972770690918,0.9172832543909227,0.04728359683414895,False
133,0.010450581609846315,0.1153520427696813,0.22261133336801747,test_082,0,0.0,micro,4358,0.0,,,-0.07835130393505096,0.07862535864114761,,,,
134,0.0021189315109938355,0.05194138419779339,0.05875589756143633,test_082,1,0.13688771426677704,ITC,4358,0.0002294630564479119,0.5494531621493105,-0.07347658276557922,-0.07835130393505096,0.07862535864114761,0.061999350786209106,1.0,0.000229357140999733,False
135,0.002476185520069542,0.05614959772120496,0.07678953795928192,test_082,0,0.0,ITC,4358,0.0,,,-0.07835130393505096,0.07862535864114761,,,,
136,0.000707940964924118,0.030022965074744962,0.04131332748351578,test_082,1,0.04573456570506096,ITC,4358,0.0002294630564479119,0.9003804089396101,0.025675639510154724,-0.07835130393505096,0.07862535864114761,1.3230711221694946,1.0,0.10444901855462788,False
137,0.000773231467695591,0.031376884515573494,0.03525028892434784,test_082,0,0.0,ITC,4358,0.0,,,-0.07835130393505096,0.07862535864114761,,,,
138,0.0035590482132808227,0.06731657245261503,0.10981810806573529,test_082,0,0.0,ITC,4358,0.0,,,-0.07835130393505096,0.07862535864114761,,,,
139,0.0014943922754994277,0.04362017125725935,0.06330336561550262,test_082,0,0.0,ITC,4358,0.0,,,-0.07835130393505096,0.07862535864114761,,,,
140,0.002504446795758087,0.05646911277897382,0.07064760189260655,test_082,0,0.0,ITC,4358,0.0,,,-0.07835130393505096,0.07862535864114761,,,,
141,0.0010653308323813476,0.03682962590108076,0.053507047558759555,test_082,0,0.0,ITC,4358,0.0,,,-0.07835130393505096,0.07862535864114761,,,,
142,0.008484054741620591,0.10393379622013814,0.14825775595314858,test_082,1,0.21875,ITC,4358,0.0002294630564479119,0.9526866381359962,0.06279458105564117,-0.07835130393505096,0.07862535864114761,1.7951699495315552,1.0,0.19228664501522236,False
143,0.0018790826208836518,0.048913416367430906,0.0683506955075139,test_082,0,0.0,ITC,4358,0.0,,,-0.07835130393505096,0.07862535864114761,,,,
144,0.0011182854567761994,0.03773387424940198,0.043335088776344594,test_082,0,0.0,ITC,4358,0.0,,,-0.07835130393505096,0.07862535864114761,,,,
145,0.0038744301260385133,0.07023587153147226,0.11022407410475263,test_082,0,0.0,ITC,4358,0.0,,,-0.07835130393505096,0.07862535864114761,,,,
146,0.0015825311036431046,0.044888096216388826,0.05506335513584964,test_082,0,0.0,ITC,4358,0.0,,,-0.07835130393505096,0.07862535864114761,,,,
147,0.003001113603501732,0.061815342094184426,0.07871968856766313,test_082,1,0.193878635764122,ITC,4358,0.0002294630564479119,0.9776509747979077,0.09904856979846954,-0.07835130393505096,0.07862535864114761,2.25626802444458,1.0,0.3037521495201185,False
148,0.001979438074075882,0.05020257794444249,0.09308052512555573,test_082,0,0.0,ITC,4358,0.0,,,-0.07835130393505096,0.07862535864114761,,,,
149,0.001364008752892914,0.041673851316480826,0.05244863134219691,test_082,1,0.08811800926923752,ITC,4358,0.0002294630564479119,0.9902520209224916,0.1369139850139618,-0.07835130393505096,0.07862535864114761,2.737860918045044,1.0,0.44726070849626004,False
150,0.0016599208414366379,0.045972566346106816,0.09619270943787789,test_082,0,0.0,ITC,4358,0.0,,,-0.07835130393505096,0.07862535864114761,,,,
151,0.0021146021099626463,0.05188829374516813,0.08829409555229296,test_082,0,0.0,ITC,4358,0.0,,,-0.07835130393505096,0.07862535864114761,,,,
152,1.7905080535398195,1.5098826639622305,2.4440064807542727,test_082,47,0.609375,macro,4358,0.010784763653051858,0.9469400350057162,0.07205520570278168,-0.07835130393505096,0.07862535864114761,1.9129517078399658,0.5405424869927647,0.21834637972141535,True
153,0.008086056378781585,0.10146667799047492,0.17229068555601615,test_082,0,0.0,ITC,4358,0.0,,,-0.07835130393505096,0.07862535864114761,,,,
154,0.0015717476699328805,0.04473490010834822,0.05550239685921028,test_082,0,0.0,ITC,4358,0.0,,,-0.07835130393505096,0.07862535864114761,,,,
155,0.006516704681535828,0.09108965968699291,0.15771893786496435,test_082,1,0.171875,ITC,4358,0.0002294630564479119,0.9548264384213029,0.06569260358810425,-0.07835130393505096,0.07862535864114761,1.8320286273956299,1.0,0.20026381906535418,False
156,0.006705521228447617,0.09239986361527062,0.18505768240422388,test_082,1,0.21875,ITC,4358,0.0002294630564479119,0.985021398002853,0.11761188507080078,-0.07835130393505096,0.07862535864114761,2.492366313934326,1.0,0.37064805736227113,False
157,0.0014296361186042976,0.04266461344942294,0.06412918159257737,test_082,0,0.0,ITC,4358,0.0,,,-0.07835130393505096,0.07862535864114761,,,,
158,0.008390110875809327,0.10335676538956222,0.1602182410117368,test_082,0,0.0,ITC,4358,0.0,,,-0.07835130393505096,0.07862535864114761,,,,
159,0.0015377818579549256,0.044248894593249696,0.06572566723843005,test_082,0,0.0,ITC,4358,0.0,,,-0.07835130393505096,0.07862535864114761,,,,
160,0.00204515292688694,0.051029105239493604,0.06608035892205344,test_082,0,0.0,ITC,4358,0.0,,,-0.07835130393505096,0.07862535864114761,,,,
161,0.0009950244244866142,0.035593601183832244,0.04669015552899996,test_082,0,0.0,ITC,4358,0.0,,,-0.07835130393505096,0.07862535864114761,,,,
162,0.014897523982392883,0.13772478590661552,0.4158640126635611,test_082,1,0.296875,micro,4358,0.0002294630564479119,0.954113171659534,0.06462952494621277,-0.07835130393505096,0.07862535864114761,1.8185077905654907,1.0,0.19731873131272662,False
163,0.009932489221236053,0.11245638289636344,0.29882765922659593,test_082,1,0.140625,micro,4358,0.0002294630564479119,0.975511174512601,0.09366901218891144,-0.07835130393505096,0.07862535864114761,2.187847852706909,1.0,0.2856092156804654,False
164,0.002108425725211281,0.051812459992514506,0.07733253089903369,test_082,0,0.0,ITC,4358,0.0,,,-0.07835130393505096,0.07862535864114761,,,,
165,0.0014920217648553542,0.04358556082717516,0.06814250225585994,test_082,0,0.0,ITC,4358,0.0,,,-0.07835130393505096,0.07862535864114761,,,,
166,0.0008313495719598427,0.032534706860795945,0.04263699444262543,test_082,1,0.05370703712105751,ITC,4358,0.0002294630564479119,0.666191155492154,-0.048619985580444336,-0.07835130393505096,0.07862535864114761,0.37813904881477356,1.0,0.008531807291214416,False
167,0.0006657812070092468,0.029115270235834677,0.03647935068295487,test_082,0,0.0,ITC,4358,0.0,,,-0.07835130393505096,0.07862535864114761,,,,
168,0.0008199444942617569,0.03231076839974473,0.043982738420166825,test_082,0,0.0,ITC,4358,0.0,,,-0.07835130393505096,0.07862535864114761,,,,
169,0.0022778540529495394,0.05385400502609455,0.06382919032414622,test_082,0,0.0,ITC,4358,0.0,,,-0.07835130393505096,0.07862535864114761,,,,
170,0.011599301037093201,0.12152649411430681,0.2623240525059398,test_082,1,0.21875,micro,4358,0.0002294630564479119,0.990489776509748,0.1428922712802887,-0.07835130393505096,0.07862535864114761,2.8138959407806396,1.0,0.4724480366546855,False
171,0.0008046746112642517,0.0320084916187258,0.04688083449213054,test_082,0,0.0,ITC,4358,0.0,,,-0.07835130393505096,0.07862535864114761,,,,
172,0.0010653574993083573,0.03683008685028538,0.04521997523631027,test_082,0,0.0,ITC,4358,0.0,,,-0.07835130393505096,0.07862535864114761,,,,
173,0.0006022018730504608,0.027690201131111904,0.04656795598907043,test_082,0,0.0,ITC,4358,0.0,,,-0.07835130393505096,0.07862535864114761,,,,
174,0.00709613022153756,0.09505300422738838,0.17268895953880323,test_082,0,0.0,ITC,4358,0.0,,,-0.07835130393505096,0.07862535864114761,,,,
175,0.007163750112797379,0.09550481627758155,0.21070762081660926,test_082,0,0.0,micro,4358,0.0,,,-0.07835130393505096,0.07862535864114761,,,,
176,0.0017408950891909677,0.047080531759881264,0.07707809675706652,test_082,0,0.0,ITC,4358,0.0,,,-0.07835130393505096,0.07862535864114761,,,,
177,0.0012139147214348031,0.039314173363647884,0.04667257694671204,test_082,0,0.0,ITC,4358,0.0,,,-0.07835130393505096,0.07862535864114761,,,,
178,0.001835281349243454,0.04833997093060432,0.06726767735293554,test_082,0,0.0,ITC,4358,0.0,,,-0.07835130393505096,0.07862535864114761,,,,
179,0.003870632460414379,0.07020144095198579,0.0854965763158847,test_082,0,0.0,ITC,4358,0.0,,,-0.07835130393505096,0.07862535864114761,,,,
180,0.01377912763371928,0.13245425699162877,0.27254832889739933,test_082,0,0.0,micro,4358,0.0,,,-0.07835130393505096,0.07862535864114761,,,,
181,0.0026137249302860184,0.05768793582977567,0.06987321633420482,test_082,0,0.0,ITC,4358,0.0,,,-0.07835130393505096,0.07862535864114761,,,,
182,0.0021661200317589,0.05251656579669331,0.06692693891500688,test_082,0,0.0,ITC,4358,0.0,,,-0.07835130393505096,0.07862535864114761,,,,
183,0.0024913801308192214,0.05632160956086479,0.08343862091560225,test_082,0,0.0,ITC,4358,0.0,,,-0.07835130393505096,0.07862535864114761,,,,
184,0.004005663558789002,0.07141546923429642,0.09010531465066521,test_082,0,0.0,ITC,4358,0.0,,,-0.07835130393505096,0.07862535864114761,,,,
185,0.028997487987652636,0.19214772547147727,0.359787045308659,test_082,1,0.109375,micro,4358,0.0002294630564479119,0.9029957203994294,0.026584774255752563,-0.07835130393505096,0.07862535864114761,1.3346340656280518,1.0,0.10628265481553159,False
186,0.002487300855836912,0.05627548142224259,0.08888653018877495,test_082,0,0.0,ITC,4358,0.0,,,-0.07835130393505096,0.07862535864114761,,,,
187,0.019535450265095067,0.15771273823545787,0.3305678418601769,test_082,1,0.5,micro,4358,0.0002294630564479119,0.6954350927246791,-0.04203706979751587,-0.07835130393505096,0.07862535864114761,0.4618641436100006,1.0,0.01272818495868408,False
188,0.049457868022796406,0.25094165330792945,0.4151857726334082,test_082,2,0.71875,micro,4358,0.0004589261128958238,0.5572990965287684,-0.07224830240011215,-0.07835130393505096,0.07862535864114761,0.07762128859758377,0.9172832543909227,0.00035950064923640705,False
189,0.005581074947019928,0.08429736250130532,0.10046935241510539,test_082,1,0.3605498969554901,ITC,4358,0.0002294630564479119,0.7075606276747504,-0.03949183225631714,-0.07835130393505096,0.07862535864114761,0.4942358732223511,1.0,0.014574931152805948,False
190,0.0049632690578859905,0.07949484534019095,0.0916579725306521,test_082,0,0.0,ITC,4358,0.0,,,-0.07835130393505096,0.07862535864114761,,,,
191,0.004095383215412521,0.07221082924816655,0.08523023294764667,test_082,0,0.0,ITC,4358,0.0,,,-0.07835130393505096,0.07862535864114761,,,,
192,0.004305646971860401,0.07404133973829667,0.08686197726753735,test_082,0,0.0,ITC,4358,0.0,,,-0.07835130393505096,0.07862535864114761,,,,
193,0.042831660479317794,0.23352722301465764,0.40822914278555245,test_082,3,0.0625,micro,4358,0.0006883891693437356,0.45371691234744016,-0.0924069955945015,-0.07835130393505096,0.07862535864114761,-0.17876791954040527,0.8688970600279213,0.001906852736902873,False
194,0.0020594129064001867,0.05120669830565814,0.05830913219231968,test_082,0,0.0,ITC,4358,0.0,,,-0.07835130393505096,0.07862535864114761,,,,
195,0.00408602553380008,0.07212828356776461,0.08766560767387485,test_082,0,0.0,ITC,4358,0.0,,,-0.07835130393505096,0.07862535864114761,,,,
196,0.9950603322262225,1.1255888078635712,1.821906818420144,test_082,25,0.6875,micro,4358,0.005736576411197797,0.7711364717070851,0.005231546703726053,-0.07835130393505096,0.07862535864114761,1.0630520582199097,0.6158753289052658,0.06742905107668964,False
197,0.009375354334996628,0.1092569077231364,0.15150451959707995,test_082,1,0.234375,ITC,4358,0.0002294630564479119,0.9907275320970043,0.14411959052085876,-0.07835130393505096,0.07862535864114761,2.829505681991577,1.0,0.47770427008869193,False
198,0.000879714482835577,0.03346770484545511,0.038635075302450125,test_082,0,0.0,ITC,4358,0.0,,,-0.07835130393505096,0.07862535864114761,,,,
199,0.0012250394684293784,0.03949390706255368,0.04809627996774589,test_082,1,0.07914028316736221,ITC,4358,0.0002294630564479119,0.9412743699476938,0.05394735932350159,-0.07835130393505096,0.07862535864114761,1.6826462745666504,1.0,0.16893655714202913,False
200,0.003153659003927147,0.06336689478276608,0.08909552166888912,test_082,0,0.0,ITC,4358,0.0,,,-0.07835130393505096,0.07862535864114761,,,,
201,0.000563140841517334,0.02677710194691178,0.036342240059591316,test_082,0,0.0,ITC,4358,0.0,,,-0.07835130393505096,0.07862535864114761,,,,
202,0.000629285192774746,0.028306020425999424,0.03622781543134698,test_082,0,0.0,ITC,4358,0.0,,,-0.07835130393505096,0.07862535864114761,,,,
0,0.175270469618428,0.47239950565436184,0.8025245335534863,test_084,4,0.75,micro,1713,0.002335084646818447,0.9783313679245284,0.13685879111289978,-0.04483197629451752,0.062149353325366974,2.9234538078308105,0.813820295170246,0.5739041395871365,True
1,0.010588208366378677,0.11610911075350215,0.1822519469946368,test_084,1,0.28125,ITC,1713,0.0005837711617046118,0.9917452830188679,0.14375659823417664,-0.04483197629451752,0.062149353325366974,3.0344414710998535,1.0,0.6183073588961177,False
2,0.0010421539471590958,0.03642679806440308,0.049068460881320566,test_084,0,0.0,ITC,1713,0.0,,,-0.04483197629451752,0.062149353325366974,,,,
3,0.0005038213568939896,0.025327559595814897,0.044306200114946126,test_084,1,0.03254798427224159,ITC,1713,0.0005837711617046118,0.8920990566037735,0.030910074710845947,-0.04483197629451752,0.062149353325366974,1.21871018409729,1.0,0.09973503988393896,False
4,0.0002407178374883137,0.017506897778111728,0.025844381187863023,test_084,0,0.0,ITC,1713,0.0,,,-0.04483197629451752,0.062149353325366974,,,,
5,0.0007630763290498237,0.031170161337368416,0.04864402381074164,test_084,1,0.049296434968709946,ITC,1713,0.0005837711617046118,0.8266509433962265,0.009101420640945435,-0.04483197629451752,0.062149353325366974,0.8678030371665955,1.0,0.05056956485202592,False
6,0.0005125338824999085,0.025545614246197505,0.03589699061486905,test_084,0,0.0,ITC,1713,0.0,,,-0.04483197629451752,0.062149353325366974,,,,
7,0.0008065848724536209,0.03204646245364873,0.061158120590028175,test_084,0,0.0,ITC,1713,0.0,,,-0.04483197629451752,0.062149353325366974,,,,
8,0.00026655229791561127,0.018422402841274107,0.02291748046089839,test_084,0,0.0,ITC,1713,0.0,,,-0.04483197629451752,0.062149353325366974,,,,
9,0.00030113248898752215,0.01958095485882747,0.026645292685028594,test_084,0,0.0,ITC,1713,0.0,,,-0.04483197629451752,0.062149353325366974,,,,
10,0.0005325454828206024,0.026039546234473274,0.045701871312891364,test_084,0,0.0,ITC,1713,0.0,,,-0.04483197629451752,0.062149353325366974,,,,
11,0.004095517626987225,0.07221201422782811,0.08704855060750781,test_084,1,0.2645795941352844,ITC,1713,0.0005837711617046118,0.9569575471698113,0.07987892627716064,-0.04483197629451752,0.062149353325366974,2.0066323280334473,1.0,0.27038493752755743,False
12,0.006939556481591263,0.09399849857995184,0.14320964020973115,test_084,1,0.109375,ITC,1713,0.0005837711617046118,0.9204009433962265,0.04323387145996094,-0.04483197629451752,0.062149353325366974,1.4170033931732178,1.0,0.13483066157832047,False
13,0.00046123373880553435,0.024233469326806173,0.04867617382184435,test_084,0,0.0,ITC,1713,0.0,,,-0.04483197629451752,0.062149353325366974,,,,
14,0.0008100488541483764,0.03211520254130618,0.04723391575387341,test_084,0,0.0,ITC,1713,0.0,,,-0.04483197629451752,0.062149353325366974,,,,
15,0.0007211378580193062,0.030301505540744865,0.03811237193333587,test_084,0,0.0,ITC,1713,0.0,,,-0.04483197629451752,0.062149353325366974,,,,
16,0.00039286403940447235,0.0223653757105524,0.02741556016491514,test_084,1,0.02537989430129528,ITC,1713,0.0005837711617046118,0.71875,-0.015118002891540527,-0.04483197629451752,0.062149353325366974,0.47810590267181396,1.0,0.015349530497749564,False
17,0.00029259779492868805,0.019301478782868302,0.030849929426210346,test_084,0,0.0,ITC,1713,0.0,,,-0.04483197629451752,0.062149353325366974,,,,
18,0.0008555720790898361,0.03300527540361479,0.046482011380469604,test_084,0,0.0,ITC,1713,0.0,,,-0.04483197629451752,0.062149353325366974,,,,
19,0.0001697431512579174,0.014701145963139834,0.01990419513730151,test_084,0,0.0,ITC,1713,0.0,,,-0.04483197629451752,0.062149353325366974,,,,
20,0.000600824493811306,0.027658515957405268,0.03579335949083778,test_084,0,0.0,ITC,1713,0.0,,,-0.04483197629451752,0.062149353325366974,,,,
21,9.105313902745056e-05,0.010767193565735625,0.012467312879408598,test_084,0,0.0,ITC,1713,0.0,,,-0.04483197629451752,0.062149353325366974,,,,
22,0.0006550753050703125,0.0288802317025846,0.037440920492811496,test_084,0,0.0,ITC,1713,0.0,,,-0.04483197629451752,0.062149353325366974,,,,
23,0.0004375524590633812,0.02360315855506653,0.03827942803827458,test_084,1,0.028266865760087967,ITC,1713,0.0005837711617046118,0.33549528301886794,-0.07539868354797363,-0.04483197629451752,0.062149353325366974,-0.4918266236782074,1.0,0.01624317614045258,False
24,0.000937089839434433,0.03454185635627368,0.07625891911239129,test_084,1,0.060538094490766525,ITC,1713,0.0005837711617046118,0.6556603773584906,-0.02876591682434082,-0.04483197629451752,0.062149353325366974,0.25850728154182434,1.0,0.004487375850326155,False
25,0.0002708775846814156,0.01857126954730683,0.020362449110346088,test_084,0,0.0,ITC,1713,0.0,,,-0.04483197629451752,0.062149353325366974,,,,
26,0.00020949861210929488,0.016332235532978547,0.021291869775248405,test_084,0,0.0,ITC,1713,0.0,,,-0.04483197629451752,0.062149353325366974,,,,
27,0.003788389288970398,0.06945161663754298,0.148396831834668,test_084,1,0.15625,ITC,1713,0.0005837711617046118,0.5235849056603774,-0.048930466175079346,-0.04483197629451752,0.062149353325366974,-0.0659458190202713,1.0,0.0002920259314501331,False
28,0.00041251761461693574,0.022917978528441435,0.04041441406849789,test_084,0,0.0,ITC,1713,0.0,,,-0.04483197629451752,0.062149353325366974,,,,
29,0.0003399112645706978,0.02080356853408445,0.03179743380411385,test_084,0,0.0,ITC,1713,0.0,,,-0.04483197629451752,0.062149353325366974,,,,
30,0.0002119319320319996,0.016426810909463425,0.028767124815013055,test_084,1,0.01369127631187439,ITC,1713,0.0005837711617046118,0.714622641509434,-0.01614755392074585,-0.04483197629451752,0.062149353325366974,0.461540162563324,1.0,0.01430427604043083,False
31,0.0009425637851710969,0.03464259639107755,0.04381573850796215,test_084,0,0.0,ITC,1713,0.0,,,-0.04483197629451752,0.062149353325366974,,,,
32,0.00019315060338123894,0.01568205937734106,0.026387997370700755,test_084,0,0.0,ITC,1713,0.0,,,-0.04483197629451752,0.062149353325366974,,,,
33,8.418502924543762e-05,0.01035314968065165,0.01624241651751807,test_084,0,0.0,ITC,1713,0.0,,,-0.04483197629451752,0.062149353325366974,,,,
34,0.00037986516580088426,0.021992256609203727,0.04174818874554163,test_084,1,0.024540137499570847,ITC,1713,0.0005837711617046118,0.9893867924528302,0.13512149453163147,-0.04483197629451752,0.062149353325366974,2.8955001831054688,1.0,0.5629814412641995,False
35,0.0003418529423941612,0.02086290211692318,0.02879122321640772,test_084,1,0.022084463387727737,ITC,1713,0.0005837711617046118,0.4994103773584906,-0.05256059765815735,-0.04483197629451752,0.062149353325366974,-0.12435562163591385,1.0,0.0010384312060597314,False
36,0.0005899487374725266,0.02740704402004353,0.046932705512413846,test_084,0,0.0,ITC,1713,0.0,,,-0.04483197629451752,0.062149353325366974,,,,
37,0.0005713627827044449,0.02697186848049692,0.04429677354737763,test_084,0,0.0,ITC,1713,0.0,,,-0.04483197629451752,0.062149353325366974,,,,
38,0.00020424048611572266,0.016125974809557127,0.023148118066409477,test_084,0,0.0,ITC,1713,0.0,,,-0.04483197629451752,0.062149353325366974,,,,
39,0.000285778573161335,0.019075234740023584,0.02410653465336717,test_084,1,0.018461933359503746,ITC,1713,0.0005837711617046118,0.53125,-0.047734618186950684,-0.04483197629451752,0.062149353325366974,-0.04670429602265358,1.0,0.00014647400134572904,False
0,85.10784104212861,10.409739131307395,15.560229660979033,test_090,1465,1.0,macro,6239,0.23481327135758936,0.9301726295155808,0.10585930198431015,-0.05580097809433937,0.07019784301519394,2.3029239177703857,0.16581246242153394,0.3034509891170177,True
1,0.00670278229406694,0.09238099088317196,0.11063676987687841,test_090,0,0.0,ITC,6239,0.0,,,-0.05580097809433937,0.07019784301519394,,,,
2,2.1852443570392177,1.6680346310228984,2.4026730064245636,test_090,42,1.0,macro,6239,0.006731848052572527,0.9509746872272331,0.11388083547353745,-0.05580097809433937,0.07019784301519394,2.417194128036499,0.5722792862550695,0.33431236352403615,True
3,0.20233995933636914,0.5075699338092929,0.8023300483192749,test_090,5,0.9375,micro,6239,0.0008014104824491104,0.9939918533604888,0.20283488929271698,-0.05580097809433937,0.07019784301519394,3.684385061264038,0.815823761076393,0.7767109043085699,True
4,0.010733677573629639,0.11690398944083229,0.31310607681777874,test_090,1,0.15625,micro,6239,0.00016028209648982208,0.8930753564154786,0.02632024884223938,-0.05580097809433937,0.07019784301519394,1.169853925704956,1.0,0.07830556912314696,False
5,0.003506926532443726,0.06682183431774612,0.09493082949875123,test_090,0,0.0,ITC,6239,0.0,,,-0.05580097809433937,0.07019784301519394,,,,
6,44.466350923050996,7.524381463303109,13.932548541734072,test_090,763,1.0,macro,6239,0.12229523962173425,0.8534599194411597,0.06158166378736496,-0.05580097809433937,0.07019784301519394,1.6721688508987427,0.2404645053261549,0.15998881994174483,True
7,0.01038487510900525,0.11498884144090402,0.16214806614711752,test_090,1,0.03125,ITC,6239,0.00016028209648982208,0.9378818737270875,0.05203619599342346,-0.05580097809433937,0.07019784301519394,1.5361891984939575,1.0,0.13502643175171236,False
8,0.0046735499920341796,0.07713979948220388,0.11058001958423593,test_090,1,0.3019217550754547,ITC,6239,0.00016028209648982208,0.9918533604887984,0.16591410338878632,-0.05580097809433937,0.07019784301519394,3.1584315299987793,1.0,0.5707846823070489,False
9,0.004586188387703247,0.07641542000688717,0.11070617031584103,test_090,0,0.0,ITC,6239,0.0,,,-0.05580097809433937,0.07019784301519394,,,,
10,0.006060657919751587,0.08784457484978836,0.1541872989643851,test_090,1,0.046875,ITC,6239,0.00016028209648982208,0.9643584521384929,0.08669544756412506,-0.05580097809433937,0.07019784301519394,2.02992582321167,1.0,0.23577063520959718,False
11,0.002888802876282715,0.060647655016726185,0.0743768161786581,test_090,1,0.18662311136722565,ITC,6239,0.00016028209648982208,0.8785641547861507,0.019512951374053955,-0.05580097809433937,0.07019784301519394,1.0728808641433716,1.0,0.06586161492803887,False
12,0.0030728319968671876,0.0625495900285431,0.07389088367456197,test_090,1,0.19851180911064148,ITC,6239,0.00016028209648982208,0.814663951120163,0.0016579702496528625,-0.05580097809433937,0.07019784301519394,0.8185287117958069,1.0,0.038335154032832004,False
13,0.0022106934839987184,0.053054145597827874,0.07550264570861077,test_090,0,0.0,ITC,6239,0.0,,,-0.05580097809433937,0.07019784301519394,,,,
14,0.39479619717689063,0.7089923344837219,1.2113838313100924,test_090,9,0.921875,micro,6239,0.0014425388684083987,0.9849230595157276,0.1595386564731598,-0.05580097809433937,0.07019784301519394,3.067610263824463,0.7485603168672301,0.5384306093295838,True
15,0.006946511792625549,0.09404559273214239,0.11574993363610347,test_090,0,0.0,ITC,6239,0.0,,,-0.05580097809433937,0.07019784301519394,,,,
16,0.015515399585180237,0.1405518420520308,0.25879402365383875,test_090,2,0.0859375,micro,6239,0.00032056419297964416,0.8214103869653768,0.015549108386039734,-0.05580097809433937,0.07019784301519394,1.0164141654968262,0.9206796113414781,0.05911133869714215,False
17,0.005306762350793518,0.0821996330864198,0.1304419099431879,test_090,0,0.0,ITC,6239,0.0,,,-0.05580097809433937,0.07019784301519394,,,,
18,0.0013925913971956788,0.042108222909160276,0.052829210620046,test_090,1,0.08996451646089554,ITC,6239,0.00016028209648982208,0.9534114052953157,0.06984764337539673,-0.05580097809433937,0.07019784301519394,1.7899214029312134,1.0,0.1833147028112581,False
19,0.00036648197453430177,0.021601373623214286,0.03613843844163719,test_090,1,0.023675553500652313,ITC,6239,0.00016028209648982208,0.9814154786150713,0.13210660219192505,-0.05580097809433937,0.07019784301519394,2.676828384399414,1.0,0.4099873287120841,False
20,0.0010026416889478455,0.035729582247326225,0.0540922477470218,test_090,0,0.0,ITC,6239,0.0,,,-0.05580097809433937,0.07019784301519394,,,,
21,0.0010199868479511109,0.0360373083057146,0.04049378277279118,test_090,1,0.06589342653751373,ITC,6239,0.00016028209648982208,0.4210794297352342,-0.07716816663742065,-0.05580097809433937,0.07019784301519394,-0.304385244846344,1.0,0.0053012290472601205,False
22,0.002270302559294678,0.0537646630883839,0.06388311605301308,test_090,0,0.0,ITC,6239,0.0,,,-0.05580097809433937,0.07019784301519394,,,,
23,0.008656111009802034,0.10498239300614827,0.23361236947559091,test_090,1,0.203125,micro,6239,0.00016028209648982208,0.9936354378818737,0.18942368030548096,-0.05580097809433937,0.07019784301519394,3.4933359622955322,1.0,0.6982486204664415,False
24,0.0009273156054021606,0.03436124123555578,0.039785614657734725,test_090,0,0.0,ITC,6239,0.0,,,-0.05580097809433937,0.07019784301519394,,,,
25,0.009708263468801147,0.11117978664840739,0.21089767726947814,test_090,1,0.078125,micro,6239,0.00016028209648982208,0.9467922606924644,0.060205280780792236,-0.05580097809433937,0.07019784301519394,1.6525615453720093,1.0,0.15625886378524514,False
26,0.0020735638694813234,0.051382326895126916,0.061765259925735255,test_090,0,0.0,ITC,6239,0.0,,,-0.05580097809433937,0.07019784301519394,,,,
27,0.006393942253835816,0.09022760178757294,0.10118028575137596,test_090,0,0.0,ITC,6239,0.0,,,-0.05580097809433937,0.07019784301519394,,,,
28,0.00371099343958374,0.06873851611382643,0.13358901517714694,test_090,0,0.0,ITC,6239,0.0,,,-0.05580097809433937,0.07019784301519394,,,,
29,0.000688038948,0.029597945822498903,0.05009573335125458,test_090,0,0.0,ITC,6239,0.0,,,-0.05580097809433937,0.07019784301519394,,,,
30,0.004939486212440231,0.07930415611021287,0.09743379921146182,test_090,0,0.0,ITC,6239,0.0,,,-0.05580097809433937,0.07019784301519394,,,,
31,0.004722826768169128,0.07754540479078499,0.13201429212833482,test_090,1,0.09375,ITC,6239,0.00016028209648982208,0.9793788187372708,0.12453624606132507,-0.05580097809433937,0.07019784301519394,2.5689852237701416,1.0,0.37761791452613125,False
32,0.0009217172653640442,0.034257362293770584,0.0394470793451337,test_090,0,0.0,ITC,6239,0.0,,,-0.05580097809433937,0.07019784301519394,,,,
33,0.028487950624757813,0.19045205507923624,0.35076476744957,test_090,1,0.375,micro,6239,0.00016028209648982208,0.9335539714867617,0.049020543694496155,-0.05580097809433937,0.07019784301519394,1.493229866027832,1.0,0.12758003357403788,False
34,0.0019431243311459655,0.049739951133390824,0.06609871540204423,test_090,0,0.0,ITC,6239,0.0,,,-0.05580097809433937,0.07019784301519394,,,,
35,0.004652748071629761,0.0769679338198011,0.10137810846336881,test_090,1,0.30057790875434875,ITC,6239,0.00016028209648982208,0.41293279022403256,-0.07821452617645264,-0.05580097809433937,0.07019784301519394,-0.3192911148071289,1.0,0.005833148639998949,False
36,0.0018264360989904786,0.048223341518050196,0.06443254192371162,test_090,0,0.0,ITC,6239,0.0,,,-0.05580097809433937,0.07019784301519394,,,,
37,0.0021090998524938356,0.05182074233345418,0.05678061358639016,test_090,0,0.0,ITC,6239,0.0,,,-0.05580097809433937,0.07019784301519394,,,,
38,0.03757968058328668,0.21874170932210613,0.33959495415744045,test_090,3,0.046875,micro,6239,0.00048084628946946624,0.6734555329260014,0.04772782698273659,-0.05580097809433937,0.07019784301519394,1.4748146533966064,0.874280158433615,0.124452683306829,False
39,0.0009970224291147767,0.035629319159041536,0.038516015494327226,test_090,0,0.0,ITC,6239,0.0,,,-0.05580097809433937,0.07019784301519394,,,,
40,0.0012826828058400879,0.040412404924075655,0.051001808656695326,test_090,0,0.0,ITC,6239,0.0,,,-0.05580097809433937,0.07019784301519394,,,,
41,0.0009460457813339539,0.03470652532196596,0.05570333598359969,test_090,0,0.0,ITC,6239,0.0,,,-0.05580097809433937,0.07019784301519394,,,,
42,0.0031720481168318482,0.06355137370783588,0.09908468358724358,test_090,1,0.2049213945865631,ITC,6239,0.00016028209648982208,0.9882892057026477,0.15072192251682281,-0.05580097809433937,0.07019784301519394,2.942012071609497,1.0,0.49524292228498296,False
43,0.0017063624839400026,0.04661124534063567,0.07214790224313142,test_090,0,0.0,ITC,6239,0.0,,,-0.05580097809433937,0.07019784301519394,,,,
44,0.0007609468093889008,0.031126637614011552,0.043783289226179446,test_090,0,0.0,ITC,6239,0.0,,,-0.05580097809433937,0.07019784301519394,,,,
45,0.039168003503535644,0.22331648158841072,0.31077296924107395,test_090,2,0.4140625,micro,6239,0.00032056419297964416,0.9769602851323829,0.12196769565343857,-0.05580097809433937,0.07019784301519394,2.532395124435425,0.9206796113414781,0.36693768293336937,False
46,0.00117332885124646,0.03865137374512935,0.05820274714265613,test_090,1,0.07579966634511948,ITC,6239,0.00016028209648982208,0.594959266802444,-0.04686519503593445,-0.05580097809433937,0.07019784301519394,0.12729427218437195,1.0,0.0009271438063254202,False
47,0.004643225007586304,0.07688912598516195,0.12277113421487634,test_090,0,0.0,ITC,6239,0.0,,,-0.05580097809433937,0.07019784301519394,,,,
48,0.0031261869094378054,0.06309029083250145,0.08852137702645269,test_090,1,0.20195865631103516,ITC,6239,0.00016028209648982208,0.9445010183299389,0.0580117404460907,-0.05580097809433937,0.07019784301519394,1.6213135719299316,1.0,0.150405394514277,False
49,0.008879150505885865,0.10632631634618547,0.2158549317539444,test_090,1,0.265625,micro,6239,0.00016028209648982208,0.9523930753564155,0.0687846839427948,-0.05580097809433937,0.07019784301519394,1.774778962135315,1.0,0.1802261979322322,False
50,0.0020232807338968505,0.05075550256374428,0.13221284541634837,test_090,1,0.015625,ITC,6239,0.00016028209648982208,0.8918024439918534,0.02521657943725586,-0.05580097809433937,0.07019784301519394,1.1541316509246826,1.0,0.07621493426460901,False
51,0.005609511277098266,0.08451184286618862,0.14079465981863376,test_090,1,0.203125,ITC,6239,0.00016028209648982208,0.9781059063136456,0.11967307329177856,-0.05580097809433937,0.07019784301519394,2.4997072219848633,1.0,0.35752603017506107,False
0,0.005281370900564667,0.08200274556996548,0.1528409105351934,test_092,1,0.046875,ITC,6813,0.0001467782181124321,0.9667549279199764,0.11076900362968445,-0.07279261946678162,0.07677780836820602,2.3908162117004395,1.0,0.32379455502617605,False
1,0.6207467997343161,0.8890215816781558,1.259255428789654,test_092,13,0.953125,micro,6813,0.0019081168354616175,0.9927693665557743,0.24345596134662628,-0.07279261946678162,0.07677780836820602,4.1190104484558105,0.7094064652572868,0.9610875346040153,True
2,0.029660879086013673,0.19433322974705267,0.3112870076666003,test_092,1,0.75,micro,6813,0.0001467782181124321,0.9963224477787584,0.2353663593530655,-0.07279261946678162,0.07677780836820602,4.013646602630615,1.0,0.9125473716266336,False
0,5.4858128526564,2.6428684906779867,3.925863752901051,test_094,113,1.0,macro,4551,0.024829707756537023,0.9548900092207839,0.03879296034574509,-0.1310649961233139,0.06641735881567001,2.5574331283569336,0.4387592993305207,0.3882455654641833,True
1,0.0016100963769516792,0.045277349502479615,0.08134207001448572,test_094,0,0.0,ITC,4551,0.0,,,-0.1310649961233139,0.06641735881567001,,,,
2,0.01471326929509694,0.13687043617543956,0.2255380060208087,test_094,1,0.109375,micro,4551,0.00021973192704900023,0.9826341903473161,-0.005149610340595245,-0.1310649961233139,0.06641735881567001,1.8958202600479126,1.0,0.21334980533570283,False
3,0.0013524469657208405,0.04149685480747734,0.05487114617538038,test_094,0,0.0,ITC,4551,0.0,,,-0.1310649961233139,0.06641735881567001,,,,
4,0.0004601368758792343,0.02420463729041062,0.029303930495832967,test_094,0,0.0,ITC,4551,0.0,,,-0.1310649961233139,0.06641735881567001,,,,
5,0.0016982929779184857,0.046500900830326465,0.06313954063025116,test_094,0,0.0,ITC,4551,0.0,,,-0.1310649961233139,0.06641735881567001,,,,
6,0.0014367395688713951,0.04277047620231518,0.05633837896583014,test_094,0,0.0,ITC,4551,0.0,,,-0.1310649961233139,0.06641735881567001,,,,
7,0.04641489662751041,0.24309932507298532,0.49701251259990475,test_094,2,0.359375,micro,4551,0.00043946385409800046,0.950383400992332,-0.02891375869512558,-0.1310649961233139,0.06641735881567001,1.538020133972168,0.9177088015193767,0.14041773786160872,False
8,0.0014195834631219179,0.042514348193273724,0.05937428851246529,test_094,1,0.09170826524496078,ITC,4551,0.00021973192704900023,0.9882724402345512,0.007004518061876297,-0.1310649961233139,0.06641735881567001,2.0788166522979736,1.0,0.2565253594438975,False
9,0.000662525840306511,0.029044002811030423,0.04626576332003595,test_094,0,0.0,ITC,4551,0.0,,,-0.1310649961233139,0.06641735881567001,,,,
10,0.0017983279510111313,0.04785083344759975,0.07508216236713353,test_094,0,0.0,ITC,4551,0.0,,,-0.1310649961233139,0.06641735881567001,,,,
11,0.00014607175498810386,0.013637607371519376,0.017974741118428974,test_094,0,0.0,ITC,4551,0.0,,,-0.1310649961233139,0.06641735881567001,,,,
12,0.0013650634376724587,0.041689959821480965,0.05557827974474747,test_094,0,0.0,ITC,4551,0.0,,,-0.1310649961233139,0.06641735881567001,,,,
0,0.023516186978171896,0.1730368145857827,0.2875619255666755,test_097,2,0.328125,micro,3383,0.0005911912503694946,0.8908606921029282,0.026540830731391907,-0.04930826276540756,0.06333430856466293,1.1975988149642944,0.9147055151832703,0.0882446142256687,False
0,0.0003513829100240135,0.021151704810409292,0.04116257336167196,test_099,1,0.022700119763612747,ITC,4789,0.00020881186051367718,0.9811990808439524,0.03459865227341652,-0.0912189707159996,0.05780823528766632,2.1764655113220215,1.0,0.2794995949224104,False
1,0.0014967433232918016,0.04365447041865756,0.07527129200230759,test_099,0,0.0,ITC,4789,0.0,,,-0.0912189707159996,0.05780823528766632,,,,
2,0.003109587504453232,0.06292256970661786,0.09061051394404722,test_099,0,0.0,ITC,4789,0.0,,,-0.0912189707159996,0.05780823528766632,,,,
3,0.0009356583095700417,0.034515462623361026,0.04499492427704722,test_099,0,0.0,ITC,4789,0.0,,,-0.0912189707159996,0.05780823528766632,,,,
4,0.00025031083390687753,0.017852329041496844,0.0253560202736937,test_099,0,0.0,ITC,4789,0.0,,,-0.0912189707159996,0.05780823528766632,,,,
5,0.0024503417047285537,0.05585581399079389,0.10979337230278692,test_099,0,0.0,ITC,4789,0.0,,,-0.0912189707159996,0.05780823528766632,,,,
6,0.00016264085237694168,0.01439030106828054,0.018340464238944445,test_099,0,0.0,ITC,4789,0.0,,,-0.0912189707159996,0.05780823528766632,,,,
7,0.0002643115087188549,0.018344804851223105,0.022082978296003218,test_099,0,0.0,ITC,4789,0.0,,,-0.0912189707159996,0.05780823528766632,,,,
8,0.0005582751697012424,0.026661170696489597,0.04220491706263706,test_099,0,0.0,ITC,4789,0.0,,,-0.0912189707159996,0.05780823528766632,,,,
9,0.0014302498798263704,0.04267377070107174,0.07851720087296211,test_099,0,0.0,ITC,4789,0.0,,,-0.0912189707159996,0.05780823528766632,,,,
10,0.000194172376402874,0.015723483969252487,0.02638630459899983,test_099,0,0.0,ITC,4789,0.0,,,-0.0912189707159996,0.05780823528766632,,,,
11,0.0018986980308504182,0.049168052802501104,0.08664577463250109,test_099,1,0.12266013026237488,ITC,4789,0.00020881186051367718,0.4324211405890955,-0.09787072241306305,-0.0912189707159996,0.05780823528766632,-0.1150658130645752,1.0,0.0007812143724867815,False
12,7.72520961882534e-05,0.009917682379496168,0.011204183342382538,test_099,0,0.0,ITC,4789,0.0,,,-0.0912189707159996,0.05780823528766632,,,,
13,0.00021356871328217697,0.016490122233296923,0.025496227032296277,test_099,0,0.0,ITC,4789,0.0,,,-0.0912189707159996,0.05780823528766632,,,,
0,0.0073861160767198794,0.0969757447555,0.12295318699286668,test_102,0,0.0,ITC,4945,0.0,,,-0.08197232335805893,0.03900783136487007,,,,
1,0.0005641797344105759,0.02680179001838733,0.029368034026749396,test_102,0,0.0,ITC,4945,0.0,,,-0.08197232335805893,0.03900783136487007,,,,
2,0.0036815869528882142,0.06846562711169968,0.12129876124904478,test_102,1,0.2378387451171875,ITC,4945,0.00020222446916076846,0.9973577235772357,0.061489373445510864,-0.08197232335805893,0.03900783136487007,3.677766799926758,1.0,0.795071616955757,False
3,0.000899376800270691,0.03383965289009363,0.05169484634126749,test_102,1,0.058101750910282135,ITC,4945,0.00020222446916076846,0.9975609756097561,0.0667659342288971,-0.08197232335805893,0.03900783136487007,3.8130359649658203,1.0,0.8546330372585796,False
4,0.00040600840888449096,0.022736445669601417,0.029242548610828163,test_102,0,0.0,ITC,4945,0.0,,,-0.08197232335805893,0.03900783136487007,,,,
5,0.00031778733485258103,0.020115153530368617,0.024306764387685007,test_102,0,0.0,ITC,4945,0.0,,,-0.08197232335805893,0.03900783136487007,,,,
6,0.005020933745326904,0.0799553087421057,0.13864315292606222,test_102,0,0.0,ITC,4945,0.0,,,-0.08197232335805893,0.03900783136487007,,,,
7,0.00018088714181936646,0.015176055551378789,0.020357474236421168,test_102,0,0.0,ITC,4945,0.0,,,-0.08197232335805893,0.03900783136487007,,,,
8,0.06501622180812451,0.2877172651325895,0.4662462482462997,test_102,2,0.1875,micro,4945,0.0004044489383215369,0.9979674796747967,0.1157616451382637,-0.08197232335805893,0.03900783136487007,5.0690836906433105,0.9185120615724915,1.5104167631945402,True
9,0.0003975330122808838,0.02249788326873687,0.0326657230146762,test_102,1,0.025681519880890846,ITC,4945,0.00020222446916076846,0.9845528455284552,0.01305428147315979,-0.08197232335805893,0.03900783136487007,2.4360904693603516,1.0,0.3488387321426119,False
10,9.736810795970535e-05,0.01113431297612652,0.01357101230472812,test_102,0,0.0,ITC,4945,0.0,,,-0.08197232335805893,0.03900783136487007,,,,
11,0.0004257781250896912,0.02328341783646442,0.035271805492812565,test_102,0,0.0,ITC,4945,0.0,,,-0.08197232335805893,0.03900783136487007,,,,
12,0.00023751420634942247,0.017390010924679494,0.023703722776380092,test_102,0,0.0,ITC,4945,0.0,,,-0.08197232335805893,0.03900783136487007,,,,
13,0.0032104433901717225,0.0639348377686239,0.1479219393671293,test_102,1,0.140625,ITC,4945,0.00020222446916076846,1.0,0.11575278639793396,-0.08197232335805893,0.03900783136487007,5.068856716156006,1.0,1.510281504668095,True
14,0.00033912008559324646,0.020779343189602856,0.025191852946690633,test_102,0,0.0,ITC,4945,0.0,,,-0.08197232335805893,0.03900783136487007,,,,
15,0.0016836157821616975,0.046299526908905826,0.09424352894622721,test_102,0,0.0,ITC,4945,0.0,,,-0.08197232335805893,0.03900783136487007,,,,
16,0.000862751424657486,0.033143464380636346,0.06207459806121322,test_102,0,0.0,ITC,4945,0.0,,,-0.08197232335805893,0.03900783136487007,,,,
17,0.00011089335682476426,0.01188250003819553,0.015519045796635465,test_102,0,0.0,ITC,4945,0.0,,,-0.08197232335805893,0.03900783136487007,,,,
18,0.006500409932665833,0.09097570545623361,0.13633595185060837,test_102,0,0.0,ITC,4945,0.0,,,-0.08197232335805893,0.03900783136487007,,,,
19,0.0006755256196566697,0.0293275626745319,0.03350593354603474,test_102,0,0.0,ITC,4945,0.0,,,-0.08197232335805893,0.03900783136487007,,,,
20,0.006101469147390381,0.08813984229302303,0.17102996254033273,test_102,0,0.0,ITC,4945,0.0,,,-0.08197232335805893,0.03900783136487007,,,,
21,0.00026721363324541854,0.018445242333469773,0.027510838073792166,test_102,0,0.0,ITC,4945,0.0,,,-0.08197232335805893,0.03900783136487007,,,,
22,0.0029889297921129455,0.06168973664845111,0.08615023649251859,test_102,1,0.19309154152870178,ITC,4945,0.00020222446916076846,1.0,0.14746002852916718,-0.08197232335805893,0.03900783136487007,5.881699562072754,1.0,2.0334970551779117,True
23,0.00011050462778628159,0.011861655111059915,0.014413105367723826,test_102,0,0.0,ITC,4945,0.0,,,-0.08197232335805893,0.03900783136487007,,,,
24,0.0004471908768366394,0.023861707994885885,0.025839392962821263,test_102,0,0.0,ITC,4945,0.0,,,-0.08197232335805893,0.03900783136487007,,,,
25,0.00045921857049385073,0.024180472361588035,0.040568365863566,test_102,0,0.0,ITC,4945,0.0,,,-0.08197232335805893,0.03900783136487007,,,,
26,0.00018870064558937073,0.015500358837183146,0.01939195260337461,test_102,0,0.0,ITC,4945,0.0,,,-0.08197232335805893,0.03900783136487007,,,,
27,0.0001823072968042946,0.015235513105406008,0.01745933495522845,test_102,0,0.0,ITC,4945,0.0,,,-0.08197232335805893,0.03900783136487007,,,,
28,0.00019621590645310593,0.01580600681393469,0.01871089548548729,test_102,0,0.0,ITC,4945,0.0,,,-0.08197232335805893,0.03900783136487007,,,,
29,0.0001450229109336777,0.013588557873938052,0.02070065243519058,test_102,0,0.0,ITC,4945,0.0,,,-0.08197232335805893,0.03900783136487007,,,,
30,0.00024468872629936983,0.0176507043053595,0.0305405204742422,test_102,0,0.0,ITC,4945,0.0,,,-0.08197232335805893,0.03900783136487007,,,,
31,0.00014377053373142623,0.013529757163915858,0.01752489362149237,test_102,0,0.0,ITC,4945,0.0,,,-0.08197232335805893,0.03900783136487007,,,,
32,0.00022419639056833648,0.0168954345980947,0.028994853624031834,test_102,1,0.014483587816357613,ITC,4945,0.00020222446916076846,0.6880081300813008,-0.06587058305740356,-0.08197232335805893,0.03900783136487007,0.4127822518348694,1.0,0.010015667670163222,False
33,0.0002806994748139,0.01890496420307241,0.022946244051711567,test_102,0,0.0,ITC,4945,0.0,,,-0.08197232335805893,0.03900783136487007,,,,
34,0.0013041010447759095,0.04074841126398831,0.047614361869509285,test_102,0,0.0,ITC,4945,0.0,,,-0.08197232335805893,0.03900783136487007,,,,
35,0.0014113028382968904,0.042390170833774374,0.05435367301834679,test_102,0,0.0,ITC,4945,0.0,,,-0.08197232335805893,0.03900783136487007,,,,
36,0.0004184838765256119,0.023083115483540695,0.03305124875890207,test_102,0,0.0,ITC,4945,0.0,,,-0.08197232335805893,0.03900783136487007,,,,
37,0.0005805765003933105,0.027188471068537723,0.038428037941382116,test_102,1,0.03750653937458992,ITC,4945,0.00020222446916076846,0.9932926829268293,0.02699337899684906,-0.08197232335805893,0.03900783136487007,2.793431520462036,1.0,0.4586843606248267,False
38,0.00010976413818019868,0.011821845935589064,0.013268560720955577,test_102,0,0.0,ITC,4945,0.0,,,-0.08197232335805893,0.03900783136487007,,,,
39,0.00011087395918411445,0.011881460739932903,0.01645033240045704,test_102,0,0.0,ITC,4945,0.0,,,-0.08197232335805893,0.03900783136487007,,,,
40,0.0002526024480779457,0.017933862550765553,0.022174951205875273,test_102,0,0.0,ITC,4945,0.0,,,-0.08197232335805893,0.03900783136487007,,,,
41,0.0004002106572846909,0.022573525092003686,0.024673282377443047,test_102,0,0.0,ITC,4945,0.0,,,-0.08197232335805893,0.03900783136487007,,,,
42,0.0006323080520126953,0.028373924936057435,0.03496931652834136,test_102,0,0.0,ITC,4945,0.0,,,-0.08197232335805893,0.03900783136487007,,,,
43,0.00011690783864456177,0.012200478812398047,0.01687346999047518,test_102,0,0.0,ITC,4945,0.0,,,-0.08197232335805893,0.03900783136487007,,,,
44,0.00015415147583068084,0.014009702170528448,0.017907957900001624,test_102,0,0.0,ITC,4945,0.0,,,-0.08197232335805893,0.03900783136487007,,,,
45,0.00039962951352610015,0.022557129690293186,0.02762924054726291,test_102,0,0.0,ITC,4945,0.0,,,-0.08197232335805893,0.03900783136487007,,,,
46,0.06638547828320178,0.29073117505064683,0.49075007173846263,test_102,3,0.296875,micro,4945,0.0006066734074823053,0.8748644986449865,0.07971526682376862,-0.08197232335805893,0.03900783136487007,4.145003318786621,0.8708446733313246,1.009921549524251,True
47,0.0009138573101525345,0.03411098452890965,0.0427138769250896,test_102,0,0.0,ITC,4945,0.0,,,-0.08197232335805893,0.03900783136487007,,,,
48,0.000326165493558815,0.020378586911931486,0.025608734943249542,test_102,0,0.0,ITC,4945,0.0,,,-0.08197232335805893,0.03900783136487007,,,,
49,0.0004018315494514389,0.022619191388813506,0.028640440068206856,test_102,0,0.0,ITC,4945,0.0,,,-0.08197232335805893,0.03900783136487007,,,,
50,0.00022472174542892076,0.016915218379968087,0.019146319962942162,test_102,0,0.0,ITC,4945,0.0,,,-0.08197232335805893,0.03900783136487007,,,,
51,0.007601361284105942,0.0983786246129846,0.12649961791745018,test_102,0,0.0,ITC,4945,0.0,,,-0.08197232335805893,0.03900783136487007,,,,
52,0.0006332906676571312,0.028395963117541778,0.03287864843176736,test_102,1,0.04091199114918709,ITC,4945,0.00020222446916076846,0.9886178861788618,0.018244370818138123,-0.08197232335805893,0.03900783136487007,2.5691428184509277,1.0,0.38798449355226666,False
53,0.00020923493432572747,0.016321954310791982,0.0185245543426912,test_102,0,0.0,ITC,4945,0.0,,,-0.08197232335805893,0.03900783136487007,,,,
54,0.005495754909424851,0.08365053782763224,0.17851004808193496,test_102,0,0.0,ITC,4945,0.0,,,-0.08197232335805893,0.03900783136487007,,,,
55,0.0006561368994054852,0.028903623424805777,0.03252184099831087,test_102,0,0.0,ITC,4945,0.0,,,-0.08197232335805893,0.03900783136487007,,,,
56,0.0004816317960270195,0.02476353465689866,0.029799124112966195,test_102,1,0.03111448884010315,ITC,4945,0.00020222446916076846,1.0,0.14495714008808136,-0.08197232335805893,0.03900783136487007,5.817535877227783,1.0,1.9893720619309,True
57,0.06842170109176501,0.2951562561560982,0.46362984393388146,test_102,3,0.328125,micro,4945,0.0006066734074823053,0.9995257452574525,0.10139859467744827,-0.08197232335805893,0.03900783136487007,4.700874328613281,0.8708446733313246,1.2989581409844215,True
58,0.0004121593011835098,0.022908023070471507,0.03909021089348842,test_102,0,0.0,ITC,4945,0.0,,,-0.08197232335805893,0.03900783136487007,,,,
59,0.0002240640402935257,0.016890446905125093,0.020421180251599797,test_102,0,0.0,ITC,4945,0.0,,,-0.08197232335805893,0.03900783136487007,,,,
60,8.193202125488663e-05,0.010213671692481776,0.01351095346990828,test_102,0,0.0,ITC,4945,0.0,,,-0.08197232335805893,0.03900783136487007,,,,
61,0.00013484099172022819,0.013102857814595302,0.015088336237842854,test_102,0,0.0,ITC,4945,0.0,,,-0.08197232335805893,0.03900783136487007,,,,
62,0.0003083517119569702,0.019814277512702823,0.03755217427171796,test_102,0,0.0,ITC,4945,0.0,,,-0.08197232335805893,0.03900783136487007,,,,
63,0.0011598538281799163,0.0384287881691725,0.05286257522517295,test_102,0,0.0,ITC,4945,0.0,,,-0.08197232335805893,0.03900783136487007,,,,
64,0.00018079032852589416,0.0151719937906931,0.01790856560357335,test_102,0,0.0,ITC,4945,0.0,,,-0.08197232335805893,0.03900783136487007,,,,
65,0.0003236142575287628,0.02029873074666812,0.031291467016272514,test_102,0,0.0,ITC,4945,0.0,,,-0.08197232335805893,0.03900783136487007,,,,
66,0.00030291324260830305,0.019638765722744585,0.027011762087831098,test_102,0,0.0,ITC,4945,0.0,,,-0.08197232335805893,0.03900783136487007,,,,
67,0.00010110842671613502,0.011346155613287714,0.01396124943531367,test_102,0,0.0,ITC,4945,0.0,,,-0.08197232335805893,0.03900783136487007,,,,
68,0.00010936826971432114,0.011800508715285742,0.013915330871021358,test_102,0,0.0,ITC,4945,0.0,,,-0.08197232335805893,0.03900783136487007,,,,
69,0.0031984967550886,0.06381577040423397,0.11317109342162952,test_102,1,0.20663003623485565,ITC,4945,0.00020222446916076846,0.9991869918699187,0.08772119879722595,-0.08197232335805893,0.03900783136487007,4.350242614746094,1.0,1.1124098629183345,True
70,0.022694987749649415,0.16998869335968708,0.32921506005623163,test_102,2,0.28125,micro,4945,0.0004044489383215369,0.9866869918699187,0.07522527873516083,-0.08197232335805893,0.03900783136487007,4.029898166656494,0.9185120615724915,0.9546100840936388,True
71,0.00023105144485035324,0.01715178814152231,0.023278292129840627,test_102,0,0.0,ITC,4945,0.0,,,-0.08197232335805893,0.03900783136487007,,,,
72,0.005747341060519958,0.08554380115083815,0.14712899454243686,test_102,0,0.0,ITC,4945,0.0,,,-0.08197232335805893,0.03900783136487007,,,,
73,0.00026816460429865267,0.018478035033284834,0.02412296961695339,test_102,0,0.0,ITC,4945,0.0,,,-0.08197232335805893,0.03900783136487007,,,,
74,0.0013960318875951463,0.04216020641549818,0.06762145766735968,test_102,0,0.0,ITC,4945,0.0,,,-0.08197232335805893,0.03900783136487007,,,,
75,0.00022321187558167649,0.016858297270041702,0.020298230991831204,test_102,0,0.0,ITC,4945,0.0,,,-0.08197232335805893,0.03900783136487007,,,,
76,0.00020179315054759598,0.01602906794339257,0.017892784866839703,test_102,0,0.0,ITC,4945,0.0,,,-0.08197232335805893,0.03900783136487007,,,,
77,0.0002553635270725193,0.018031609494212654,0.020921129532046202,test_102,0,0.0,ITC,4945,0.0,,,-0.08197232335805893,0.03900783136487007,,,,
78,0.0005708176918716145,0.026958999575751895,0.0399233274705166,test_102,1,0.036876097321510315,ITC,4945,0.00020222446916076846,0.999390243902439,0.0982307642698288,-0.08197232335805893,0.03900783136487007,4.619664192199707,1.0,1.2544654042736767,True
79,0.0002670728844293375,0.018440383883800152,0.023548168900782606,test_102,0,0.0,ITC,4945,0.0,,,-0.08197232335805893,0.03900783136487007,,,,
80,0.0007825976574917165,0.0315663473518169,0.03663334595874014,test_102,0,0.0,ITC,4945,0.0,,,-0.08197232335805893,0.03900783136487007,,,,
81,0.0005935689577476597,0.027491007066521866,0.03534572686514367,test_102,0,0.0,ITC,4945,0.0,,,-0.08197232335805893,0.03900783136487007,,,,
82,0.00025213969909157756,0.017917428266384133,0.019677143248471227,test_102,0,0.0,ITC,4945,0.0,,,-0.08197232335805893,0.03900783136487007,,,,
83,0.0006955251339708367,0.029758529952416856,0.03879433307507335,test_102,0,0.0,ITC,4945,0.0,,,-0.08197232335805893,0.03900783136487007,,,,
84,0.00022092480180035877,0.016771708143924844,0.019559225031515096,test_102,0,0.0,ITC,4945,0.0,,,-0.08197232335805893,0.03900783136487007,,,,
85,0.06861241112880048,0.29556731062283553,0.4846682280344957,test_102,4,0.2109375,micro,4945,0.0008088978766430738,0.9970528455284553,0.11335627734661102,-0.08197232335805893,0.03900783136487007,5.007420063018799,0.8370241231449831,1.4738928909224538,True
86,0.0006523872501754303,0.028820916803675583,0.05393147111541894,test_102,0,0.0,ITC,4945,0.0,,,-0.08197232335805893,0.03900783136487007,,,,
87,0.00013230199593941975,0.012978911089820293,0.016540781245869163,test_102,0,0.0,ITC,4945,0.0,,,-0.08197232335805893,0.03900783136487007,,,,
88,0.0007069198985244656,0.030001306134258856,0.038909938711232835,test_102,0,0.0,ITC,4945,0.0,,,-0.08197232335805893,0.03900783136487007,,,,
0,1.6829362798451664,1.4638241092318256,2.613632445666103,test_104,37,0.875,macro,3734,0.00990894483128013,0.9819524684389549,0.20090748369693756,-0.05257238447666168,0.08504440635442734,2.9805588722229004,0.56099518489599,0.5400289986084318,True
1,0.01960856365436911,0.15800759051450466,0.2512731920863226,test_104,0,0.0,micro,3734,0.0,,,-0.05257238447666168,0.08504440635442734,,,,
2,0.002483912340446354,0.05623713557349777,0.07487274750240586,test_104,0,0.0,ITC,3734,0.0,,,-0.05257238447666168,0.08504440635442734,,,,
3,1.2317687196674547,1.2523324813516594,2.576784477666885,test_104,26,0.953125,macro,3734,0.006963042313872523,0.9838509838509838,0.2291301041841507,-0.05257238447666168,0.08504440635442734,3.3124163150787354,0.6038901733942402,0.666977989811989,True
4,0.005080036275602463,0.0804245178710211,0.10471310591703012,test_104,0,0.0,ITC,3734,0.0,,,-0.05257238447666168,0.08504440635442734,,,,
5,0.026844302945193695,0.18487625066695618,0.3017907885525635,test_104,1,0.09375,micro,3734,0.0002678093197643278,0.9994539994539995,0.37772613763809204,-0.05257238447666168,0.08504440635442734,5.059691905975342,1.0,1.556215790469702,True
6,0.15222453653526197,0.44024799783267393,0.8264799848556977,test_104,4,0.6328125,micro,3734,0.0010712372790573112,0.983005733005733,0.21468579769134521,-0.05257238447666168,0.08504440635442734,3.1425719261169434,0.8314583952318353,0.6003328732662705,True
7,0.005974712709338562,0.08721949604280926,0.16988521547052746,test_104,1,0.015625,ITC,3734,0.0002678093197643278,0.9871689871689872,0.22023141384124756,-0.05257238447666168,0.08504440635442734,3.207780361175537,1.0,0.6255051946898117,False
8,0.035881676473763675,0.2137427645975163,0.5480865404012399,test_104,2,0.2265625,micro,3734,0.0005356186395286556,0.9666939666939667,0.13066384196281433,-0.05257238447666168,0.08504440635442734,2.154594659805298,0.9157291976159176,0.2821972846453801,False
0,314.5696261152565,20.013057925826814,25.26766817888165,test_105,5248,1.0,macro,7544,0.6956521739130435,0.9749794992233459,0.21323148906230927,-0.026971997693181038,0.06526245921850204,3.6805765628814697,0.04064570484007838,0.7586174589186895,True
1,0.042461471018495546,0.2325158575847561,0.36466174387167405,test_105,1,0.609375,micro,7544,0.0001325556733828208,0.9616079494128275,0.12455233931541443,-0.026971997693181038,0.06526245921850204,2.3217687606811523,1.0,0.30187632044156804,False
2,0.915625524609683,1.0797271072367904,1.3792086118110611,test_105,17,1.0,micro,7544,0.0022534464475079535,0.9836069929326744,0.1818981021642685,-0.026971997693181038,0.06526245921850204,3.20046329498291,0.6826778449651946,0.5736101431551733,True
3,1.1834172687092497,1.2275070934390135,1.5646723257448123,test_105,25,0.90625,micro,7544,0.0033138918345705197,0.9636856368563685,0.16065481305122375,-0.026971997693181038,0.06526245921850204,2.874957799911499,0.6394833394105505,0.4628647089698704,True
4,0.01729209842893455,0.14838121016884936,0.209175933853669,test_105,1,0.296875,micro,7544,0.0001325556733828208,0.99096657633243,0.1911553293466568,-0.026971997693181038,0.06526245921850204,3.3423092365264893,1.0,0.6255821942693692,False
5,0.03115309640090038,0.19916162852962677,0.2654122554798652,test_105,2,0.140625,micro,7544,0.0002651113467656416,0.9426377597109304,0.09838443249464035,-0.026971997693181038,0.06526245921850204,1.9208046197891235,0.922366962744611,0.2066129335383656,False
6,0.17301469626308608,0.46934971300993056,0.6271027566623515,test_105,5,0.875,micro,7544,0.000662778366914104,0.9542908762420957,0.1352444291114807,-0.026971997693181038,0.06526245921850204,2.4856009483337402,0.8197416697052752,0.34598234083043805,True
7,0.005548159217317961,0.08404841292954982,0.09960486826141432,test_105,0,0.0,ITC,7544,0.0,,,-0.026971997693181038,0.06526245921850204,,,,
8,0.013154823079391328,0.12941885855112395,0.19667149116378202,test_105,1,0.21875,ITC,7544,0.0001325556733828208,0.9372177055103884,0.08700823783874512,-0.026971997693181038,0.06526245921850204,1.7464900016784668,1.0,0.17081394707729056,False
9,0.001669020277773963,0.04609840147582859,0.06377803812980562,test_105,0,0.0,ITC,7544,0.0,,,-0.026971997693181038,0.06526245921850204,,,,
10,1.2671244049352148,1.2701782947533495,1.5700718720522868,test_105,27,0.984375,micro,7544,0.0035790031813361612,0.9587640938137777,0.19746409356594086,-0.026971997693181038,0.06526245921850204,3.438977003097534,0.6308636413993602,0.6622922363145993,True
11,0.0024810350507429124,0.05620455442826575,0.09834692757782003,test_105,0,0.0,ITC,7544,0.0,,,-0.026971997693181038,0.06526245921850204,,,,
12,0.003555198268216919,0.06728015327321832,0.09162463279721637,test_105,0,0.0,ITC,7544,0.0,,,-0.026971997693181038,0.06526245921850204,,,,
13,0.012613771161534589,0.12672944508323952,0.21735091146545568,test_105,2,0.09375,micro,7544,0.0002651113467656416,0.7025745257452575,0.04837808758020401,-0.026971997693181038,0.06526245921850204,1.1545701026916504,0.922366962744611,0.0746503306184835,False
14,0.008167891569285811,0.10197883379958628,0.11751927278372434,test_105,0,0.0,ITC,7544,0.0,,,-0.026971997693181038,0.06526245921850204,,,,
15,0.04507965060233217,0.2395771145367053,0.29597431159882537,test_105,1,0.578125,micro,7544,0.0001325556733828208,0.995483288166215,0.22664521634578705,-0.026971997693181038,0.06526245921850204,3.8861119747161865,1.0,0.8457105362504428,False
16,0.0027936515814777434,0.05964048681683768,0.08050594351067557,test_105,0,0.0,ITC,7544,0.0,,,-0.026971997693181038,0.06526245921850204,,,,
17,1.7968797867093431,1.5125668254902396,2.974623675019354,test_105,0,0.0,macro,7544,0.0,,,-0.026971997693181038,0.06526245921850204,,,,
18,0.0237964101541794,0.17406473057756008,0.20474321633111148,test_105,0,0.0,micro,7544,0.0,,,-0.026971997693181038,0.06526245921850204,,,,
19,3.5202650852197883,2.117106684712023,4.814686339110781,test_105,0,0.0,macro,7544,0.0,,,-0.026971997693181038,0.06526245921850204,,,,
20,1.2957152738466253,1.2844282484354173,2.8798984352798342,test_105,0,0.0,macro,7544,0.0,,,-0.026971997693181038,0.06526245921850204,,,,
21,0.2511456178218283,0.5654807972846609,1.145564925702244,test_105,0,0.0,micro,7544,0.0,,,-0.026971997693181038,0.06526245921850204,,,,
22,0.9882975733359411,1.1217573500258957,2.2500121077608517,test_105,0,0.0,macro,7544,0.0,,,-0.026971997693181038,0.06526245921850204,,,,
23,0.23993835067868774,0.5527196363280739,1.1664851097192124,test_105,0,0.0,micro,7544,0.0,,,-0.026971997693181038,0.06526245921850204,,,,
24,0.9295409206100632,1.0879008496045313,3.296102226220959,test_105,0,0.0,macro,7544,0.0,,,-0.026971997693181038,0.06526245921850204,,,,
25,0.3173980260912424,0.6357072582881627,1.0239264756959003,test_105,0,0.0,micro,7544,0.0,,,-0.026971997693181038,0.06526245921850204,,,,
26,3.5362576644880854,2.1219102475833043,3.8184800577424367,test_105,0,0.0,macro,7544,0.0,,,-0.026971997693181038,0.06526245921850204,,,,
27,1.350714566923946,1.3114050481286845,2.328646055170865,test_105,0,0.0,macro,7544,0.0,,,-0.026971997693181038,0.06526245921850204,,,,
0,0.008895222847457817,0.10642250461540081,0.12359411785221315,test_108,1,0.5746512413024902,ITC,2110,0.00047393364928909954,0.995697896749522,0.1141313910484314,-0.11139607429504395,0.07123608142137527,3.1659162044525146,1.0,0.6547194300791221,False
1,0.08226250571525812,0.3236354049322616,0.5293772149960744,test_108,3,0.390625,micro,2110,0.0014218009478672985,0.994263862332696,0.15383315086364746,-0.11139607429504395,0.07123608142137527,3.72324275970459,0.8564739124500973,0.9055222070074347,True
2,0.008735363836079934,0.10546189204516682,0.15191232792667764,test_108,0,0.0,ITC,2110,0.0,,,-0.11139607429504395,0.07123608142137527,,,,
3,0.5519336843270066,0.8382981527812875,1.08670045192478,test_108,14,0.8828125,micro,2110,0.006635071090047393,0.9621688063370664,0.21466802060604095,-0.11139607429504395,0.07123608142137527,4.577232360839844,0.6552254355367041,1.3685551950184875,True
0,0.0010843914420517044,0.03715763805723688,0.05609325652388616,test_110,0,0.0,ITC,4714,0.0,,,-0.09340991079807281,0.05978432670235634,,,,
1,0.032643042691301145,0.20386861655253058,0.5075355450390945,test_110,2,0.03125,micro,4714,0.00042426813746287653,0.9987266553480475,0.20174908638000488,-0.09340991079807281,0.05978432670235634,4.937062740325928,0.9180511652095318,1.4408694013697256,True
2,0.0010424833519371186,0.03643255451398383,0.0424126544667653,test_110,0,0.0,ITC,4714,0.0,,,-0.09340991079807281,0.05978432670235634,,,,
3,0.00397403840611148,0.07113299410932618,0.08508038131678783,test_110,0,0.0,ITC,4714,0.0,,,-0.09340991079807281,0.05978432670235634,,,,
4,0.006053667712358505,0.08779390139446645,0.12722218010026345,test_110,0,0.0,ITC,4714,0.0,,,-0.09340991079807281,0.05978432670235634,,,,
0,0.12046381609179667,0.39163668668522306,0.5084897332568994,test_113,1,1.0,micro,5394,0.0001853911753800519,0.987290289781393,0.12090909481048584,-0.07809863239526749,0.06699656695127487,2.970416784286499,1.0,0.5134023175477197,False
1,0.09503168531599827,0.347847811186382,0.5299275963799267,test_113,2,1.0,micro,5394,0.0003707823507601038,0.9645399084900864,0.09151110053062439,-0.07809863239526749,0.06699656695127487,2.531618118286133,0.9193362327416029,0.37292322795303473,False
2,0.015929773037803893,0.14241635078314532,0.19385018660412148,test_113,0,0.0,ITC,5394,0.0,,,-0.07809863239526749,0.06699656695127487,,,,
3,0.07708841643554984,0.31329222819398844,0.34288932390042415,test_113,0,0.0,micro,5394,0.0,,,-0.07809863239526749,0.06699656695127487,,,,
4,0.02926011833263834,0.19301590541907532,0.20353208430872338,test_113,0,0.0,micro,5394,0.0,,,-0.07809863239526749,0.06699656695127487,,,,
5,0.01817965241030903,0.15214155368716784,0.17359800845332912,test_113,0,0.0,ITC,5394,0.0,,,-0.07809863239526749,0.06699656695127487,,,,
6,0.053962754962078266,0.2621211810605386,0.39551480262899585,test_113,0,0.0,micro,5394,0.0,,,-0.07809863239526749,0.06699656695127487,,,,
7,0.6811767379677782,0.9312900513450562,2.1167803686208058,test_113,6,1.0,macro,5394,0.0011123470522803114,0.7019572953736655,-0.042382340878248215,-0.07809863239526749,0.06699656695127487,0.53310626745224,0.7914871864701443,0.016536767522940678,False
8,0.03629187034363271,0.21496103012851997,0.23840469045681267,test_113,0,0.0,micro,5394,0.0,,,-0.07809863239526749,0.06699656695127487,,,,
9,0.0459383247681438,0.24184807568737748,0.318663166845607,test_113,0,0.0,micro,5394,0.0,,,-0.07809863239526749,0.06699656695127487,,,,
10,0.011882184362396507,0.12299945938107613,0.16727487285797007,test_113,0,0.0,ITC,5394,0.0,,,-0.07809863239526749,0.06699656695127487,,,,
11,0.6101490645385472,0.8813999756941483,1.0395321219018794,test_113,7,1.0,micro,5394,0.0012977382276603633,0.1193623356816036,-0.15261901915073395,-0.07809863239526749,0.06699656695127487,-1.1123015880584717,0.7735481759554297,0.07198933452643368,False
12,0.6124884088111919,0.8830880266373937,1.0209743657167896,test_113,5,1.0,micro,5394,0.0009269558769002596,0.799644128113879,-0.016930297017097473,-0.07809863239526749,0.06699656695127487,0.9130070209503174,0.8127045325632722,0.048503299032076265,False
13,0.19064209526831524,0.4926794643445038,0.6030527811439655,test_113,1,1.0,micro,5394,0.0001853911753800519,0.9781392984239959,0.08909758180379868,-0.07809863239526749,0.06699656695127487,2.495593786239624,1.0,0.3623855196361711,False
14,0.04209566552604973,0.2315121292928542,0.29184440766471254,test_113,0,0.0,micro,5394,0.0,,,-0.07809863239526749,0.06699656695127487,,,,
15,0.16583247310006302,0.45950458382069526,0.7212606514664222,test_113,0,0.0,micro,5394,0.0,,,-0.07809863239526749,0.06699656695127487,,,,
16,0.13307138086901907,0.411620874586007,0.45967079371835384,test_113,1,1.0,micro,5394,0.0001853911753800519,0.9755973563802746,0.08213473856449127,-0.07809863239526749,0.06699656695127487,2.391665458679199,1.0,0.33283110515143216,False
17,0.05042111495821381,0.2533735531866644,0.5092741618580594,test_113,0,0.0,micro,5394,0.0,,,-0.07809863239526749,0.06699656695127487,,,,
18,0.014341196308489563,0.13512874697405747,0.20584100994821222,test_113,0,0.0,micro,5394,0.0,,,-0.07809863239526749,0.06699656695127487,,,,
19,0.010446671626016075,0.11533046182646825,0.14172563925584505,test_113,0,0.0,ITC,5394,0.0,,,-0.07809863239526749,0.06699656695127487,,,,
20,0.007014558307414169,0.09450509523750701,0.11072910494242362,test_113,0,0.0,ITC,5394,0.0,,,-0.07809863239526749,0.06699656695127487,,,,
21,0.004355015045943191,0.07446460484291509,0.12057179476524968,test_113,0,0.0,ITC,5394,0.0,,,-0.07809863239526749,0.06699656695127487,,,,
22,0.13261088072006255,0.41090804007094023,0.5598098373769888,test_113,1,1.0,micro,5394,0.0001853911753800519,0.002541942043721403,-0.2084357887506485,-0.07809863239526749,0.06699656695127487,-1.9454302787780762,1.0,0.22021879723957302,False
23,0.04216475943346825,0.23170204812417342,0.33451240191578735,test_113,0,0.0,micro,5394,0.0,,,-0.07809863239526749,0.06699656695127487,,,,
24,0.13450271567240563,0.4138286800940418,0.5317685101940505,test_113,1,1.0,micro,5394,0.0001853911753800519,0.0,-0.24949079751968384,-0.07809863239526749,0.06699656695127487,-2.558223247528076,1.0,0.38080261917565317,False
25,0.15591779701845473,0.44555662366514853,0.5507826505636969,test_113,1,1.0,micro,5394,0.0001853911753800519,0.798932384341637,-0.024634964764118195,-0.07809863239526749,0.06699656695127487,0.7980060577392578,1.0,0.03705402759932678,False
26,0.02468881733888205,0.17729855766082186,0.21738041634299984,test_113,0,0.0,micro,5394,0.0,,,-0.07809863239526749,0.06699656695127487,,,,
27,69.1333275007898,9.382072608604801,12.839435979513059,test_113,1176,1.0,macro,5394,0.21802002224694106,0.9693183704595209,0.11801178753376007,-0.07809863239526749,0.06699656695127487,2.927171230316162,0.17725600386420914,0.4985621453578054,True
28,12.030669754432857,3.9138120140079775,5.557267375648943,test_113,237,1.0,macro,5394,0.0439377085650723,0.9478419233813621,0.09933754801750183,-0.07809863239526749,0.06699656695127487,2.6484367847442627,0.3636642506096187,0.40813352196073777,True
29,0.08223713601375916,0.3235854966133099,0.6676317946356375,test_113,5,0.234375,micro,5394,0.0009269558769002596,0.8807829181494662,0.05033602565526962,-0.07809863239526749,0.06699656695127487,1.9170334339141846,0.8127045325632722,0.2138367862816085,False
30,0.0008431383277120228,0.03276457020204633,0.03654867695634854,test_113,0,0.0,ITC,5394,0.0,,,-0.07809863239526749,0.06699656695127487,,,,
31,0.04924219652300501,0.2503939134298402,0.4701438140996161,test_113,4,0.21875,micro,5394,0.0007415647015202076,0.6247458057956279,-0.04292997345328331,-0.07809863239526749,0.06699656695127487,0.5249322652816772,0.8386724654832057,0.016033545918987098,False
32,0.08394180500705027,0.3269220481879809,0.6516615406112147,test_113,2,0.6640625,micro,5394,0.0003707823507601038,0.9598373157092018,0.05691780149936676,-0.07809863239526749,0.06699656695127487,2.0152740478515625,0.9193362327416029,0.23631498891082203,False
33,0.07227451938471735,0.3033525608221401,0.7104297772665465,test_113,4,0.34375,micro,5394,0.0007415647015202076,0.9462379257752923,0.049486201256513596,-0.07809863239526749,0.06699656695127487,1.9043487310409546,0.8386724654832057,0.2110163011445545,False
34,0.14457292814450776,0.4290407547212065,0.7800725601725499,test_113,6,0.4765625,micro,5394,0.0011123470522803114,0.9297576681918319,0.09374824166297913,-0.07809863239526749,0.06699656695127487,2.5650100708007812,0.7914871864701443,0.3828257954314067,True
0,33.34105426737026,6.515454608573132,9.042939989845756,test_114,600,1.0,macro,4831,0.12419788863589319,0.9285384366925065,0.0774909108877182,-0.07638850808143616,0.06274022161960602,2.452643871307373,0.24589486421692655,0.3545678162990867,True
1,30.059868663174363,6.186551017448973,8.422103482959143,test_114,527,1.0,macro,4831,0.10908714551852619,0.9765480585832733,0.12648437917232513,-0.07638850808143616,0.06274022161960602,3.2335379123687744,0.2611880424878856,0.6162915916727874,True
2,0.00019587533126999188,0.015792283483114584,0.018284807541385662,test_114,0,0.0,ITC,4831,0.0,,,-0.07638850808143616,0.06274022161960602,,,,
3,0.0007921706524761258,0.03175882555938206,0.053253190571149266,test_114,0,0.0,ITC,4831,0.0,,,-0.07638850808143616,0.06274022161960602,,,,
4,0.00016226065779239703,0.014373471607653442,0.017024509636579022,test_114,0,0.0,ITC,4831,0.0,,,-0.07638850808143616,0.06274022161960602,,,,
5,0.0006146487698046398,0.02797490160551217,0.04743308239752849,test_114,0,0.0,ITC,4831,0.0,,,-0.07638850808143616,0.06274022161960602,,,,
6,0.00018149077860357,0.015201356397467947,0.02043676361484509,test_114,0,0.0,ITC,4831,0.0,,,-0.07638850808143616,0.06274022161960602,,,,
7,0.00031900124547551824,0.020153535683824778,0.030737033716202306,test_114,0,0.0,ITC,4831,0.0,,,-0.07638850808143616,0.06274022161960602,,,,
8,0.00014207220580793095,0.013449607824855353,0.015588035745918992,test_114,1,0.009178182110190392,ITC,4831,0.00020699648105982198,0.976421188630491,0.07285724580287933,-0.07638850808143616,0.06274022161960602,2.378789186477661,1.0,0.33353563370117395,False
9,0.0007724263561633087,0.03136054498988836,0.04807686915259036,test_114,0,0.0,ITC,4831,0.0,,,-0.07638850808143616,0.06274022161960602,,,,
10,0.000510219278815125,0.025487866962020825,0.02985230624081006,test_114,0,0.0,ITC,4831,0.0,,,-0.07638850808143616,0.06274022161960602,,,,
11,0.0009180774385532784,0.03418965486657039,0.05059076956612539,test_114,1,0.05930985137820244,ITC,4831,0.00020699648105982198,0.31976744186046513,-0.10780417919158936,-0.07638850808143616,0.06274022161960602,-0.5007261633872986,1.0,0.014778518392883638,False
12,0.000584302460160819,0.027275575124326833,0.03117710200613662,test_114,0,0.0,ITC,4831,0.0,,,-0.07638850808143616,0.06274022161960602,,,,
13,0.00022127161015747548,0.016784867118321802,0.02080251055488023,test_114,0,0.0,ITC,4831,0.0,,,-0.07638850808143616,0.06274022161960602,,,,
14,0.000596112357526886,0.027549842589541903,0.03512815500419148,test_114,0,0.0,ITC,4831,0.0,,,-0.07638850808143616,0.06274022161960602,,,,
15,0.00028943092283071806,0.019196741817747654,0.021808111567704545,test_114,0,0.0,ITC,4831,0.0,,,-0.07638850808143616,0.06274022161960602,,,,
16,0.0006013034467018076,0.027669537884220143,0.03278016028305508,test_114,0,0.0,ITC,4831,0.0,,,-0.07638850808143616,0.06274022161960602,,,,
17,0.0012571405750493316,0.04000801286547373,0.06643714347783233,test_114,0,0.0,ITC,4831,0.0,,,-0.07638850808143616,0.06274022161960602,,,,
18,0.0012049566302173662,0.03916884516147464,0.04334590301484701,test_114,0,0.0,ITC,4831,0.0,,,-0.07638850808143616,0.06274022161960602,,,,
19,0.00025188347535901165,0.01790832212945754,0.020844032084152427,test_114,0,0.0,ITC,4831,0.0,,,-0.07638850808143616,0.06274022161960602,,,,
20,0.0003063841483594165,0.019750959813923323,0.02212278459152909,test_114,0,0.0,ITC,4831,0.0,,,-0.07638850808143616,0.06274022161960602,,,,
21,0.00033952655355780315,0.02079179247870265,0.024091106609772994,test_114,0,0.0,ITC,4831,0.0,,,-0.07638850808143616,0.06274022161960602,,,,
22,0.0007315432455055719,0.030519334672656245,0.042728967613756254,test_114,0,0.0,ITC,4831,0.0,,,-0.07638850808143616,0.06274022161960602,,,,
23,0.00034710839847953084,0.02102265775904249,0.02538622469831026,test_114,0,0.0,ITC,4831,0.0,,,-0.07638850808143616,0.06274022161960602,,,,
24,0.0002857918372747464,0.01907567741341638,0.022034339485676076,test_114,0,0.0,ITC,4831,0.0,,,-0.07638850808143616,0.06274022161960602,,,,
25,0.0015045974264028626,0.043768858132271146,0.06920669067150151,test_114,1,0.09720035642385483,ITC,4831,0.00020699648105982198,0.8633720930232558,-0.013878308236598969,-0.07638850808143616,0.06274022161960602,0.9963337182998657,1.0,0.058511331905133475,False
26,0.00013765427593335916,0.013238839360768704,0.015930348645671045,test_114,0,0.0,ITC,4831,0.0,,,-0.07638850808143616,0.06274022161960602,,,,
27,0.0006464997564012595,0.028690574332204177,0.03636086791992936,test_114,0,0.0,ITC,4831,0.0,,,-0.07638850808143616,0.06274022161960602,,,,
28,0.00036172542454106286,0.021460734257284775,0.02425011933087364,test_114,0,0.0,ITC,4831,0.0,,,-0.07638850808143616,0.06274022161960602,,,,
29,0.00035116992800339844,0.021145293548582553,0.024993866182592885,test_114,0,0.0,ITC,4831,0.0,,,-0.07638850808143616,0.06274022161960602,,,,
30,0.0003003634543987141,0.019555935874657072,0.020905313398827688,test_114,0,0.0,ITC,4831,0.0,,,-0.07638850808143616,0.06274022161960602,,,,
31,0.0027010165169268695,0.05864333756134726,0.06575698298387841,test_114,0,0.0,ITC,4831,0.0,,,-0.07638850808143616,0.06274022161960602,,,,
32,0.001167848822101586,0.03856100754093596,0.05015944181775784,test_114,0,0.0,ITC,4831,0.0,,,-0.07638850808143616,0.06274022161960602,,,,
33,0.0010171802620897708,0.03598769419977853,0.0434106044193947,test_114,0,0.0,ITC,4831,0.0,,,-0.07638850808143616,0.06274022161960602,,,,
34,0.00021438705815253497,0.016521685153737937,0.019820065323121198,test_114,0,0.0,ITC,4831,0.0,,,-0.07638850808143616,0.06274022161960602,,,,
35,0.00020949869275024797,0.016332238676309424,0.018689234328903927,test_114,0,0.0,ITC,4831,0.0,,,-0.07638850808143616,0.06274022161960602,,,,
36,0.00031261479757378866,0.01995077749212611,0.022176572932004892,test_114,0,0.0,ITC,4831,0.0,,,-0.07638850808143616,0.06274022161960602,,,,
37,0.00018308334127125692,0.015267905884200609,0.01918809197608977,test_114,0,0.0,ITC,4831,0.0,,,-0.07638850808143616,0.06274022161960602,,,,
38,0.0005040257250304541,0.025332695961397117,0.033741811763113354,test_114,0,0.0,ITC,4831,0.0,,,-0.07638850808143616,0.06274022161960602,,,,
39,0.0009488954978006802,0.03475875820021457,0.0507729977056678,test_114,0,0.0,ITC,4831,0.0,,,-0.07638850808143616,0.06274022161960602,,,,
40,0.00026456485302878667,0.018353594553201222,0.02069605984294125,test_114,0,0.0,ITC,4831,0.0,,,-0.07638850808143616,0.06274022161960602,,,,
41,0.001082487040142757,0.03712499570603447,0.05946413252286355,test_114,0,0.0,ITC,4831,0.0,,,-0.07638850808143616,0.06274022161960602,,,,
42,0.000449730185213768,0.023929359713022794,0.031902014327873505,test_114,0,0.0,ITC,4831,0.0,,,-0.07638850808143616,0.06274022161960602,,,,
43,0.00024434867569072367,0.017638435208178104,0.01987572157627744,test_114,0,0.0,ITC,4831,0.0,,,-0.07638850808143616,0.06274022161960602,,,,
44,0.00042309636589089135,0.023209976826486067,0.02703518273355567,test_114,0,0.0,ITC,4831,0.0,,,-0.07638850808143616,0.06274022161960602,,,,
45,0.00018671601246449232,0.01541863193363974,0.017398743155165514,test_114,0,0.0,ITC,4831,0.0,,,-0.07638850808143616,0.06274022161960602,,,,
46,0.0002670340853327973,0.0184390443688902,0.021000936013107357,test_114,0,0.0,ITC,4831,0.0,,,-0.07638850808143616,0.06274022161960602,,,,
47,0.00020646498157421138,0.01621355541339723,0.017967381623081806,test_114,1,0.013338099233806133,ITC,4831,0.00020699648105982198,0.978359173126615,0.07690399885177612,-0.07638850808143616,0.06274022161960602,2.443289279937744,1.0,0.35186827094364426,False
48,0.00025301315305727075,0.017948435915439747,0.022961374691663844,test_114,0,0.0,ITC,4831,0.0,,,-0.07638850808143616,0.06274022161960602,,,,
49,0.00023210567403948569,0.01719087323973052,0.02068533636646084,test_114,0,0.0,ITC,4831,0.0,,,-0.07638850808143616,0.06274022161960602,,,,
50,0.00018428966328908836,0.015318122828388448,0.019615368140625093,test_114,0,0.0,ITC,4831,0.0,,,-0.07638850808143616,0.06274022161960602,,,,
51,0.00017314348411696852,0.014847664156053264,0.01767277116798152,test_114,0,0.0,ITC,4831,0.0,,,-0.07638850808143616,0.06274022161960602,,,,
52,0.00016349879123725677,0.01442820593558583,0.01608324707710643,test_114,0,0.0,ITC,4831,0.0,,,-0.07638850808143616,0.06274022161960602,,,,
53,0.0225741876298911,0.1695356846821597,0.26283971338874923,test_114,2,0.2109375,micro,4831,0.00041399296211964395,0.998546511627907,0.21607708930969238,-0.07638850808143616,0.06274022161960602,4.661532878875732,0.9182880105164843,1.2808192064660393,True
54,0.009770691084163194,0.11153667678278682,0.17347027701741113,test_114,0,0.0,ITC,4831,0.0,,,-0.07638850808143616,0.06274022161960602,,,,
55,0.00021455553847446443,0.016528175825772026,0.0193162303202883,test_114,0,0.0,ITC,4831,0.0,,,-0.07638850808143616,0.06274022161960602,,,,
56,0.005288074707783623,0.0820547733740332,0.09917360043760762,test_114,0,0.0,ITC,4831,0.0,,,-0.07638850808143616,0.06274022161960602,,,,
57,0.0016428081793112184,0.04573497937370714,0.08147308229593332,test_114,0,0.0,ITC,4831,0.0,,,-0.07638850808143616,0.06274022161960602,,,,
58,0.0003062039079735832,0.019745149388759074,0.023522937625645685,test_114,0,0.0,ITC,4831,0.0,,,-0.07638850808143616,0.06274022161960602,,,,
59,0.00030897569926280593,0.019834315684278184,0.023941868901705396,test_114,0,0.0,ITC,4831,0.0,,,-0.07638850808143616,0.06274022161960602,,,,
60,0.00019147235927857018,0.015613781718636078,0.02031178860499607,test_114,0,0.0,ITC,4831,0.0,,,-0.07638850808143616,0.06274022161960602,,,,
61,0.00042185685625635913,0.023175953736648113,0.02816355929363144,test_114,1,0.02725289575755596,ITC,4831,0.00020699648105982198,0.9890180878552972,0.125533789396286,-0.07638850808143616,0.06274022161960602,3.218386650085449,1.0,0.6105296557391116,False
62,0.0003502093956192856,0.021116355069951718,0.028517353280932092,test_114,0,0.0,ITC,4831,0.0,,,-0.07638850808143616,0.06274022161960602,,,,
63,0.00038996535101594926,0.022282713164918564,0.024998174617252452,test_114,0,0.0,ITC,4831,0.0,,,-0.07638850808143616,0.06274022161960602,,,,
64,0.00038273309732445146,0.022075119809243694,0.028068884198785737,test_114,0,0.0,ITC,4831,0.0,,,-0.07638850808143616,0.06274022161960602,,,,
65,0.00021719159437088014,0.016629399470127704,0.023417180696460444,test_114,0,0.0,ITC,4831,0.0,,,-0.07638850808143616,0.06274022161960602,,,,
66,0.0005052066160832577,0.025362354816913967,0.033006512074905694,test_114,0,0.0,ITC,4831,0.0,,,-0.07638850808143616,0.06274022161960602,,,,
67,0.004860316089316303,0.0786660450564923,0.20551076777846644,test_114,0,0.0,micro,4831,0.0,,,-0.07638850808143616,0.06274022161960602,,,,
68,0.0013972544989376736,0.04217866382552393,0.06006557300970583,test_114,0,0.0,ITC,4831,0.0,,,-0.07638850808143616,0.06274022161960602,,,,
69,0.004470927516410031,0.07544906702894225,0.10263816516017467,test_114,0,0.0,ITC,4831,0.0,,,-0.07638850808143616,0.06274022161960602,,,,
70,0.0005488050150205307,0.0264340736072425,0.04067097565488379,test_114,0,0.0,ITC,4831,0.0,,,-0.07638850808143616,0.06274022161960602,,,,
71,0.0008899254037343559,0.03366137572796138,0.043137221794446796,test_114,0,0.0,ITC,4831,0.0,,,-0.07638850808143616,0.06274022161960602,,,,
72,0.004818902854437481,0.07833018368743273,0.09840032885254184,test_114,1,0.31131190061569214,ITC,4831,0.00020699648105982198,0.9179586563307494,0.010128229856491089,-0.07638850808143616,0.06274022161960602,1.3789676427841187,1.0,0.11208267288726716,False
73,0.005809608223248694,0.08600594705750775,0.10118151746839284,test_114,1,0.3753136694431305,ITC,4831,0.00020699648105982198,0.8885658914728682,-0.004645049571990967,-0.07638850808143616,0.06274022161960602,1.1435002088546753,1.0,0.07707309948530784,False
74,0.00955364631016261,0.11029088937220612,0.16096624294498893,test_114,0,0.0,ITC,4831,0.0,,,-0.07638850808143616,0.06274022161960602,,,,
75,0.0007744011136997395,0.03140060702358251,0.038257631787125615,test_114,1,0.05002804100513458,ITC,4831,0.00020699648105982198,0.9741602067183462,0.0680951476097107,-0.07638850808143616,0.06274022161960602,2.302887201309204,1.0,0.3125904172279378,False
76,0.008872445919287864,0.10628616562357225,0.12566523494300363,test_114,0,0.0,ITC,4831,0.0,,,-0.07638850808143616,0.06274022161960602,,,,
77,0.0006177132209656563,0.028044552059877926,0.03690455051239133,test_114,0,0.0,ITC,4831,0.0,,,-0.07638850808143616,0.06274022161960602,,,,
78,0.0002241080567386551,0.016892105852539738,0.020670133242116688,test_114,0,0.0,ITC,4831,0.0,,,-0.07638850808143616,0.06274022161960602,,,,
79,0.0011899539674050713,0.03892423984761467,0.059963153117095554,test_114,0,0.0,ITC,4831,0.0,,,-0.07638850808143616,0.06274022161960602,,,,
80,0.03583051974527399,0.21359034305908334,0.6170284594206391,test_114,3,0.0625,micro,4831,0.000620989443179466,0.9322782084409992,0.07175613194704056,-0.07638850808143616,0.06274022161960602,2.361238479614258,0.8704895608093061,0.3286321377954537,False
81,0.015603163248634347,0.14094880088571032,0.17998556707645072,test_114,0,0.0,ITC,4831,0.0,,,-0.07638850808143616,0.06274022161960602,,,,
82,0.0008211510268569375,0.032334531998996656,0.058271777910836896,test_114,0,0.0,ITC,4831,0.0,,,-0.07638850808143616,0.06274022161960602,,,,
83,0.040056554500483406,0.2258353143683572,0.25200560548521894,test_114,0,0.0,micro,4831,0.0,,,-0.07638850808143616,0.06274022161960602,,,,
84,0.056123856104773384,0.2673183738459133,0.3731271153239556,test_114,0,0.0,micro,4831,0.0,,,-0.07638850808143616,0.06274022161960602,,,,
85,0.03662805582069894,0.21595436813753233,0.28094988576040886,test_114,0,0.0,micro,4831,0.0,,,-0.07638850808143616,0.06274022161960602,,,,
86,0.11096206729391163,0.3758740374702309,0.7974984657613928,test_114,0,0.0,micro,4831,0.0,,,-0.07638850808143616,0.06274022161960602,,,,
87,0.02921229093662567,0.19285809294095074,0.48531124757266814,test_114,0,0.0,micro,4831,0.0,,,-0.07638850808143616,0.06274022161960602,,,,
88,0.04084613672309191,0.2280502500009587,0.4546534186497469,test_114,0,0.0,micro,4831,0.0,,,-0.07638850808143616,0.06274022161960602,,,,
89,34.15407628967336,6.594415860856345,8.82164178729454,test_114,595,1.0,macro,4831,0.12316290623059407,0.9531995744034047,0.10469179600477219,-0.07638850808143616,0.06274022161960602,2.8861918449401855,0.2468813593629074,0.4909991252311819,True
90,0.006482912326896389,0.09085318012956692,0.09491721989714859,test_114,0,0.0,ITC,4831,0.0,,,-0.07638850808143616,0.06274022161960602,,,,
91,0.011116011024527138,0.11896783101385006,0.1302728196466475,test_114,0,0.0,ITC,4831,0.0,,,-0.07638850808143616,0.06274022161960602,,,,
92,0.004332367710149981,0.07427073374416521,0.08856860233411437,test_114,0,0.0,ITC,4831,0.0,,,-0.07638850808143616,0.06274022161960602,,,,
93,0.005740636565375107,0.0854938915185654,0.09848272133542499,test_114,0,0.0,ITC,4831,0.0,,,-0.07638850808143616,0.06274022161960602,,,,
94,0.0043424989688245815,0.07435752423312064,0.08374619617651782,test_114,0,0.0,ITC,4831,0.0,,,-0.07638850808143616,0.06274022161960602,,,,
95,0.070199894352375,0.29896702414425985,1.1241152221834543,test_114,0,0.0,micro,4831,0.0,,,-0.07638850808143616,0.06274022161960602,,,,
0,0.0035782997114905688,0.06749839031846772,0.1035662643721556,test_116,0,0.0,ITC,2349,0.0,,,-0.06770900636911392,0.06212712079286575,,,,
1,0.010833789626296051,0.1174479006689422,0.1415226226907703,test_116,1,0.03125,ITC,2349,0.0004257130693912303,0.02555366269165247,-0.20274661481380463,-0.06770900636911392,0.06212712079286575,-2.1735692024230957,1.0,0.30433897835215884,False
2,0.0025407174564840832,0.05687654997971022,0.060864127644491804,test_116,0,0.0,ITC,2349,0.0,,,-0.06770900636911392,0.06212712079286575,,,,
3,0.004402097769607155,0.07486604677725603,0.10541673271259518,test_116,0,0.0,ITC,2349,0.0,,,-0.06770900636911392,0.06212712079286575,,,,
4,0.0011486047560368843,0.03824197950756531,0.06092977511043935,test_116,0,0.0,ITC,2349,0.0,,,-0.06770900636911392,0.06212712079286575,,,,
0,0.047749971747929124,0.24657078555548742,0.30129395829708494,test_117,2,0.28125,micro,2795,0.0007155635062611807,0.9863945578231292,0.11165427416563034,-0.09294039011001587,0.07236044853925705,2.8274378776550293,0.9126533239595243,0.5037059365331915,True
1,0.0007953713713052902,0.03182292071284674,0.038912070367046775,test_117,0,0.0,ITC,2795,0.0,,,-0.09294039011001587,0.07236044853925705,,,,
0,0.03037782577758838,0.19666786484604118,0.33123629848983943,test_121,2,0.234375,micro,2874,0.0006958942240779402,0.9962989072964399,0.13293403387069702,-0.08591355383396149,0.07022393494844437,3.116424560546875,0.9129590435866287,0.6097915956323015,True
1,0.004649479328890503,0.07694089253428306,0.10959105391440967,test_121,1,0.30036675930023193,ITC,2874,0.0003479471120389701,0.9428974268593585,0.03884294629096985,-0.08591355383396149,0.07022393494844437,1.776552438735962,1.0,0.1981637718509187,False
2,0.002468835576087891,0.0560662026975621,0.0728197190139051,test_121,0,0.0,ITC,2874,0.0,,,-0.08591355383396149,0.07022393494844437,,,,
3,0.001401947823692505,0.04224944270378838,0.04726084504111199,test_121,0,0.0,ITC,2874,0.0,,,-0.08591355383396149,0.07022393494844437,,,,
4,0.33766490531229787,0.6556891872776857,1.1796746593535994,test_121,8,0.84375,micro,2874,0.0027835768963117608,0.9106891082129009,0.13633650541305542,-0.08591355383396149,0.07022393494844437,3.1648762226104736,0.7388771307598861,0.6289000899500111,True
5,0.02992073052483545,0.19518262553717475,0.3701430248650513,test_121,1,0.125,micro,2874,0.0003479471120389701,0.8191751850546352,-0.020303547382354736,-0.08591355383396149,0.07022393494844437,0.9342969059944153,1.0,0.054807250946582245,False
6,0.34547986539123926,0.6632334630625227,1.8673435866954855,test_121,12,0.34375,micro,2874,0.0041753653444676405,0.996357654799671,0.18817342817783356,-0.08591355383396149,0.07022393494844437,3.9030423164367676,0.6879614352311593,0.956477410347936,True
7,0.4730860984768023,0.7761133478076112,1.1851523546198608,test_121,12,0.640625,micro,2874,0.0041753653444676405,0.8818587710022324,0.10580214112997055,-0.08591355383396149,0.07022393494844437,2.7300617694854736,0.6879614352311593,0.46796475419207084,True
8,0.016328294149539277,0.14418678791505554,0.1873148478141898,test_121,1,0.015625,ITC,2874,0.0003479471120389701,0.8480789566443426,-0.00876617431640625,-0.08591355383396149,0.07022393494844437,1.0985909700393677,1.0,0.07577749554543944,False
9,0.0007102646110107422,0.03007219629433166,0.040320872242024755,test_121,0,0.0,ITC,2874,0.0,,,-0.08591355383396149,0.07022393494844437,,,,
0,0.017332674942181915,0.14855519900840317,0.19148434692227453,test_122,1,0.390625,ITC,2776,0.00036023054755043225,0.9898329702251271,0.11425347626209259,-0.0673084706068039,0.05881083011627197,3.087219476699829,1.0,0.6010344933055971,False
1,0.028724972432435925,0.19124270135721472,0.23529970803360511,test_122,1,0.265625,micro,2776,0.00036023054755043225,0.6989832970225127,-0.04310530424118042,-0.0673084706068039,0.05881083011627197,0.411542683839798,1.0,0.010680563264936523,False
2,0.01394857627168685,0.13326619564565598,0.2137890658628493,test_122,2,0.125,micro,2776,0.0007204610951008645,0.985838779956427,0.10983314365148544,-0.0673084706068039,0.05881083011627197,3.0120575428009033,0.9125781802057528,0.5721249859765365,True
3,0.006823715815276289,0.09321064755726415,0.12666677101005946,test_122,1,0.44082728028297424,ITC,2776,0.00036023054755043225,0.9970951343500363,0.18423143029212952,-0.0673084706068039,0.05881083011627197,4.277101516723633,1.0,1.1536219281971738,True
4,0.028463427460110668,0.19037006440329224,0.32808990337214194,test_122,1,0.421875,micro,2776,0.00036023054755043225,0.9945533769063181,0.16877849400043488,-0.0673084706068039,0.05881083011627197,4.014345169067383,1.0,1.0162342086220313,True
5,0.001805680445769745,0.047948553145106015,0.0621302366643768,test_122,1,0.11665099114179611,ITC,2776,0.00036023054755043225,0.9898329702251271,0.11716881394386292,-0.0673084706068039,0.05881083011627197,3.1367909908294678,1.0,0.6204910903547864,False
6,0.0013948117929951007,0.04214177894090754,0.05031971196604782,test_122,0,0.0,ITC,2776,0.0,,,-0.0673084706068039,0.05881083011627197,,,,
7,0.0034042724601719408,0.06583657279463881,0.0792473823130108,test_122,1,0.21992360055446625,ITC,2776,0.00036023054755043225,0.9941902687000727,0.1597602218389511,-0.0673084706068039,0.05881083011627197,3.8610012531280518,1.0,0.940078826386571,False
8,0.004725001679155565,0.07756325796948521,0.10316319918975667,test_122,0,0.0,ITC,2776,0.0,,,-0.0673084706068039,0.05881083011627197,,,,
9,0.0057107843576330065,0.08527131097616207,0.12364462617834195,test_122,1,0.3689294159412384,ITC,2776,0.00036023054755043225,0.975671750181554,0.05640396475791931,-0.0673084706068039,0.05881083011627197,2.1035654544830322,1.0,0.2790464141454581,False
10,0.018588275468070455,0.1538418908957434,0.22300251970562932,test_122,2,0.1015625,micro,2776,0.0007204610951008645,0.9860203340595497,0.10687154531478882,-0.0673084706068039,0.05881083011627197,2.9616997241973877,0.9125781802057528,0.5531544820778156,True
11,0.0040435634810666934,0.07175252557047095,0.08450677581278472,test_122,0,0.0,ITC,2776,0.0,,,-0.0673084706068039,0.05881083011627197,,,,
12,0.010735309166814255,0.11691287421043844,0.1640624393606774,test_122,0,0.0,ITC,2776,0.0,,,-0.0673084706068039,0.05881083011627197,,,,
13,0.011659744708523318,0.12184271847102088,0.16371429578403524,test_122,1,0.21875,ITC,2776,0.00036023054755043225,0.9622367465504721,0.03893306851387024,-0.0673084706068039,0.05881083011627197,1.8064961433410645,1.0,0.20579672697659998,False
14,0.005619679475354917,0.08458840426889748,0.10075280816061655,test_122,0,0.0,ITC,2776,0.0,,,-0.0673084706068039,0.05881083011627197,,,,
15,0.003391825638525912,0.06571610557403554,0.09207996141717213,test_122,0,0.0,ITC,2776,0.0,,,-0.0673084706068039,0.05881083011627197,,,,
16,0.003364987955438565,0.06545560123031416,0.07927710059969253,test_122,0,0.0,ITC,2776,0.0,,,-0.0673084706068039,0.05881083011627197,,,,
17,0.0017282894003904784,0.04690976880484256,0.06324916999361407,test_122,0,0.0,ITC,2776,0.0,,,-0.0673084706068039,0.05881083011627197,,,,
18,0.0017276675436220014,0.04690132873059136,0.06077679568162489,test_122,0,0.0,ITC,2776,0.0,,,-0.0673084706068039,0.05881083011627197,,,,
19,0.004451850431897142,0.07528792743287435,0.09893172529506075,test_122,0,0.0,ITC,2776,0.0,,,-0.0673084706068039,0.05881083011627197,,,,
20,0.007798623234142388,0.0996469542745814,0.13334506762039197,test_122,0,0.0,ITC,2776,0.0,,,-0.0673084706068039,0.05881083011627197,,,,
21,0.25744293517049566,0.5725264409368059,1.2198167831652604,test_122,9,0.328125,micro,2776,0.0032420749279538905,0.850318728314371,0.12390780448913574,-0.0673084706068039,0.05881083011627197,3.2513785362243652,0.7228793877626314,0.6666524120521449,True
22,0.045061051753120744,0.2395276873754495,0.3173613569100998,test_122,1,0.46875,micro,2776,0.00036023054755043225,0.9945533769063181,0.17024123668670654,-0.0673084706068039,0.05881083011627197,4.039216995239258,1.0,1.0288658583699033,True
