lesion_id,area_mm2,diam_eq_mm,diam_max_mm,WSI,n_patches_lesion,median_occupancy,stage,n_slide_patches,pi,auc_vs_surround,mean_score_lesion,mean_score_surround,sd_score_surround,d_cohen,beta_hat,r_hat,above_detection_boundary,auc_probe_vs_surround
0,0.11633706061643848,0.3848700379285209,0.8661836576063128,tumor_001,5,0.328125,micro,318,0.015723270440251572,0.96,-0.009881149046123028,-0.34732502698898315,0.10505293309688568,3.212131977081299,0.7206831724472491,0.8953227898160379,True,0.9933333333333333
1,0.5554977821884688,0.8410004419113218,1.3203183557836085,tumor_001,13,0.84375,micro,318,0.040880503144654086,0.9961538461538462,0.15767592191696167,-0.34732502698898315,0.10505293309688568,4.807109355926514,0.554854827375046,2.0052147078117963,True,0.9856410256410256
0,0.05659547749036523,0.26843919235816105,0.5667176062375168,tumor_002,4,0.1171875,micro,304,0.013157894736842105,0.9291666666666667,-0.18186959624290466,-0.3692318797111511,0.0997372567653656,1.87855863571167,0.7575148427601807,0.3086378737450287,True,0.9966666666666667
0,0.29280891735878906,0.6105865152722425,0.8878879722090118,tumor_003,9,0.53125,micro,316,0.028481012658227847,0.9122222222222223,-0.039897333830595016,-0.33213919401168823,0.0905647724866867,3.2268824577331543,0.61825521439277,0.9045549652524173,True,0.99
1,0.0025934777579190676,0.05746406215865395,0.06787414562445704,tumor_003,0,0.0,ITC,316,0.0,,,-0.33213919401168823,0.0905647724866867,,,,,
2,0.09029405759467676,0.3390663132547036,0.5146224258862026,tumor_003,4,0.234375,micro,316,0.012658227848101266,0.9916666666666667,-0.048301175236701965,-0.33213919401168823,0.0905647724866867,3.1340887546539307,0.7591458564896415,0.8532793823584873,True,1.0
3,0.006586350414545654,0.09157511563346431,0.16872270858599128,tumor_003,1,0.03125,ITC,316,0.0031645569620253164,0.9966666666666667,-0.04819168150424957,-0.33213919401168823,0.0905647724866867,3.1352977752685547,1.0,0.8539378393632008,False,1.0
4,0.0030530636429985354,0.06234806623191238,0.08910101827385525,tumor_003,1,0.19723473489284515,ITC,316,0.0031645569620253164,0.9966666666666667,-0.04093697667121887,-0.33213919401168823,0.0905647724866867,3.215402841567993,1.0,0.8981305147021599,False,1.0
5,0.002349308261597168,0.054692158317610165,0.07534498300681626,tumor_003,0,0.0,ITC,316,0.0,,,-0.33213919401168823,0.0905647724866867,,,,,
6,0.0008697264210944824,0.0332771704391837,0.04367260484174502,tumor_003,0,0.0,ITC,316,0.0,,,-0.33213919401168823,0.0905647724866867,,,,,
7,0.0005167096512528076,0.025649467072853375,0.03682602996601767,tumor_003,0,0.0,ITC,316,0.0,,,-0.33213919401168823,0.0905647724866867,,,,,
8,0.0010535461310895997,0.03662535455536252,0.0458446167666643,tumor_003,1,0.06806143373250961,ITC,316,0.0031645569620253164,0.9266666666666666,-0.20108336210250854,-0.33213919401168823,0.0905647724866867,1.4470950365066528,1.0,0.18191259849502378,False,0.9766666666666667
9,0.0009052458938854981,0.033949887625795566,0.04496888374469594,tumor_003,0,0.0,ITC,316,0.0,,,-0.33213919401168823,0.0905647724866867,,,,,
10,0.003143013607480957,0.06325985468435313,0.09046713273447957,tumor_003,0,0.0,ITC,316,0.0,,,-0.33213919401168823,0.0905647724866867,,,,,
11,0.0055960815868615725,0.08441061764941929,0.15516610051241156,tumor_003,0,0.0,ITC,316,0.0,,,-0.33213919401168823,0.0905647724866867,,,,,
12,0.008078246768302735,0.1014176672850055,0.20618161565813495,tumor_003,0,0.0,micro,316,0.0,,,-0.33213919401168823,0.0905647724866867,,,,,
13,0.0004411281278023682,0.02369940456241384,0.037447071251697085,tumor_003,0,0.0,ITC,316,0.0,,,-0.33213919401168823,0.0905647724866867,,,,,
0,1.8560874185969767,1.5372845864845839,2.077244158158514,tumor_004,40,1.0,macro,344,0.11627906976744186,0.8463333333333334,-0.15671268105506897,-0.3347676396369934,0.09820210188627243,1.8131481409072876,0.3684119535981143,0.2814336483668116,True,0.981
1,0.0018697971845549927,0.0487924145335101,0.06600160388959805,tumor_004,0,0.0,ITC,344,0.0,,,-0.3347676396369934,0.09820210188627243,,,,,
2,0.00126076996845813,0.0400657232638498,0.06288418195491793,tumor_004,0,0.0,ITC,344,0.0,,,-0.3347676396369934,0.09820210188627243,,,,,
3,0.0016356941767924804,0.04563584675433573,0.06887822750964956,tumor_004,0,0.0,ITC,344,0.0,,,-0.3347676396369934,0.09820210188627243,,,,,
4,0.006581140933292358,0.09153889274916487,0.16513161074200353,tumor_004,1,0.109375,ITC,344,0.0029069767441860465,0.7233333333333334,-0.2834607660770416,-0.3347676396369934,0.09820210188627243,0.5224620699882507,1.0,0.02336786183687598,False,1.0
5,0.069093252603167,0.29660118254775714,0.4563429111878699,tumor_004,3,0.28125,micro,344,0.00872093023255814,0.8622222222222222,-0.21767954528331757,-0.3347676396369934,0.09820210188627243,1.1923176050186157,0.8119021242672559,0.12170077832481224,False,1.0
6,0.007840558699833251,0.09991451040487066,0.219118346512855,tumor_004,0,0.0,micro,344,0.0,,,-0.3347676396369934,0.09820210188627243,,,,,
0,0.013769949676238525,0.1324101372886534,0.1535667718746474,tumor_005,1,0.34375,ITC,306,0.0032679738562091504,0.7866666666666666,-0.19516411423683167,-0.28239676356315613,0.10580603778362274,0.824458122253418,1.0,0.05937984525798068,False,1.0
1,0.11922075382244239,0.3896108036488073,0.6793594476637287,tumor_005,5,0.71875,micro,306,0.016339869281045753,0.9973333333333333,-0.030183766037225723,-0.28239676356315613,0.10580603778362274,2.3837296962738037,0.7188059784618032,0.4963818274458213,True,1.0
2,0.004164856091160645,0.07282073518852201,0.08078891995645691,tumor_005,0,0.0,ITC,306,0.0,,,-0.28239676356315613,0.10580603778362274,,,,,
3,0.0035292602813620606,0.06703427297952386,0.0997220280871334,tumor_005,0,0.0,ITC,306,0.0,,,-0.28239676356315613,0.10580603778362274,,,,,
0,0.010091330514052735,0.11335202278514733,0.1873348030620788,tumor_006,1,0.15625,ITC,308,0.003246753246753247,1.0,-0.0012230370193719864,-0.32376164197921753,0.0929647833108902,3.469470977783203,1.0,1.0503507200212614,True,1.0
1,0.05552103272739258,0.26587887173119157,0.624122277627087,tumor_006,4,0.0859375,micro,308,0.012987012987012988,0.9983333333333333,-0.04492161422967911,-0.32376164197921753,0.0929647833108902,2.999415636062622,0.7580680243581226,0.7850207237742297,True,1.0
2,0.01745328817405371,0.14907117994053629,0.30204979395020204,tumor_006,1,0.3125,micro,308,0.003246753246753247,0.96,-0.16376344859600067,-0.32376164197921753,0.0929647833108902,1.721062421798706,1.0,0.258464596770992,False,1.0
3,0.05435157771976465,0.26306382889244,0.3260028041993215,tumor_006,2,0.671875,micro,308,0.006493506493506494,1.0,0.07618565857410431,-0.32376164197921753,0.0929647833108902,4.30213737487793,0.8790340121790612,1.6150142836358108,True,1.0
4,0.0015291467724418946,0.044124484590498746,0.07222650607019739,tumor_006,0,0.0,ITC,308,0.0,,,-0.32376164197921753,0.0929647833108902,,,,,
0,0.002067692447640564,0.05130952923859471,0.06449807787833682,tumor_007,0,0.0,ITC,307,0.0,,,-0.24548639357089996,0.087221659719944,,,,,
1,0.029423598248050048,0.19355435628736847,0.41548338685921005,tumor_007,3,0.109375,micro,307,0.009771986970684038,1.0,0.142996147274971,-0.24548639357089996,0.087221659719944,4.453968524932861,0.8081645720141643,1.732003057829726,True,1.0
2,0.00231787992870813,0.05432509903515235,0.08763174339244884,tumor_007,0,0.0,ITC,307,0.0,,,-0.24548639357089996,0.087221659719944,,,,,
3,0.00045450015300000003,0.024055925837260596,0.027183435875547446,tumor_007,0,0.0,ITC,307,0.0,,,-0.24548639357089996,0.087221659719944,,,,,
4,0.0014217806218463746,0.042547236240124395,0.08418178919504318,tumor_007,0,0.0,ITC,307,0.0,,,-0.24548639357089996,0.087221659719944,,,,,
5,0.007371605476950348,0.09688043972567163,0.12023388277260892,tumor_007,1,0.4762221872806549,ITC,307,0.003257328990228013,0.9966666666666667,0.01441841572523117,-0.24548639357089996,0.087221659719944,2.9798195362091064,1.0,0.775236644986279,False,1.0
6,0.0034561624695324555,0.06633643590997529,0.08985901094586189,tumor_007,0,0.0,ITC,307,0.0,,,-0.24548639357089996,0.087221659719944,,,,,
7,0.09776341643318043,0.35281191565923165,0.627895683805041,tumor_007,3,0.515625,micro,307,0.009771986970684038,0.9566666666666667,-0.0172981396317482,-0.24548639357089996,0.087221659719944,2.616187810897827,0.8081645720141643,0.5975747010887469,True,0.7188888888888889
8,0.0010319077423519135,0.03624728602365755,0.056323031847989924,tumor_007,0,0.0,ITC,307,0.0,,,-0.24548639357089996,0.087221659719944,,,,,
0,0.013721960163077683,0.13217920528930058,0.18376745466485625,tumor_008,0,0.0,ITC,302,0.0,,,-0.28084006905555725,0.1098124235868454,,,,,
1,0.0057375269421030125,0.08547073295385368,0.11523182220583565,tumor_008,0,0.0,ITC,302,0.0,,,-0.28084006905555725,0.1098124235868454,,,,,
2,0.003875809434128174,0.07024837250349367,0.11646869491778189,tumor_008,1,0.25038594007492065,ITC,302,0.0033112582781456954,0.9633333333333334,-0.07169359177350998,-0.28084006905555725,0.1098124235868454,1.9045792818069458,1.0,0.3176139218355528,False,1.0
3,0.008035734633750412,0.10115045776806428,0.13539422379057522,tumor_008,1,0.125,ITC,302,0.0033112582781456954,0.9933333333333333,0.012913697399199009,-0.28084006905555725,0.1098124235868454,2.6750504970550537,1.0,0.6265639277081694,False,1.0
4,0.0015222547055391998,0.044024934846649,0.058907683495760255,tumor_008,0,0.0,ITC,302,0.0,,,-0.28084006905555725,0.1098124235868454,,,,,
5,0.002224200034524353,0.05321596977748052,0.07875785666136755,tumor_008,0,0.0,ITC,302,0.0,,,-0.28084006905555725,0.1098124235868454,,,,,
6,0.0012124474685292206,0.03929040675337232,0.07250092160804238,tumor_008,0,0.0,ITC,302,0.0,,,-0.28084006905555725,0.1098124235868454,,,,,
0,0.7847762842178614,0.9996040210185744,1.52118666878554,tumor_009,17,1.0,micro,1180,0.01440677966101695,0.9188235294117647,-0.10512220114469528,-0.37327608466148376,0.10468944162130356,2.561422348022461,0.5994478568995196,0.46378016865057203,True,0.9929411764705882
1,20.10663463075766,5.059699825426617,6.352408092098951,tumor_009,350,1.0,macro,1180,0.2966101694915254,0.9947904761904762,0.16169890761375427,-0.37327608466148376,0.10468944162130356,5.110114097595215,0.1718210405544561,1.8459119426750532,True,0.9940571428571429
2,0.062345931068221436,0.2817468808867138,0.41589089343215174,tumor_009,2,0.375,micro,1180,0.001694915254237288,0.8433333333333334,-0.20257803797721863,-0.37327608466148376,0.10468944162130356,1.6305183172225952,0.9020047010438502,0.18793217910494214,False,0.9816666666666667
3,0.10974811776914795,0.3738123105302057,1.0328628389172119,tumor_009,5,0.390625,micro,1180,0.00423728813559322,0.9586666666666667,-0.09492303431034088,-0.37327608466148376,0.10468944162130356,2.6588454246520996,0.7724619621868296,0.49973062491474773,True,0.9873333333333333
4,0.06828019975728589,0.2948508952901324,0.4181406483464107,tumor_009,2,0.3046875,micro,1180,0.001694915254237288,0.9716666666666667,-0.062382303178310394,-0.37327608466148376,0.10468944162130356,2.9696764945983887,0.9020047010438502,0.6234018236856813,True,0.9966666666666667
5,29.095275523605665,6.08648136131376,8.027529658977322,tumor_009,504,1.0,macro,1180,0.4271186440677966,0.9846693121693122,0.12257620692253113,-0.37327608466148376,0.10468944162130356,4.7364115715026855,0.12026877008358439,1.5858008722111425,True,0.9847685185185185
0,0.01662504184459424,0.145491101822119,0.28314311392457253,tumor_010,2,0.1796875,micro,302,0.006622516556291391,1.0,0.004395384341478348,-0.3221842646598816,0.11047479510307312,2.956146240234375,0.878617277052848,0.7651617442148074,True,1.0
1,0.0027568425757148437,0.05924627402638651,0.07768068358856728,tumor_010,0,0.0,ITC,302,0.0,,,-0.3221842646598816,0.11047479510307312,,,,,
2,0.004957540711792053,0.07944895769541692,0.11119299911069501,tumor_010,0,0.0,ITC,302,0.0,,,-0.3221842646598816,0.11047479510307312,,,,,
0,0.0036167380014572757,0.0678599576068378,0.11385180923854472,tumor_011,1,0.2336493581533432,ITC,561,0.0017825311942959,0.9966666666666667,-0.020858019590377808,-0.37253668904304504,0.0810246393084526,4.340391635894775,1.0,1.4881382476522982,True,1.0
1,0.020553327401326173,0.16176930865667097,0.3610201336786975,tumor_011,2,0.171875,micro,561,0.0035650623885918,0.9366666666666666,-0.09952640533447266,-0.37253668904304504,0.0810246393084526,3.3694722652435303,0.8904932475055618,0.8968281157814991,True,1.0
2,0.01616351474526416,0.1434574018849506,0.23940606191385136,tumor_011,1,0.421875,micro,561,0.0017825311942959,0.94,-0.23588332533836365,-0.37253668904304504,0.0810246393084526,1.6865655183792114,1.0,0.22469420771016163,False,1.0
3,0.005799281103692139,0.08592947126717475,0.11391177455597809,tumor_011,1,0.37464651465415955,ITC,561,0.0017825311942959,1.0,0.09231603145599365,-0.37253668904304504,0.0810246393084526,5.73717737197876,1.0,2.600051778651608,True,1.0
4,0.017163814983143556,0.14782979393564838,0.22976237895704335,tumor_011,1,0.46875,micro,561,0.0017825311942959,1.0,0.1023348793387413,-0.37253668904304504,0.0810246393084526,5.8608293533325195,1.0,2.7133361187310974,True,1.0
5,0.019427748554203858,0.15727739101467741,0.22307095586158232,tumor_011,1,0.734375,micro,561,0.0017825311942959,1.0,-0.014335066080093384,-0.37253668904304504,0.0810246393084526,4.420897483825684,1.0,1.5438543700594907,True,1.0
6,0.0025063075366446533,0.056490086448187926,0.07209797997012048,tumor_011,0,0.0,ITC,561,0.0,,,-0.37253668904304504,0.0810246393084526,,,,,
7,0.016439210042807375,0.14467567974856652,0.24251176676646116,tumor_011,1,0.375,micro,561,0.0017825311942959,0.9966666666666667,-0.030772894620895386,-0.37253668904304504,0.0810246393084526,4.21802282333374,1.0,1.4054108232987828,True,1.0
8,0.0009477288922758179,0.03473738480849735,0.0387618720612378,tumor_011,0,0.0,ITC,561,0.0,,,-0.37253668904304504,0.0810246393084526,,,,,
9,0.004273343931283814,0.07376306990333695,0.13367601258963108,tumor_011,0,0.0,ITC,561,0.0,,,-0.37253668904304504,0.0810246393084526,,,,,
10,0.004856802465456299,0.07863760525337858,0.10283954076618583,tumor_011,0,0.0,ITC,561,0.0,,,-0.37253668904304504,0.0810246393084526,,,,,
11,0.014484586782084962,0.1358026092536473,0.14906035599677991,tumor_011,1,0.15625,ITC,561,0.0017825311942959,0.9666666666666667,-0.18006066977977753,-0.37253668904304504,0.0810246393084526,2.3755245208740234,1.0,0.44576347310590947,False,1.0
12,0.05373610930078418,0.26157014229833153,0.40405712162622304,tumor_011,2,0.296875,micro,561,0.0035650623885918,1.0,0.10357297211885452,-0.37253668904304504,0.0810246393084526,5.876109600067139,0.8904932475055618,2.7275028826211636,True,1.0
13,0.07315003080217529,0.30518439002662767,0.5500097641722292,tumor_011,2,0.6015625,micro,561,0.0035650623885918,0.9983333333333333,-0.002381429076194763,-0.37253668904304504,0.0810246393084526,4.5684285163879395,0.8904932475055618,1.648614482443998,True,1.0
14,0.05205942052873682,0.2574570117382419,0.4171806314239073,tumor_011,1,0.6875,micro,561,0.0017825311942959,0.9966666666666667,-0.05134961009025574,-0.37253668904304504,0.0810246393084526,3.964066743850708,1.0,1.2412731449180332,True,1.0
15,0.0867319395866455,0.3323109015264142,0.4340666359500578,tumor_011,3,0.625,micro,561,0.0053475935828877,0.8,-0.17355965077877045,-0.37253668904304504,0.0810246393084526,2.4557595252990723,0.8264359037205625,0.47638394615750573,True,0.9988888888888889
16,0.002993312336883728,0.06173494664340436,0.09541982983728847,tumor_011,0,0.0,ITC,561,0.0,,,-0.37253668904304504,0.0810246393084526,,,,,
17,0.0019906588536333617,0.05034466776653872,0.06304406345570597,tumor_011,0,0.0,ITC,561,0.0,,,-0.37253668904304504,0.0810246393084526,,,,,
18,0.041597878070803715,0.23013922598466116,0.4054463661830721,tumor_011,2,0.40625,micro,561,0.0035650623885918,1.0,0.05299054831266403,-0.37253668904304504,0.0810246393084526,5.251825332641602,0.8904932475055618,2.1787429285002915,True,1.0
19,0.06960465768351709,0.2976968301148135,0.5374042753963236,tumor_011,3,0.546875,micro,561,0.0053475935828877,0.9966666666666667,0.030433649197220802,-0.37253668904304504,0.0810246393084526,4.9734296798706055,0.8264359037205625,1.9538778367808038,True,1.0
20,0.004538775756494202,0.07601939737891686,0.10641310714022655,tumor_011,0,0.0,ITC,561,0.0,,,-0.37253668904304504,0.0810246393084526,,,,,
21,0.0019669686572092895,0.0500442032368734,0.07995595504557493,tumor_011,0,0.0,ITC,561,0.0,,,-0.37253668904304504,0.0810246393084526,,,,,
22,0.003271316380408081,0.06453812345331607,0.08076219696595255,tumor_011,0,0.0,ITC,561,0.0,,,-0.37253668904304504,0.0810246393084526,,,,,
23,0.01019036705427356,0.11390688437872168,0.15375991815570791,tumor_011,0,0.0,ITC,561,0.0,,,-0.37253668904304504,0.0810246393084526,,,,,
24,0.003982524629326172,0.07120890285589175,0.09736451912576281,tumor_011,0,0.0,ITC,561,0.0,,,-0.37253668904304504,0.0810246393084526,,,,,
25,0.0030189646907797852,0.06199891312321519,0.0896028603332559,tumor_011,1,0.19503186643123627,ITC,561,0.0017825311942959,1.0,0.06276018172502518,-0.37253668904304504,0.0810246393084526,5.372401237487793,1.0,2.279934256767751,True,1.0
26,0.013340617364664185,0.13032958827476987,0.17926482291474047,tumor_011,1,0.171875,ITC,561,0.0017825311942959,0.98,-0.14769881963729858,-0.37253668904304504,0.0810246393084526,2.7749321460723877,1.0,0.6082612906824552,False,0.9966666666666667
27,0.0016551544227533569,0.04590651439276211,0.06379949979544747,tumor_011,0,0.0,ITC,561,0.0,,,-0.37253668904304504,0.0810246393084526,,,,,
28,0.004053669988529663,0.07184213896246477,0.1024625179994988,tumor_011,0,0.0,ITC,561,0.0,,,-0.37253668904304504,0.0810246393084526,,,,,
29,0.012776357597937013,0.1275435758138016,0.20924042698594827,tumor_011,2,0.0390625,micro,561,0.0035650623885918,1.0,0.051492802798748016,-0.37253668904304504,0.0810246393084526,5.233340263366699,0.8904932475055618,2.1634326948190616,True,1.0
30,0.029634818640240236,0.19424783909688312,0.3258907463019624,tumor_011,2,0.421875,micro,561,0.0035650623885918,1.0,0.13235017657279968,-0.37253668904304504,0.0810246393084526,6.23127555847168,0.8904932475055618,3.067180659713474,True,1.0
31,0.02176658024592041,0.16647543579386448,0.23702233577502774,tumor_011,1,0.359375,micro,561,0.0017825311942959,1.0,0.09187006205320358,-0.37253668904304504,0.0810246393084526,5.731673240661621,1.0,2.5950652981439495,True,1.0
32,0.001682154700541565,0.04627943263580115,0.05690323008641053,tumor_011,0,0.0,ITC,561,0.0,,,-0.37253668904304504,0.0810246393084526,,,,,
33,0.0016270576082067262,0.04551520722056547,0.06440371073160303,tumor_011,0,0.0,ITC,561,0.0,,,-0.37253668904304504,0.0810246393084526,,,,,
34,0.003669540807319519,0.06835352563619967,0.0811958601243147,tumor_011,0,0.0,ITC,561,0.0,,,-0.37253668904304504,0.0810246393084526,,,,,
35,0.014833748074623048,0.1374296716333454,0.2025035975623118,tumor_011,1,0.453125,micro,561,0.0017825311942959,1.0,0.0777323767542839,-0.37253668904304504,0.0810246393084526,5.557187080383301,1.0,2.439469978797499,True,1.0
36,0.0010490202040012208,0.03654660048432004,0.046385869167043764,tumor_011,0,0.0,ITC,561,0.0,,,-0.37253668904304504,0.0810246393084526,,,,,
37,0.004452533585546265,0.07529370382295553,0.1246552909791137,tumor_011,0,0.0,ITC,561,0.0,,,-0.37253668904304504,0.0810246393084526,,,,,
38,9.634426046081543e-06,0.003502418055100998,0.011498227313612072,tumor_011,0,0.0,ITC,561,0.0,,,-0.37253668904304504,0.0810246393084526,,,,,
39,0.005634947217706787,0.08470323270147168,0.11717407210678414,tumor_011,1,0.3640301823616028,ITC,561,0.0017825311942959,1.0,0.1336243450641632,-0.37253668904304504,0.0810246393084526,6.2470011711120605,1.0,3.0826812283165625,True,1.0
40,0.0012387667879802857,0.039714567367164645,0.05856181866639681,tumor_011,0,0.0,ITC,561,0.0,,,-0.37253668904304504,0.0810246393084526,,,,,
41,0.005043221160386352,0.08013256899818612,0.10704946058871936,tumor_011,0,0.0,ITC,561,0.0,,,-0.37253668904304504,0.0810246393084526,,,,,
42,0.006225397731571289,0.08903045868432412,0.1777535034148413,tumor_011,1,0.078125,ITC,561,0.0017825311942959,1.0,0.04222108796238899,-0.37253668904304504,0.0810246393084526,5.1189093589782715,1.0,2.069856903372545,True,1.0
43,0.015749785202091065,0.14160949594002173,0.25173986720306857,tumor_011,1,0.140625,micro,561,0.0017825311942959,0.7866666666666666,-0.32688409090042114,-0.37253668904304504,0.0810246393084526,0.5634409189224243,1.0,0.02507738286210664,False,0.9966666666666667
44,0.002273870886328125,0.05380689855487828,0.09578596732986167,tumor_011,1,0.14689713716506958,ITC,561,0.0017825311942959,1.0,0.021338824182748795,-0.37253668904304504,0.0810246393084526,4.861181735992432,1.0,1.866676921705048,True,1.0
45,0.004147798642859619,0.07267146108127803,0.09498998681604189,tumor_011,0,0.0,ITC,561,0.0,,,-0.37253668904304504,0.0810246393084526,,,,,
46,0.0043553407984519045,0.0744673897446888,0.10841714631129015,tumor_011,0,0.0,ITC,561,0.0,,,-0.37253668904304504,0.0810246393084526,,,,,
47,0.004381574606957154,0.07469132518428949,0.1518579404418814,tumor_011,0,0.0,ITC,561,0.0,,,-0.37253668904304504,0.0810246393084526,,,,,
48,0.002420992089727295,0.0555202923815411,0.0736991398592955,tumor_011,0,0.0,ITC,561,0.0,,,-0.37253668904304504,0.0810246393084526,,,,,
49,0.004972000649220703,0.07956473994827547,0.10553889956044202,tumor_011,0,0.0,ITC,561,0.0,,,-0.37253668904304504,0.0810246393084526,,,,,
50,0.0016215155979016113,0.04543762517620406,0.07331447820952881,tumor_011,1,0.1047535315155983,ITC,561,0.0017825311942959,0.9666666666666667,-0.18484175205230713,-0.37253668904304504,0.0810246393084526,2.316516876220703,1.0,0.4238931319336101,False,0.9966666666666667
51,0.00300303224414209,0.061835098506887565,0.15839872567669225,tumor_011,1,0.078125,ITC,561,0.0017825311942959,1.0,0.013775981962680817,-0.37253668904304504,0.0810246393084526,4.767841815948486,1.0,1.79568071967225,True,1.0
52,0.020099411106846682,0.15997301349642176,0.31423130768759133,tumor_011,1,0.234375,micro,561,0.0017825311942959,0.9666666666666667,-0.19052031636238098,-0.37253668904304504,0.0810246393084526,2.246432304382324,1.0,0.3986319597258572,False,1.0
53,0.0017796368616141357,0.04760151286960842,0.05867840410146217,tumor_011,1,0.11496851593255997,ITC,561,0.0017825311942959,0.9533333333333334,-0.210043802857399,-0.37253668904304504,0.0810246393084526,2.0054750442504883,1.0,0.31770201349654725,False,1.0
54,0.0033906335346639404,0.06570455614368985,0.11310520316736523,tumor_011,0,0.0,ITC,561,0.0,,,-0.37253668904304504,0.0810246393084526,,,,,
55,0.010584801132938965,0.1160904275796047,0.17129409938934648,tumor_011,1,0.140625,ITC,561,0.0017825311942959,0.99,-0.08165895938873291,-0.37253668904304504,0.0810246393084526,3.5899910926818848,1.0,1.0180572127825125,True,1.0
56,0.00170419073927948,0.04658157405049861,0.07236719922209232,tumor_011,0,0.0,ITC,561,0.0,,,-0.37253668904304504,0.0810246393084526,,,,,
57,0.002356763190639038,0.05477886537614519,0.07077625538892897,tumor_011,0,0.0,ITC,561,0.0,,,-0.37253668904304504,0.0810246393084526,,,,,
58,0.0016884287973500977,0.046365658770859464,0.08184929190577381,tumor_011,0,0.0,ITC,561,0.0,,,-0.37253668904304504,0.0810246393084526,,,,,
59,0.0048908415757807615,0.07891269163650992,0.14208731115222012,tumor_011,1,0.0625,ITC,561,0.0017825311942959,0.94,-0.24145714938640594,-0.37253668904304504,0.0810246393084526,1.6177737712860107,1.0,0.20673833918786655,False,1.0
60,3.9186888705798046,2.2337031211725025,3.2226702069286217,tumor_011,73,1.0,macro,561,0.13012477718360071,0.9976712328767123,0.08576507121324539,-0.37253668904304504,0.0810246393084526,5.656325817108154,0.3221724140467307,2.5272853437636855,True,0.9997716894977169
61,5.559537187083937,2.660568096670514,3.7295979391329577,tumor_011,106,1.0,macro,561,0.1889483065953654,0.9918238993710692,0.08966575562953949,-0.37253668904304504,0.0810246393084526,5.7044677734375,0.2632472799798794,2.5704887359089508,True,0.9911949685534591
62,1.977680675837496,1.5868400181917717,2.407299197900473,tumor_011,42,0.984375,macro,561,0.0748663101604278,0.9828571428571429,0.09840468317270279,-0.37253668904304504,0.0810246393084526,5.812323093414307,0.4095048306123193,2.6686089518387313,True,0.9888888888888889
0,0.06796598166197095,0.2941716769996158,0.5491124739266646,tumor_012,3,0.265625,micro,303,0.009900990099009901,0.7844444444444445,-0.22882266342639923,-0.32518550753593445,0.08785858005285263,1.0967949628829956,0.8077242450664142,0.10526911491604743,False,0.9033333333333333
0,0.21685929639728907,0.525465347874122,0.7769840378116197,tumor_013,6,0.609375,micro,315,0.01904761904761905,0.94,-0.09031426906585693,-0.3498383164405823,0.11217135190963745,2.3136394023895264,0.6885290144560718,0.4652637715655291,True,0.9994444444444445
1,0.023627976668650637,0.1734476124269394,0.26295576065931253,tumor_013,1,0.46875,micro,315,0.0031746031746031746,1.0,0.08401213586330414,-0.3498383164405823,0.11217135190963745,3.8677475452423096,1.0,1.3002418233506943,True,0.9966666666666667
2,0.10386214923751282,0.36365010052299773,0.7123490272327041,tumor_013,3,0.53125,micro,315,0.009523809523809525,0.9777777777777777,-0.03907984495162964,-0.3498383164405823,0.11217135190963745,2.770390748977661,0.8090224395858497,0.6670984778375474,True,0.9722222222222222
3,0.041908760423812134,0.23099759964646724,0.2605260019810645,tumor_013,2,0.296875,micro,315,0.006349206349206349,0.975,-0.05061645805835724,-0.3498383164405823,0.11217135190963745,2.6675426959991455,0.8795065748702221,0.6184871084418894,True,1.0
4,0.0260474279773667,0.18211154641983665,0.2954382617472727,tumor_013,2,0.359375,micro,315,0.006349206349206349,0.7683333333333333,-0.21635259687900543,-0.3498383164405823,0.11217135190963745,1.1900161504745483,0.8795065748702221,0.12308740169853487,False,0.9916666666666667
5,0.006838405338258545,0.09331092165228472,0.1111182363026618,tumor_013,1,0.44177624583244324,ITC,315,0.0031746031746031746,0.9233333333333333,-0.17567789554595947,-0.3498383164405823,0.11217135190963745,1.5526283979415894,1.0,0.20952842262473306,False,1.0
0,0.6164274150194986,0.8859231125000068,1.377067283960365,tumor_014,14,0.7734375,micro,384,0.036458333333333336,0.9890476190476191,0.0549146942794323,-0.3152756690979004,0.10849113762378693,3.4121713638305664,0.5565088465164784,0.9782904378185386,True,0.9980952380952381
1,0.002645568250079178,0.05803828145540332,0.06721612883391732,tumor_014,0,0.0,ITC,384,0.0,,,-0.3152756690979004,0.10849113762378693,,,,,
2,0.12459521635270093,0.3982958153748192,0.603872121230362,tumor_014,3,0.5,micro,384,0.0078125,0.99,-0.024925732985138893,-0.3152756690979004,0.10849113762378693,2.6762547492980957,0.8153792167888891,0.6018122765604499,True,1.0
3,3.359604536206963,2.068231454690297,2.660453742593176,tumor_014,66,1.0,macro,384,0.171875,0.9955050505050506,0.13056661188602448,-0.3152756690979004,0.10849113762378693,4.109480857849121,0.29593237957059093,1.4189923837455518,True,0.9987373737373737
4,0.0008292006047644958,0.0324926299413339,0.05182129778293874,tumor_014,0,0.0,ITC,384,0.0,,,-0.3152756690979004,0.10849113762378693,,,,,
5,0.002422358931356323,0.05553596296946043,0.06850732157845289,tumor_014,1,0.1564897894859314,ITC,384,0.0026041666666666665,0.9933333333333333,-0.021649517118930817,-0.3152756690979004,0.10849113762378693,2.7064528465270996,1.0,0.615470257685811,False,0.99
6,0.005180927587477295,0.08121922114121408,0.1526438898923451,tumor_014,0,0.0,ITC,384,0.0,,,-0.3152756690979004,0.10849113762378693,,,,,
7,0.015390865269408692,0.13998663610753045,0.16467744623246486,tumor_014,0,0.0,ITC,384,0.0,,,-0.3152756690979004,0.10849113762378693,,,,,
8,0.025314636828795777,0.1795316035438661,0.28096909730494846,tumor_014,0,0.0,micro,384,0.0,,,-0.3152756690979004,0.10849113762378693,,,,,
9,0.006628967177806274,0.0918709048150414,0.1648868237912269,tumor_014,0,0.0,ITC,384,0.0,,,-0.3152756690979004,0.10849113762378693,,,,,
10,0.0072208514752020265,0.09588468931423023,0.1322855732903077,tumor_014,0,0.0,ITC,384,0.0,,,-0.3152756690979004,0.10849113762378693,,,,,
11,0.005158367240183899,0.08104219368001168,0.20375635573353518,tumor_014,0,0.0,micro,384,0.0,,,-0.3152756690979004,0.10849113762378693,,,,,
12,0.010886762893617829,0.11773468915451227,0.1538557689857997,tumor_014,0,0.0,ITC,384,0.0,,,-0.3152756690979004,0.10849113762378693,,,,,
0,0.3948180358498242,0.7090119436361149,1.3703992754815424,tumor_015,9,0.9375,micro,321,0.028037383177570093,0.9959259259259259,0.25561803579330444,-0.2645895481109619,0.10127153992652893,5.1367597579956055,0.6192935992138126,2.285936930519447,True,0.9925925925925926
1,0.24320576653098047,0.5564703041985906,0.8809348342433471,tumor_015,8,0.296875,micro,321,0.024922118380062305,0.9725,0.10870951414108276,-0.2645895481109619,0.10127153992652893,3.68612003326416,0.6397015065533413,1.177130686231665,True,0.9895833333333334
2,0.0051687980780844725,0.0811240908224447,0.13194953868069567,tumor_015,1,0.109375,ITC,321,0.003115264797507788,0.9866666666666667,0.010615218430757523,-0.2645895481109619,0.10127153992652893,2.717493772506714,1.0,0.639768495083235,False,0.99
3,0.0011934316875701295,0.0389810776987285,0.047581556498445005,tumor_015,0,0.0,ITC,321,0.0,,,-0.2645895481109619,0.10127153992652893,,,,,
4,0.002064715594516846,0.051272580816360505,0.06075,tumor_015,0,0.0,ITC,321,0.0,,,-0.2645895481109619,0.10127153992652893,,,,,
5,0.004631636158391602,0.07679311371268546,0.09467859505429918,tumor_015,1,0.29921403527259827,ITC,321,0.003115264797507788,0.98,-0.04995051026344299,-0.2645895481109619,0.10127153992652893,2.119440793991089,1.0,0.3891601060635461,False,0.99
6,0.001547172250961792,0.04438379087506461,0.05668153557275732,tumor_015,0,0.0,ITC,321,0.0,,,-0.2645895481109619,0.10127153992652893,,,,,
7,0.0017110131981729127,0.046674721911089456,0.059811621336198446,tumor_015,0,0.0,ITC,321,0.0,,,-0.2645895481109619,0.10127153992652893,,,,,
8,0.04902134552868164,0.2498317747270025,0.38875651050731336,tumor_015,2,0.390625,micro,321,0.006230529595015576,0.9333333333333333,0.005023494362831116,-0.2645895481109619,0.10127153992652893,2.662278413772583,0.8799005021844472,0.61403436344817,True,0.9916666666666667
0,2.5932270829197392,1.8170853778652292,1.9735306699325572,tumor_016,51,1.0,micro,481,0.10602910602910603,0.9896732026143791,0.13820648193359375,-0.2965461313724518,0.1290510594844818,3.3688418865203857,0.363356519697841,0.9188260660417237,True,0.9850326797385621
1,7.004257892211938,2.986318491033332,4.945205813639375,tumor_016,128,1.0,macro,481,0.2661122661122661,0.9584895833333333,0.08851586282253265,-0.2965461313724518,0.1290510594844818,2.983795642852783,0.21435645364241668,0.7207924044451485,True,0.9924479166666667
2,0.005102415699736816,0.08060147295541473,0.17161660274782908,tumor_016,0,0.0,ITC,481,0.0,,,-0.2965461313724518,0.1290510594844818,,,,,
3,0.004002512355419678,0.0713873728975329,0.08317830308342937,tumor_016,0,0.0,ITC,481,0.0,,,-0.2965461313724518,0.1290510594844818,,,,,
4,0.004439107474146057,0.07518009829344588,0.11651359365832821,tumor_016,1,0.28677624464035034,ITC,481,0.002079002079002079,0.9366666666666666,-0.08068276196718216,-0.2965461313724518,0.1290510594844818,1.6726974248886108,1.0,0.22652014307142612,False,1.0
5,0.004523622476260254,0.07589239106937767,0.098289836873881,tumor_016,0,0.0,ITC,481,0.0,,,-0.2965461313724518,0.1290510594844818,,,,,
6,0.01564853970884326,0.14115360276896127,0.21505328596806178,tumor_016,1,0.265625,micro,481,0.002079002079002079,0.97,0.01167428120970726,-0.2965461313724518,0.1290510594844818,2.3883602619171143,1.0,0.4618189228512275,False,1.0
7,0.011453205907378784,0.12075874575064549,0.1832708593673582,tumor_016,0,0.0,ITC,481,0.0,,,-0.2965461313724518,0.1290510594844818,,,,,
8,0.1289409027549829,0.40518225074834574,0.8170728795181945,tumor_016,0,0.0,micro,481,0.0,,,-0.2965461313724518,0.1290510594844818,,,,,
0,0.003336927452817627,0.06518211404089147,0.0766029316491869,tumor_017,0,0.0,ITC,301,0.0,,,-0.3566895127296448,0.10048799216747284,,,,,
1,0.007305625512275757,0.0964458983122433,0.13861855925682268,tumor_017,1,0.046875,ITC,301,0.0033222591362126247,0.84,-0.2347227931022644,-0.3566895127296448,0.10048799216747284,1.2137441635131836,1.0,0.12906487049686788,False,1.0
0,0.32547799683157325,0.6437479759246976,0.9709537286512325,tumor_018,9,0.6875,micro,380,0.02368421052631579,0.9444444444444444,-0.0029008123092353344,-0.32335346937179565,0.12513387203216553,2.5608787536621094,0.630107536658989,0.5520127040070245,True,0.9744444444444444
1,0.007064989794420776,0.09484421115390691,0.11919247376032649,tumor_018,0,0.0,ITC,380,0.0,,,-0.32335346937179565,0.12513387203216553,,,,,
2,0.00251182144605542,0.05655219177389698,0.08734179133170358,tumor_018,1,0.16226927936077118,ITC,380,0.002631578947368421,0.17333333333333334,-0.4348348379135132,-0.32335346937179565,0.12513387203216553,-0.8908967971801758,1.0,0.0668075943822667,False,0.4166666666666667
3,0.004547447825119629,0.0760919864280216,0.10790669730343458,tumor_018,1,0.2937752902507782,ITC,380,0.002631578947368421,0.56,-0.3311491012573242,-0.32335346937179565,0.12513387203216553,-0.06229833513498306,1.0,0.000326681032875377,False,0.9633333333333334
4,0.0023522090797628175,0.05472591358615337,0.0789416651505691,tumor_018,0,0.0,ITC,380,0.0,,,-0.32335346937179565,0.12513387203216553,,,,,
5,0.0029708419975081786,0.06150279272022869,0.10339764217935532,tumor_018,0,0.0,ITC,380,0.0,,,-0.32335346937179565,0.12513387203216553,,,,,
6,0.0038503559345152588,0.07001732240760525,0.09517142386898496,tumor_018,0,0.0,ITC,380,0.0,,,-0.32335346937179565,0.12513387203216553,,,,,
7,0.0037002103367717288,0.068638576067803,0.11625543870826002,tumor_018,0,0.0,ITC,380,0.0,,,-0.32335346937179565,0.12513387203216553,,,,,
8,0.0013504915000964355,0.041466844378991424,0.060795605102088084,tumor_018,0,0.0,ITC,380,0.0,,,-0.32335346937179565,0.12513387203216553,,,,,
9,0.015408813541649415,0.14006823600902066,0.27352111195344686,tumor_018,1,0.578125,micro,380,0.002631578947368421,0.8233333333333334,-0.22537943720817566,-0.32335346937179565,0.12513387203216553,0.7829537391662598,1.0,0.05159923271519177,False,0.9666666666666667
10,0.0028066514019367676,0.05977908959855675,0.1020730893392083,tumor_018,1,0.18131594359874725,ITC,380,0.002631578947368421,0.91,-0.1697668433189392,-0.32335346937179565,0.12513387203216553,1.227378487586975,1.0,0.1268025691263846,False,0.9666666666666667
11,0.0033356425027521973,0.06516956299994245,0.09865204450150679,tumor_018,0,0.0,ITC,380,0.0,,,-0.32335346937179565,0.12513387203216553,,,,,
12,0.0014948357210013427,0.04362664269527978,0.08991205234144085,tumor_018,0,0.0,ITC,380,0.0,,,-0.32335346937179565,0.12513387203216553,,,,,
13,0.0016101186183121949,0.04527766222487009,0.07489841852803035,tumor_018,0,0.0,ITC,380,0.0,,,-0.32335346937179565,0.12513387203216553,,,,,
14,0.0034683162640158694,0.06645297149859536,0.08434130117976205,tumor_018,0,0.0,ITC,380,0.0,,,-0.32335346937179565,0.12513387203216553,,,,,
15,1.0137695212202344,1.1361212275390489,1.7788703756738438,tumor_018,24,0.9765625,micro,380,0.06315789473684211,0.9688888888888889,0.06537313014268875,-0.32335346937179565,0.12513387203216553,3.1064858436584473,0.4649895272139694,0.8122875491536368,True,0.9806944444444444
16,0.004745184610261597,0.07772873788280481,0.10221096813319552,tumor_018,0,0.0,ITC,380,0.0,,,-0.32335346937179565,0.12513387203216553,,,,,
17,0.015166595826696534,0.13896297911877578,0.21987912303461607,tumor_018,1,0.140625,micro,380,0.002631578947368421,0.95,-0.13725793361663818,-0.32335346937179565,0.12513387203216553,1.4871715307235718,1.0,0.18616291245658992,False,0.9666666666666667
18,0.0007715740481054077,0.03134323834161359,0.04586541496164338,tumor_018,0,0.0,ITC,380,0.0,,,-0.32335346937179565,0.12513387203216553,,,,,
19,0.0016567843827474977,0.04592911269787118,0.06531236753687958,tumor_018,1,0.10703197121620178,ITC,380,0.002631578947368421,0.98,0.1211882159113884,-0.32335346937179565,0.12513387203216553,3.5525288581848145,1.0,1.0622977647703409,True,0.9866666666666667
20,0.4293014800962305,0.7393264644741564,1.1224698243286664,tumor_018,11,0.71875,micro,380,0.02894736842105263,0.8633333333333333,-0.06253328919410706,-0.32335346937179565,0.12513387203216553,2.084329128265381,0.5963255652435606,0.36568204266382864,True,0.9633333333333334
21,1.037985015011045,1.1496101808676644,1.9286493223536438,tumor_018,23,1.0,micro,380,0.060526315789473685,0.9866666666666667,0.1675720065832138,-0.32335346937179565,0.12513387203216553,3.9232022762298584,0.4721542389046138,1.2955448122111177,True,0.985072463768116
22,0.005182535303182617,0.08123182190495387,0.17650456527213673,tumor_018,1,0.15625,ITC,380,0.002631578947368421,0.9866666666666667,0.17837238311767578,-0.32335346937179565,0.12513387203216553,4.009512901306152,1.0,1.353175945758974,True,1.0
23,0.005823063506513672,0.08610548605052647,0.15634821869228313,tumor_018,0,0.0,ITC,380,0.0,,,-0.32335346937179565,0.12513387203216553,,,,,
24,0.01300172869517981,0.12866357341773482,0.20904587195938928,tumor_018,0,0.0,micro,380,0.0,,,-0.32335346937179565,0.12513387203216553,,,,,
25,0.0013475699747756654,0.04142196737459657,0.04617079933518587,tumor_018,0,0.0,ITC,380,0.0,,,-0.32335346937179565,0.12513387203216553,,,,,
26,0.004835266079865601,0.07846306125943248,0.13784606696235385,tumor_018,0,0.0,ITC,380,0.0,,,-0.32335346937179565,0.12513387203216553,,,,,
27,0.0008690424704824219,0.033264083325300876,0.04685191872538413,tumor_018,0,0.0,ITC,380,0.0,,,-0.32335346937179565,0.12513387203216553,,,,,
28,0.0018977449818284912,0.049155711333340985,0.059970087871553855,tumor_018,0,0.0,ITC,380,0.0,,,-0.32335346937179565,0.12513387203216553,,,,,
29,0.007784160597719605,0.09955451318541969,0.2020299431926432,tumor_018,1,0.109375,micro,380,0.002631578947368421,0.98,0.06234167516231537,-0.32335346937179565,0.12513387203216553,3.0822601318359375,1.0,0.7996678139501793,False,0.98
30,0.010683496101509033,0.11663039789208149,0.1881259875887699,tumor_018,1,0.171875,ITC,380,0.002631578947368421,0.9966666666666667,0.23038747906684875,-0.32335346937179565,0.12513387203216553,4.4251885414123535,1.0,1.6482936933913355,True,0.9933333333333333
31,0.002389953478796631,0.055163242102701335,0.0894292104549936,tumor_018,0,0.0,ITC,380,0.0,,,-0.32335346937179565,0.12513387203216553,,,,,
32,0.0019328656612296754,0.04960847704312541,0.07853384438730858,tumor_018,0,0.0,ITC,380,0.0,,,-0.32335346937179565,0.12513387203216553,,,,,
33,0.04566406308113672,0.2411250523860685,0.3529730583490049,tumor_018,4,0.0859375,micro,380,0.010526315789473684,0.8016666666666666,-0.1482544243335724,-0.32335346937179565,0.12513387203216553,1.3992937803268433,0.7666238392563166,0.16481200628388182,False,0.8975
0,0.0009548479116529542,0.034867608468667995,0.04136950110246135,tumor_019,0,0.0,ITC,306,0.0,,,-0.2975365221500397,0.09711138159036636,,,,,
1,0.0011201968825290528,0.0377661087315736,0.05698877235363975,tumor_019,0,0.0,ITC,306,0.0,,,-0.2975365221500397,0.09711138159036636,,,,,
2,0.0002856972589238892,0.019072520753281055,0.033024984735151995,tumor_019,0,0.0,ITC,306,0.0,,,-0.2975365221500397,0.09711138159036636,,,,,
3,0.19520174468052245,0.4985364385163214,0.6793566352897626,tumor_019,6,0.8515625,micro,306,0.0196078431372549,0.8683333333333333,0.02051679790019989,-0.2975365221500397,0.09711138159036636,3.275139331817627,0.6869515456987151,0.9370471000037954,True,0.9377777777777778
0,0.7448825984036485,0.973865483766935,1.5077446787517335,tumor_020,19,0.65625,micro,424,0.04481132075471698,0.95,0.11491210758686066,-0.3360876739025116,0.17023593187332153,2.6492631435394287,0.5132944284313853,0.5800747467350452,True,0.9329824561403509
1,0.056195461918863286,0.26748884901946035,0.477211740600805,tumor_020,2,0.3359375,micro,424,0.0047169811320754715,0.9316666666666666,0.004924912005662918,-0.3360876739025116,0.17023593187332153,2.00317645072937,0.8854251702675439,0.33164402386078856,False,0.925
2,0.047287073111774415,0.24537271943044933,0.38407886762667715,tumor_020,2,0.28125,micro,424,0.0047169811320754715,0.9833333333333333,0.1890462189912796,-0.3360876739025116,0.17023593187332153,3.0847418308258057,0.8854251702675439,0.7864505298673276,True,0.9466666666666667
3,0.15251932262246484,0.44067406651531305,0.5904322918225902,tumor_020,4,0.3046875,micro,424,0.009433962264150943,0.9508333333333333,0.0777609571814537,-0.3360876739025116,0.17023593187332153,2.431029796600342,0.7708503405350876,0.4884434922374694,True,0.9233333333333333
4,0.04996945507148438,0.25223617152557826,0.48158520546276656,tumor_020,2,0.4453125,micro,424,0.0047169811320754715,0.9783333333333334,0.12050245702266693,-0.3360876739025116,0.17023593187332153,2.6821019649505615,0.8854251702675439,0.594544454199912,True,0.925
5,0.11141961726433008,0.37664819495147156,0.6032619285910272,tumor_020,4,0.453125,micro,424,0.009433962264150943,0.97,0.10222920030355453,-0.3360876739025116,0.17023593187332153,2.574761152267456,0.7708503405350876,0.5479080227487026,True,0.9558333333333333
6,0.09508146204531885,0.34793889901437497,0.47039724151534945,tumor_020,3,0.390625,micro,424,0.007075471698113208,0.9522222222222222,0.08410074561834335,-0.3360876739025116,0.17023593187332153,2.468271017074585,0.8184031913475456,0.5035231600543973,True,0.9588888888888889
7,0.057644341681603276,0.27091521802815494,0.3283320993826779,tumor_020,2,0.625,micro,424,0.0047169811320754715,0.9733333333333334,0.11153877526521683,-0.3360876739025116,0.17023593187332153,2.6294474601745605,0.8854251702675439,0.5714296337997384,True,0.9433333333333334
8,0.14046445220361328,0.42290057362836786,0.6583505771972682,tumor_020,5,0.46875,micro,424,0.01179245283018868,0.9646666666666667,0.1117677241563797,-0.3360876739025116,0.17023593187332153,2.6307926177978516,0.7339654838772741,0.5720144407250011,True,0.9646666666666667
9,0.018058257865362304,0.1516327406044093,0.26764108692426136,tumor_020,1,0.015625,micro,424,0.0023584905660377358,0.94,0.019167140126228333,-0.3360876739025116,0.17023593187332153,2.0868380069732666,1.0,0.3599243586163236,False,0.9933333333333333
10,0.11269141667343897,0.37879172121477256,0.6880663091443224,tumor_020,4,0.6015625,micro,424,0.009433962264150943,0.9658333333333333,0.09945936501026154,-0.3360876739025116,0.17023593187332153,2.558490753173828,0.7708503405350876,0.5410052345707024,True,0.9558333333333333
11,0.17602570322893213,0.47341618713442024,0.5584621240070917,tumor_020,6,0.265625,micro,424,0.014150943396226415,0.9822222222222222,0.170511856675148,-0.3360876739025116,0.17023593187332153,2.97586727142334,0.7038283616150893,0.7319153878977835,True,0.9627777777777777
12,0.14278756191166847,0.42638336074741073,0.5913635071380078,tumor_020,4,0.7421875,micro,424,0.009433962264150943,0.9766666666666667,0.12495057284832001,-0.3360876739025116,0.17023593187332153,2.708230972290039,0.7708503405350876,0.6061849710856254,True,0.9308333333333333
13,0.27121940401612943,0.5876455313306133,0.7663777074630042,tumor_020,7,0.671875,micro,424,0.01650943396226415,0.900952380952381,0.02001991495490074,-0.3360876739025116,0.17023593187332153,2.0918474197387695,0.6783477878066773,0.36165441501256773,True,0.8938095238095238
14,1.1446873054652813,1.2072535540120537,1.4801331729567369,tumor_020,23,1.0,micro,424,0.054245283018867926,0.9756521739130435,0.1656726747751236,-0.3360876739025116,0.17023593187332153,2.9474411010742188,0.48171365910055136,0.7179993224981275,True,0.9214492753623188
15,0.33444104090867577,0.65255157548451,1.0123978441265076,tumor_020,9,0.84375,micro,424,0.02122641509433962,0.927037037037037,0.03709292411804199,-0.3360876739025116,0.17023593187332153,2.1921377182006836,0.6368063826950912,0.39716359498468595,True,0.9237037037037037
16,0.04886628725164087,0.24943634324848676,0.32251128111925836,tumor_020,2,0.3203125,micro,424,0.0047169811320754715,0.9416666666666667,0.07248803973197937,-0.3360876739025116,0.17023593187332153,2.4000556468963623,0.8854251702675439,0.4760761073876318,True,0.9483333333333334
17,0.11153159662886279,0.3768374176157658,0.47415927187311174,tumor_020,3,0.3125,micro,424,0.007075471698113208,0.9877777777777778,0.22208242118358612,-0.3360876739025116,0.17023593187332153,3.2788028717041016,0.8184031913475456,0.8885142090183928,True,0.9644444444444444
18,0.0654284373268645,0.2886279157579704,0.39824408466793404,tumor_020,3,0.203125,micro,424,0.007075471698113208,0.98,0.1941545456647873,-0.3360876739025116,0.17023593187332153,3.114748954772949,0.8184031913475456,0.8018254955405469,True,0.9822222222222222
19,0.10896959140408521,0.3724840841557048,0.517901081474464,tumor_020,3,0.78125,micro,424,0.007075471698113208,0.8822222222222222,-0.08344531804323196,-0.3360876739025116,0.17023593187332153,1.4840718507766724,0.8184031913475456,0.18203027245464412,False,0.92
20,0.19658981379073537,0.5003058314775937,0.8591077962537647,tumor_020,6,0.5,micro,424,0.014150943396226415,0.9755555555555555,0.1558394432067871,-0.3360876739025116,0.17023593187332153,2.889678478240967,0.7038283616150893,0.690133025644918,True,0.9433333333333334
21,0.3746658596176143,0.690680380876234,1.0232465510485351,tumor_020,10,0.7265625,micro,424,0.02358490566037736,0.9883333333333333,0.22868120670318604,-0.3360876739025116,0.17023593187332153,3.31756591796875,0.6193906541448179,0.9096469870543937,True,0.9706666666666667
0,1.9620214440789376,1.580545250924406,2.6489621066379483,tumor_021,44,0.7265625,macro,351,0.12535612535612536,0.9379545454545455,0.02079327590763569,-0.2806595265865326,0.10508280992507935,2.8687167167663574,0.3543204802852504,0.7020846083845119,True,0.9929545454545454
1,0.0022312514380391237,0.05330025858435033,0.06963178210951994,tumor_021,0,0.0,ITC,351,0.0,,,-0.2806595265865326,0.10508280992507935,,,,,
2,0.004277786712593995,0.07380140382416385,0.11816250176612576,tumor_021,1,0.27635458111763,ITC,351,0.002849002849002849,0.9933333333333333,-0.010664449073374271,-0.2806595265865326,0.10508280992507935,2.5693552494049072,1.0,0.5631997266179591,False,1.0
3,0.010253579261058106,0.11425962799806207,0.19681786852489644,tumor_021,1,0.203125,ITC,351,0.002849002849002849,1.0,0.1477465033531189,-0.2806595265865326,0.10508280992507935,4.076842308044434,1.0,1.4179533744221942,True,1.0
4,0.0026158606987197876,0.05771150045812868,0.07399623539073776,tumor_021,1,0.16899044811725616,ITC,351,0.002849002849002849,1.0,0.10663661360740662,-0.2806595265865326,0.10508280992507935,3.6856279373168945,1.0,1.1588763669576203,True,1.0
5,0.0011406631347410888,0.03810954487230105,0.042674567971986675,tumor_021,0,0.0,ITC,351,0.0,,,-0.2806595265865326,0.10508280992507935,,,,,
6,0.004266595499884278,0.07370480385864786,0.10317113883865327,tumor_021,1,0.2756316065788269,ITC,351,0.002849002849002849,0.9966666666666667,0.06639103591442108,-0.2806595265865326,0.10508280992507935,3.302638530731201,1.0,0.9305424945375398,False,1.0
7,0.00514715275963092,0.08095405138938266,0.12569630456208955,tumor_021,0,0.0,ITC,351,0.0,,,-0.2806595265865326,0.10508280992507935,,,,,
8,0.007956931765519776,0.10065326710355285,0.16412261587743093,tumor_021,1,0.03125,ITC,351,0.002849002849002849,0.8666666666666667,-0.1790584921836853,-0.2806595265865326,0.10508280992507935,0.9668663740158081,1.0,0.0797530015221789,False,0.9966666666666667
9,0.012184239180482666,0.12455302142903674,0.1885933743698174,tumor_021,1,0.21875,ITC,351,0.002849002849002849,0.9966666666666667,0.09058064222335815,-0.2806595265865326,0.10508280992507935,3.532834529876709,1.0,1.0647820394401286,True,1.0
10,0.0022327006649886477,0.053317565381589216,0.07258561870980497,tumor_021,0,0.0,ITC,351,0.0,,,-0.2806595265865326,0.10508280992507935,,,,,
11,0.0025580823406473998,0.057070584321530775,0.08028719414940666,tumor_021,0,0.0,ITC,351,0.0,,,-0.2806595265865326,0.10508280992507935,,,,,
12,0.005140505995299316,0.08090176458621454,0.12809093250363332,tumor_021,0,0.0,ITC,351,0.0,,,-0.2806595265865326,0.10508280992507935,,,,,
13,0.01458589161265796,0.13627668177812757,0.21465187599049432,tumor_021,1,0.1875,micro,351,0.002849002849002849,0.9966666666666667,0.04135201498866081,-0.2806595265865326,0.10508280992507935,3.064359664916992,1.0,0.8011126662812386,False,1.0
14,0.002234009070308716,0.053333185650344325,0.08007132379481298,tumor_021,0,0.0,ITC,351,0.0,,,-0.2806595265865326,0.10508280992507935,,,,,
15,0.000341946024804657,0.020865742281219714,0.02385552937457458,tumor_021,0,0.0,ITC,351,0.0,,,-0.2806595265865326,0.10508280992507935,,,,,
16,0.013572436501701783,0.13145707615938249,0.16241368214673504,tumor_021,0,0.0,ITC,351,0.0,,,-0.2806595265865326,0.10508280992507935,,,,,
17,0.0063132388711589355,0.08965637392912305,0.17082319987226263,tumor_021,0,0.0,ITC,351,0.0,,,-0.2806595265865326,0.10508280992507935,,,,,
18,0.020042030515005617,0.15974450165340273,0.286747329741909,tumor_021,0,0.0,micro,351,0.0,,,-0.2806595265865326,0.10508280992507935,,,,,
19,0.008436915778775757,0.10364465642346139,0.13251324168669093,tumor_021,0,0.0,ITC,351,0.0,,,-0.2806595265865326,0.10508280992507935,,,,,
20,0.053464878617976566,0.260909175214045,0.5782179983178355,tumor_021,0,0.0,micro,351,0.0,,,-0.2806595265865326,0.10508280992507935,,,,,
21,0.03732328082593653,0.21799421342512293,0.470765218196368,tumor_021,0,0.0,micro,351,0.0,,,-0.2806595265865326,0.10508280992507935,,,,,
22,0.019913627325621096,0.15923196221267732,0.3164464875934792,tumor_021,0,0.0,micro,351,0.0,,,-0.2806595265865326,0.10508280992507935,,,,,
23,5.99852099295044e-05,0.008739310120454894,0.019829742913828437,tumor_021,0,0.0,ITC,351,0.0,,,-0.2806595265865326,0.10508280992507935,,,,,
24,0.008759956935016846,0.10561024372588335,0.15088101354476863,tumor_021,0,0.0,ITC,351,0.0,,,-0.2806595265865326,0.10508280992507935,,,,,
25,0.003908434590486695,0.07054341555821098,0.1022723499700544,tumor_021,0,0.0,ITC,351,0.0,,,-0.2806595265865326,0.10508280992507935,,,,,
26,0.004353036766587708,0.07444769003068905,0.15249754620552797,tumor_021,0,0.0,ITC,351,0.0,,,-0.2806595265865326,0.10508280992507935,,,,,
27,0.0016906904904613954,0.0463967023651804,0.07322967275226228,tumor_021,0,0.0,ITC,351,0.0,,,-0.2806595265865326,0.10508280992507935,,,,,
28,0.009144541522268922,0.10790362313020575,0.14677101700847547,tumor_021,0,0.0,ITC,351,0.0,,,-0.2806595265865326,0.10508280992507935,,,,,
29,0.0016450415444720764,0.04576605671405453,0.057493897735386566,tumor_021,0,0.0,ITC,351,0.0,,,-0.2806595265865326,0.10508280992507935,,,,,
30,0.0033132370689821777,0.06495032299619866,0.12034530198266925,tumor_021,0,0.0,ITC,351,0.0,,,-0.2806595265865326,0.10508280992507935,,,,,
31,0.0016175566875382692,0.04538212357773205,0.08516949161278216,tumor_021,0,0.0,ITC,351,0.0,,,-0.2806595265865326,0.10508280992507935,,,,,
32,0.004840587456523132,0.07850622503594382,0.1443503071383656,tumor_021,0,0.0,ITC,351,0.0,,,-0.2806595265865326,0.10508280992507935,,,,,
33,0.0035206098551466064,0.06695207008866114,0.12339858718573808,tumor_021,0,0.0,ITC,351,0.0,,,-0.2806595265865326,0.10508280992507935,,,,,
34,0.014997972627694336,0.13818832020267113,0.24145434170290903,tumor_021,0,0.0,micro,351,0.0,,,-0.2806595265865326,0.10508280992507935,,,,,
0,0.02329471615022754,0.17222007370179168,0.2534681137018838,tumor_022,1,0.21875,micro,306,0.0032679738562091504,0.99,0.011722534894943237,-0.37339240312576294,0.12006563693284988,3.2075366973876953,1.0,0.89876288041732,False,1.0
1,0.2567339556318633,0.571737548869034,0.890938250087513,tumor_022,5,1.0,micro,306,0.016339869281045753,0.9993333333333333,0.17396032810211182,-0.37339240312576294,0.12006563693284988,4.558779239654541,0.7188059784618032,1.815511413363636,True,0.9993333333333333
0,0.011578386738339844,0.12141688457332228,0.18947717572229764,tumor_023,1,0.359375,ITC,305,0.003278688524590164,0.9966666666666667,0.01419435441493988,-0.3356095850467682,0.10064637660980225,3.475574016571045,1.0,1.0558528290417706,True,1.0
1,0.03450665534726953,0.20960734277379364,0.27343775596981595,tumor_023,1,0.5,micro,305,0.003278688524590164,0.9966666666666667,0.008681630715727806,-0.3356095850467682,0.10064637660980225,3.4208009243011475,1.0,1.0228357667105783,True,1.0
2,0.051056687316361815,0.25496547474975917,0.5145549251242872,tumor_023,2,0.5625,micro,305,0.006557377049180328,0.9966666666666667,-0.04066634178161621,-0.3356095850467682,0.10064637660980225,2.930490493774414,0.8788270276815164,0.7506386775298658,True,0.9966666666666667
3,0.005633747748853638,0.08469421715148652,0.11728328174828735,tumor_023,0,0.0,ITC,305,0.0,,,-0.3356095850467682,0.10064637660980225,,,,,
4,0.01330331404551416,0.13014724552897516,0.1830087415058707,tumor_023,1,0.125,ITC,305,0.003278688524590164,0.9533333333333334,-0.1513637900352478,-0.3356095850467682,0.10064637660980225,1.8306251764297485,1.0,0.29292009486989556,False,0.5066666666666667
5,0.004834250346243164,0.07845481954594281,0.09707384280345895,tumor_023,0,0.0,ITC,305,0.0,,,-0.3356095850467682,0.10064637660980225,,,,,
0,0.058401272864359866,0.27268811868831316,0.5055957197406165,tumor_024,3,0.171875,micro,303,0.009900990099009901,0.9977777777777778,0.1291680634021759,-0.2662516236305237,0.09308543801307678,4.247921943664551,0.8077242450664142,1.579076363359815,True,0.99
1,0.004367919410377076,0.07457484643972383,0.12643753407439628,tumor_024,0,0.0,ITC,303,0.0,,,-0.2662516236305237,0.09308543801307678,,,,,
0,4.909041746211622,2.5000772144140657,4.8591756174509655,tumor_025,95,1.0,macro,395,0.24050632911392406,0.9973684210526316,0.09004788845777512,-0.34408101439476013,0.09589800983667374,4.5269856452941895,0.23834020741223305,1.7138309576850201,True,0.9953684210526316
1,0.027572792687307862,0.18736800689622785,0.22546471856146363,tumor_025,0,0.0,micro,395,0.0,,,-0.34408101439476013,0.09589800983667374,,,,,
2,0.030153870558882204,0.19594157400203308,0.2763852612952616,tumor_025,0,0.0,micro,395,0.0,,,-0.34408101439476013,0.09589800983667374,,,,,
3,0.025867892779773926,0.18148284774649465,0.23301723482395031,tumor_025,0,0.0,micro,395,0.0,,,-0.34408101439476013,0.09589800983667374,,,,,
4,0.022052326249822632,0.16756459600606402,0.23693263267910378,tumor_025,0,0.0,micro,395,0.0,,,-0.34408101439476013,0.09589800983667374,,,,,
5,0.05394344089248633,0.26207426833513714,0.846116090120026,tumor_025,0,0.0,micro,395,0.0,,,-0.34408101439476013,0.09589800983667374,,,,,
6,0.024793616297801514,0.17767445716070476,0.4160399639989097,tumor_025,0,0.0,micro,395,0.0,,,-0.34408101439476013,0.09589800983667374,,,,,
7,0.01505235344095459,0.13843862048703673,0.27539580717584006,tumor_025,0,0.0,micro,395,0.0,,,-0.34408101439476013,0.09589800983667374,,,,,
8,0.024868642968246094,0.17794307980663637,0.5129060014617604,tumor_025,0,0.0,micro,395,0.0,,,-0.34408101439476013,0.09589800983667374,,,,,
9,0.043573006514847655,0.23553954015771303,0.2980529358121124,tumor_025,0,0.0,micro,395,0.0,,,-0.34408101439476013,0.09589800983667374,,,,,
10,0.02109324454937732,0.1638803010951488,0.43641461579331625,tumor_025,0,0.0,micro,395,0.0,,,-0.34408101439476013,0.09589800983667374,,,,,
11,0.019074004721925292,0.15583894599367806,0.6606963996420747,tumor_025,0,0.0,micro,395,0.0,,,-0.34408101439476013,0.09589800983667374,,,,,
12,0.000955928085956543,0.034887324932744046,0.045412674476386215,tumor_025,0,0.0,ITC,395,0.0,,,-0.34408101439476013,0.09589800983667374,,,,,
13,0.00039927559930444335,0.022547139115245834,0.026775093779513977,tumor_025,0,0.0,ITC,395,0.0,,,-0.34408101439476013,0.09589800983667374,,,,,
14,0.0022260690341257324,0.05323832382372017,0.05752181372793268,tumor_025,0,0.0,ITC,395,0.0,,,-0.34408101439476013,0.09589800983667374,,,,,
15,0.00035311796477709964,0.021203861834830976,0.02923450550341038,tumor_025,0,0.0,ITC,395,0.0,,,-0.34408101439476013,0.09589800983667374,,,,,
16,0.0032087705291905517,0.06391817838257115,0.07134153064917627,tumor_025,0,0.0,ITC,395,0.0,,,-0.34408101439476013,0.09589800983667374,,,,,
17,0.0027249438546859133,0.05890251499697761,0.06562248861801129,tumor_025,0,0.0,ITC,395,0.0,,,-0.34408101439476013,0.09589800983667374,,,,,
18,0.0023441467288238525,0.05463204475214252,0.05943269085971949,tumor_025,0,0.0,ITC,395,0.0,,,-0.34408101439476013,0.09589800983667374,,,,,
19,0.0018574100674123536,0.04863052486472476,0.052992500266631125,tumor_025,0,0.0,ITC,395,0.0,,,-0.34408101439476013,0.09589800983667374,,,,,
20,0.0020584421428359377,0.05119462800732223,0.07276400177052543,tumor_025,0,0.0,ITC,395,0.0,,,-0.34408101439476013,0.09589800983667374,,,,,
21,0.0028637270826756592,0.06038386015312132,0.06452382161845344,tumor_025,0,0.0,ITC,395,0.0,,,-0.34408101439476013,0.09589800983667374,,,,,
22,0.0019626815967330323,0.049989637152958497,0.05494130052075332,tumor_025,0,0.0,ITC,395,0.0,,,-0.34408101439476013,0.09589800983667374,,,,,
23,0.0031429543782777103,0.06325925862450253,0.06986134420880426,tumor_025,0,0.0,ITC,395,0.0,,,-0.34408101439476013,0.09589800983667374,,,,,
24,0.0020891507655805665,0.051575084775993506,0.05971481620408133,tumor_025,0,0.0,ITC,395,0.0,,,-0.34408101439476013,0.09589800983667374,,,,,
25,0.0020496117944904784,0.05108470209466702,0.05545151145290449,tumor_025,0,0.0,ITC,395,0.0,,,-0.34408101439476013,0.09589800983667374,,,,,
26,0.0012999141214420167,0.04068294561827649,0.04684646590842975,tumor_025,0,0.0,ITC,395,0.0,,,-0.34408101439476013,0.09589800983667374,,,,,
0,5.399293247103595,2.621944636302189,2.8276888863890695,tumor_026,98,1.0,macro,1167,0.08397600685518423,0.9943877551020408,0.16436117887496948,-0.33301228284835815,0.13022854924201965,3.819235324859619,0.35077271796063153,1.0327217970105413,True,0.9920748299319728
1,0.04084058139261328,0.22803474134230137,0.39308336075916417,tumor_026,2,0.2421875,micro,1167,0.001713796058269066,0.9883333333333333,0.03156128153204918,-0.33301228284835815,0.13022854924201965,2.799490451812744,0.9018509810196806,0.5548664775649295,True,0.9866666666666667
2,1.5119057166382177,1.3874502320209305,1.5533271315650963,tumor_026,30,1.0,micro,1167,0.02570694087403599,0.983,0.1002478376030922,-0.33301228284835815,0.13022854924201965,3.326921224594116,0.5183935017972693,0.783638097842946,True,0.9913333333333333
3,8.413284863914788,3.2729385863254596,5.223561824139056,tumor_026,153,1.0,macro,1167,0.13110539845758354,0.984313725490196,0.1860017031431198,-0.33301228284835815,0.13022854924201965,3.9854087829589844,0.2876945028800204,1.1245434841127322,True,0.9893681917211329
4,0.6610834192624102,0.9174516618185592,1.075881019294522,tumor_026,13,0.984375,micro,1167,0.011139674378748929,0.9943589743589744,0.13338938355445862,-0.33301228284835815,0.13022854924201965,3.581408739089966,0.6368054718686424,0.9081096368010261,True,0.9915384615384616
5,14.957578586949381,4.364009687247251,7.2364155355777715,tumor_026,263,1.0,macro,1167,0.22536418166238217,0.9839670468948035,0.13753794133663177,-0.33301228284835815,0.13022854924201965,3.613264799118042,0.21098798753870057,0.9243364658117079,True,0.9934727503168568
6,6.651843810630799e-05,0.009202929199497825,0.026134555807743366,tumor_026,0,0.0,ITC,1167,0.0,,,-0.33301228284835815,0.13022854924201965,,,,,
7,0.0020351232443902587,0.05090382493651533,0.10144900772432425,tumor_026,0,0.0,ITC,1167,0.0,,,-0.33301228284835815,0.13022854924201965,,,,,
8,0.020963930634406495,0.1633771878103282,0.275096600417117,tumor_026,1,0.5,micro,1167,0.000856898029134533,0.9866666666666667,-0.007551439106464386,-0.33301228284835815,0.13022854924201965,2.4991512298583984,1.0,0.44219678500005033,False,0.9966666666666667
9,0.0007016360434491577,0.02988897382867111,0.039875210468954196,tumor_026,0,0.0,ITC,1167,0.0,,,-0.33301228284835815,0.13022854924201965,,,,,
10,0.0004546518841340332,0.02405994093857673,0.030071246446445325,tumor_026,0,0.0,ITC,1167,0.0,,,-0.33301228284835815,0.13022854924201965,,,,,
11,0.0010646283658856507,0.03681748138985591,0.04672114590058004,tumor_026,0,0.0,ITC,1167,0.0,,,-0.33301228284835815,0.13022854924201965,,,,,
12,0.025060990213050294,0.1786299072649273,0.31355936981854005,tumor_026,2,0.15625,micro,1167,0.001713796058269066,0.9116666666666666,-0.14384302496910095,-0.33301228284835815,0.13022854924201965,1.4525943994522095,0.9018509810196806,0.14938921224350518,False,0.98
13,0.009126919338615968,0.10779960400453216,0.2434053188689323,tumor_026,1,0.28125,micro,1167,0.000856898029134533,0.81,-0.20820172131061554,-0.33301228284835815,0.13022854924201965,0.958396315574646,1.0,0.0650310516573778,False,0.98
14,0.04539438987336914,0.24041200530734527,0.2738378202257679,tumor_026,1,1.0,micro,1167,0.000856898029134533,0.99,0.04359108582139015,-0.33301228284835815,0.13022854924201965,2.891864776611328,1.0,0.5920882865860155,False,0.9833333333333333
15,0.002516568042832031,0.05660559998048351,0.09054974763017966,tumor_026,0,0.0,ITC,1167,0.0,,,-0.33301228284835815,0.13022854924201965,,,,,
16,0.136078555580354,0.41624583860424175,0.9621509819759319,tumor_026,5,0.546875,micro,1167,0.004284490145672665,0.9266666666666666,-0.05151845142245293,-0.33301228284835815,0.13022854924201965,2.1615371704101562,0.7721050353439636,0.3307927044704105,True,0.984
17,15.524275338833291,4.445910622668816,8.668043575450955,tumor_026,276,1.0,macro,1167,0.2365038560411311,0.961207729468599,0.12147019058465958,-0.33301228284835815,0.13022854924201965,3.4898834228515625,0.20415627918929624,0.8622880076925071,True,0.982487922705314
18,0.6818461684401094,0.9317475543751644,1.4976466179921506,tumor_026,17,0.8125,micro,1167,0.01456726649528706,0.9084313725490196,-0.041866809129714966,-0.33301228284835815,0.13022854924201965,2.235650062561035,0.5988195320127706,0.3538654473335846,True,0.8892156862745098
19,0.20066839984071388,0.5054690317476672,0.6258813348945347,tumor_026,5,1.0,micro,1167,0.004284490145672665,0.9133333333333333,-0.10288425534963608,-0.33301228284835815,0.13022854924201965,1.7671087980270386,0.7721050353439636,0.22108388349223565,False,0.9033333333333333
0,0.16115220592207033,0.45297390796963577,0.69824545926283,tumor_027,5,0.5,micro,305,0.01639344262295082,0.9993333333333333,0.09493064880371094,-0.3052034378051758,0.09220640361309052,4.339547634124756,0.7186450712327044,1.6460356012278765,True,1.0
0,0.003523161060992615,0.06697632406550011,0.0929617413649102,tumor_028,0,0.0,ITC,308,0.0,,,-0.33286798000335693,0.10991739481687546,,,,,
1,0.005158192215978149,0.08104081878120728,0.154849423219154,tumor_028,1,0.25,ITC,308,0.003246753246753247,0.96,-0.11061419546604156,-0.33286798000335693,0.10991739481687546,2.022007465362549,1.0,0.35675767829824667,False,0.9933333333333333
2,0.0023882586168010255,0.05514367882147116,0.08843197025962952,tumor_028,1,0.15428684651851654,ITC,308,0.003246753246753247,0.9133333333333333,-0.16235598921775818,-0.33286798000335693,0.10991739481687546,1.5512739419937134,1.0,0.20998332788717275,False,0.9966666666666667
3,0.0008979680397623291,0.03381313972605494,0.04961273345968519,tumor_028,0,0.0,ITC,308,0.0,,,-0.33286798000335693,0.10991739481687546,,,,,
4,0.04845926152875146,0.2483953463474501,0.4845028565566792,tumor_028,2,0.2890625,micro,308,0.006493506493506494,0.9916666666666667,-0.015363918617367744,-0.33286798000335693,0.10991739481687546,2.8885695934295654,0.8790340121790612,0.7280705931926984,True,1.0
5,0.012609681617557617,0.12670889977422425,0.16434082095222113,tumor_028,1,0.6875,ITC,308,0.003246753246753247,1.0,0.07589416950941086,-0.33286798000335693,0.10991739481687546,3.7188122272491455,1.0,1.2067472561848693,True,1.0
6,0.007038300158197998,0.09466489364665998,0.1291483276982323,tumor_028,0,0.0,ITC,308,0.0,,,-0.33286798000335693,0.10991739481687546,,,,,
7,0.006194961172480957,0.08881255284531385,0.11516728954330974,tumor_028,1,0.40020832419395447,ITC,308,0.003246753246753247,0.9466666666666667,-0.13339653611183167,-0.33286798000335693,0.10991739481687546,1.8147395849227905,1.0,0.28736670265947184,False,0.9966666666666667
8,0.0130561510056438,0.1289325706034726,0.20222068598755344,tumor_028,1,0.15625,micro,308,0.003246753246753247,0.9866666666666667,-0.05166518688201904,-0.33286798000335693,0.10991739481687546,2.5583102703094482,1.0,0.5711027457687979,False,1.0
9,0.011753455800281616,0.12233137255919033,0.15259874609490576,tumor_028,1,0.09375,ITC,308,0.003246753246753247,0.7566666666666667,-0.2511928379535675,-0.33286798000335693,0.10991739481687546,0.7430592775344849,1.0,0.04817866274952938,False,0.8633333333333333
0,0.06423603804892529,0.2859857755920812,0.44378942380545,tumor_029,3,0.5,micro,390,0.007692307692307693,0.94,-0.006399566773325205,-0.30211976170539856,0.1493649035692215,1.9798505306243896,0.8158589896115304,0.32850416650910425,True,0.9344444444444444
1,0.29544275348637894,0.6133265010940747,0.7362804388952479,tumor_029,7,0.96875,micro,390,0.017948717948717947,0.9876190476190476,0.14593958854675293,-0.30211976170539856,0.1493649035692215,2.999763250350952,0.6738413863851547,0.7541366271757021,True,0.9909523809523809
2,0.34565443516764843,0.6634010066833984,0.844273182274904,tumor_029,7,1.0,micro,390,0.017948717948717947,0.9961904761904762,0.19998522102832794,-0.30211976170539856,0.1493649035692215,3.3615996837615967,0.6738413863851547,0.9470394316454461,True,0.9928571428571429
3,0.36490175340427444,0.6816211135062653,1.0850857008093706,tumor_029,10,0.5859375,micro,390,0.02564102564102564,0.9893333333333333,0.16687420010566711,-0.30211976170539856,0.1493649035692215,3.139920711517334,0.614058253395851,0.8262537367680992,True,0.991
4,0.09015943830149267,0.3388134622127204,0.6873431064882713,tumor_029,4,0.265625,micro,390,0.010256410256410256,0.975,0.10918981581926346,-0.30211976170539856,0.1493649035692215,2.753722906112671,0.7676399153864074,0.6355014530503655,True,0.975
5,0.42474862193531837,0.7353956363888845,0.9268312971792092,tumor_029,9,1.0,micro,390,0.023076923076923078,0.9825925925925926,0.13469728827476501,-0.30211976170539856,0.1493649035692215,2.9244959354400635,0.6317179792230608,0.7167671908168378,True,0.9940740740740741
6,0.414375810518272,0.7263605635863972,0.9003566234655495,tumor_029,9,1.0,micro,390,0.023076923076923078,0.9848148148148148,0.1364680826663971,-0.30211976170539856,0.1493649035692215,2.9363512992858887,0.6317179792230608,0.7225902521201104,True,0.9937037037037038
7,0.39197856054176367,0.7064577864035045,0.8261853267006143,tumor_029,9,0.953125,micro,390,0.023076923076923078,0.9788888888888889,0.13454292714595795,-0.30211976170539856,0.1493649035692215,2.923462390899658,0.6317179792230608,0.7162606557226646,True,0.9933333333333333
8,0.16736545236128028,0.46162356132336996,0.753034654447901,tumor_029,3,0.9375,micro,390,0.007692307692307693,0.9611111111111111,0.0667649507522583,-0.30211976170539856,0.1493649035692215,2.4696879386901855,0.8158589896115304,0.5111639707513841,True,0.9855555555555555
9,0.180515388215083,0.47941561375143327,0.7981602353469904,tumor_029,7,0.21875,micro,390,0.017948717948717947,0.9914285714285714,0.2252575010061264,-0.30211976170539856,0.1493649035692215,3.5307977199554443,0.6738413863851547,1.0447725378167323,True,0.9933333333333333
10,0.02046223531587195,0.16141043082107354,0.24504932146329086,tumor_029,1,0.265625,micro,390,0.002564102564102564,0.9366666666666666,-0.03193706274032593,-0.30211976170539856,0.1493649035692215,1.8088767528533936,1.0,0.2742167809548407,False,0.9166666666666666
11,0.021938928577613526,0.16713321463472752,0.251811824453653,tumor_029,1,0.421875,micro,390,0.002564102564102564,0.9833333333333333,0.11722232401371002,-0.30211976170539856,0.1493649035692215,2.8075008392333984,1.0,0.6605654626803525,False,0.9766666666666667
12,0.03335939956323193,0.20609344170188387,0.30508895388775265,tumor_029,2,0.078125,micro,390,0.005128205128205128,0.9416666666666667,-0.0034531056880950928,-0.30211976170539856,0.1493649035692215,1.9995771646499634,0.8838199576932037,0.33508301188522716,False,0.9616666666666667
13,0.13508906733547119,0.4147297223408434,0.5103380158409143,tumor_029,5,0.109375,micro,390,0.01282051282051282,0.9773333333333334,0.10915615409612656,-0.30211976170539856,0.1493649035692215,2.753497838973999,0.7302382957026473,0.6353975757515554,True,0.988
14,0.10932912777603516,0.37309806871096435,0.5146118583348446,tumor_029,4,0.34375,micro,390,0.010256410256410256,0.96,0.05505978316068649,-0.30211976170539856,0.1493649035692215,2.391321897506714,0.7676399153864074,0.47923900195044755,True,0.9808333333333333
15,0.22433407634053126,0.5344445876125993,0.58519809144924,tumor_029,5,0.96875,micro,390,0.01282051282051282,0.9806666666666667,0.12281515449285507,-0.30211976170539856,0.1493649035692215,2.844944953918457,0.7302382957026473,0.6783031112653203,True,0.984
16,0.07940915727641455,0.3179730794555177,0.6881185081917213,tumor_029,4,0.0546875,micro,390,0.010256410256410256,0.7758333333333334,-0.16383767127990723,-0.30211976170539856,0.1493649035692215,0.9258004426956177,0.7676399153864074,0.07183082290574816,False,0.9425
0,0.016408645287127075,0.14454112236696673,0.2598755854756538,tumor_030,2,0.1171875,micro,302,0.006622516556291391,0.7533333333333333,-0.24250367283821106,-0.3303796052932739,0.09626993536949158,0.9128076434135437,0.878617277052848,0.07295582198485256,False,1.0
0,0.4992846350941055,0.7973135778854394,1.3104625922997573,tumor_031,13,0.5625,micro,499,0.026052104208416832,0.9882051282051282,0.10513782501220703,-0.315034955739975,0.11245323717594147,3.736422300338745,0.5871379389052891,1.1235905988000578,True,0.9948717948717949
1,0.07503812912215722,0.3090979025507514,0.45239031718003203,tumor_031,3,0.0625,micro,499,0.006012024048096192,0.9844444444444445,0.057520586997270584,-0.315034955739975,0.11245323717594147,3.3129820823669434,0.8231640197791722,0.8833531459197314,True,0.9955555555555555
2,0.05078043994815088,0.2542747809772627,0.3429325606130868,tumor_031,1,0.296875,micro,499,0.002004008016032064,0.97,-0.0010132621973752975,-0.315034955739975,0.11245323717594147,2.7924647331237793,1.0,0.6275835909726044,False,0.9866666666666667
3,0.012515630947984864,0.12623547936410573,0.16539180526858033,tumor_031,1,0.21875,ITC,499,0.002004008016032064,0.98,0.035423390567302704,-0.315034955739975,0.11245323717594147,3.116480827331543,1.0,0.781672988552014,False,0.9866666666666667
4,0.008887121652357423,0.10637403220078466,0.13460671409894967,tumor_031,1,0.5741279125213623,ITC,499,0.002004008016032064,0.9866666666666667,0.10244571417570114,-0.315034955739975,0.11245323717594147,3.712482452392578,1.0,1.1092386791388538,True,0.99
5,0.051065967653839604,0.25498864564336055,0.524532760252028,tumor_031,2,0.3828125,micro,499,0.004008016032064128,0.9833333333333333,0.060201141983270645,-0.315034955739975,0.11245323717594147,3.3368189334869385,0.888428918576706,0.8961102976165771,True,0.9866666666666667
6,0.005224387031578125,0.08155915746013331,0.10203653914824637,tumor_031,0,0.0,ITC,499,0.0,,,-0.315034955739975,0.11245323717594147,,,,,
7,0.00902971212084558,0.10722400174324315,0.1307228510822298,tumor_031,0,0.0,ITC,499,0.0,,,-0.315034955739975,0.11245323717594147,,,,,
8,0.004104782505954712,0.0722936470868543,0.07912859487094409,tumor_031,0,0.0,ITC,499,0.0,,,-0.315034955739975,0.11245323717594147,,,,,
9,0.003431857225910889,0.0661027709851475,0.09055458981861171,tumor_031,1,0.22170564532279968,ITC,499,0.002004008016032064,1.0,0.17376935482025146,-0.315034955739975,0.11245323717594147,4.346734046936035,1.0,1.520625691021488,True,0.9966666666666667
10,0.00882065170964795,0.10597548097111704,0.1513372590871849,tumor_031,0,0.0,ITC,499,0.0,,,-0.315034955739975,0.11245323717594147,,,,,
11,0.012824914112505616,0.12778571049172208,0.15121346719919598,tumor_031,1,0.09375,ITC,499,0.002004008016032064,1.0,0.27047833800315857,-0.315034955739975,0.11245323717594147,5.206727027893066,1.0,2.1818545973429173,True,1.0
12,0.0068128128082364505,0.09313615129650174,0.11041396416723334,tumor_031,1,0.44012293219566345,ITC,499,0.002004008016032064,0.9933333333333333,0.11827466636896133,-0.315034955739975,0.11245323717594147,3.8532426357269287,1.0,1.1949477064011216,True,0.9933333333333333
13,0.05960517855211231,0.2754844286045031,0.5548632968479714,tumor_031,2,0.3125,micro,499,0.004008016032064128,0.9833333333333333,0.06807811558246613,-0.315034955739975,0.11245323717594147,3.4068658351898193,0.888428918576706,0.9341276945693429,True,0.9783333333333334
14,0.20387511794862598,0.5094917686869299,0.9905241024825004,tumor_031,6,0.59375,micro,499,0.012024048096192385,0.9877777777777778,0.09191469103097916,-0.315034955739975,0.11245323717594147,3.6188342571258545,0.7115929383558781,1.0539829162437393,True,0.9911111111111112
15,0.005649651788251465,0.08481367855944874,0.14306462921193153,tumor_031,0,0.0,ITC,499,0.0,,,-0.315034955739975,0.11245323717594147,,,,,
16,0.003844283236459717,0.06996208571664361,0.10037076686466034,tumor_031,0,0.0,ITC,499,0.0,,,-0.315034955739975,0.11245323717594147,,,,,
17,0.15082205236183302,0.43821524538199624,0.7710318011009661,tumor_031,4,0.578125,micro,499,0.008016032064128256,0.9908333333333333,0.10593388974666595,-0.315034955739975,0.11245323717594147,3.7435011863708496,0.776857837153412,1.1278520572826334,True,0.9908333333333333
18,0.0283376767295105,0.18994907374855546,0.3175421315705811,tumor_031,1,0.625,micro,499,0.002004008016032064,1.0,0.21556009352207184,-0.315034955739975,0.11245323717594147,4.718361854553223,1.0,1.7917552028389023,True,1.0
19,0.004486742043674195,0.07558238814057046,0.11273593674497512,tumor_031,0,0.0,ITC,499,0.0,,,-0.315034955739975,0.11245323717594147,,,,,
20,0.00890155496655835,0.10646037663401244,0.16408097045056746,tumor_031,1,0.109375,ITC,499,0.002004008016032064,0.95,-0.10473111271858215,-0.315034955739975,0.11245323717594147,1.8701448440551758,1.0,0.2814794374407447,False,0.9766666666666667
21,0.0011627793963605347,0.0384772232528481,0.045716179653566356,tumor_031,0,0.0,ITC,499,0.0,,,-0.315034955739975,0.11245323717594147,,,,,
22,0.00352845761285083,0.06702664965969514,0.08659370719197787,tumor_031,0,0.0,ITC,499,0.0,,,-0.315034955739975,0.11245323717594147,,,,,
23,0.04549393247476465,0.24067545340641114,0.4257470839623351,tumor_031,4,0.171875,micro,499,0.008016032064128256,0.9858333333333333,0.07622865587472916,-0.315034955739975,0.11245323717594147,3.4793448448181152,0.776857837153412,0.974296483841214,True,0.985
24,0.10381983863236084,0.3635760224144947,0.5944316063593365,tumor_031,4,0.2421875,micro,499,0.008016032064128256,0.9291666666666667,-0.05929858982563019,-0.315034955739975,0.11245323717594147,2.2741572856903076,0.776857837153412,0.4162336449750958,True,0.9458333333333333
25,0.4272572626499004,0.7375641277754437,1.0943509752320493,tumor_031,10,0.796875,micro,499,0.02004008016032064,0.9963333333333333,0.16153459250926971,-0.315034955739975,0.11245323717594147,4.2379350662231445,0.6293688900429941,1.4454556870912636,True,0.9963333333333333
26,0.028884711869780273,0.19177371402485113,0.22177391969730617,tumor_031,1,0.609375,micro,499,0.002004008016032064,0.9833333333333333,0.04046688973903656,-0.315034955739975,0.11245323717594147,3.161330223083496,1.0,0.8043330468203621,False,0.9833333333333333
27,0.0030476465603964846,0.06229272926331696,0.10656694003717693,tumor_031,1,0.19688478112220764,ITC,499,0.002004008016032064,0.97,-0.012997761368751526,-0.315034955739975,0.11245323717594147,2.6858913898468018,1.0,0.5805947171659954,False,0.9833333333333333
28,0.00546898366005249,0.08344654735511396,0.13857735216072342,tumor_031,0,0.0,ITC,499,0.0,,,-0.315034955739975,0.11245323717594147,,,,,
29,0.0062349276793787845,0.08909857731719911,0.1509432999694622,tumor_031,0,0.0,ITC,499,0.0,,,-0.315034955739975,0.11245323717594147,,,,,
30,0.0032965778914815676,0.0647868299404593,0.11723285359419189,tumor_031,0,0.0,ITC,499,0.0,,,-0.315034955739975,0.11245323717594147,,,,,
31,0.0028374680349036257,0.060106376608154224,0.07916026837385638,tumor_031,0,0.0,ITC,499,0.0,,,-0.315034955739975,0.11245323717594147,,,,,
32,0.06471572580083497,0.28705160033670035,0.4505084342617794,tumor_031,4,0.0625,micro,499,0.008016032064128256,0.99,0.1420683115720749,-0.315034955739975,0.11245323717594147,4.0648298263549805,0.776857837153412,1.3297834485695288,True,0.99
33,0.0030312130766506347,0.06212455519124403,0.08220227044309665,tumor_031,1,0.19582313299179077,ITC,499,0.002004008016032064,0.97,0.0031967908143997192,-0.315034955739975,0.11245323717594147,2.8299031257629395,1.0,0.6445243411359489,False,0.9866666666666667
34,0.0014473328440061646,0.04292786287928456,0.05036387066387104,tumor_031,0,0.0,ITC,499,0.0,,,-0.315034955739975,0.11245323717594147,,,,,
35,0.0031372189161828004,0.06320151251809666,0.07054738649388193,tumor_031,0,0.0,ITC,499,0.0,,,-0.315034955739975,0.11245323717594147,,,,,
36,0.0018192416140975342,0.04812826990965712,0.06118785353521669,tumor_031,0,0.0,ITC,499,0.0,,,-0.315034955739975,0.11245323717594147,,,,,
37,0.010805205093463258,0.11729285747210365,0.1773030753916492,tumor_031,0,0.0,ITC,499,0.0,,,-0.315034955739975,0.11245323717594147,,,,,
38,0.0008577930665401611,0.03304808698727619,0.037218256397925975,tumor_031,1,0.05541534721851349,ITC,499,0.002004008016032064,1.0,0.17132656276226044,-0.315034955739975,0.11245323717594147,4.325011253356934,1.0,1.5054650217125463,True,0.9966666666666667
39,0.0025893037677722167,0.05741780168605673,0.07026745331410553,tumor_031,0,0.0,ITC,499,0.0,,,-0.315034955739975,0.11245323717594147,,,,,
40,0.0034320901061711427,0.06610501376046603,0.12733431554649882,tumor_031,0,0.0,ITC,499,0.0,,,-0.315034955739975,0.11245323717594147,,,,,
41,0.0018196259804154054,0.04813335387122307,0.08822089230136594,tumor_031,0,0.0,ITC,499,0.0,,,-0.315034955739975,0.11245323717594147,,,,,
42,0.0016191327199086914,0.0454042267543711,0.057452152587687204,tumor_031,0,0.0,ITC,499,0.0,,,-0.315034955739975,0.11245323717594147,,,,,
43,0.0012383881917703858,0.03970849805136335,0.0519248579146638,tumor_031,0,0.0,ITC,499,0.0,,,-0.315034955739975,0.11245323717594147,,,,,
44,5.289857571577219,2.5952371464181905,5.340227634071489,tumor_031,116,0.90625,macro,499,0.23246492985971945,0.9870402298850575,0.13663862645626068,-0.315034955739975,0.11245323717594147,4.01654577255249,0.23484764399321886,1.2983794316238366,True,0.9858333333333333
45,0.04561507064770532,0.24099566756385188,0.3078740635933677,tumor_031,1,1.0,micro,499,0.002004008016032064,0.9766666666666667,0.031994909048080444,-0.315034955739975,0.11245323717594147,3.0859925746917725,1.0,0.7664537252382123,False,0.9766666666666667
46,0.04349490936848437,0.235328363361976,0.30709700045397215,tumor_031,2,0.5390625,micro,499,0.004008016032064128,0.9816666666666667,0.05087931454181671,-0.315034955739975,0.11245323717594147,3.2539238929748535,0.888428918576706,0.8521400309375181,True,0.975
47,0.07744905448185278,0.3140242010875007,0.4610115569269929,tumor_031,2,0.5234375,micro,499,0.004008016032064128,0.9666666666666667,-0.02110099047422409,-0.315034955739975,0.11245323717594147,2.613832712173462,0.888428918576706,0.5498595389703052,True,0.9816666666666667
48,0.004118762580156738,0.07241665134781496,0.09582230739967178,tumor_031,0,0.0,ITC,499,0.0,,,-0.315034955739975,0.11245323717594147,,,,,
49,0.009653061512592773,0.11086324749705893,0.17433104865221802,tumor_031,1,0.25,ITC,499,0.002004008016032064,0.97,-0.025120243430137634,-0.315034955739975,0.11245323717594147,2.5780913829803467,1.0,0.5349248830971879,False,0.9533333333333334
50,0.005492156471329834,0.083623147544028,0.13115021229028556,tumor_031,1,0.28125,ITC,499,0.002004008016032064,1.0,0.20346005260944366,-0.315034955739975,0.11245323717594147,4.6107611656188965,1.0,1.7109662353225115,True,0.96
51,0.003394085104409546,0.06573799033383061,0.10671627361615874,tumor_031,0,0.0,ITC,499,0.0,,,-0.315034955739975,0.11245323717594147,,,,,
52,0.0029726126169488526,0.06152111779769576,0.06986459540015841,tumor_031,1,0.1920374184846878,ITC,499,0.002004008016032064,0.97,0.01922246441245079,-0.315034955739975,0.11245323717594147,2.972412586212158,1.0,0.7110732956910316,False,0.9533333333333334
53,0.011857748148406495,0.12287291749633564,0.15496646360541075,tumor_031,0,0.0,ITC,499,0.0,,,-0.315034955739975,0.11245323717594147,,,,,
54,0.005438436874239991,0.08321317738091874,0.10887486223085673,tumor_031,1,0.35133516788482666,ITC,499,0.002004008016032064,0.9966666666666667,0.1378086358308792,-0.315034955739975,0.11245323717594147,4.026950359344482,1.0,1.3051148702083468,True,0.97
55,0.032787935162564945,0.20432057076856022,0.31676622889601097,tumor_031,2,0.1796875,micro,499,0.004008016032064128,0.9916666666666667,0.10419841855764389,-0.315034955739975,0.11245323717594147,3.7280685901641846,0.888428918576706,1.1185720773825687,True,0.945
56,0.0011400439924248048,0.03809920069887314,0.04298724018068765,tumor_031,0,0.0,ITC,499,0.0,,,-0.315034955739975,0.11245323717594147,,,,,
57,0.0009764701749030762,0.03526018208888118,0.03934561578287578,tumor_031,0,0.0,ITC,499,0.0,,,-0.315034955739975,0.11245323717594147,,,,,
58,0.003369607261216919,0.06550051309118218,0.0863430885679823,tumor_031,1,0.21768414974212646,ITC,499,0.002004008016032064,0.97,-0.021770864725112915,-0.315034955739975,0.11245323717594147,2.6078758239746094,1.0,0.5473561504182691,False,0.9866666666666667
59,0.0009287860530860595,0.03438847381591197,0.054297634111821674,tumor_031,0,0.0,ITC,499,0.0,,,-0.315034955739975,0.11245323717594147,,,,,
60,0.0017409789258233644,0.04708166537951746,0.059699046945910286,tumor_031,0,0.0,ITC,499,0.0,,,-0.315034955739975,0.11245323717594147,,,,,
61,0.001263220682161377,0.04010464469678286,0.05118842728830414,tumor_031,0,0.0,ITC,499,0.0,,,-0.315034955739975,0.11245323717594147,,,,,
62,0.01663918595420801,0.14555297849614593,0.19666887154872784,tumor_031,1,0.5625,ITC,499,0.002004008016032064,0.97,-0.0018527358770370483,-0.315034955739975,0.11245323717594147,2.7849996089935303,1.0,0.6242326249686261,False,0.9666666666666667
63,0.0005237906081000976,0.025824618397837406,0.028702044548254743,tumor_031,0,0.0,ITC,499,0.0,,,-0.315034955739975,0.11245323717594147,,,,,
64,0.0006929384508358154,0.029703141882159244,0.0371717033127257,tumor_031,0,0.0,ITC,499,0.0,,,-0.315034955739975,0.11245323717594147,,,,,
65,0.025914070597064943,0.18164476168951812,0.3056973909786467,tumor_031,2,0.28125,micro,499,0.004008016032064128,0.975,0.008871516212821007,-0.315034955739975,0.11245323717594147,2.880366086959839,0.888428918576706,0.6677156628827545,True,0.9733333333333334
66,0.01208116397554541,0.12402506085503158,0.17480595977520572,tumor_031,0,0.0,ITC,499,0.0,,,-0.315034955739975,0.11245323717594147,,,,,
67,0.024093146857737304,0.17514664523302426,0.22814896372803908,tumor_031,2,0.234375,micro,499,0.004008016032064128,0.6666666666666666,-0.17747384309768677,-0.315034955739975,0.11245323717594147,1.2232738733291626,0.888428918576706,0.12043246796163709,False,0.76
68,0.06062939279884864,0.2778412145178886,0.4220903704658518,tumor_031,1,0.140625,micro,499,0.002004008016032064,1.0,0.21158334612846375,-0.315034955739975,0.11245323717594147,4.682998180389404,1.0,1.7649977818912093,True,0.9933333333333333
69,0.019968512506145508,0.1594512457535629,0.21331567729604448,tumor_031,1,0.5,micro,499,0.002004008016032064,1.0,0.24723345041275024,-0.315034955739975,0.11245323717594147,5.000019550323486,1.0,2.012053807878905,True,0.9933333333333333
70,0.004070880047356567,0.07199448213695084,0.08694613975481194,tumor_031,0,0.0,ITC,499,0.0,,,-0.315034955739975,0.11245323717594147,,,,,
71,0.007718606426287354,0.09913442859166542,0.15518144899809724,tumor_031,0,0.0,ITC,499,0.0,,,-0.315034955739975,0.11245323717594147,,,,,
72,0.06281282094410302,0.28279987189247635,0.375711445188481,tumor_031,0,0.0,micro,499,0.0,,,-0.315034955739975,0.11245323717594147,,,,,
73,0.005443722624715576,0.0832536060261498,0.17638017363071168,tumor_031,0,0.0,ITC,499,0.0,,,-0.315034955739975,0.11245323717594147,,,,,
74,0.004671694489656006,0.07712448486149766,0.10698459639592982,tumor_031,0,0.0,ITC,499,0.0,,,-0.315034955739975,0.11245323717594147,,,,,
75,0.01864585114862256,0.15407996309602295,0.3379683844566678,tumor_031,0,0.0,micro,499,0.0,,,-0.315034955739975,0.11245323717594147,,,,,
76,0.006481567906380615,0.09084375911580331,0.2876174939616917,tumor_031,0,0.0,micro,499,0.0,,,-0.315034955739975,0.11245323717594147,,,,,
77,0.03175389552840161,0.20107291087103202,0.31644011979519915,tumor_031,0,0.0,micro,499,0.0,,,-0.315034955739975,0.11245323717594147,,,,,
78,0.0062437864854210205,0.08916185205636445,0.11471026206154272,tumor_031,0,0.0,ITC,499,0.0,,,-0.315034955739975,0.11245323717594147,,,,,
79,0.02856052072128955,0.19069447920842883,0.26584051761597516,tumor_031,0,0.0,micro,499,0.0,,,-0.315034955739975,0.11245323717594147,,,,,
80,0.02685753732574512,0.18492181752659514,0.322590988871357,tumor_031,0,0.0,micro,499,0.0,,,-0.315034955739975,0.11245323717594147,,,,,
81,0.03193647236939356,0.20165014143326,0.30659686792038593,tumor_031,0,0.0,micro,499,0.0,,,-0.315034955739975,0.11245323717594147,,,,,
82,0.01999430444908081,0.1595541885819482,0.284787345950419,tumor_031,0,0.0,micro,499,0.0,,,-0.315034955739975,0.11245323717594147,,,,,
83,0.044457828042963866,0.2379190297923591,0.3375307049096734,tumor_031,0,0.0,micro,499,0.0,,,-0.315034955739975,0.11245323717594147,,,,,
84,0.011917124765117798,0.12318017093059548,0.27527285443520094,tumor_031,0,0.0,micro,499,0.0,,,-0.315034955739975,0.11245323717594147,,,,,
85,0.0017028439182312013,0.04656316371557817,0.07943144186818339,tumor_031,0,0.0,ITC,499,0.0,,,-0.315034955739975,0.11245323717594147,,,,,
0,0.1680021563345508,0.4625007989678819,1.0342692335020898,tumor_032,4,0.8359375,micro,305,0.013114754098360656,0.9775,0.12739993631839752,-0.2853907644748688,0.09848179668188095,4.191543102264404,0.7576540553630329,1.5356709795073533,True,0.9983333333333333
1,0.003418133552096924,0.06597046920945669,0.11160004835684437,tumor_032,0,0.0,ITC,305,0.0,,,-0.2853907644748688,0.09848179668188095,,,,,
2,0.007823381913733886,0.09980500601739292,0.11838037862896326,tumor_032,0,0.0,ITC,305,0.0,,,-0.2853907644748688,0.09848179668188095,,,,,
3,0.0045286786550072025,0.07593479274320317,0.10650939475144493,tumor_032,1,0.2925627529621124,ITC,305,0.003278688524590164,1.0,0.3170599937438965,-0.2853907644748688,0.09848179668188095,6.117381572723389,1.0,3.2710067884175746,True,1.0
0,0.5690026201201084,0.8511619334737907,1.2467889167872492,tumor_033,14,0.65625,micro,461,0.03036876355748373,0.964047619047619,0.25215956568717957,-0.2875172793865204,0.20221643149852753,2.6688079833984375,0.5697234532774802,0.5806354000115826,True,0.9319047619047619
1,1.0991815362032784,1.1830136933851438,1.6689035182280456,tumor_033,28,0.7578125,micro,461,0.06073752711496746,0.9453571428571429,0.20642885565757751,-0.2875172793865204,0.20221643149852753,2.4426608085632324,0.4567115183434011,0.4864018105349994,True,0.9375
2,0.6365633736370364,0.9002764353489986,1.05703755353601,tumor_033,16,0.6484375,micro,461,0.03470715835140998,0.9685416666666666,0.2618706226348877,-0.2875172793865204,0.20221643149852753,2.7168312072753906,0.5479522602636836,0.6017196142400675,True,0.961875
3,0.00946716013072815,0.10979053991479955,0.14283853358250356,tumor_033,0,0.0,ITC,461,0.0,,,-0.2875172793865204,0.20221643149852753,,,,,
4,0.2908408780672361,0.6085311061734664,0.9421086956877932,tumor_033,8,0.5625,micro,461,0.01735357917570499,0.9875,0.3459145426750183,-0.2875172793865204,0.20221643149852753,3.1324446201324463,0.6609641951977626,0.7998999273657664,True,0.9583333333333334
5,0.29757777573814675,0.6155386191817215,0.7881504214337831,tumor_033,6,0.796875,micro,461,0.013015184381778741,0.9722222222222222,0.28560200333595276,-0.2875172793865204,0.20221643149852753,2.8341875076293945,0.7078683860614663,0.6548261479274506,True,0.9383333333333334
6,0.3569185845793828,0.6741237691532409,0.8534549191221251,tumor_033,8,0.6953125,micro,461,0.01735357917570499,0.9541666666666667,0.23400871455669403,-0.2875172793865204,0.20221643149852753,2.5790483951568604,0.6609641951977626,0.5422353626760053,True,0.92875
7,0.5771371235453921,0.8572244796042029,1.1195061690785808,tumor_033,14,0.7578125,micro,461,0.03036876355748373,0.9628571428571429,0.2613263726234436,-0.2875172793865204,0.20221643149852753,2.714139699935913,0.5697234532774802,0.6005279829489972,True,0.9578571428571429
8,1.491418142259003,1.3780176183415127,1.8578269871839208,tumor_033,33,1.0,micro,461,0.07158351409978309,0.9568686868686869,0.23231950402259827,-0.2875172793865204,0.20221643149852753,2.570695161819458,0.42992326000121117,0.5387285782428373,True,0.9545454545454546
9,0.042678797392281004,0.23311012968464523,0.6225239022024467,tumor_033,3,0.109375,micro,461,0.006507592190889371,0.8766666666666667,-0.029433036223053932,-0.2875172793865204,0.20221643149852753,1.2762773036956787,0.8208803209955453,0.13278803564596905,False,0.9544444444444444
10,0.4500834632747139,0.7570099496523953,1.135718341808796,tumor_033,12,0.6796875,micro,461,0.026030368763557483,0.9291666666666667,0.16353191435337067,-0.2875172793865204,0.20221643149852753,2.230526924133301,0.5948564511273872,0.4055867827593953,True,0.9013888888888889
11,0.6779806540751514,0.9291026742690464,1.5023388073700523,tumor_033,19,0.5,micro,461,0.04121475054229935,0.9377192982456141,0.18042372167110443,-0.2875172793865204,0.20221643149852753,2.3140602111816406,0.519933492246029,0.43653408954017114,True,0.9194736842105263
0,4.906601944636711,2.4994558660208246,4.114721544749674,tumor_034,91,1.0,macro,391,0.23273657289002558,0.9476190476190476,0.02015199512243271,-0.2847805917263031,0.09748201817274094,3.1280906200408936,0.24424853099555946,0.8196875813439763,True,0.9897069597069597
1,0.007732322949636475,0.09922247402751252,0.12934065930315009,tumor_034,0,0.0,ITC,391,0.0,,,-0.2847805917263031,0.09748201817274094,,,,,
2,0.005891004873608643,0.08660635290384934,0.09715450278937152,tumor_034,0,0.0,ITC,391,0.0,,,-0.2847805917263031,0.09748201817274094,,,,,
3,0.0004914041273382569,0.025013499702623426,0.03474437820866068,tumor_034,0,0.0,ITC,391,0.0,,,-0.2847805917263031,0.09748201817274094,,,,,
4,0.012579308302598877,0.12655620402131318,0.16918921345764845,tumor_034,0,0.0,ITC,391,0.0,,,-0.2847805917263031,0.09748201817274094,,,,,
5,0.003958255778651367,0.07099160362715716,0.07807285715511948,tumor_034,0,0.0,ITC,391,0.0,,,-0.2847805917263031,0.09748201817274094,,,,,
6,0.008460416884328614,0.10378890760612257,0.14382964003285748,tumor_034,0,0.0,ITC,391,0.0,,,-0.2847805917263031,0.09748201817274094,,,,,
7,0.022191758764527832,0.16809350024977163,0.20606525762514777,tumor_034,0,0.0,micro,391,0.0,,,-0.2847805917263031,0.09748201817274094,,,,,
8,0.002156233356081299,0.05239657981814963,0.05608195731249044,tumor_034,0,0.0,ITC,391,0.0,,,-0.2847805917263031,0.09748201817274094,,,,,
9,0.001495638101187378,0.043638349820363055,0.04880258367028963,tumor_034,0,0.0,ITC,391,0.0,,,-0.2847805917263031,0.09748201817274094,,,,,
10,0.005335593035855713,0.08242261854530607,0.0919007604300058,tumor_034,0,0.0,ITC,391,0.0,,,-0.2847805917263031,0.09748201817274094,,,,,
11,0.004528916934156738,0.07593679039430817,0.08928198114364007,tumor_034,0,0.0,ITC,391,0.0,,,-0.2847805917263031,0.09748201817274094,,,,,
12,0.01008215300775586,0.11330046736684418,0.15424358693697332,tumor_034,0,0.0,ITC,391,0.0,,,-0.2847805917263031,0.09748201817274094,,,,,
13,0.018924447502199706,0.15522678545297922,0.22449126681299086,tumor_034,0,0.0,micro,391,0.0,,,-0.2847805917263031,0.09748201817274094,,,,,
14,0.0008538035901020508,0.03297114639127342,0.041173670804237915,tumor_034,0,0.0,ITC,391,0.0,,,-0.2847805917263031,0.09748201817274094,,,,,
15,0.0030661209540373538,0.06248124876810213,0.07741991059314135,tumor_034,0,0.0,ITC,391,0.0,,,-0.2847805917263031,0.09748201817274094,,,,,
16,0.00499774310113623,0.07977044660019145,0.11935848608705585,tumor_034,0,0.0,ITC,391,0.0,,,-0.2847805917263031,0.09748201817274094,,,,,
17,0.0018675968704716798,0.048763697451159056,0.05499800036541164,tumor_034,0,0.0,ITC,391,0.0,,,-0.2847805917263031,0.09748201817274094,,,,,
18,0.0061090958533754885,0.0881949115487695,0.10453269797289394,tumor_034,0,0.0,ITC,391,0.0,,,-0.2847805917263031,0.09748201817274094,,,,,
19,0.01640290449462012,0.14451583529518305,0.2251392049377451,tumor_034,0,0.0,micro,391,0.0,,,-0.2847805917263031,0.09748201817274094,,,,,
20,0.004855006660809814,0.07862306576632376,0.10261874817588426,tumor_034,0,0.0,ITC,391,0.0,,,-0.2847805917263031,0.09748201817274094,,,,,
21,0.007321170557972901,0.09654845347369316,0.11838837280437646,tumor_034,0,0.0,ITC,391,0.0,,,-0.2847805917263031,0.09748201817274094,,,,,
22,0.004551713870293213,0.07612766971329712,0.09927561209204402,tumor_034,0,0.0,ITC,391,0.0,,,-0.2847805917263031,0.09748201817274094,,,,,
23,0.003343192110580078,0.06524327092380613,0.0729219679400522,tumor_034,0,0.0,ITC,391,0.0,,,-0.2847805917263031,0.09748201817274094,,,,,
24,0.004298607568755615,0.07398078901875489,0.08584981742504078,tumor_034,0,0.0,ITC,391,0.0,,,-0.2847805917263031,0.09748201817274094,,,,,
25,0.002452159928010498,0.055876533449721946,0.06620356504751085,tumor_034,0,0.0,ITC,391,0.0,,,-0.2847805917263031,0.09748201817274094,,,,,
26,0.006091412782649414,0.08806717684912177,0.09827073324372114,tumor_034,0,0.0,ITC,391,0.0,,,-0.2847805917263031,0.09748201817274094,,,,,
27,0.003225863376617432,0.06408819561371824,0.06852446808771491,tumor_034,0,0.0,ITC,391,0.0,,,-0.2847805917263031,0.09748201817274094,,,,,
28,0.000777682768790039,0.0314670693659675,0.04153609717734889,tumor_034,0,0.0,ITC,391,0.0,,,-0.2847805917263031,0.09748201817274094,,,,,
29,0.004189799320051026,0.07303847053980157,0.08017003761405622,tumor_034,0,0.0,ITC,391,0.0,,,-0.2847805917263031,0.09748201817274094,,,,,
30,0.0021246048390091555,0.052010872882140145,0.05713405648339382,tumor_034,0,0.0,ITC,391,0.0,,,-0.2847805917263031,0.09748201817274094,,,,,
31,0.0005473019852380371,0.02639785086928724,0.03030486107381563,tumor_034,0,0.0,ITC,391,0.0,,,-0.2847805917263031,0.09748201817274094,,,,,
32,0.0003049219323880005,0.01970377279541824,0.024266260326840643,tumor_034,0,0.0,ITC,391,0.0,,,-0.2847805917263031,0.09748201817274094,,,,,
33,0.0002946513924838257,0.019369094063008935,0.023991866371751908,tumor_034,0,0.0,ITC,391,0.0,,,-0.2847805917263031,0.09748201817274094,,,,,
34,0.009596546862227051,0.11053824206079824,0.13874058399159772,tumor_034,0,0.0,ITC,391,0.0,,,-0.2847805917263031,0.09748201817274094,,,,,
35,0.007765093169608887,0.09943250822592649,0.10549390568756443,tumor_034,0,0.0,ITC,391,0.0,,,-0.2847805917263031,0.09748201817274094,,,,,
36,0.005611151205936036,0.08452419539330829,0.09272226039568725,tumor_034,0,0.0,ITC,391,0.0,,,-0.2847805917263031,0.09748201817274094,,,,,
37,0.0006768827740096436,0.029357007937102726,0.0327604918794229,tumor_034,0,0.0,ITC,391,0.0,,,-0.2847805917263031,0.09748201817274094,,,,,
38,0.0005885348236018067,0.027374181464722442,0.03178252810235341,tumor_034,0,0.0,ITC,391,0.0,,,-0.2847805917263031,0.09748201817274094,,,,,
39,0.004360492146137695,0.07451141546749472,0.0803629262756418,tumor_034,0,0.0,ITC,391,0.0,,,-0.2847805917263031,0.09748201817274094,,,,,
40,0.0019544518297694093,0.04988472068622223,0.05653664226685438,tumor_034,0,0.0,ITC,391,0.0,,,-0.2847805917263031,0.09748201817274094,,,,,
41,0.005845591622654297,0.0862718865931193,0.09115739424204708,tumor_034,0,0.0,ITC,391,0.0,,,-0.2847805917263031,0.09748201817274094,,,,,
42,0.011804820422049316,0.12259838571470028,0.18280707732783194,tumor_034,0,0.0,ITC,391,0.0,,,-0.2847805917263031,0.09748201817274094,,,,,
43,0.006926455355033936,0.09390972720049738,0.10245394624020508,tumor_034,0,0.0,ITC,391,0.0,,,-0.2847805917263031,0.09748201817274094,,,,,
44,0.004550605512201782,0.07611840047337516,0.08775418001604778,tumor_034,0,0.0,ITC,391,0.0,,,-0.2847805917263031,0.09748201817274094,,,,,
45,0.013041898673167969,0.12886217881561102,0.1868486031409914,tumor_034,0,0.0,ITC,391,0.0,,,-0.2847805917263031,0.09748201817274094,,,,,
46,0.01098836378190747,0.11828279375741942,0.14956391689168855,tumor_034,0,0.0,ITC,391,0.0,,,-0.2847805917263031,0.09748201817274094,,,,,
47,0.013632681294408693,0.13174850634755786,0.16692248903776474,tumor_034,0,0.0,ITC,391,0.0,,,-0.2847805917263031,0.09748201817274094,,,,,
48,0.022213623458810304,0.16817628792316106,0.24084689384540098,tumor_034,0,0.0,micro,391,0.0,,,-0.2847805917263031,0.09748201817274094,,,,,
49,0.0037147990150041507,0.06877375230890427,0.07481941443134815,tumor_034,0,0.0,ITC,391,0.0,,,-0.2847805917263031,0.09748201817274094,,,,,
50,0.014447330755475099,0.13562784682261764,0.16597900610393473,tumor_034,0,0.0,ITC,391,0.0,,,-0.2847805917263031,0.09748201817274094,,,,,
51,0.0004079949929066162,0.022792002084561284,0.027364404336072668,tumor_034,0,0.0,ITC,391,0.0,,,-0.2847805917263031,0.09748201817274094,,,,,
52,0.007070115027052002,0.0948786068524877,0.10949472119617519,tumor_034,0,0.0,ITC,391,0.0,,,-0.2847805917263031,0.09748201817274094,,,,,
53,0.0029968251144642335,0.061771160296625015,0.06593062906002035,tumor_034,0,0.0,ITC,391,0.0,,,-0.2847805917263031,0.09748201817274094,,,,,
54,0.07970938116238477,0.3185735961788364,0.5378648102015549,tumor_034,0,0.0,micro,391,0.0,,,-0.2847805917263031,0.09748201817274094,,,,,
55,0.00918337613653125,0.10813250043908541,0.14304800388924474,tumor_034,0,0.0,ITC,391,0.0,,,-0.2847805917263031,0.09748201817274094,,,,,
56,0.0015267519505777589,0.044089919011914135,0.05192539698828146,tumor_034,0,0.0,ITC,391,0.0,,,-0.2847805917263031,0.09748201817274094,,,,,
57,0.001714131518053711,0.046717234867475844,0.06061897859128703,tumor_034,0,0.0,ITC,391,0.0,,,-0.2847805917263031,0.09748201817274094,,,,,
58,0.02821191575221582,0.18952711354436347,0.2862403276768739,tumor_034,0,0.0,micro,391,0.0,,,-0.2847805917263031,0.09748201817274094,,,,,
59,0.002576134125237305,0.05727159715595386,0.07190753534033893,tumor_034,0,0.0,ITC,391,0.0,,,-0.2847805917263031,0.09748201817274094,,,,,
60,0.0008548205635228272,0.03299077666757877,0.04676405448095947,tumor_034,0,0.0,ITC,391,0.0,,,-0.2847805917263031,0.09748201817274094,,,,,
61,0.012479893169772218,0.12605512087108658,0.15303450557445636,tumor_034,0,0.0,ITC,391,0.0,,,-0.2847805917263031,0.09748201817274094,,,,,
62,0.002133031524873047,0.05211391452995168,0.05685953360035588,tumor_034,0,0.0,ITC,391,0.0,,,-0.2847805917263031,0.09748201817274094,,,,,
63,0.0065074864673254395,0.09102521138139517,0.11730227947839095,tumor_034,0,0.0,ITC,391,0.0,,,-0.2847805917263031,0.09748201817274094,,,,,
64,0.11263240011002344,0.3786925214980023,0.5945159878155086,tumor_034,0,0.0,micro,391,0.0,,,-0.2847805917263031,0.09748201817274094,,,,,
65,0.0017650570061326905,0.04740612174519232,0.05065911209030847,tumor_034,0,0.0,ITC,391,0.0,,,-0.2847805917263031,0.09748201817274094,,,,,
66,0.0010593083821992188,0.03672537708840408,0.040112903720225475,tumor_034,0,0.0,ITC,391,0.0,,,-0.2847805917263031,0.09748201817274094,,,,,
67,0.008449989055822267,0.10372492573365502,0.14538704400526092,tumor_034,0,0.0,ITC,391,0.0,,,-0.2847805917263031,0.09748201817274094,,,,,
68,0.008328369783460694,0.10297577264327556,0.17523884454273564,tumor_034,0,0.0,ITC,391,0.0,,,-0.2847805917263031,0.09748201817274094,,,,,
69,0.0033334066922332765,0.06514771844996754,0.06903069447005765,tumor_034,0,0.0,ITC,391,0.0,,,-0.2847805917263031,0.09748201817274094,,,,,
70,0.030655694629032715,0.197565287115449,0.2538841929978707,tumor_034,0,0.0,micro,391,0.0,,,-0.2847805917263031,0.09748201817274094,,,,,
71,0.0023894184986048583,0.055157067737012865,0.06263746407788241,tumor_034,0,0.0,ITC,391,0.0,,,-0.2847805917263031,0.09748201817274094,,,,,
72,0.01799210842493994,0.15135476186693372,0.21854673421356324,tumor_034,0,0.0,micro,391,0.0,,,-0.2847805917263031,0.09748201817274094,,,,,
73,0.008126218487293946,0.10171835000225184,0.147443509487762,tumor_034,0,0.0,ITC,391,0.0,,,-0.2847805917263031,0.09748201817274094,,,,,
74,0.010248792471749268,0.11423295435562893,0.16790809478884147,tumor_034,0,0.0,ITC,391,0.0,,,-0.2847805917263031,0.09748201817274094,,,,,
75,0.0035263987402961426,0.06700709161461428,0.08576328358164761,tumor_034,0,0.0,ITC,391,0.0,,,-0.2847805917263031,0.09748201817274094,,,,,
76,0.0005464364474179687,0.02637696899829763,0.04196494388558636,tumor_034,0,0.0,ITC,391,0.0,,,-0.2847805917263031,0.09748201817274094,,,,,
77,0.009592081512262207,0.11051252190469324,0.16352451013144878,tumor_034,0,0.0,ITC,391,0.0,,,-0.2847805917263031,0.09748201817274094,,,,,
78,0.0005718819928595581,0.026984120668102962,0.038647018433289944,tumor_034,0,0.0,ITC,391,0.0,,,-0.2847805917263031,0.09748201817274094,,,,,
79,0.0008601937954667359,0.03309430096744874,0.05600581678097324,tumor_034,0,0.0,ITC,391,0.0,,,-0.2847805917263031,0.09748201817274094,,,,,
80,0.0006026048120159912,0.027699463469649716,0.05606576668511003,tumor_034,0,0.0,ITC,391,0.0,,,-0.2847805917263031,0.09748201817274094,,,,,
81,0.006280436329932129,0.08942315076903162,0.10438398691849245,tumor_034,0,0.0,ITC,391,0.0,,,-0.2847805917263031,0.09748201817274094,,,,,
82,0.0007176202985203858,0.030227513000258683,0.04058222318873776,tumor_034,0,0.0,ITC,391,0.0,,,-0.2847805917263031,0.09748201817274094,,,,,
83,0.007227793243061279,0.09593076763080356,0.12380404552732131,tumor_034,0,0.0,ITC,391,0.0,,,-0.2847805917263031,0.09748201817274094,,,,,
84,0.005010507012456299,0.07987224591453654,0.08243426226650565,tumor_034,0,0.0,ITC,391,0.0,,,-0.2847805917263031,0.09748201817274094,,,,,
85,0.00038838490434173586,0.02223751377258891,0.02644635785925974,tumor_034,0,0.0,ITC,391,0.0,,,-0.2847805917263031,0.09748201817274094,,,,,
86,0.00015338077222192383,0.013974636474519471,0.01634195998273796,tumor_034,0,0.0,ITC,391,0.0,,,-0.2847805917263031,0.09748201817274094,,,,,
87,0.00014196543712976075,0.013444553117869889,0.015480985759227638,tumor_034,0,0.0,ITC,391,0.0,,,-0.2847805917263031,0.09748201817274094,,,,,
88,0.0001789003559696045,0.01509248182996083,0.01791872232941931,tumor_034,0,0.0,ITC,391,0.0,,,-0.2847805917263031,0.09748201817274094,,,,,
89,0.0001544082082432251,0.014021363584437004,0.01588398135495291,tumor_034,0,0.0,ITC,391,0.0,,,-0.2847805917263031,0.09748201817274094,,,,,
90,8.919686988446045e-05,0.01065687487040605,0.012752291794026671,tumor_034,0,0.0,ITC,391,0.0,,,-0.2847805917263031,0.09748201817274094,,,,,
0,0.003048772145918335,0.06230423147002381,0.10227371559930772,tumor_035,0,0.0,ITC,301,0.0,,,-0.3658553659915924,0.09158848971128464,,,,,
1,0.002598191078364075,0.05751625531752946,0.06549674441677507,tumor_035,0,0.0,ITC,301,0.0,,,-0.3658553659915924,0.09158848971128464,,,,,
2,0.004723469679293701,0.07755068267935658,0.1019903696713371,tumor_035,1,0.3051466941833496,ITC,301,0.0033222591362126247,0.72,-0.32185354828834534,-0.3658553659915924,0.09158848971128464,0.4804295599460602,1.0,0.020221491382041948,False,0.9533333333333334
0,0.035726397728862304,0.21327977489514563,0.2785893262424998,tumor_036,1,0.921875,micro,438,0.00228310502283105,1.0,0.09353123605251312,-0.2975788712501526,0.08829841762781143,4.429412364959717,1.0,1.6128730474815904,True,1.0
1,1.0246072492011093,1.1421779491415371,1.5939806057095391,tumor_036,23,0.921875,micro,438,0.05251141552511415,0.9715942028985507,0.005129271186888218,-0.2975788712501526,0.08829841762781143,3.4282398223876953,0.484481854051668,0.966162880108947,True,0.9746376811594203
2,0.7821561516101543,0.9979339368855634,1.2293623020659254,tumor_036,16,0.9609375,micro,438,0.0365296803652968,1.0,0.06721673905849457,-0.2975788712501526,0.08829841762781143,4.131394863128662,0.5441484821419923,1.4031411699081284,True,1.0
3,0.0025156785920410767,0.056595595811249975,0.0717926538007156,tumor_036,1,0.1625184565782547,ITC,438,0.00228310502283105,0.86,-0.201948344707489,-0.2975788712501526,0.08829841762781143,1.0830378532409668,1.0,0.09642623924236586,False,0.99
4,0.0014408684309443359,0.042831888413176866,0.0490414699004832,tumor_036,0,0.0,ITC,438,0.0,,,-0.2975788712501526,0.08829841762781143,,,,,
5,0.0012017460131054077,0.03911662749539671,0.044693443416659435,tumor_036,0,0.0,ITC,438,0.0,,,-0.2975788712501526,0.08829841762781143,,,,,
6,0.12256130948022839,0.3950315251783728,0.4630998599395167,tumor_036,4,0.65625,micro,438,0.0091324200913242,0.9683333333333334,-0.10281459242105484,-0.2975788712501526,0.08829841762781143,2.2057504653930664,0.7720742410709962,0.3999638279445453,True,1.0
7,0.008791541547369873,0.10580046482550767,0.12610652340878326,tumor_036,1,0.109375,ITC,438,0.00228310502283105,1.0,-0.02602231875061989,-0.2975788712501526,0.08829841762781143,3.0754408836364746,1.0,0.7775399708654434,False,0.9933333333333333
8,0.0027929543837871096,0.05963304426305248,0.06320540925214338,tumor_036,0,0.0,ITC,438,0.0,,,-0.2975788712501526,0.08829841762781143,,,,,
9,0.0023146171831329347,0.0542868504196768,0.07508240419051052,tumor_036,0,0.0,ITC,438,0.0,,,-0.2975788712501526,0.08829841762781143,,,,,
10,0.02276400207570996,0.17024696073418535,0.3558379415577486,tumor_036,2,0.28125,micro,438,0.0045662100456621,0.9666666666666667,-0.10189790278673172,-0.2975788712501526,0.08829841762781143,2.216132402420044,0.8860371205354982,0.40373775569614156,False,0.9916666666666667
11,0.2564923770617871,0.571468492043253,1.1668788224335416,tumor_036,7,0.546875,micro,438,0.01598173515981735,0.9780952380952381,-0.010939721949398518,-0.2975788712501526,0.08829841762781143,3.2462546825408936,0.6800657494034731,0.8663096165398,True,0.9985714285714286
12,0.006714049254310547,0.09245860163277303,0.14846206260860043,tumor_036,1,0.125,ITC,438,0.00228310502283105,0.8866666666666667,-0.18711039423942566,-0.2975788712501526,0.08829841762781143,1.251081109046936,1.0,0.128670470800042,False,0.9133333333333333
13,0.005355921072177246,0.08257947994251612,0.1023055420377559,tumor_036,0,0.0,ITC,438,0.0,,,-0.2975788712501526,0.08829841762781143,,,,,
14,0.0716403691617627,0.3020187924884505,0.42487534533393934,tumor_036,4,0.359375,micro,438,0.0091324200913242,0.8933333333333333,-0.07271600514650345,-0.2975788712501526,0.08829841762781143,2.546623945236206,0.7720742410709962,0.533135490025385,True,0.9925
15,0.1172452855006582,0.38636942675786634,0.5593862756426129,tumor_036,5,0.1875,micro,438,0.01141552511415525,0.9853333333333333,-0.05881740525364876,-0.2975788712501526,0.08829841762781143,2.704028844833374,0.735386388397111,0.6010776742363557,True,0.998
16,0.004486908637972046,0.07558379132776946,0.0867553091582183,tumor_036,1,0.28986433148384094,ITC,438,0.00228310502283105,0.9166666666666666,-0.17450430989265442,-0.2975788712501526,0.08829841762781143,1.3938478231430054,1.0,0.1597124160366869,False,0.9266666666666666
17,0.0021837410501726073,0.05272973981105214,0.0686866002189607,tumor_036,0,0.0,ITC,438,0.0,,,-0.2975788712501526,0.08829841762781143,,,,,
18,0.022760153237093995,0.17023256781738358,0.35383061629955825,tumor_036,1,0.046875,micro,438,0.00228310502283105,0.8566666666666667,-0.20295210182666779,-0.2975788712501526,0.08829841762781143,1.0716700553894043,1.0,0.09441264154920449,False,0.93
19,0.0034251653242699585,0.06603829145364186,0.09480396071207219,tumor_036,0,0.0,ITC,438,0.0,,,-0.2975788712501526,0.08829841762781143,,,,,
20,0.0015632728344371339,0.04461413220063329,0.05082724759582318,tumor_036,0,0.0,ITC,438,0.0,,,-0.2975788712501526,0.08829841762781143,,,,,
21,0.4636424101577871,0.7683279581202382,1.164934696206144,tumor_036,13,0.484375,micro,438,0.02968036529680365,1.0,0.04943469911813736,-0.2975788712501526,0.08829841762781143,3.930008888244629,0.5782872344358312,1.2696821743239304,True,0.9997435897435898
22,0.00610886537702655,0.08819324787926615,0.12187566501930158,tumor_036,1,0.3946463465690613,ITC,438,0.00228310502283105,0.95,-0.14751049876213074,-0.2975788712501526,0.08829841762781143,1.699558973312378,1.0,0.237454516709252,False,0.9866666666666667
23,0.0029899384815904543,0.061700145146396324,0.06893961972085921,tumor_036,0,0.0,ITC,438,0.0,,,-0.2975788712501526,0.08829841762781143,,,,,
24,0.0068132912082127075,0.09313942127849428,0.11720979693813764,tumor_036,0,0.0,ITC,438,0.0,,,-0.2975788712501526,0.08829841762781143,,,,,
25,0.022979012185434813,0.17104907779186293,0.3089026168049596,tumor_036,2,0.359375,micro,438,0.0045662100456621,0.955,-0.13495054841041565,-0.2975788712501526,0.08829841762781143,1.8418033123016357,0.8860371205354982,0.2788652867638499,False,0.9966666666666667
26,0.003951320779226075,0.07092938650548443,0.10375031503003926,tumor_036,0,0.0,ITC,438,0.0,,,-0.2975788712501526,0.08829841762781143,,,,,
27,0.0033453728654029543,0.06526454645605854,0.07957476904957217,tumor_036,0,0.0,ITC,438,0.0,,,-0.2975788712501526,0.08829841762781143,,,,,
28,0.04047513976025684,0.2270122210838912,0.4145132305958492,tumor_036,1,0.921875,micro,438,0.00228310502283105,1.0,-0.022124033421278,-0.2975788712501526,0.08829841762781143,3.1195898056030273,1.0,0.8000238645323605,False,0.9966666666666667
29,0.008935429529693848,0.10666274994767631,0.1532582062917599,tumor_036,1,0.234375,ITC,438,0.00228310502283105,0.98,-0.11081014573574066,-0.2975788712501526,0.08829841762781143,2.115199089050293,1.0,0.36779892768133504,False,0.9933333333333333
30,0.00012356606300166321,0.012543093629601675,0.030353220239387104,tumor_036,0,0.0,ITC,438,0.0,,,-0.2975788712501526,0.08829841762781143,,,,,
31,0.0023682945622060547,0.05491271519586332,0.0634248620416316,tumor_036,0,0.0,ITC,438,0.0,,,-0.2975788712501526,0.08829841762781143,,,,,
32,0.01717097742789917,0.1478606353393495,0.2590451014665079,tumor_036,1,0.015625,micro,438,0.00228310502283105,0.9666666666666667,-0.12481151521205902,-0.2975788712501526,0.08829841762781143,1.9566302299499512,1.0,0.3147208209016147,False,0.99
33,0.7280802510666944,0.9628190730343998,1.543375403619053,tumor_036,16,0.8046875,micro,438,0.0365296803652968,0.945625,0.04100940003991127,-0.2975788712501526,0.08829841762781143,3.834590435028076,0.5441484821419923,1.208776272366916,True,0.9797916666666666
34,0.015034556820558473,0.13835675726722857,0.22370240066823655,tumor_036,1,0.265625,micro,438,0.00228310502283105,1.0,0.030881522223353386,-0.2975788712501526,0.08829841762781143,3.7198898792266846,1.0,1.1375437909646589,True,1.0
35,0.003906726991725586,0.07052800363223999,0.0919913314997749,tumor_036,1,0.252383291721344,ITC,438,0.00228310502283105,0.9433333333333334,-0.1498277485370636,-0.2975788712501526,0.08829841762781143,1.6733156442642212,1.0,0.230177940534377,False,0.99
36,0.0027765055503286744,0.05945718344199575,0.07018769637579352,tumor_036,0,0.0,ITC,438,0.0,,,-0.2975788712501526,0.08829841762781143,,,,,
37,0.0031772779916866153,0.06360374189960932,0.07425839800157671,tumor_036,0,0.0,ITC,438,0.0,,,-0.2975788712501526,0.08829841762781143,,,,,
38,0.026632889888701904,0.1841468126166525,0.2717796451163924,tumor_036,2,0.34375,micro,438,0.0045662100456621,1.0,0.005186806432902813,-0.2975788712501526,0.08829841762781143,3.428891181945801,0.8860371205354982,0.9665300534947351,True,1.0
39,0.005211654104404358,0.08145970844048576,0.09618997798575893,tumor_036,0,0.0,ITC,438,0.0,,,-0.2975788712501526,0.08829841762781143,,,,,
40,0.015394101337695192,0.140001352060664,0.2095966836949861,tumor_036,0,0.0,micro,438,0.0,,,-0.2975788712501526,0.08829841762781143,,,,,
41,0.006992013044033569,0.0943531001343762,0.19391096918952305,tumor_036,1,0.015625,ITC,438,0.00228310502283105,0.4266666666666667,-0.31585127115249634,-0.2975788712501526,0.08829841762781143,-0.20693916082382202,1.0,0.0035204106357803874,False,0.76
42,0.2974892203882178,0.6154470241464434,1.0775875764501064,tumor_036,12,0.3828125,micro,438,0.0273972602739726,0.9461111111111111,-0.06583865731954575,-0.2975788712501526,0.08829841762781143,2.624511480331421,0.5914473506455554,0.5662456919003845,True,0.9619444444444445
43,0.0038887287797590027,0.07036535554616972,0.09782914396143984,tumor_036,0,0.0,ITC,438,0.0,,,-0.2975788712501526,0.08829841762781143,,,,,
44,0.0020134109912426147,0.05063155630488282,0.06433115321174095,tumor_036,0,0.0,ITC,438,0.0,,,-0.2975788712501526,0.08829841762781143,,,,,
45,0.004447848634498444,0.07525408142047656,0.10437302609510755,tumor_036,0,0.0,ITC,438,0.0,,,-0.2975788712501526,0.08829841762781143,,,,,
46,0.004839758076484589,0.07849949916994098,0.08900857449430384,tumor_036,1,0.3126591742038727,ITC,438,0.00228310502283105,0.9666666666666667,-0.12489023804664612,-0.2975788712501526,0.08829841762781143,1.9557386636734009,1.0,0.31443407224800834,False,0.9933333333333333
47,0.003523072656883667,0.06697548376622196,0.1008616500658859,tumor_036,0,0.0,ITC,438,0.0,,,-0.2975788712501526,0.08829841762781143,,,,,
48,0.010306819697713989,0.1145558833914032,0.17021352122628214,tumor_036,1,0.078125,ITC,438,0.00228310502283105,0.9233333333333333,-0.16881784796714783,-0.2975788712501526,0.08829841762781143,1.4582483768463135,1.0,0.17481188690422306,False,0.89
49,0.023386260271922973,0.17255813913484705,0.2549145574427832,tumor_036,2,0.1328125,micro,438,0.0045662100456621,0.85,-0.09854582697153091,-0.2975788712501526,0.08829841762781143,2.2540953159332275,0.8860371205354982,0.41768849232340793,False,0.995
50,0.004468467635992859,0.07542830833656126,0.10726126580459591,tumor_036,0,0.0,ITC,438,0.0,,,-0.2975788712501526,0.08829841762781143,,,,,
51,0.20934091142013866,0.5162762116842314,1.0842227964626856,tumor_036,6,0.7421875,micro,438,0.0136986301369863,0.9577777777777777,-0.08433171361684799,-0.2975788712501526,0.08829841762781143,2.4150733947753906,0.7054102301100574,0.4794779329794737,True,1.0
52,0.013855815528745605,0.13282233342233696,0.2024576645096927,tumor_036,0,0.0,micro,438,0.0,,,-0.2975788712501526,0.08829841762781143,,,,,
53,0.00699745041752124,0.09438978008191151,0.12466444124532358,tumor_036,0,0.0,ITC,438,0.0,,,-0.2975788712501526,0.08829841762781143,,,,,
54,0.004756244926936707,0.07781927219797047,0.10412863997785424,tumor_036,0,0.0,ITC,438,0.0,,,-0.2975788712501526,0.08829841762781143,,,,,
55,0.0014622851471627197,0.04314903562127955,0.048680985341715215,tumor_036,0,0.0,ITC,438,0.0,,,-0.2975788712501526,0.08829841762781143,,,,,
56,0.002418042726608917,0.055486463397640594,0.06492408155008465,tumor_036,0,0.0,ITC,438,0.0,,,-0.2975788712501526,0.08829841762781143,,,,,
57,0.0024587372203862916,0.05595142052806203,0.07490478615347605,tumor_036,0,0.0,ITC,438,0.0,,,-0.2975788712501526,0.08829841762781143,,,,,
58,0.010157887869753296,0.11372521499982104,0.14573919372660935,tumor_036,0,0.0,ITC,438,0.0,,,-0.2975788712501526,0.08829841762781143,,,,,
59,0.0013862494286361695,0.042012231449972945,0.05296949227146365,tumor_036,1,0.0895548090338707,ITC,438,0.00228310502283105,1.0,0.08694759756326675,-0.2975788712501526,0.08829841762781143,4.354851245880127,1.0,1.5590304832163557,True,1.0
60,0.004144490680685669,0.07264247674353723,0.09071450860968557,tumor_036,0,0.0,ITC,438,0.0,,,-0.2975788712501526,0.08829841762781143,,,,,
61,0.0025643873242924805,0.05714087284341026,0.08337591693648713,tumor_036,0,0.0,ITC,438,0.0,,,-0.2975788712501526,0.08829841762781143,,,,,
62,0.0013161521675582885,0.040936255161215136,0.04794880162475388,tumor_036,0,0.0,ITC,438,0.0,,,-0.2975788712501526,0.08829841762781143,,,,,
63,0.0015021597936533205,0.043733388295335865,0.05853463510618084,tumor_036,0,0.0,ITC,438,0.0,,,-0.2975788712501526,0.08829841762781143,,,,,
64,0.0011970368157106933,0.03903991047974767,0.04914796588020934,tumor_036,0,0.0,ITC,438,0.0,,,-0.2975788712501526,0.08829841762781143,,,,,
65,0.0014500998576567994,0.042968878069871305,0.04687422028063216,tumor_036,0,0.0,ITC,438,0.0,,,-0.2975788712501526,0.08829841762781143,,,,,
66,0.0032100051088443603,0.06393047351132744,0.09338719338866985,tumor_036,0,0.0,ITC,438,0.0,,,-0.2975788712501526,0.08829841762781143,,,,,
67,0.0011302860298447266,0.03793579932016741,0.04234021680632022,tumor_036,0,0.0,ITC,438,0.0,,,-0.2975788712501526,0.08829841762781143,,,,,
68,0.0033426878153972168,0.06523835001184601,0.08233725853017763,tumor_036,0,0.0,ITC,438,0.0,,,-0.2975788712501526,0.08829841762781143,,,,,
69,0.0006228845538673096,0.02816169820498363,0.03271487620334211,tumor_036,1,0.04023973271250725,ITC,438,0.00228310502283105,0.69,-0.2529236674308777,-0.2975788712501526,0.08829841762781143,0.5057305097579956,1.0,0.02102549680214093,False,0.94
70,0.0010862547792165529,0.03718954880818102,0.0528769922023815,tumor_036,0,0.0,ITC,438,0.0,,,-0.2975788712501526,0.08829841762781143,,,,,
71,0.0024374314841396484,0.055708474698102424,0.06981274435105266,tumor_036,0,0.0,ITC,438,0.0,,,-0.2975788712501526,0.08829841762781143,,,,,
72,0.0044046703272854005,0.07488791920077192,0.10320753311334005,tumor_036,1,0.2845515310764313,ITC,438,0.00228310502283105,1.0,-0.05674976110458374,-0.2975788712501526,0.08829841762781143,2.727445363998413,1.0,0.6115332515330345,False,1.0
73,0.004943270355387452,0.07933452777193764,0.11140272916031886,tumor_036,0,0.0,ITC,438,0.0,,,-0.2975788712501526,0.08829841762781143,,,,,
74,0.00016108296354519654,0.014321215003234775,0.02170152480688864,tumor_036,0,0.0,ITC,438,0.0,,,-0.2975788712501526,0.08829841762781143,,,,,
75,0.0016142763144814454,0.04533608319790222,0.06540482241956284,tumor_036,0,0.0,ITC,438,0.0,,,-0.2975788712501526,0.08829841762781143,,,,,
76,0.0008543812892755737,0.03298229894636626,0.04662382691065434,tumor_036,0,0.0,ITC,438,0.0,,,-0.2975788712501526,0.08829841762781143,,,,,
77,0.003387803932821533,0.06567713405042643,0.0789535420251517,tumor_036,0,0.0,ITC,438,0.0,,,-0.2975788712501526,0.08829841762781143,,,,,
78,0.00138776498840094,0.04203519075763795,0.051426489864916235,tumor_036,0,0.0,ITC,438,0.0,,,-0.2975788712501526,0.08829841762781143,,,,,
79,0.0039053369255020753,0.070515455107825,0.08369904340813002,tumor_036,0,0.0,ITC,438,0.0,,,-0.2975788712501526,0.08829841762781143,,,,,
80,0.0014140153900211792,0.042430888647765556,0.0530685627685174,tumor_036,0,0.0,ITC,438,0.0,,,-0.2975788712501526,0.08829841762781143,,,,,
81,0.0010438590064059448,0.036456584673883054,0.04459015793924305,tumor_036,0,0.0,ITC,438,0.0,,,-0.2975788712501526,0.08829841762781143,,,,,
82,0.003978750402062622,0.07117515262039878,0.08677546363853951,tumor_036,1,0.25703614950180054,ITC,438,0.00228310502283105,0.6,-0.27225255966186523,-0.2975788712501526,0.08829841762781143,0.28682634234428406,1.0,0.006763103389968954,False,0.9833333333333333
83,0.0015631713908212282,0.04461268463108056,0.06232428925587519,tumor_036,1,0.1009843647480011,ITC,438,0.00228310502283105,0.9266666666666666,-0.16310620307922363,-0.2975788712501526,0.08829841762781143,1.522934079170227,1.0,0.19066464424202365,False,0.9933333333333333
84,0.00345184646571167,0.06629500299795156,0.08996323847331598,tumor_036,0,0.0,ITC,438,0.0,,,-0.2975788712501526,0.08829841762781143,,,,,
85,0.003541633728286377,0.06715167991809322,0.07753331121862601,tumor_036,0,0.0,ITC,438,0.0,,,-0.2975788712501526,0.08829841762781143,,,,,
86,0.0007758536301469116,0.03143004172490672,0.04110425538275492,tumor_036,0,0.0,ITC,438,0.0,,,-0.2975788712501526,0.08829841762781143,,,,,
87,0.001037113642065674,0.03633860346053939,0.04984349758025397,tumor_036,0,0.0,ITC,438,0.0,,,-0.2975788712501526,0.08829841762781143,,,,,
88,0.0006644572231184693,0.029086306267027965,0.043581535452522045,tumor_036,0,0.0,ITC,438,0.0,,,-0.2975788712501526,0.08829841762781143,,,,,
89,0.0006497276295509034,0.028762108949992673,0.03964851478670307,tumor_036,0,0.0,ITC,438,0.0,,,-0.2975788712501526,0.08829841762781143,,,,,
90,0.0012293081465976562,0.03956265593856442,0.05403268961284066,tumor_036,0,0.0,ITC,438,0.0,,,-0.2975788712501526,0.08829841762781143,,,,,
91,0.0029036141199415286,0.06080293019387258,0.076667636311839,tumor_036,0,0.0,ITC,438,0.0,,,-0.2975788712501526,0.08829841762781143,,,,,
92,0.006193660631230591,0.08880322990945846,0.11508586747225713,tumor_036,0,0.0,ITC,438,0.0,,,-0.2975788712501526,0.08829841762781143,,,,,
93,0.0013460908647216798,0.041399228492453734,0.047381972448874765,tumor_036,0,0.0,ITC,438,0.0,,,-0.2975788712501526,0.08829841762781143,,,,,
94,0.0020440192876314696,0.05101496042548483,0.059436468870679666,tumor_036,0,0.0,ITC,438,0.0,,,-0.2975788712501526,0.08829841762781143,,,,,
95,0.001406233042491577,0.042313963638656193,0.056607870080841824,tumor_036,0,0.0,ITC,438,0.0,,,-0.2975788712501526,0.08829841762781143,,,,,
96,0.0009495458059306641,0.034770666799018135,0.039319236763653294,tumor_036,0,0.0,ITC,438,0.0,,,-0.2975788712501526,0.08829841762781143,,,,,
97,0.004329315369773438,0.07424456566258082,0.08615912894615924,tumor_036,0,0.0,ITC,438,0.0,,,-0.2975788712501526,0.08829841762781143,,,,,
98,0.06413637807034278,0.2857638409863038,0.7622244180357899,tumor_036,4,0.2421875,micro,438,0.0091324200913242,0.6441666666666667,-0.24758055806159973,-0.2975788712501526,0.08829841762781143,0.5662424564361572,0.7720742410709962,0.02635802198140618,False,0.98
99,0.0013526817300060425,0.041500456263569754,0.054657375706981516,tumor_036,0,0.0,ITC,438,0.0,,,-0.2975788712501526,0.08829841762781143,,,,,
100,0.002695816349647339,0.0585868584386856,0.0663994998851648,tumor_036,0,0.0,ITC,438,0.0,,,-0.2975788712501526,0.08829841762781143,,,,,
101,0.001417796875871521,0.04248758699622269,0.05090698518890826,tumor_036,0,0.0,ITC,438,0.0,,,-0.2975788712501526,0.08829841762781143,,,,,
102,0.0013451235913564453,0.04138435149994751,0.05159323760375492,tumor_036,0,0.0,ITC,438,0.0,,,-0.2975788712501526,0.08829841762781143,,,,,
103,0.05456388152991687,0.2635771076518875,0.39500535311961016,tumor_036,0,0.0,micro,438,0.0,,,-0.2975788712501526,0.08829841762781143,,,,,
104,0.009518047217495178,0.11008521293058093,0.1408519668893938,tumor_036,0,0.0,ITC,438,0.0,,,-0.2975788712501526,0.08829841762781143,,,,,
0,0.07412579321080517,0.3072131038885848,0.41412207279281554,tumor_037,3,0.375,micro,365,0.00821917808219178,0.9933333333333333,0.040014203637838364,-0.3324003219604492,0.11896265298128128,3.130516290664673,0.8137912877414691,0.8305341312562107,True,0.9966666666666667
1,0.02546799383581348,0.18007458698225323,0.26680851262298794,tumor_037,1,0.484375,micro,365,0.0027397260273972603,1.0,0.13286148011684418,-0.3324003219604492,0.11896265298128128,3.9109904766082764,1.0,1.2962807309548194,True,1.0
2,0.6143053191214658,0.8843968706675777,1.6009097871898499,tumor_037,16,0.6171875,micro,365,0.043835616438356165,0.99625,0.13592520356178284,-0.3324003219604492,0.11896265298128128,3.936744213104248,0.5300615322474669,1.3134088671898023,True,0.9960416666666667
3,0.029973744373928468,0.1953554622749741,0.27425228037155863,tumor_037,2,0.1953125,micro,365,0.005479452054794521,0.9533333333333334,-0.05182674527168274,-0.3324003219604492,0.11896265298128128,2.358501434326172,0.8825153830618667,0.47140896547471056,True,0.995
4,0.7878107667724805,1.0015347333082625,2.0948252602604667,tumor_037,22,0.546875,macro,365,0.06027397260273973,0.9346969696969697,0.02539997734129429,-0.3324003219604492,0.11896265298128128,3.00766921043396,0.4760853845225974,0.7666297849995264,True,0.9933333333333333
5,0.013061416703102052,0.12895856798465896,0.16141852355218925,tumor_037,1,0.34375,ITC,365,0.0027397260273972603,1.0,0.10730133950710297,-0.3324003219604492,0.11896265298128128,3.696132183074951,1.0,1.1577653216684385,True,0.9966666666666667
6,0.2797066165178145,0.5967692393836623,1.0869559539667164,tumor_037,8,0.78125,micro,365,0.021917808219178082,0.9516666666666667,0.018907710909843445,-0.3324003219604492,0.11896265298128128,2.9530951976776123,0.6475461491856,0.7390612686889556,True,0.9679166666666666
7,0.075490662609,0.310028542060306,0.8895184085928877,tumor_037,4,0.1953125,micro,365,0.010958904109589041,0.9225,-0.10546280443668365,-0.3324003219604492,0.11896265298128128,1.9076366424560547,0.7650307661237334,0.30840176884020837,True,0.9675
8,0.012988332695742188,0.12859727372069601,0.18921350469127277,tumor_037,1,0.40625,ITC,365,0.0027397260273972603,0.99,0.05692777410149574,-0.3324003219604492,0.11896265298128128,3.2726917266845703,1.0,0.9076862270668216,False,1.0
9,0.002515162443088623,0.05658978957350114,0.0673765451672711,tumor_037,0,0.0,ITC,365,0.0,,,-0.3324003219604492,0.11896265298128128,,,,,
10,0.0009092956086650391,0.034025742119847394,0.039095029373639054,tumor_037,0,0.0,ITC,365,0.0,,,-0.3324003219604492,0.11896265298128128,,,,,
11,0.026367393229967284,0.18322665677236094,0.23082574661015443,tumor_037,1,0.015625,micro,365,0.0027397260273972603,0.6333333333333333,-0.2979281544685364,-0.3324003219604492,0.11896265298128128,0.28977301716804504,1.0,0.007116090030590572,False,0.9766666666666667
12,0.03191816582426514,0.20159233845280128,0.23707681732727465,tumor_037,1,0.890625,micro,365,0.0027397260273972603,0.9633333333333334,-0.09751966595649719,-0.3324003219604492,0.11896265298128128,1.9744067192077637,1.0,0.33036861992909755,False,1.0
13,0.004988220592118775,0.07969441458313044,0.0897266984250396,tumor_037,0,0.0,ITC,365,0.0,,,-0.3324003219604492,0.11896265298128128,,,,,
14,0.007517440063404053,0.09783405319162877,0.1299344367305775,tumor_037,0,0.0,ITC,365,0.0,,,-0.3324003219604492,0.11896265298128128,,,,,
15,0.0024135122638048096,0.05543445910243526,0.08661842615103352,tumor_037,0,0.0,ITC,365,0.0,,,-0.3324003219604492,0.11896265298128128,,,,,
16,0.033373418741538576,0.20613674219976535,0.3419490713405902,tumor_037,2,0.375,micro,365,0.005479452054794521,0.995,0.028005972504615784,-0.3324003219604492,0.11896265298128128,3.0295751094818115,0.8825153830618667,0.7778377142797693,True,0.9983333333333333
17,0.001408378073822754,0.04234622365133719,0.05262945907849365,tumor_037,0,0.0,ITC,365,0.0,,,-0.3324003219604492,0.11896265298128128,,,,,
18,0.004025323250099671,0.07159050734817271,0.10061911570050174,tumor_037,0,0.0,ITC,365,0.0,,,-0.3324003219604492,0.11896265298128128,,,,,
19,0.0047590221004464115,0.07784198823615034,0.09428818053763846,tumor_037,1,0.3074434697628021,ITC,365,0.0027397260273972603,0.9466666666666667,-0.13572931289672852,-0.3324003219604492,0.11896265298128128,1.6532163619995117,1.0,0.2316247364815011,False,0.99
20,0.024102993364984865,0.1751824314786959,0.3335039968763559,tumor_037,2,0.265625,micro,365,0.005479452054794521,0.95,-0.11916197836399078,-0.3324003219604492,0.11896265298128128,1.7924814224243164,0.8825153830618667,0.27229199570610607,False,0.9933333333333333
21,0.04839967151535498,0.2482425743613331,0.27079439110480685,tumor_037,0,0.0,micro,365,0.0,,,-0.3324003219604492,0.11896265298128128,,,,,
22,0.0033213225652261964,0.06502952583916959,0.17795400250884355,tumor_037,0,0.0,ITC,365,0.0,,,-0.3324003219604492,0.11896265298128128,,,,,
23,0.002011558249578186,0.05060825535326416,0.09358520700492211,tumor_037,0,0.0,ITC,365,0.0,,,-0.3324003219604492,0.11896265298128128,,,,,
24,0.0013088359481638185,0.04082231848845819,0.04766552346352255,tumor_037,0,0.0,ITC,365,0.0,,,-0.3324003219604492,0.11896265298128128,,,,,
25,0.00020269186986730957,0.01606472234778342,0.018641112647064712,tumor_037,0,0.0,ITC,365,0.0,,,-0.3324003219604492,0.11896265298128128,,,,,
0,0.17226774047614746,0.4683354561170926,0.7412825736471563,tumor_038,4,0.96875,micro,355,0.011267605633802818,1.0,0.2770969271659851,-0.3283710181713104,0.10362983494997025,5.842602252960205,0.7639191837049756,2.9066175364770053,True,1.0
1,0.1428576560011692,0.4264880032179817,0.5400696885767081,tumor_038,5,0.53125,micro,355,0.014084507042253521,0.9533333333333334,0.06221667677164078,-0.3283710181713104,0.10362983494997025,3.769066095352173,0.7259186599903202,1.209602714083359,True,0.9026666666666666
2,0.005628504122689087,0.08465479328846441,0.13553648545045344,tumor_038,0,0.0,ITC,355,0.0,,,-0.3283710181713104,0.10362983494997025,,,,,
3,0.0010389282310986328,0.03637037954127687,0.05465623177872766,tumor_038,1,0.06711708009243011,ITC,355,0.0028169014084507044,0.97,-0.10350771248340607,-0.3283710181713104,0.10362983494997025,2.169870376586914,1.0,0.4009062505207388,False,0.99
4,0.004116082979497193,0.07239309096113494,0.08680246057716409,tumor_038,0,0.0,ITC,355,0.0,,,-0.3283710181713104,0.10362983494997025,,,,,
5,0.0842145658478877,0.32745276831969816,0.5281157829139909,tumor_038,3,0.171875,micro,355,0.008450704225352112,0.9733333333333334,0.027917901054024696,-0.3283710181713104,0.10362983494997025,3.438091993331909,0.812910379516373,1.006491778468647,True,1.0
6,0.0012679057755697633,0.04017894688084207,0.05689343140091383,tumor_038,0,0.0,ITC,355,0.0,,,-0.3283710181713104,0.10362983494997025,,,,,
7,0.0011309226951247559,0.037946482017063285,0.04922114810729225,tumor_038,0,0.0,ITC,355,0.0,,,-0.3283710181713104,0.10362983494997025,,,,,
8,0.0001868985563546448,0.015426167145621335,0.020383784862452282,tumor_038,0,0.0,ITC,355,0.0,,,-0.3283710181713104,0.10362983494997025,,,,,
9,0.0005175488451601868,0.02567028741541406,0.03099212542396566,tumor_038,0,0.0,ITC,355,0.0,,,-0.3283710181713104,0.10362983494997025,,,,,
10,0.00045401034976226806,0.024042960113853745,0.029127647176541666,tumor_038,0,0.0,ITC,355,0.0,,,-0.3283710181713104,0.10362983494997025,,,,,
11,0.007627503752090333,0.09854765042748224,0.1913538212317695,tumor_038,1,0.265625,ITC,355,0.0028169014084507044,1.0,-0.024330709129571915,-0.3283710181713104,0.10362983494997025,2.9339070320129395,1.0,0.7329391866017007,False,0.9966666666666667
12,0.0023628528458201296,0.05484959144504365,0.08923155102032315,tumor_038,0,0.0,ITC,355,0.0,,,-0.3283710181713104,0.10362983494997025,,,,,
13,0.001233905372902771,0.03963656285856526,0.05073256598882693,tumor_038,0,0.0,ITC,355,0.0,,,-0.3283710181713104,0.10362983494997025,,,,,
14,1.4244416556031407,1.3467202549460464,1.7769318507602507,tumor_038,28,1.0,micro,355,0.07887323943661972,0.9983333333333333,0.22387877106666565,-0.3283710181713104,0.10362983494997025,5.329061508178711,0.4325378628903686,2.418113666661391,True,0.9996428571428572
15,0.03089677376220557,0.19834060138755236,0.2501520155740293,tumor_038,1,0.578125,micro,355,0.0028169014084507044,1.0,0.16664071381092072,-0.3283710181713104,0.10362983494997025,4.776730060577393,1.0,1.942838247601132,True,1.0
16,0.0006193794241126099,0.028082349901236304,0.030861247285606713,tumor_038,0,0.0,ITC,355,0.0,,,-0.3283710181713104,0.10362983494997025,,,,,
17,0.0006317304861895752,0.028360963252882256,0.03522744735868037,tumor_038,0,0.0,ITC,355,0.0,,,-0.3283710181713104,0.10362983494997025,,,,,
18,0.0005607522871221314,0.026720254242139682,0.03160432522885027,tumor_038,0,0.0,ITC,355,0.0,,,-0.3283710181713104,0.10362983494997025,,,,,
19,0.0002458715159904785,0.017693313343833065,0.024728309557607936,tumor_038,0,0.0,ITC,355,0.0,,,-0.3283710181713104,0.10362983494997025,,,,,
20,0.0021176299642093506,0.051925429334262155,0.06185301039407252,tumor_038,0,0.0,ITC,355,0.0,,,-0.3283710181713104,0.10362983494997025,,,,,
21,0.0035610568271499023,0.06733556544187021,0.09523579883088071,tumor_038,0,0.0,ITC,355,0.0,,,-0.3283710181713104,0.10362983494997025,,,,,
22,0.000498789483510498,0.025200763776195227,0.02948025236614589,tumor_038,0,0.0,ITC,355,0.0,,,-0.3283710181713104,0.10362983494997025,,,,,
23,0.000487007615013794,0.024901352453686534,0.0318050012104476,tumor_038,0,0.0,ITC,355,0.0,,,-0.3283710181713104,0.10362983494997025,,,,,
24,0.0009973300955245972,0.03563481607608512,0.053785105804887885,tumor_038,0,0.0,ITC,355,0.0,,,-0.3283710181713104,0.10362983494997025,,,,,
25,0.00650186323220874,0.09098587462737143,0.18561094284934615,tumor_038,1,0.34375,ITC,355,0.0028169014084507044,1.0,0.010347356088459492,-0.3283710181713104,0.10362983494997025,3.268541097640991,1.0,0.9096684782205783,False,1.0
26,0.005855794254766846,0.08634714130185273,0.11756178266766797,tumor_038,0,0.0,ITC,355,0.0,,,-0.3283710181713104,0.10362983494997025,,,,,
27,0.006371471622531006,0.09006891599194689,0.12313618747664244,tumor_038,1,0.41161128878593445,ITC,355,0.0028169014084507044,1.0,0.08564043045043945,-0.3283710181713104,0.10362983494997025,3.9950990676879883,1.0,1.3590340940748815,True,1.0
28,0.0008312438410834351,0.032532637916175514,0.04069153355070387,tumor_038,0,0.0,ITC,355,0.0,,,-0.3283710181713104,0.10362983494997025,,,,,
29,0.0007182909933815918,0.030241635164133335,0.04985943140470015,tumor_038,0,0.0,ITC,355,0.0,,,-0.3283710181713104,0.10362983494997025,,,,,
30,0.0008848887403233032,0.033565984819017514,0.04994355366917859,tumor_038,0,0.0,ITC,355,0.0,,,-0.3283710181713104,0.10362983494997025,,,,,
31,0.001332073477635315,0.041183110958476335,0.049927558645691594,tumor_038,0,0.0,ITC,355,0.0,,,-0.3283710181713104,0.10362983494997025,,,,,
32,0.00040959010519683837,0.022836512848262318,0.025503218864802,tumor_038,0,0.0,ITC,355,0.0,,,-0.3283710181713104,0.10362983494997025,,,,,
33,0.0003916184173461914,0.02232989152261537,0.02682727122989651,tumor_038,0,0.0,ITC,355,0.0,,,-0.3283710181713104,0.10362983494997025,,,,,
34,0.0012783533074991456,0.04034414434897463,0.056263136872099294,tumor_038,0,0.0,ITC,355,0.0,,,-0.3283710181713104,0.10362983494997025,,,,,
35,0.000715064565968811,0.030173638866241765,0.039980146863787286,tumor_038,1,0.04619476944208145,ITC,355,0.0028169014084507044,0.9233333333333333,-0.14953473210334778,-0.3283710181713104,0.10362983494997025,1.7257219552993774,1.0,0.253581107683158,False,0.99
36,0.00030132850664630126,0.01958732678591091,0.022346188148981292,tumor_038,0,0.0,ITC,355,0.0,,,-0.3283710181713104,0.10362983494997025,,,,,
37,0.0018029215142347412,0.047911908415105654,0.082134359466669,tumor_038,0,0.0,ITC,355,0.0,,,-0.3283710181713104,0.10362983494997025,,,,,
38,0.0012249713067764283,0.03949280831940997,0.045691405006226114,tumor_038,1,0.07913587987422943,ITC,355,0.0028169014084507044,0.9433333333333334,-0.13001364469528198,-0.3283710181713104,0.10362983494997025,1.9140952825546265,1.0,0.3119624709559152,False,1.0
39,0.002900552827180298,0.060770869346746484,0.09434034914075737,tumor_038,0,0.0,ITC,355,0.0,,,-0.3283710181713104,0.10362983494997025,,,,,
40,0.00026699029317031863,0.01843753235454474,0.0216379185921382,tumor_038,0,0.0,ITC,355,0.0,,,-0.3283710181713104,0.10362983494997025,,,,,
41,0.0005040788560713501,0.025334031128403302,0.02933940774416192,tumor_038,0,0.0,ITC,355,0.0,,,-0.3283710181713104,0.10362983494997025,,,,,
42,0.0003690439691487122,0.02167674734055282,0.02968207947988146,tumor_038,0,0.0,ITC,355,0.0,,,-0.3283710181713104,0.10362983494997025,,,,,
43,0.044560493090894535,0.2381935808039858,0.36107041444995025,tumor_038,2,0.3671875,micro,355,0.005633802816901409,0.9966666666666667,0.06287001818418503,-0.3283710181713104,0.10362983494997025,3.7753705978393555,0.8819595918524877,1.2136526941418198,True,1.0
44,0.0005650043737521973,0.026821370427508425,0.037875469214915344,tumor_038,1,0.03650054335594177,ITC,355,0.0028169014084507044,1.0,0.09577395021915436,-0.3283710181713104,0.10362983494997025,4.0928850173950195,1.0,1.4263770215611715,True,1.0
45,0.028063663722984376,0.18902848045269086,0.27493328600972433,tumor_038,1,0.734375,micro,355,0.0028169014084507044,1.0,-0.0015527531504631042,-0.3283710181713104,0.10362983494997025,3.1537082195281982,1.0,0.8468729588280475,False,1.0
46,0.006180891220107422,0.08871164029115423,0.14665723119229734,tumor_038,1,0.39929938316345215,ITC,355,0.0028169014084507044,1.0,0.0019782111048698425,-0.3283710181713104,0.10362983494997025,3.1877810955047607,1.0,0.8652711574579423,False,1.0
47,0.0011834259923781739,0.0388173256647511,0.04600934966636473,tumor_038,0,0.0,ITC,355,0.0,,,-0.3283710181713104,0.10362983494997025,,,,,
48,0.0025961255995583495,0.05749338898044691,0.06877016257883523,tumor_038,0,0.0,ITC,355,0.0,,,-0.3283710181713104,0.10362983494997025,,,,,
49,0.00043265163376098633,0.023470602233405996,0.027217084799809107,tumor_038,0,0.0,ITC,355,0.0,,,-0.3283710181713104,0.10362983494997025,,,,,
50,0.0004396854422307129,0.02366061901752597,0.026891918074249902,tumor_038,1,0.028404660522937775,ITC,355,0.0028169014084507044,0.7066666666666667,-0.28481364250183105,-0.3283710181713104,0.10362983494997025,0.4203169345855713,1.0,0.0150428117957758,False,0.9766666666666667
51,0.0010971406555444335,0.03737543135237147,0.05273820525423207,tumor_038,0,0.0,ITC,355,0.0,,,-0.3283710181713104,0.10362983494997025,,,,,
52,0.0008090433452581788,0.03209526414578227,0.04226366997946833,tumor_038,0,0.0,ITC,355,0.0,,,-0.3283710181713104,0.10362983494997025,,,,,
53,0.001940892717560669,0.04971138058922463,0.07670246345211586,tumor_038,0,0.0,ITC,355,0.0,,,-0.3283710181713104,0.10362983494997025,,,,,
54,0.003767740757569885,0.06926208578182148,0.09164799206131587,tumor_038,0,0.0,ITC,355,0.0,,,-0.3283710181713104,0.10362983494997025,,,,,
55,0.014389674524747315,0.13535694529936926,0.2635842505334037,tumor_038,2,0.03125,micro,355,0.005633802816901409,0.7733333333333333,-0.14709389209747314,-0.3283710181713104,0.10362983494997025,1.7492754459381104,0.8819595918524877,0.26055034107510094,False,0.8566666666666667
56,0.002764317514525269,0.0593265402134457,0.08544684256230298,tumor_038,0,0.0,ITC,355,0.0,,,-0.3283710181713104,0.10362983494997025,,,,,
0,0.003469538899798462,0.06646468332295229,0.10689955686513308,tumor_039,1,0.2241399586200714,ITC,527,0.0018975332068311196,1.0,0.026654168963432312,-0.3636874854564667,0.10054762661457062,3.8821566104888916,1.0,1.2023821347052854,True,1.0
1,0.0011943387225939331,0.03899588813471332,0.04271964880473621,tumor_039,0,0.0,ITC,527,0.0,,,-0.3636874854564667,0.10054762661457062,,,,,
2,12.148560994474687,3.932941427200805,7.026438742796433,tumor_039,223,1.0,macro,527,0.42314990512333966,0.9928699551569506,0.10091711580753326,-0.3636874854564667,0.10054762661457062,4.620741844177246,0.13722694373988206,1.7034124746095656,True,0.9997608370702541
3,0.06775382696640161,0.29371219212141364,0.3703826539933804,tumor_039,3,0.375,micro,527,0.0056925996204933585,0.9511111111111111,-0.08783343434333801,-0.3636874854564667,0.10054762661457062,2.743516206741333,0.8247044625173511,0.6004978712867398,True,1.0
4,0.003185321021233429,0.06368419495377636,0.07443459290544956,tumor_039,0,0.0,ITC,527,0.0,,,-0.3636874854564667,0.10054762661457062,,,,,
5,0.004394278597093506,0.07479952727392604,0.08793056201521779,tumor_039,0,0.0,ITC,527,0.0,,,-0.3636874854564667,0.10054762661457062,,,,,
6,0.0017604978225350648,0.0473448565957464,0.053333917055948754,tumor_039,0,0.0,ITC,527,0.0,,,-0.3636874854564667,0.10054762661457062,,,,,
7,0.0008282289308359681,0.032473586602561756,0.07536967302071836,tumor_039,0,0.0,ITC,527,0.0,,,-0.3636874854564667,0.10054762661457062,,,,,
8,0.00754097897920221,0.0979871044696028,0.10689030545240252,tumor_039,0,0.0,ITC,527,0.0,,,-0.3636874854564667,0.10054762661457062,,,,,
9,0.0028563230916856387,0.06030575024717257,0.06989042375159973,tumor_039,0,0.0,ITC,527,0.0,,,-0.3636874854564667,0.10054762661457062,,,,,
10,0.004461327583292725,0.07536802174043082,0.09031602611524712,tumor_039,0,0.0,ITC,527,0.0,,,-0.3636874854564667,0.10054762661457062,,,,,
11,0.004791298970781189,0.07810551401948197,0.08519113812629682,tumor_039,0,0.0,ITC,527,0.0,,,-0.3636874854564667,0.10054762661457062,,,,,
12,0.003385798164361725,0.06565768891270139,0.07527041930242971,tumor_039,0,0.0,ITC,527,0.0,,,-0.3636874854564667,0.10054762661457062,,,,,
13,0.004604255406675659,0.07656578908259307,0.08618810062381822,tumor_039,0,0.0,ITC,527,0.0,,,-0.3636874854564667,0.10054762661457062,,,,,
14,0.0068981838118148805,0.09371787671546261,0.11415337213153187,tumor_039,0,0.0,ITC,527,0.0,,,-0.3636874854564667,0.10054762661457062,,,,,
15,0.003707266429174988,0.06870398984407466,0.0975066957455278,tumor_039,0,0.0,ITC,527,0.0,,,-0.3636874854564667,0.10054762661457062,,,,,
16,0.003151228197727112,0.06334246881698467,0.07513426788922616,tumor_039,0,0.0,ITC,527,0.0,,,-0.3636874854564667,0.10054762661457062,,,,,
17,0.0007563516743424683,0.031032512974290084,0.0355384351558088,tumor_039,0,0.0,ITC,527,0.0,,,-0.3636874854564667,0.10054762661457062,,,,,
18,0.002165981966112854,0.052514892101556326,0.06470599269481479,tumor_039,0,0.0,ITC,527,0.0,,,-0.3636874854564667,0.10054762661457062,,,,,
19,0.008949155055997193,0.1067446397214504,0.1452445453638393,tumor_039,0,0.0,ITC,527,0.0,,,-0.3636874854564667,0.10054762661457062,,,,,
20,0.004553023764092102,0.076138622948941,0.08287831969821781,tumor_039,0,0.0,ITC,527,0.0,,,-0.3636874854564667,0.10054762661457062,,,,,
21,0.0016337879472002564,0.04560924711160063,0.05845952452687401,tumor_039,0,0.0,ITC,527,0.0,,,-0.3636874854564667,0.10054762661457062,,,,,
22,0.005483030330166504,0.08355364170010957,0.08884100867752048,tumor_039,0,0.0,ITC,527,0.0,,,-0.3636874854564667,0.10054762661457062,,,,,
23,0.008835290087935913,0.10606338071722313,0.14782680820479846,tumor_039,0,0.0,ITC,527,0.0,,,-0.3636874854564667,0.10054762661457062,,,,,
24,0.0009178772134584046,0.03418592642282141,0.04100542284171797,tumor_039,0,0.0,ITC,527,0.0,,,-0.3636874854564667,0.10054762661457062,,,,,
25,0.0024706498047143556,0.05608679909349904,0.07210994225965493,tumor_039,0,0.0,ITC,527,0.0,,,-0.3636874854564667,0.10054762661457062,,,,,
26,0.00416847191256189,0.07285233887934975,0.0837025660493751,tumor_039,0,0.0,ITC,527,0.0,,,-0.3636874854564667,0.10054762661457062,,,,,
27,0.004219976372049316,0.0733010286062973,0.10641409488526415,tumor_039,0,0.0,ITC,527,0.0,,,-0.3636874854564667,0.10054762661457062,,,,,
28,0.004453746454312867,0.07530395811546137,0.0839487052393076,tumor_039,0,0.0,ITC,527,0.0,,,-0.3636874854564667,0.10054762661457062,,,,,
29,0.00662007200674878,0.09180924500281445,0.12366227341957856,tumor_039,0,0.0,ITC,527,0.0,,,-0.3636874854564667,0.10054762661457062,,,,,
30,0.004618467986315186,0.0766838710308098,0.09303399809436123,tumor_039,0,0.0,ITC,527,0.0,,,-0.3636874854564667,0.10054762661457062,,,,,
31,0.0030203666864582522,0.062013307481534614,0.07386228115145956,tumor_039,0,0.0,ITC,527,0.0,,,-0.3636874854564667,0.10054762661457062,,,,,
32,0.002030858352517456,0.05085045883943358,0.062026352343171526,tumor_039,0,0.0,ITC,527,0.0,,,-0.3636874854564667,0.10054762661457062,,,,,
33,0.0008072369626810913,0.032059413950624054,0.03847979842240831,tumor_039,0,0.0,ITC,527,0.0,,,-0.3636874854564667,0.10054762661457062,,,,,
34,0.001293299984710327,0.040579313495161175,0.05483454893103134,tumor_039,0,0.0,ITC,527,0.0,,,-0.3636874854564667,0.10054762661457062,,,,,
35,0.001049127147420227,0.03654846332680253,0.045849148301795095,tumor_039,0,0.0,ITC,527,0.0,,,-0.3636874854564667,0.10054762661457062,,,,,
36,0.0026324471750224,0.0578941779686428,0.06188172411324589,tumor_039,0,0.0,ITC,527,0.0,,,-0.3636874854564667,0.10054762661457062,,,,,
37,0.0018224588115000001,0.04817080679678145,0.05173560738988187,tumor_039,0,0.0,ITC,527,0.0,,,-0.3636874854564667,0.10054762661457062,,,,,
38,0.00796346620916748,0.10069458818960558,0.16338312407956948,tumor_039,0,0.0,ITC,527,0.0,,,-0.3636874854564667,0.10054762661457062,,,,,
39,0.0015342406425000001,0.04419791688723444,0.04894685972562489,tumor_039,0,0.0,ITC,527,0.0,,,-0.3636874854564667,0.10054762661457062,,,,,
40,0.0049117843935,0.07908146511678459,0.08534559916597927,tumor_039,0,0.0,ITC,527,0.0,,,-0.3636874854564667,0.10054762661457062,,,,,
41,0.0033263777852918703,0.06507899612749247,0.07091271282358333,tumor_039,0,0.0,ITC,527,0.0,,,-0.3636874854564667,0.10054762661457062,,,,,
42,0.006260552098167481,0.08928147906067378,0.09667369511919982,tumor_039,0,0.0,ITC,527,0.0,,,-0.3636874854564667,0.10054762661457062,,,,,
43,0.0015221946537081299,0.044024066462398016,0.05100279989373132,tumor_039,0,0.0,ITC,527,0.0,,,-0.3636874854564667,0.10054762661457062,,,,,
44,0.00405011184658374,0.07181060202832706,0.0803330950542801,tumor_039,0,0.0,ITC,527,0.0,,,-0.3636874854564667,0.10054762661457062,,,,,
45,0.000859340097,0.033077874688029016,0.05021640712954283,tumor_039,0,0.0,ITC,527,0.0,,,-0.3636874854564667,0.10054762661457062,,,,,
46,0.002917197747,0.06094498774544731,0.06629047126095877,tumor_039,0,0.0,ITC,527,0.0,,,-0.3636874854564667,0.10054762661457062,,,,,
47,0.018099895252807616,0.15180745169931184,0.25430259239972697,tumor_039,0,0.0,micro,527,0.0,,,-0.3636874854564667,0.10054762661457062,,,,,
48,0.01263744793934912,0.1268483285696394,0.17468602967317834,tumor_039,0,0.0,ITC,527,0.0,,,-0.3636874854564667,0.10054762661457062,,,,,
49,0.0066606884707181395,0.09209045529304279,0.10138015428563196,tumor_039,0,0.0,ITC,527,0.0,,,-0.3636874854564667,0.10054762661457062,,,,,
50,0.0025866681078724365,0.05738857137138427,0.06239908815035528,tumor_039,0,0.0,ITC,527,0.0,,,-0.3636874854564667,0.10054762661457062,,,,,
51,0.0006613155092521362,0.02901746125915381,0.039200652749667324,tumor_039,0,0.0,ITC,527,0.0,,,-0.3636874854564667,0.10054762661457062,,,,,
52,0.0022553909135947267,0.053587805516042294,0.059504525793221845,tumor_039,0,0.0,ITC,527,0.0,,,-0.3636874854564667,0.10054762661457062,,,,,
53,0.08767275747175635,0.33410839829165534,0.4442398480671692,tumor_039,0,0.0,micro,527,0.0,,,-0.3636874854564667,0.10054762661457062,,,,,
54,0.004476176493034241,0.07549334354858814,0.09010202216009588,tumor_039,0,0.0,ITC,527,0.0,,,-0.3636874854564667,0.10054762661457062,,,,,
55,0.000980252327505432,0.035328402556563464,0.04022883745858468,tumor_039,0,0.0,ITC,527,0.0,,,-0.3636874854564667,0.10054762661457062,,,,,
56,0.0023001624103293457,0.05411707438641404,0.06324018184083298,tumor_039,0,0.0,ITC,527,0.0,,,-0.3636874854564667,0.10054762661457062,,,,,
57,0.0031597680151895144,0.06342823968177444,0.07220177752832682,tumor_039,0,0.0,ITC,527,0.0,,,-0.3636874854564667,0.10054762661457062,,,,,
58,0.0023596319722714236,0.054812195158718116,0.07215974277322075,tumor_039,0,0.0,ITC,527,0.0,,,-0.3636874854564667,0.10054762661457062,,,,,
59,0.0031805041397843627,0.06363602472630847,0.0715571517170611,tumor_039,0,0.0,ITC,527,0.0,,,-0.3636874854564667,0.10054762661457062,,,,,
60,0.002020392472293457,0.050719262530218946,0.06234484923126679,tumor_039,0,0.0,ITC,527,0.0,,,-0.3636874854564667,0.10054762661457062,,,,,
61,0.006280221188879517,0.08942161912739602,0.1030100604730515,tumor_039,0,0.0,ITC,527,0.0,,,-0.3636874854564667,0.10054762661457062,,,,,
62,0.009107547157981934,0.10768513916545283,0.149513564229986,tumor_039,0,0.0,ITC,527,0.0,,,-0.3636874854564667,0.10054762661457062,,,,,
63,0.00959960209295105,0.11055583656446054,0.16019777495842313,tumor_039,0,0.0,ITC,527,0.0,,,-0.3636874854564667,0.10054762661457062,,,,,
64,0.010366468745694215,0.11488689196892304,0.1298137033032238,tumor_039,0,0.0,ITC,527,0.0,,,-0.3636874854564667,0.10054762661457062,,,,,
65,0.002038967563508789,0.05095188055696958,0.05463889754813998,tumor_039,0,0.0,ITC,527,0.0,,,-0.3636874854564667,0.10054762661457062,,,,,
66,0.002711733248348877,0.058759560980073094,0.08625858521949668,tumor_039,0,0.0,ITC,527,0.0,,,-0.3636874854564667,0.10054762661457062,,,,,
67,0.0024160402342441405,0.055463483193096026,0.06911855110786104,tumor_039,0,0.0,ITC,527,0.0,,,-0.3636874854564667,0.10054762661457062,,,,,
68,0.00180005342097876,0.04787378403913742,0.05115759941112571,tumor_039,0,0.0,ITC,527,0.0,,,-0.3636874854564667,0.10054762661457062,,,,,
69,0.003616656967661133,0.06785919739407559,0.09000911750170654,tumor_039,0,0.0,ITC,527,0.0,,,-0.3636874854564667,0.10054762661457062,,,,,
70,0.005389924880685608,0.08284120654143606,0.09210127749591003,tumor_039,0,0.0,ITC,527,0.0,,,-0.3636874854564667,0.10054762661457062,,,,,
71,0.009657668423020386,0.11088969900820199,0.15514572893837214,tumor_039,0,0.0,ITC,527,0.0,,,-0.3636874854564667,0.10054762661457062,,,,,
72,0.006477618759429199,0.09081607985496612,0.10398611411626073,tumor_039,0,0.0,ITC,527,0.0,,,-0.3636874854564667,0.10054762661457062,,,,,
73,0.002167320036491455,0.05253111055896093,0.05709065247160786,tumor_039,0,0.0,ITC,527,0.0,,,-0.3636874854564667,0.10054762661457062,,,,,
74,0.005298481344838623,0.08213547330654448,0.09343098715110122,tumor_039,0,0.0,ITC,527,0.0,,,-0.3636874854564667,0.10054762661457062,,,,,
75,0.0010884465895086364,0.037227049844092086,0.04031282695010687,tumor_039,0,0.0,ITC,527,0.0,,,-0.3636874854564667,0.10054762661457062,,,,,
76,0.0008177435544226685,0.0322673740943268,0.03733359860095544,tumor_039,0,0.0,ITC,527,0.0,,,-0.3636874854564667,0.10054762661457062,,,,,
77,0.002637573478060913,0.05795052074323247,0.06650778354341191,tumor_039,0,0.0,ITC,527,0.0,,,-0.3636874854564667,0.10054762661457062,,,,,
78,0.0030275556174871217,0.062087064160497134,0.06738228561351839,tumor_039,0,0.0,ITC,527,0.0,,,-0.3636874854564667,0.10054762661457062,,,,,
79,0.0020393482176397706,0.05095663642926333,0.062130858750039555,tumor_039,0,0.0,ITC,527,0.0,,,-0.3636874854564667,0.10054762661457062,,,,,
80,0.00316475146030188,0.06347823807033956,0.09803158419066726,tumor_039,0,0.0,ITC,527,0.0,,,-0.3636874854564667,0.10054762661457062,,,,,
81,0.0035567537393968508,0.06729486987790922,0.09847683520121137,tumor_039,0,0.0,ITC,527,0.0,,,-0.3636874854564667,0.10054762661457062,,,,,
82,0.0012143808520477296,0.03932172075579031,0.044267222643274935,tumor_039,0,0.0,ITC,527,0.0,,,-0.3636874854564667,0.10054762661457062,,,,,
83,0.0025089144865631102,0.056519458053409084,0.06715665644283969,tumor_039,0,0.0,ITC,527,0.0,,,-0.3636874854564667,0.10054762661457062,,,,,
84,0.002721241287045593,0.05886248395567808,0.0641253585756622,tumor_039,0,0.0,ITC,527,0.0,,,-0.3636874854564667,0.10054762661457062,,,,,
85,0.0027489741306778565,0.059161664704714095,0.07108289979488738,tumor_039,0,0.0,ITC,527,0.0,,,-0.3636874854564667,0.10054762661457062,,,,,
86,0.004401231328518311,0.07485867867519964,0.08649511796667522,tumor_039,0,0.0,ITC,527,0.0,,,-0.3636874854564667,0.10054762661457062,,,,,
87,0.0008234563000962525,0.03237988765644276,0.03523386502303819,tumor_039,0,0.0,ITC,527,0.0,,,-0.3636874854564667,0.10054762661457062,,,,,
88,0.0012011089189416504,0.03910625746770727,0.04473783986267772,tumor_039,0,0.0,ITC,527,0.0,,,-0.3636874854564667,0.10054762661457062,,,,,
89,0.00406020064070105,0.07189998619818798,0.07825251164703473,tumor_039,0,0.0,ITC,527,0.0,,,-0.3636874854564667,0.10054762661457062,,,,,
90,0.003258482759263916,0.06441140508429051,0.07155471782920644,tumor_039,0,0.0,ITC,527,0.0,,,-0.3636874854564667,0.10054762661457062,,,,,
91,0.001936758054970459,0.049658402553573414,0.056134709389556836,tumor_039,0,0.0,ITC,527,0.0,,,-0.3636874854564667,0.10054762661457062,,,,,
92,0.0034217623985888673,0.06600547854967183,0.09613182681099196,tumor_039,0,0.0,ITC,527,0.0,,,-0.3636874854564667,0.10054762661457062,,,,,
93,0.001945762775185913,0.04977370902434677,0.05404565288947854,tumor_039,0,0.0,ITC,527,0.0,,,-0.3636874854564667,0.10054762661457062,,,,,
94,0.002452035508480591,0.05587511587900539,0.06356029535999656,tumor_039,0,0.0,ITC,527,0.0,,,-0.3636874854564667,0.10054762661457062,,,,,
95,0.0028562909596446533,0.060305411043198434,0.07073858322229264,tumor_039,0,0.0,ITC,527,0.0,,,-0.3636874854564667,0.10054762661457062,,,,,
96,0.0027218554665644533,0.058869126162050665,0.06641028175855,tumor_039,0,0.0,ITC,527,0.0,,,-0.3636874854564667,0.10054762661457062,,,,,
97,0.00293160448482605,0.06109529245042928,0.07945802746733648,tumor_039,0,0.0,ITC,527,0.0,,,-0.3636874854564667,0.10054762661457062,,,,,
98,0.0023512884141654055,0.05471520254913641,0.06102313137791516,tumor_039,0,0.0,ITC,527,0.0,,,-0.3636874854564667,0.10054762661457062,,,,,
99,0.0026325159586018066,0.057894934326227665,0.06816664033889201,tumor_039,0,0.0,ITC,527,0.0,,,-0.3636874854564667,0.10054762661457062,,,,,
100,0.003912438879631714,0.07057954305538137,0.07669218693906742,tumor_039,0,0.0,ITC,527,0.0,,,-0.3636874854564667,0.10054762661457062,,,,,
101,0.0018662082530822755,0.04874556540379319,0.055012942033732394,tumor_039,0,0.0,ITC,527,0.0,,,-0.3636874854564667,0.10054762661457062,,,,,
102,0.0040880461870480955,0.07214611608432872,0.10491628547888554,tumor_039,0,0.0,ITC,527,0.0,,,-0.3636874854564667,0.10054762661457062,,,,,
103,0.0034787633021883544,0.06655297891995288,0.07659859552237235,tumor_039,0,0.0,ITC,527,0.0,,,-0.3636874854564667,0.10054762661457062,,,,,
104,0.0032247006115616456,0.06407664425180169,0.07167891141745798,tumor_039,0,0.0,ITC,527,0.0,,,-0.3636874854564667,0.10054762661457062,,,,,
105,0.0006470396097956543,0.02870255072640472,0.03219055132274541,tumor_039,0,0.0,ITC,527,0.0,,,-0.3636874854564667,0.10054762661457062,,,,,
106,0.0009155511805797729,0.034142582918448496,0.03920441838619724,tumor_039,0,0.0,ITC,527,0.0,,,-0.3636874854564667,0.10054762661457062,,,,,
107,0.002605217487688477,0.05759397475396676,0.06469739114900987,tumor_039,0,0.0,ITC,527,0.0,,,-0.3636874854564667,0.10054762661457062,,,,,
108,0.0030572119361623536,0.06239040898854775,0.07288131505652996,tumor_039,0,0.0,ITC,527,0.0,,,-0.3636874854564667,0.10054762661457062,,,,,
109,0.0018259771861933595,0.0482172828065376,0.05620673117496645,tumor_039,0,0.0,ITC,527,0.0,,,-0.3636874854564667,0.10054762661457062,,,,,
110,0.004455635337540527,0.07531992504428031,0.08169950753598006,tumor_039,0,0.0,ITC,527,0.0,,,-0.3636874854564667,0.10054762661457062,,,,,
111,0.012801497147452882,0.12766899545289526,0.16374900295853448,tumor_039,0,0.0,ITC,527,0.0,,,-0.3636874854564667,0.10054762661457062,,,,,
112,0.0023744279238826905,0.054983775141498374,0.0630220233813239,tumor_039,0,0.0,ITC,527,0.0,,,-0.3636874854564667,0.10054762661457062,,,,,
113,0.0028597162917974855,0.06034156005142689,0.06512853342429875,tumor_039,0,0.0,ITC,527,0.0,,,-0.3636874854564667,0.10054762661457062,,,,,
114,0.003347657071305908,0.06528682382685638,0.09709244273489653,tumor_039,0,0.0,ITC,527,0.0,,,-0.3636874854564667,0.10054762661457062,,,,,
115,0.0020793550360039673,0.051454028602087705,0.06031351869638664,tumor_039,0,0.0,ITC,527,0.0,,,-0.3636874854564667,0.10054762661457062,,,,,
116,0.004071468926339539,0.0719996891811063,0.07671771487275428,tumor_039,0,0.0,ITC,527,0.0,,,-0.3636874854564667,0.10054762661457062,,,,,
117,0.003602625020152405,0.06772742901151907,0.08056957458829403,tumor_039,0,0.0,ITC,527,0.0,,,-0.3636874854564667,0.10054762661457062,,,,,
118,0.006752521544716187,0.09272312256071198,0.12364431803563918,tumor_039,0,0.0,ITC,527,0.0,,,-0.3636874854564667,0.10054762661457062,,,,,
119,0.00248120453955542,0.05620647416746902,0.060788988988549564,tumor_039,0,0.0,ITC,527,0.0,,,-0.3636874854564667,0.10054762661457062,,,,,
120,0.013614642603386719,0.13166131303487769,0.1796049433393028,tumor_039,0,0.0,ITC,527,0.0,,,-0.3636874854564667,0.10054762661457062,,,,,
121,0.00133632008608667,0.04124870395575411,0.04865612833956442,tumor_039,0,0.0,ITC,527,0.0,,,-0.3636874854564667,0.10054762661457062,,,,,
122,0.010854066475885254,0.11755775881787357,0.15921704274512116,tumor_039,0,0.0,ITC,527,0.0,,,-0.3636874854564667,0.10054762661457062,,,,,
123,0.007538241825229614,0.0979693196345617,0.10590476758859241,tumor_039,0,0.0,ITC,527,0.0,,,-0.3636874854564667,0.10054762661457062,,,,,
124,0.013397843363743653,0.13060882047123,0.21972481389456222,tumor_039,0,0.0,micro,527,0.0,,,-0.3636874854564667,0.10054762661457062,,,,,
125,0.005416175235453003,0.08304269077404733,0.09996658638193733,tumor_039,0,0.0,ITC,527,0.0,,,-0.3636874854564667,0.10054762661457062,,,,,
126,0.004083747294426636,0.07210817253244754,0.08585755163791442,tumor_039,0,0.0,ITC,527,0.0,,,-0.3636874854564667,0.10054762661457062,,,,,
127,0.001392139227604065,0.042101386157258065,0.04610600828525497,tumor_039,0,0.0,ITC,527,0.0,,,-0.3636874854564667,0.10054762661457062,,,,,
128,0.0015806009876599733,0.04486071423791793,0.0525535762866401,tumor_039,0,0.0,ITC,527,0.0,,,-0.3636874854564667,0.10054762661457062,,,,,
129,0.001260056201416809,0.04005438033764418,0.04574121863844918,tumor_039,0,0.0,ITC,527,0.0,,,-0.3636874854564667,0.10054762661457062,,,,,
130,0.0023973938113754883,0.05524904166541374,0.059675757378977644,tumor_039,0,0.0,ITC,527,0.0,,,-0.3636874854564667,0.10054762661457062,,,,,
131,0.0022199028898743896,0.05316453841481124,0.06152268605969671,tumor_039,0,0.0,ITC,527,0.0,,,-0.3636874854564667,0.10054762661457062,,,,,
132,0.002339432633504883,0.05457708439649685,0.060509873871403316,tumor_039,0,0.0,ITC,527,0.0,,,-0.3636874854564667,0.10054762661457062,,,,,
133,0.00647643956704541,0.0908078133524296,0.10392590409036621,tumor_039,0,0.0,ITC,527,0.0,,,-0.3636874854564667,0.10054762661457062,,,,,
134,0.006463311868618286,0.0907157332610001,0.1069193695485155,tumor_039,0,0.0,ITC,527,0.0,,,-0.3636874854564667,0.10054762661457062,,,,,
135,0.0032217952162335206,0.06404777181406933,0.06843641481414095,tumor_039,0,0.0,ITC,527,0.0,,,-0.3636874854564667,0.10054762661457062,,,,,
136,0.001957647619026123,0.04992548811179212,0.05921034447368962,tumor_039,0,0.0,ITC,527,0.0,,,-0.3636874854564667,0.10054762661457062,,,,,
137,0.001965997462621399,0.05003184700027129,0.0597868761953321,tumor_039,0,0.0,ITC,527,0.0,,,-0.3636874854564667,0.10054762661457062,,,,,
138,0.0015966443421881105,0.04508781116168275,0.049579110695767065,tumor_039,0,0.0,ITC,527,0.0,,,-0.3636874854564667,0.10054762661457062,,,,,
139,0.0032606568393585204,0.0644328893476184,0.07239462663991747,tumor_039,0,0.0,ITC,527,0.0,,,-0.3636874854564667,0.10054762661457062,,,,,
140,0.001364497469505066,0.04168131640033591,0.047250223713756104,tumor_039,0,0.0,ITC,527,0.0,,,-0.3636874854564667,0.10054762661457062,,,,,
141,0.0015850513519227905,0.04492382510098654,0.05230032217767435,tumor_039,0,0.0,ITC,527,0.0,,,-0.3636874854564667,0.10054762661457062,,,,,
142,0.0048973721198302,0.0789653585330383,0.08707118696570637,tumor_039,0,0.0,ITC,527,0.0,,,-0.3636874854564667,0.10054762661457062,,,,,
143,0.001968325778675171,0.050061464404578294,0.058002225647825555,tumor_039,0,0.0,ITC,527,0.0,,,-0.3636874854564667,0.10054762661457062,,,,,
144,0.0010201427850289307,0.036040062918578496,0.04028544995714954,tumor_039,0,0.0,ITC,527,0.0,,,-0.3636874854564667,0.10054762661457062,,,,,
145,0.001551735328751587,0.044449193283221,0.05183383626839836,tumor_039,0,0.0,ITC,527,0.0,,,-0.3636874854564667,0.10054762661457062,,,,,
146,0.0006546842964607544,0.028871611239606135,0.03284807006428927,tumor_039,0,0.0,ITC,527,0.0,,,-0.3636874854564667,0.10054762661457062,,,,,
147,0.001533797775,0.04419153743373052,0.0588867771660158,tumor_039,0,0.0,ITC,527,0.0,,,-0.3636874854564667,0.10054762661457062,,,,,
0,0.020096209140222657,0.15996027061930007,0.40772393742265345,tumor_040,2,0.25,micro,303,0.006600660066006601,0.9583333333333334,-0.031712859869003296,-0.302558034658432,0.12909035384655,2.0981054306030273,0.8786875053219867,0.38521633297949437,False,1.0
1,0.0032587973653007813,0.06441451446513988,0.09928257927421894,tumor_040,0,0.0,ITC,303,0.0,,,-0.302558034658432,0.12909035384655,,,,,
2,0.004625954220265137,0.07674599563088674,0.0981689100261189,tumor_040,0,0.0,ITC,303,0.0,,,-0.302558034658432,0.12909035384655,,,,,
3,0.0033239136500507814,0.06505488684587538,0.08675830926908266,tumor_040,0,0.0,ITC,303,0.0,,,-0.302558034658432,0.12909035384655,,,,,
4,0.0019471285067629396,0.049791174052152075,0.08023238770315799,tumor_040,1,0.1257888525724411,ITC,303,0.0033003300330033004,0.96,-0.04441031813621521,-0.302558034658432,0.12909035384655,1.9997444152832031,1.0,0.34994441134877835,False,1.0
0,0.04254895816322058,0.23275527087628856,0.33030099553282344,tumor_041,1,0.546875,micro,305,0.003278688524590164,1.0,0.2380688190460205,-0.31563517451286316,0.09826642274856567,5.634722709655762,1.0,2.7752071263448372,True,1.0
1,0.031385258784352665,0.19990235767990447,0.3362148534938723,tumor_041,1,0.375,micro,305,0.003278688524590164,0.9966666666666667,0.07247892022132874,-0.31563517451286316,0.09826642274856567,3.949610471725464,1.0,1.3635115958325534,True,0.9966666666666667
2,0.018933120197932436,0.1552623500441482,0.3819256420390767,tumor_041,0,0.0,micro,305,0.0,,,-0.31563517451286316,0.09826642274856567,,,,,
3,0.016867696487548097,0.14654903000885622,0.26337244931923526,tumor_041,0,0.0,micro,305,0.0,,,-0.31563517451286316,0.09826642274856567,,,,,
4,0.0015934659101081543,0.04504291076226211,0.06540057171991134,tumor_041,0,0.0,ITC,305,0.0,,,-0.31563517451286316,0.09826642274856567,,,,,
5,0.04249824197040088,0.23261651329696695,0.5264121109979496,tumor_041,3,0.109375,micro,305,0.009836065573770493,0.9966666666666667,0.06343463063240051,-0.31563517451286316,0.09826642274856567,3.857572078704834,0.8079453827742809,1.3007037835994175,True,0.9977777777777778
0,2.6725310989826134,1.8446604781799785,2.3415870820770115,tumor_042,54,1.0,macro,354,0.15254237288135594,0.9870987654320987,0.04062185809016228,-0.3751777410507202,0.09184578061103821,4.527149677276611,0.3203642436902295,1.7459573526263177,True,0.9977777777777778
0,0.01851875973796289,0.15355395539621808,0.2488436286454588,tumor_043,1,0.265625,micro,301,0.0033222591362126247,1.0,0.008196059614419937,-0.2775095999240875,0.06369849294424057,4.485281467437744,1.0,1.7625163093835639,True,1.0
0,1.2109336996171114,1.2416958856358336,1.918264762471534,tumor_044,26,0.9453125,micro,1416,0.018361581920903956,0.9257692307692308,-0.017891690135002136,-0.3173002004623413,0.1272335797548294,2.3532190322875977,0.5509536831846111,0.38161189106467397,True,0.9441025641025641
1,0.009466899621706056,0.10978902934444089,0.18758584384308905,tumor_044,1,0.21875,ITC,1416,0.0007062146892655367,0.99,0.008854184299707413,-0.3173002004623413,0.1272335797548294,2.563430070877075,1.0,0.45283516393726164,False,1.0
2,1.4729786116897852,1.369472386341738,1.797213238134939,tumor_044,30,1.0,micro,1416,0.0211864406779661,0.9854444444444445,0.09263958036899567,-0.3173002004623413,0.1272335797548294,3.2219462394714355,0.5312308462397485,0.7153750244229368,True,0.9675555555555555
3,0.1633268719511367,0.4560199908842632,0.6478739226255753,tumor_044,5,0.3125,micro,1416,0.0035310734463276836,0.9573333333333334,-0.02110946550965309,-0.3173002004623413,0.1272335797548294,2.3279290199279785,0.7781796339403568,0.3734536109450488,True,0.9673333333333334
4,0.032939238796831055,0.20479145834140638,0.3382942719479354,tumor_044,2,0.1796875,micro,1416,0.0014124293785310734,0.7016666666666667,-0.2529613971710205,-0.3173002004623413,0.1272335797548294,0.5056747198104858,0.9044671682348528,0.01762137037423709,False,0.9933333333333333
5,0.056298815862183105,0.2677347169821179,0.32552419106868813,tumor_044,3,0.125,micro,1416,0.00211864406779661,0.9122222222222223,-0.0222127977758646,-0.3173002004623413,0.1272335797548294,2.3192572593688965,0.8485840440645388,0.3706764915371161,False,0.9966666666666667
6,0.16349130254139257,0.4562494839624056,1.0850548442829548,tumor_044,6,0.3359375,micro,1416,0.00423728813559322,0.9611111111111111,0.047967106103897095,-0.3173002004623413,0.1272335797548294,2.870840549468994,0.7530512122993915,0.5679568452071612,True,0.9894444444444445
7,0.36657753363479884,0.6831844641349144,0.9274565855536656,tumor_044,10,0.8046875,micro,1416,0.007062146892655367,0.811,-0.15826047956943512,-0.3173002004623413,0.1272335797548294,1.249982237815857,0.6826468021752097,0.10767252011558887,False,0.9923333333333333
8,0.05454046085267725,0.2635205334422893,0.31909128460344577,tumor_044,3,0.28125,micro,1416,0.00211864406779661,0.7922222222222223,-0.1597595065832138,-0.3173002004623413,0.1272335797548294,1.2382005453109741,0.8485840440645388,0.10565235364405899,False,0.7055555555555556
9,47.47823919735567,7.775035154934561,11.490714332257081,tumor_044,807,1.0,macro,1416,0.5699152542372882,0.9749566294919455,0.13390177488327026,-0.3173002004623413,0.1272335797548294,3.5462491512298584,0.07749438808369935,0.8666339218434055,True,0.9862040479140851
10,0.3715688216537974,0.6878198291124369,1.2624458351798113,tumor_044,11,0.65625,micro,1416,0.007768361581920904,0.8993939393939394,-0.1161436066031456,-0.3173002004623413,0.1272335797548294,1.5810023546218872,0.6695107011736923,0.17225118883071772,True,0.7893939393939394
11,11.927714213908724,3.897029306465153,5.5760383828461215,tumor_044,211,1.0,macro,1416,0.14901129943502825,0.9554660347551343,0.0441996306180954,-0.3173002004623413,0.1272335797548294,2.8412299156188965,0.262381530163222,0.556301142682416,True,0.9392890995260663
12,0.0694891035911316,0.29744961694449523,0.37838729934360865,tumor_044,1,1.0,micro,1416,0.0007062146892655367,0.97,-0.050737738609313965,-0.3173002004623413,0.1272335797548294,2.0950636863708496,1.0,0.30247650977289314,False,0.9966666666666667
0,0.3647354175034629,0.6814657415680546,1.3853985909609254,tumor_045,9,0.765625,micro,317,0.028391167192429023,0.8862962962962962,-0.05576472729444504,-0.34372857213020325,0.1084204688668251,2.655991554260254,0.6184646546147115,0.6124684369770363,True,0.9959259259259259
1,0.3494696857724751,0.6670521895711659,1.36599747331549,tumor_045,8,0.7578125,micro,317,0.025236593059936908,0.9404166666666667,0.07695549726486206,-0.34372857213020325,0.1084204688668251,3.8801167011260986,0.6389169978358885,1.3071333915304335,True,1.0
0,33.41270743275018,6.522452023590824,10.334206721009618,tumor_046,586,1.0,macro,1221,0.4799344799344799,0.8885836177474403,0.1461598426103592,-0.20811814069747925,0.21256093680858612,1.6667125225067139,0.10328714486106445,0.19542453472072976,True,0.8653299203640501
1,5.809214025143477,2.7196545774496443,4.050799896407328,tumor_046,105,1.0,macro,1221,0.085995085995086,0.872984126984127,0.13103196024894714,-0.20811814069747925,0.21256093680858612,1.5955429077148438,0.3451974463735286,0.1790913727925982,True,0.8237142857142857
2,5.56460884975885,2.661781365645236,4.153748525720204,tumor_046,103,1.0,macro,1221,0.08435708435708436,0.9063754045307444,0.17495328187942505,-0.20811814069747925,0.21256093680858612,1.802172303199768,0.34790325904760294,0.22848111614049188,True,0.8981553398058253
3,3.0361196669810715,1.966140285571824,3.6479387188461883,tumor_046,68,0.921875,macro,1221,0.055692055692055695,0.8501960784313726,0.07082293182611465,-0.20811814069747925,0.21256093680858612,1.3122875690460205,0.4063240310368417,0.12114785235143015,True,0.8316666666666667
4,2.6189829962196502,1.8260867224137631,3.0625984498195318,tumor_046,59,0.921875,macro,1221,0.04832104832104832,0.8337853107344633,0.07164133340120316,-0.20811814069747925,0.21256093680858612,1.316137671470642,0.4262989518837116,0.12185976318526945,True,0.7916949152542373
0,2.618470382278254,1.8259080035517865,2.503044062723139,tumor_047,54,1.0,macro,1000,0.054,0.9180864197530865,0.09780359268188477,-0.25380975008010864,0.1059403195977211,3.3189756870269775,0.42253541339234385,0.7973356876576666,True,0.9903086419753087
1,0.4124189690709082,0.7246434574464798,1.130049599481368,tumor_047,12,0.6875,micro,1000,0.012,0.9619444444444445,0.11410651355981827,-0.25380975008010864,0.1059403195977211,3.4728634357452393,0.6402729179841251,0.8729883989979298,True,0.9908333333333333
2,0.08686735299949878,0.33257021662414465,0.44310485965101987,tumor_047,3,0.234375,micro,1000,0.003,0.9266666666666666,0.047216471284627914,-0.25380975008010864,0.1059403195977211,2.8414697647094727,0.8409595817601124,0.5844120193664278,True,0.9966666666666667
3,0.10601993517431396,0.3674081844409498,0.44129811930853496,tumor_047,3,0.78125,micro,1000,0.003,0.9911111111111112,0.05453766509890556,-0.25380975008010864,0.1059403195977211,2.910576581954956,0.8409595817601124,0.613184435268013,True,0.9955555555555555
4,0.8267993028636768,1.0260183078120477,1.466481465099719,tumor_047,21,0.640625,micro,1000,0.021,0.9577777777777777,0.10165450721979141,-0.25380975008010864,0.1059403195977211,3.35532546043396,0.5592602350886936,0.8148963368528069,True,0.9950793650793651
5,4.85243967507003,2.485622272739968,2.864824436510593,tumor_047,90,1.0,macro,1000,0.09,0.998,0.22852537035942078,-0.25380975008010864,0.1059403195977211,4.552894592285156,0.3485858301868917,1.5004041350111228,True,0.9964814814814815
6,5.432782232782406,2.6300633408176983,3.9291121634303803,tumor_047,96,1.0,macro,1000,0.096,0.9924305555555556,0.2127668410539627,-0.25380975008010864,0.1059403195977211,4.404145240783691,0.33924292232014386,1.4039651463141967,True,0.9948263888888889
7,7.463218081170437,3.0826067527222283,3.398663138613218,tumor_047,128,1.0,macro,1000,0.128,0.99625,0.2262226939201355,-0.25380975008010864,0.1059403195977211,4.531158924102783,0.2975966767840439,1.486112374156197,True,0.9973697916666666
8,4.37376570395625,2.3598414043497766,3.3735368266986527,tumor_047,81,1.0,macro,1000,0.081,0.9654732510288065,0.19301314651966095,-0.25380975008010864,0.1059403195977211,4.217684745788574,0.36383832704045005,1.287600956926114,True,0.9973662551440329
9,2.673571791244922,1.8450196016035867,2.332013431553203,tumor_047,52,1.0,macro,1000,0.052,0.9906410256410256,0.12133658677339554,-0.25380975008010864,0.1059403195977211,3.541110038757324,0.427998885455067,0.9076364028659971,True,0.9962179487179487
10,0.010514573548872802,0.11570467077197528,0.17283578859527707,tumor_047,0,0.0,ITC,1000,0.0,,,-0.25380975008010864,0.1059403195977211,,,,,
11,0.01378749373097168,0.13249446117125535,0.24317239307222127,tumor_047,1,0.03125,micro,1000,0.001,0.77,-0.18556155264377594,-0.25380975008010864,0.1059403195977211,0.6442136168479919,1.0,0.030039511199470546,False,0.9866666666666667
12,0.42780226640942287,0.7380343914207551,1.0376123909263248,tumor_047,9,0.8125,micro,1000,0.009,0.9959259259259259,0.1465388983488083,-0.25380975008010864,0.1059403195977211,3.7790019512176514,0.6819191635202251,1.0336828079852818,True,0.9988888888888889
13,1.9029755946660118,1.5565807977084514,2.0087259123871,tumor_047,41,1.0,macro,1000,0.041,0.9900813008130082,0.13171260058879852,-0.25380975008010864,0.1059403195977211,3.639052391052246,0.46240538109342155,0.958538756078689,True,0.9834959349593496
14,0.010575300933083497,0.11603831843609495,0.19796899200948112,tumor_047,1,0.046875,ITC,1000,0.001,0.9866666666666667,-0.05649633705615997,-0.25380975008010864,0.1059403195977211,1.8624958992004395,1.0,0.25108670142767403,False,0.9866666666666667
15,0.0030330996604848635,0.06214388490311918,0.08022834798403324,tumor_047,0,0.0,ITC,1000,0.0,,,-0.25380975008010864,0.1059403195977211,,,,,
16,0.008743942258033448,0.10551366290584864,0.1636739088514299,tumor_047,1,0.25,ITC,1000,0.001,0.99,0.008223507553339005,-0.25380975008010864,0.1059403195977211,2.4734044075012207,1.0,0.4428160173580959,False,0.99
17,0.001872618716895996,0.04882921464208904,0.058453703249735846,tumor_047,0,0.0,ITC,1000,0.0,,,-0.25380975008010864,0.1059403195977211,,,,,
18,0.1481086167406172,0.43425539461263823,0.8220590950478056,tumor_047,8,0.265625,micro,1000,0.008,0.9279166666666666,0.0044829752296209335,-0.25380975008010864,0.1059403195977211,2.438096523284912,0.6989700043360187,0.430263842361384,True,0.99125
19,0.0116240134652688,0.12165588194787068,0.2453109071204336,tumor_047,0,0.0,micro,1000,0.0,,,-0.25380975008010864,0.1059403195977211,,,,,
20,1.132557344555203,1.2008400383764408,1.5145515887497885,tumor_047,25,0.78125,micro,1000,0.025,0.9953333333333333,0.14550884068012238,-0.25380975008010864,0.1059403195977211,3.7692785263061523,0.5340199971093208,1.0283702907152033,True,0.9976
21,0.0010656940212136231,0.03683590327923313,0.04603611002809437,tumor_047,0,0.0,ITC,1000,0.0,,,-0.25380975008010864,0.1059403195977211,,,,,
22,1.6033797184534628,1.428805957000908,2.1274964801302434,tumor_047,34,1.0,macro,1000,0.034,0.9936274509803922,0.2073487490415573,-0.25380975008010864,0.1059403195977211,4.353003025054932,0.48950702765258164,1.3715479610135728,True,0.9980392156862745
23,0.018395865664582765,0.1530436004012666,0.20256753646039288,tumor_047,2,0.15625,micro,1000,0.002,0.99,0.04853994399309158,-0.25380975008010864,0.1059403195977211,2.8539624214172363,0.8996566681120063,0.5895621062057892,True,0.99
24,0.005462678074528564,0.08339842771088377,0.1264040233892738,tumor_047,0,0.0,ITC,1000,0.0,,,-0.25380975008010864,0.1059403195977211,,,,,
25,0.007210558359435059,0.09581632451129304,0.14299024797000306,tumor_047,0,0.0,ITC,1000,0.0,,,-0.25380975008010864,0.1059403195977211,,,,,
26,0.6364179206543847,0.9001735741262836,1.5314317988524093,tumor_047,13,1.0,micro,1000,0.013,0.9966666666666667,0.1958821415901184,-0.25380975008010864,0.1059403195977211,4.2447662353515625,0.6286855492310545,1.3041892528824246,True,0.9971794871794872
27,0.008678749167055482,0.10511958256353758,0.2380683224780389,tumor_047,2,0.0390625,micro,1000,0.002,0.8983333333333333,-0.08194617182016373,-0.25380975008010864,0.1059403195977211,1.6222679615020752,0.8996566681120063,0.19049265880362004,False,0.9416666666666667
28,0.09132544401714404,0.3409973119587969,0.5494476370725593,tumor_047,5,0.0625,micro,1000,0.005,0.988,0.0028735711239278316,-0.25380975008010864,0.1059403195977211,2.4229049682617188,0.7670099985546603,0.42491867822019447,True,0.9913333333333333
29,0.10044672837139161,0.3576209539466713,0.6000428681137155,tumor_047,4,0.5078125,micro,1000,0.004,0.985,0.01055031456053257,-0.25380975008010864,0.1059403195977211,2.4953677654266357,0.7993133362240125,0.45071517687348167,True,0.9883333333333333
30,0.0006488251374509583,0.028742126271742448,0.043759200670685755,tumor_047,0,0.0,ITC,1000,0.0,,,-0.25380975008010864,0.1059403195977211,,,,,
31,0.010299602420714355,0.11451576789727921,0.22324098168520953,tumor_047,1,0.09375,micro,1000,0.001,0.9,-0.13423919677734375,-0.25380975008010864,0.1059403195977211,1.1286596059799194,1.0,0.09220596667970359,False,0.99
32,0.004008595959375733,0.07144160478560634,0.09730241304863668,tumor_047,1,0.2589642405509949,ITC,1000,0.001,0.99,0.06258188188076019,-0.25380975008010864,0.1059403195977211,2.986508369445801,1.0,0.6455955574966512,False,0.9933333333333333
33,0.001120800275081543,0.03777627869422647,0.04606678223142316,tumor_047,0,0.0,ITC,1000,0.0,,,-0.25380975008010864,0.1059403195977211,,,,,
34,0.0027173647151499023,0.058820542438818575,0.08937963796429667,tumor_047,0,0.0,ITC,1000,0.0,,,-0.25380975008010864,0.1059403195977211,,,,,
35,0.020008553436984374,0.15961103178952,0.22941828702666664,tumor_047,1,0.65625,micro,1000,0.001,0.99,0.05468101426959038,-0.25380975008010864,0.1059403195977211,2.9119296073913574,1.0,0.613754663848762,False,0.9933333333333333
36,0.009290919718847901,0.10876381012541281,0.13706196306871574,tumor_047,1,0.6002141833305359,ITC,1000,0.001,0.9933333333333333,0.11523348093032837,-0.25380975008010864,0.1059403195977211,3.4835011959075928,1.0,0.8783447076368995,False,0.9933333333333333
37,0.004735279219801026,0.07764756762457749,0.10032722257194206,tumor_047,0,0.0,ITC,1000,0.0,,,-0.25380975008010864,0.1059403195977211,,,,,
38,0.005805493315101563,0.0859754829325369,0.1237367403820642,tumor_047,0,0.0,ITC,1000,0.0,,,-0.25380975008010864,0.1059403195977211,,,,,
39,0.0011300244107706298,0.03793140870451844,0.04748791236353885,tumor_047,0,0.0,ITC,1000,0.0,,,-0.25380975008010864,0.1059403195977211,,,,,
40,0.005742092507598633,0.08550473232635766,0.11603436678437735,tumor_047,0,0.0,ITC,1000,0.0,,,-0.25380975008010864,0.1059403195977211,,,,,
41,0.0030023042518564453,0.06182760304904391,0.0952267810613367,tumor_047,0,0.0,ITC,1000,0.0,,,-0.25380975008010864,0.1059403195977211,,,,,
42,0.00047551808303668215,0.02460586165040685,0.03141560473520465,tumor_047,0,0.0,ITC,1000,0.0,,,-0.25380975008010864,0.1059403195977211,,,,,
43,0.0003734925115567017,0.021807004273316576,0.026406824425534964,tumor_047,0,0.0,ITC,1000,0.0,,,-0.25380975008010864,0.1059403195977211,,,,,
44,0.0013267788863884277,0.041101184231958916,0.04796633494647231,tumor_047,0,0.0,ITC,1000,0.0,,,-0.25380975008010864,0.1059403195977211,,,,,
45,0.0009611347272066651,0.03498220608391885,0.043504290474000784,tumor_047,0,0.0,ITC,1000,0.0,,,-0.25380975008010864,0.1059403195977211,,,,,
46,0.09008702782178907,0.3386773778839659,0.65177519349077,tumor_047,3,0.296875,micro,1000,0.003,0.9633333333333334,0.017018407583236694,-0.25380975008010864,0.1059403195977211,2.556421995162964,0.8409595817601124,0.4730403114625081,True,0.9911111111111112
47,0.007031076329008301,0.09461630104873424,0.17183078455100997,tumor_047,1,0.3125,ITC,1000,0.001,0.9966666666666667,0.1591631919145584,-0.25380975008010864,0.1059403195977211,3.898165702819824,1.0,1.0999011424793752,True,0.9933333333333333
48,0.002710532474824219,0.05874654997729707,0.08643586337652102,tumor_047,0,0.0,ITC,1000,0.0,,,-0.25380975008010864,0.1059403195977211,,,,,
49,0.0007605717640839844,0.031118966027821552,0.036873143484875845,tumor_047,0,0.0,ITC,1000,0.0,,,-0.25380975008010864,0.1059403195977211,,,,,
50,0.0009220681409084473,0.03426388214935764,0.046504983173871965,tumor_047,0,0.0,ITC,1000,0.0,,,-0.25380975008010864,0.1059403195977211,,,,,
51,0.004435784436168457,0.07515195377400674,0.14081847975690576,tumor_047,0,0.0,ITC,1000,0.0,,,-0.25380975008010864,0.1059403195977211,,,,,
52,0.002481917063194336,0.05621454395093843,0.0759062923873904,tumor_047,0,0.0,ITC,1000,0.0,,,-0.25380975008010864,0.1059403195977211,,,,,
53,0.002462343732487793,0.055992440676704204,0.10931603002015762,tumor_047,0,0.0,ITC,1000,0.0,,,-0.25380975008010864,0.1059403195977211,,,,,
54,0.007705648212618164,0.09905117880229024,0.15467335148288341,tumor_047,0,0.0,ITC,1000,0.0,,,-0.25380975008010864,0.1059403195977211,,,,,
55,0.023507136277971682,0.17300351294870314,0.3049907062159617,tumor_047,1,0.15625,micro,1000,0.001,0.99,-0.026378914713859558,-0.25380975008010864,0.1059403195977211,2.146782636642456,1.0,0.3335870701016371,False,0.99
56,0.0214456692866792,0.16524368126833863,0.30212607911006056,tumor_047,1,0.390625,micro,1000,0.001,0.8466666666666667,-0.15351606905460358,-0.25380975008010864,0.1059403195977211,0.9466997981071472,1.0,0.06487205116132712,False,0.99
57,0.0015646893544973145,0.044634340606444674,0.07564416892806859,tumor_047,0,0.0,ITC,1000,0.0,,,-0.25380975008010864,0.1059403195977211,,,,,
58,0.05280055257200977,0.25928314931470337,0.4406108118311733,tumor_047,2,0.2734375,micro,1000,0.002,0.8516666666666667,-0.033501677215099335,-0.25380975008010864,0.1059403195977211,2.0795488357543945,0.8996566681120063,0.31301943870575855,False,0.995
59,0.008751242824973877,0.10555770189965581,0.22797125511717603,tumor_047,0,0.0,micro,1000,0.0,,,-0.25380975008010864,0.1059403195977211,,,,,
60,0.002581134792373993,0.05732715663577212,0.07028933256176902,tumor_047,0,0.0,ITC,1000,0.0,,,-0.25380975008010864,0.1059403195977211,,,,,
61,0.0011795624708016358,0.03875391055506732,0.055864371527916706,tumor_047,0,0.0,ITC,1000,0.0,,,-0.25380975008010864,0.1059403195977211,,,,,
62,0.0010226426437617189,0.03608419396591719,0.04241780459179282,tumor_047,0,0.0,ITC,1000,0.0,,,-0.25380975008010864,0.1059403195977211,,,,,
63,0.00028560430288092044,0.019069417730347895,0.022716084052437736,tumor_047,0,0.0,ITC,1000,0.0,,,-0.25380975008010864,0.1059403195977211,,,,,
64,0.0009879524807299804,0.035466888315506546,0.04346028330553331,tumor_047,1,0.06382393836975098,ITC,1000,0.001,0.9133333333333333,-0.12798292934894562,-0.25380975008010864,0.1059403195977211,1.1877142190933228,1.0,0.10210734234669674,False,0.9666666666666667
65,0.0035993708486477052,0.06769683375657402,0.1086828214490735,tumor_047,1,0.23252739012241364,ITC,1000,0.001,0.9933333333333333,0.11828958988189697,-0.25380975008010864,0.1059403195977211,3.5123486518859863,1.0,0.892952381357603,False,0.9933333333333333
66,0.002744393508299927,0.05911235354037204,0.08087967625584315,tumor_047,0,0.0,ITC,1000,0.0,,,-0.25380975008010864,0.1059403195977211,,,,,
0,0.0738093889906106,0.3065567367316947,0.5286625893331852,tumor_048,3,0.203125,micro,306,0.00980392156862745,0.9944444444444445,0.03752042353153229,-0.3311993479728699,0.09846422076225281,3.7447080612182617,0.8080552190456012,1.2250048015333677,True,1.0
1,0.033917336812538085,0.2078097555020581,0.34535756681292096,tumor_048,2,0.2265625,micro,306,0.006535947712418301,0.6416666666666667,-0.267181396484375,-0.3311993479728699,0.09846422076225281,0.6501646041870117,0.8788963266531138,0.03692738074196372,False,0.605
2,0.02235627799315686,0.1687154326491201,0.2663143692940538,tumor_048,1,0.59375,micro,306,0.0032679738562091504,0.9733333333333334,-0.13014519214630127,-0.3311993479728699,0.09846422076225281,2.041900634765625,1.0,0.3642261037434428,False,1.0
0,0.11687749662730298,0.38576294611527007,0.5528914120830172,tumor_049,5,0.34375,micro,308,0.016233766233766232,0.988,-0.08384691923856735,-0.38345131278038025,0.09505891054868698,3.15177583694458,0.7191256743527599,0.8667991224048742,True,1.0
1,0.03894817966051245,0.22268893672388443,0.39581129051638986,tumor_049,3,0.0625,micro,308,0.00974025974025974,0.8855555555555555,-0.19233161211013794,-0.38345131278038025,0.09505891054868698,2.0105395317077637,0.80827344544112,0.3527224098759046,True,0.9955555555555555
0,0.0038667593387351077,0.07016630886723006,0.10224433975041645,tumor_050,0,0.0,ITC,310,0.0,,,-0.31671321392059326,0.09288258105516434,,,,,
1,0.004118578700763428,0.07241503483335462,0.10197353926999886,tumor_050,0,0.0,ITC,310,0.0,,,-0.31671321392059326,0.09288258105516434,,,,,
2,0.00436836630001355,0.07457866128501958,0.08679801528898066,tumor_050,0,0.0,ITC,310,0.0,,,-0.31671321392059326,0.09288258105516434,,,,,
3,0.0010819365255582275,0.03711555427626134,0.04168844841776903,tumor_050,0,0.0,ITC,310,0.0,,,-0.31671321392059326,0.09288258105516434,,,,,
4,0.377566874651707,0.6933491729198339,1.2281599779357437,tumor_050,10,0.828125,micro,310,0.03225806451612903,0.9293333333333333,-0.03323903679847717,-0.31671321392059326,0.09288258105516434,3.0519628524780273,0.598613078753341,0.8118504195439893,True,0.9996666666666667
5,0.00481012291907666,0.07825879321587664,0.12680875315213852,tumor_050,0,0.0,ITC,310,0.0,,,-0.31671321392059326,0.09288258105516434,,,,,
0,0.03451418483720691,0.20963021010586855,0.3998992999641978,tumor_051,1,0.234375,micro,414,0.0024154589371980675,0.93,-0.09680511057376862,-0.2520907521247864,0.1001017615199089,1.551277756690979,1.0,0.19967774663900598,False,1.0
1,0.0049586918176977544,0.07945818090321138,0.10831800454308012,tumor_051,0,0.0,ITC,414,0.0,,,-0.2520907521247864,0.1001017615199089,,,,,
2,0.0019150830336156922,0.049379747365199005,0.06094408995136443,tumor_051,0,0.0,ITC,414,0.0,,,-0.2520907521247864,0.1001017615199089,,,,,
3,0.0009559674387416382,0.03488804303031402,0.04492366157037241,tumor_051,1,0.06175763159990311,ITC,414,0.0024154589371980675,0.9833333333333333,-0.013745065778493881,-0.2520907521247864,0.1001017615199089,2.3810338973999023,1.0,0.47041557555323404,False,1.0
4,0.0007495547304267883,0.030892761671995134,0.03659419326150733,tumor_051,0,0.0,ITC,414,0.0,,,-0.2520907521247864,0.1001017615199089,,,,,
5,0.004273764695053528,0.07376670125900416,0.127569214154513,tumor_051,0,0.0,ITC,414,0.0,,,-0.2520907521247864,0.1001017615199089,,,,,
6,0.005061983742268066,0.08028149148752899,0.16560504071077878,tumor_051,0,0.0,ITC,414,0.0,,,-0.2520907521247864,0.1001017615199089,,,,,
7,0.0015150791663146362,0.043921050852138974,0.05539775855589439,tumor_051,1,0.09787749499082565,ITC,414,0.0024154589371980675,0.6833333333333333,-0.20461523532867432,-0.2520907521247864,0.1001017615199089,0.47427254915237427,1.0,0.018664076819542946,False,1.0
8,0.003743067887611084,0.06903493357087225,0.11221891545100586,tumor_051,0,0.0,ITC,414,0.0,,,-0.2520907521247864,0.1001017615199089,,,,,
9,0.0006801103240886535,0.029426915560627844,0.03376570291149755,tumor_051,0,0.0,ITC,414,0.0,,,-0.2520907521247864,0.1001017615199089,,,,,
10,0.00033151441923825076,0.02054500591929952,0.02537889263973027,tumor_051,0,0.0,ITC,414,0.0,,,-0.2520907521247864,0.1001017615199089,,,,,
11,1.175014776890962,1.22314156154786,1.6727258436929575,tumor_051,24,1.0,micro,414,0.057971014492753624,0.9622222222222222,0.03350752964615822,-0.2520907521247864,0.1001017615199089,2.8530795574188232,0.4725979893757134,0.6754268180141542,True,1.0
12,2.541087481662615,1.7987254010227156,2.190855539341936,tumor_051,50,1.0,macro,414,0.12077294685990338,0.9635333333333334,0.08732767403125763,-0.2520907521247864,0.1001017615199089,3.3907337188720703,0.35079488617554955,0.9539770053164239,True,0.9898
13,0.009172548300065185,0.10806873378381135,0.18405849459616294,tumor_051,1,0.1875,ITC,414,0.0024154589371980675,0.9866666666666667,0.0057383254170417786,-0.2520907521247864,0.1001017615199089,2.575669765472412,1.0,0.5504665030375124,False,1.0
14,1.6441805961403857,1.4468710217888023,1.9916871942287335,tumor_051,32,1.0,micro,414,0.07729468599033816,0.9744791666666667,0.1372414082288742,-0.2520907521247864,0.1001017615199089,3.8893637657165527,0.42485678940522087,1.25518477906553,True,0.9961458333333333
15,0.12864524005827246,0.40471744079560074,0.6042824672262248,tumor_051,4,0.390625,micro,414,0.00966183574879227,0.9641666666666666,0.03888988867402077,-0.2520907521247864,0.1001017615199089,2.906848430633545,0.7699427157620883,0.7011247707284018,True,0.9808333333333333
0,2.5103502316859942,1.7878135210691537,2.4046510652964517,tumor_052,48,1.0,macro,369,0.13008130081300814,0.9925694444444444,0.14149609208106995,-0.2646542489528656,0.09961216151714325,4.077316761016846,0.3450627311276269,1.406283532561581,True,0.9951388888888889
1,0.01131335176032422,0.12001919365144877,0.1517610070705343,tumor_052,1,0.6875,ITC,369,0.0027100271002710027,0.9966666666666667,0.041511170566082,-0.2646542489528656,0.09961216151714325,3.0735747814178467,1.0,0.7991191801948069,False,1.0
2,0.008931385970657226,0.10663861311520151,0.16296965829590343,tumor_052,0,0.0,ITC,369,0.0,,,-0.2646542489528656,0.09961216151714325,,,,,
3,0.21978737611381055,0.529000925048042,0.8066615526036434,tumor_052,7,0.296875,micro,369,0.018970189701897018,0.8966666666666666,-0.00456508994102478,-0.2646542489528656,0.09961216151714325,2.611018180847168,0.6707871601339477,0.5766918024144861,True,0.9923809523809524
4,0.09132043534718115,0.34098796096997586,0.45580836866922675,tumor_052,2,0.7265625,micro,369,0.005420054200542005,1.0,0.1502191126346588,-0.2646542489528656,0.09961216151714325,4.164886474609375,0.8827320203514698,1.4673385324356605,True,1.0
5,0.060798437687865234,0.27822827879693807,0.640006553068489,tumor_052,4,0.0625,micro,369,0.01084010840108401,0.8366666666666667,-0.0447663739323616,-0.2646542489528656,0.09961216151714325,2.207440137863159,0.7654640407029395,0.41219418089457055,True,0.9758333333333333
6,0.1874661076273854,0.4885583501781186,0.616039787463216,tumor_052,5,0.578125,micro,369,0.013550135501355014,0.978,0.004965377040207386,-0.2646542489528656,0.09961216151714325,2.706693649291992,0.7277121834233982,0.6197295349776688,True,0.9973333333333333
7,0.012239542331626465,0.12483536881063328,0.17503913814084598,tumor_052,1,0.046875,ITC,369,0.0027100271002710027,1.0,0.046826474368572235,-0.2646542489528656,0.09961216151714325,3.126934766769409,1.0,0.8271068710754498,False,1.0
8,0.008838661503277221,0.10608361489174895,0.12577928406603273,tumor_052,0,0.0,ITC,369,0.0,,,-0.2646542489528656,0.09961216151714325,,,,,
9,0.009861099306403932,0.11205151311550403,0.18176560400094208,tumor_052,1,0.390625,ITC,369,0.0027100271002710027,0.9266666666666666,-0.12402939796447754,-0.2646542489528656,0.09961216151714325,1.4117237329483032,1.0,0.1685867420408439,False,0.9933333333333333
10,0.007911756779298706,0.10036713406155234,0.13508823725491093,tumor_052,0,0.0,ITC,369,0.0,,,-0.2646542489528656,0.09961216151714325,,,,,
11,0.00034537885611561587,0.020970217393288942,0.029371627344773277,tumor_052,0,0.0,ITC,369,0.0,,,-0.2646542489528656,0.09961216151714325,,,,,
12,0.0006731880127739869,0.029276775760071667,0.03936247052381617,tumor_052,0,0.0,ITC,369,0.0,,,-0.2646542489528656,0.09961216151714325,,,,,
13,0.006907500766592469,0.09378114486032883,0.11571880943247582,tumor_052,0,0.0,ITC,369,0.0,,,-0.2646542489528656,0.09961216151714325,,,,,
0,0.044238094719635745,0.2373303427309286,0.37474634024096887,tumor_053,2,0.4140625,micro,302,0.006622516556291391,1.0,0.09066186100244522,-0.2532023787498474,0.11025799810886383,3.1187236309051514,0.878617277052848,0.8516383325075341,True,1.0
0,0.008969162107086915,0.10686389417330447,0.18444184232773755,tumor_054,2,0.0625,ITC,1907,0.001048767697954903,0.425,-0.3144773840904236,-0.24949945509433746,0.21336793899536133,-0.3045346438884735,0.908232373964731,0.006139138773015437,False,0.4216666666666667
1,0.012067745674153932,0.12395616567214186,0.2222643281635613,tumor_054,2,0.09375,micro,1907,0.001048767697954903,0.5383333333333333,-0.31533288955688477,-0.24949945509433746,0.21336793899536133,-0.30854418873786926,0.908232373964731,0.006301860459877412,False,0.36833333333333335
2,0.00599753006971106,0.08738588247248155,0.10974613385722216,tumor_054,0,0.0,ITC,1907,0.0,,,-0.24949945509433746,0.21336793899536133,,,,,
3,0.04005793594893713,0.22583920857693207,0.34457222814502114,tumor_054,2,0.46875,micro,1907,0.001048767697954903,0.6633333333333333,-0.15682053565979004,-0.24949945509433746,0.21336793899536133,0.4343619644641876,0.908232373964731,0.012489286189226404,False,0.72
4,0.0022766093089315797,0.05383928862869455,0.067154471414121,tumor_054,0,0.0,ITC,1907,0.0,,,-0.24949945509433746,0.21336793899536133,,,,,
5,0.010317598994633423,0.11461577136976844,0.13676453857548965,tumor_054,0,0.0,ITC,1907,0.0,,,-0.24949945509433746,0.21336793899536133,,,,,
6,34.1757014824228,6.596503209768402,9.608418851368016,tumor_054,613,1.0,macro,1907,0.3214472994231778,0.808858075040783,0.0019099810160696507,-0.24949945509433746,0.21336793899536133,1.178290605545044,0.15025534299502347,0.09190494308042635,True,0.8447906470908102
7,33.444265483894235,6.525531500093721,8.736212391886529,tumor_054,593,1.0,macro,1907,0.31095962244362874,0.7472849915682968,-0.06425157189369202,-0.24949945509433746,0.21336793899536133,0.8682085871696472,0.15464687990743078,0.04989789148714526,True,0.8098145025295109
8,21.724609327911296,5.259337571426562,7.064437592416299,tumor_054,387,1.0,macro,1907,0.20293654955427373,0.7253143841515934,-0.08447606861591339,-0.24949945509433746,0.21336793899536133,0.7734216451644897,0.2111480731299299,0.03959740126671626,True,0.770516795865633
9,0.10534107276672144,0.3662300090536193,0.4678722684551308,tumor_054,3,0.890625,micro,1907,0.0015731515469323545,0.7555555555555555,-0.0705888494849205,-0.24949945509433746,0.21336793899536133,0.8385074734687805,0.8545517539538962,0.046542307989589915,False,0.8266666666666667
10,0.06750288135045127,0.29316776411972767,0.48898913629309004,tumor_054,3,0.53125,micro,1907,0.0015731515469323545,0.69,-0.1309339851140976,-0.24949945509433746,0.21336793899536133,0.5556855201721191,0.8545517539538962,0.020440532277698,False,0.6977777777777778
11,0.05088535703930896,0.2545373230597351,0.416281275964558,tumor_054,2,0.3671875,micro,1907,0.001048767697954903,0.7866666666666666,-0.016392389312386513,-0.24949945509433746,0.21336793899536133,1.0925121307373047,0.908232373964731,0.07901082125780705,False,0.6883333333333334
0,14.913563685282423,4.357584082611355,5.004264441966192,tumor_055,266,1.0,macro,644,0.41304347826086957,0.9712406015037593,0.14598068594932556,-0.20815810561180115,0.15698811411857605,2.2558319568634033,0.13671051401233564,0.39339941709616877,True,0.9606390977443608
1,0.0915952040828767,0.34150056507479787,0.4728290928899007,tumor_055,3,0.84375,micro,644,0.004658385093167702,0.9366666666666666,0.06827891618013382,-0.20815810561180115,0.15698811411857605,1.7608786821365356,0.8301386110899094,0.2397061044825849,False,0.94
2,0.021530643089864503,0.16557072871010248,0.1984388877473896,tumor_055,1,0.484375,ITC,644,0.0015527950310559005,0.9166666666666666,0.016213741153478622,-0.20815810561180115,0.15698811411857605,1.4292283058166504,1.0,0.15791502021445386,False,0.9466666666666667
3,0.18381718939859473,0.4837802337263935,0.8553955173023764,tumor_055,5,0.453125,micro,644,0.007763975155279503,0.9586666666666667,0.10713177919387817,-0.20815810561180115,0.15698811411857605,2.0083677768707275,0.7511575630543474,0.3118219708420282,True,0.9473333333333334
4,0.011340108410530517,0.12016103557256515,0.13738512771857805,tumor_055,1,0.1875,ITC,644,0.0015527950310559005,0.7266666666666667,-0.11791256070137024,-0.20815810561180115,0.15698811411857605,0.5748559236526489,1.0,0.02554690214811409,False,0.9166666666666666
5,0.03593108735355103,0.21388988125639483,0.241802530327889,tumor_055,2,0.1640625,micro,644,0.003105590062111801,0.95,0.06994123756885529,-0.20815810561180115,0.15698811411857605,1.7714675664901733,0.8928293957536511,0.2425976743830774,False,0.9466666666666667
6,0.011608060605207275,0.12157237268488383,0.14723762915655722,tumor_055,0,0.0,ITC,644,0.0,,,-0.20815810561180115,0.15698811411857605,,,,,
7,0.0027712658634071047,0.059401054588824935,0.06888576253807235,tumor_055,0,0.0,ITC,644,0.0,,,-0.20815810561180115,0.15698811411857605,,,,,
8,0.012820793066072754,0.12776517806738347,0.1885087827500994,tumor_055,2,0.0859375,ITC,644,0.003105590062111801,0.8116666666666666,-0.06757479906082153,-0.20815810561180115,0.15698811411857605,0.8955028653144836,0.8928293957536511,0.06199464568052544,False,0.9233333333333333
9,0.06328277351112305,0.2838558256137801,0.4373481761053522,tumor_055,3,0.265625,micro,644,0.004658385093167702,0.97,0.11340952664613724,-0.20815810561180115,0.15698811411857605,2.048356533050537,0.8301386110899094,0.3243630125778929,False,0.9377777777777778
10,0.04681526442247705,0.2441455425764127,0.30233336413829537,tumor_055,1,0.703125,micro,644,0.0015527950310559005,0.9733333333333334,0.12683308124542236,-0.20815810561180115,0.15698811411857605,2.1338634490966797,1.0,0.3520087601647906,False,0.9433333333333334
11,0.22992398164130273,0.541062201330557,0.8362852469951022,tumor_055,7,0.578125,micro,644,0.010869565217391304,0.9723809523809523,0.17906899750232697,-0.20815810561180115,0.15698811411857605,2.466601610183716,0.6991340766691246,0.4703468545005582,True,0.9714285714285714
12,0.008027243237801514,0.10109700057655922,0.1176434581029421,tumor_055,0,0.0,ITC,644,0.0,,,-0.20815810561180115,0.15698811411857605,,,,,
13,0.029232122999550293,0.19292354698063607,0.34491127105366415,tumor_055,1,0.578125,micro,644,0.0015527950310559005,0.9733333333333334,0.13581736385822296,-0.20815810561180115,0.15698811411857605,2.1910924911499023,1.0,0.37114331604505424,False,0.9766666666666667
14,0.03962852651037305,0.2246254817526113,0.33633020019366755,tumor_055,2,0.2734375,micro,644,0.003105590062111801,0.9483333333333334,0.0618814155459404,-0.20815810561180115,0.15698811411857605,1.7201272249221802,0.8928293957536511,0.22873960238564314,False,0.9633333333333334
15,0.08137861877524219,0.3218920246302566,0.6126578310528076,tumor_055,2,0.8203125,micro,644,0.003105590062111801,0.9716666666666667,0.12006226181983948,-0.20815810561180115,0.15698811411857605,2.090733766555786,0.8928293957536511,0.33792295124802463,False,0.96
16,0.09409029445033594,0.3461206201166627,0.6598378103087071,tumor_055,2,0.5859375,micro,644,0.003105590062111801,0.9766666666666667,0.14867618680000305,-0.20815810561180115,0.15698811411857605,2.2730019092559814,0.8928293957536511,0.3994108181499406,False,0.9866666666666667
17,0.017087081398710204,0.14749897538948006,0.22703990056167445,tumor_055,1,0.078125,micro,644,0.0015527950310559005,0.94,0.060115110129117966,-0.20815810561180115,0.15698811411857605,1.7088758945465088,1.0,0.22575702321875696,False,0.9533333333333334
18,0.012217396058958252,0.12472237888990562,0.15876872991543184,tumor_055,2,0.03125,ITC,644,0.003105590062111801,0.6783333333333333,-0.1294248253107071,-0.20815810561180115,0.15698811411857605,0.5015238523483276,0.8928293957536511,0.019444796760486032,False,0.9016666666666666
19,0.3687154259764746,0.6851737451968793,0.9568360774317235,tumor_055,11,0.53125,micro,644,0.017080745341614908,0.9745454545454545,0.16196058690547943,-0.20815810561180115,0.15698811411857605,2.3576223850250244,0.6292506230817158,0.42970332615655316,True,0.9487878787878787
20,0.13128824406209766,0.4088537441417214,0.9216633602096558,tumor_055,4,0.4140625,micro,644,0.006211180124223602,0.9433333333333334,0.07290332019329071,-0.20815810561180115,0.15698811411857605,1.7903356552124023,0.7856587915073021,0.24779306319478572,False,0.965
21,0.07786640769608057,0.3148691624867704,0.467817239066978,tumor_055,3,0.5625,micro,644,0.004658385093167702,0.9122222222222223,0.05984001234173775,-0.20815810561180115,0.15698811411857605,1.7071236371994019,0.8301386110899094,0.22529428442009766,False,0.9355555555555556
22,0.025408518777672365,0.17986420122102786,0.2347845340232,tumor_055,1,0.921875,micro,644,0.0015527950310559005,0.93,0.038636062294244766,-0.20815810561180115,0.15698811411857605,1.5720564126968384,1.0,0.19105414996578013,False,0.9433333333333334
23,0.08892631258514648,0.3364884808591353,0.4628479839690031,tumor_055,2,0.421875,micro,644,0.003105590062111801,0.9883333333333333,0.184020534157753,-0.20815810561180115,0.15698811411857605,2.4981422424316406,0.8928293957536511,0.48245248640240196,True,0.9766666666666667
24,0.08988059710215968,0.33828912269666367,0.4872792990305573,tumor_055,3,0.578125,micro,644,0.004658385093167702,0.9622222222222222,0.13133478164672852,-0.20815810561180115,0.15698811411857605,2.162538766860962,0.8301386110899094,0.3615330673413525,True,0.9466666666666667
25,0.21885768141107959,0.5278809095256582,0.7033290537164748,tumor_055,7,0.515625,micro,644,0.010869565217391304,0.9752380952380952,0.16023071110248566,-0.20815810561180115,0.15698811411857605,2.3466033935546875,0.6991340766691246,0.42569604119138515,True,0.9738095238095238
26,0.19377336306596923,0.4967090784069847,0.864919923394,tumor_055,4,0.78125,micro,644,0.006211180124223602,0.9608333333333333,0.14162345230579376,-0.20815810561180115,0.15698811411857605,2.228076696395874,0.7856587915073021,0.38377837119915464,True,0.9458333333333333
27,0.15944707297569727,0.45057110271846224,0.6180604090560481,tumor_055,6,0.328125,micro,644,0.009316770186335404,0.965,0.12275584787130356,-0.20815810561180115,0.15698811411857605,2.107891798019409,0.7229680068435603,0.34349217707252006,True,0.955
28,0.0343611663960498,0.2091649967338599,0.2720810076004497,tumor_055,2,0.21875,micro,644,0.003105590062111801,0.99,0.22729474306106567,-0.20815810561180115,0.15698811411857605,2.7737951278686523,0.8928293957536511,0.5947972947730448,True,0.9833333333333333
0,0.6793461116279121,0.9300378131488665,1.2541580534561023,tumor_056,17,0.71875,micro,348,0.04885057471264368,0.9931372549019608,0.08540277928113937,-0.34418609738349915,0.11272794008255005,3.8108465671539307,0.5158722969945155,1.2407765801490647,True,0.9962745098039215
1,0.001986503031577881,0.05029208899559892,0.07694590085358986,tumor_056,0,0.0,ITC,348,0.0,,,-0.34418609738349915,0.11272794008255005,,,,,
2,0.0008800963034447022,0.033474967015981245,0.041610946831162156,tumor_056,0,0.0,ITC,348,0.0,,,-0.34418609738349915,0.11272794008255005,,,,,
3,0.0046005094208649904,0.07653463608440278,0.11844295852764176,tumor_056,0,0.0,ITC,348,0.0,,,-0.34418609738349915,0.11272794008255005,,,,,
4,0.002548766953638062,0.05696657682963014,0.07279374021305138,tumor_056,0,0.0,ITC,348,0.0,,,-0.34418609738349915,0.11272794008255005,,,,,
5,0.007461095474446656,0.09746672152642687,0.1451737233910388,tumor_056,0,0.0,ITC,348,0.0,,,-0.34418609738349915,0.11272794008255005,,,,,
6,0.005091908639466797,0.08051844160158433,0.13888921132912585,tumor_056,1,0.3289486765861511,ITC,348,0.0028735632183908046,0.9966666666666667,0.03007039800286293,-0.34418609738349915,0.11272794008255005,3.319997549057007,1.0,0.9417295252375906,False,0.9966666666666667
7,0.0034272010334992675,0.06605791310364328,0.09881182339511033,tumor_056,0,0.0,ITC,348,0.0,,,-0.34418609738349915,0.11272794008255005,,,,,
8,0.0016910303267548828,0.04640136510244866,0.05747798080507052,tumor_056,1,0.10924433171749115,ITC,348,0.0028735632183908046,0.9466666666666667,-0.16608142852783203,-0.34418609738349915,0.11272794008255005,1.5799514055252075,1.0,0.21327410085760362,False,0.98
9,0.0016960321850350343,0.04646993917717335,0.06604322199428632,tumor_056,0,0.0,ITC,348,0.0,,,-0.34418609738349915,0.11272794008255005,,,,,
10,0.0009355337997132569,0.03451316602734766,0.05822549529556229,tumor_056,0,0.0,ITC,348,0.0,,,-0.34418609738349915,0.11272794008255005,,,,,
11,0.0006949522653706055,0.02974627213573391,0.03726765657500514,tumor_056,0,0.0,ITC,348,0.0,,,-0.34418609738349915,0.11272794008255005,,,,,
12,0.004414769385779663,0.07497372181545232,0.10584187237605261,tumor_056,0,0.0,ITC,348,0.0,,,-0.34418609738349915,0.11272794008255005,,,,,
13,0.003809745301922974,0.06964709881809387,0.09158348892729717,tumor_056,0,0.0,ITC,348,0.0,,,-0.34418609738349915,0.11272794008255005,,,,,
14,0.0005913001829866333,0.02743841788055061,0.0381960230273629,tumor_056,0,0.0,ITC,348,0.0,,,-0.34418609738349915,0.11272794008255005,,,,,
15,0.004928269970400512,0.07921406575504582,0.11472384967426137,tumor_056,0,0.0,ITC,348,0.0,,,-0.34418609738349915,0.11272794008255005,,,,,
16,0.004706670094631104,0.07741265070068788,0.12267472135465178,tumor_056,0,0.0,ITC,348,0.0,,,-0.34418609738349915,0.11272794008255005,,,,,
17,0.006833321963237549,0.09327623355121799,0.13264617362485304,tumor_056,0,0.0,ITC,348,0.0,,,-0.34418609738349915,0.11272794008255005,,,,,
18,0.0014612428083328858,0.04313365423922826,0.05411265687180168,tumor_056,0,0.0,ITC,348,0.0,,,-0.34418609738349915,0.11272794008255005,,,,,
19,0.23961260356886427,0.5523443149710403,0.7816481222507923,tumor_056,6,0.609375,micro,348,0.017241379310344827,0.9544444444444444,-0.016910294070839882,-0.34418609738349915,0.11272794008255005,2.903235912322998,0.6938316000821106,0.7201373151161689,True,0.995
20,0.6851606411699649,0.9340094340175041,1.6639635489598503,tumor_056,15,0.984375,micro,348,0.04310344827586207,0.9955555555555555,0.10428665578365326,-0.34418609738349915,0.11272794008255005,3.9783637523651123,0.5372596538719606,1.3522582481410106,True,0.9968888888888889
21,0.24024039264242578,0.5530674173688402,1.0109424008082086,tumor_056,8,0.5,micro,348,0.022988505747126436,0.9779166666666667,-0.0359308123588562,-0.34418609738349915,0.11272794008255005,2.734506607055664,0.6446736850157702,0.6388642916811074,True,0.9925
22,0.002421172321806885,0.05552235896233854,0.12421181453423753,tumor_056,0,0.0,ITC,348,0.0,,,-0.34418609738349915,0.11272794008255005,,,,,
23,0.0008422340442791748,0.03274699514609656,0.03872690171315412,tumor_056,0,0.0,ITC,348,0.0,,,-0.34418609738349915,0.11272794008255005,,,,,
24,0.0007062409202831268,0.029986894934531497,0.039896369154459974,tumor_056,0,0.0,ITC,348,0.0,,,-0.34418609738349915,0.11272794008255005,,,,,
25,0.0003466090640386505,0.021007531194732337,0.023193226725526678,tumor_056,0,0.0,ITC,348,0.0,,,-0.34418609738349915,0.11272794008255005,,,,,
26,0.0007761021232164917,0.0314350745828948,0.09280482407621345,tumor_056,0,0.0,ITC,348,0.0,,,-0.34418609738349915,0.11272794008255005,,,,,
27,0.00047642397196783447,0.024629288279794923,0.034119225009686956,tumor_056,0,0.0,ITC,348,0.0,,,-0.34418609738349915,0.11272794008255005,,,,,
28,0.0011504187258464355,0.038272165012597885,0.1263023854090421,tumor_056,0,0.0,ITC,348,0.0,,,-0.34418609738349915,0.11272794008255005,,,,,
29,0.0006753667421123658,0.0293241136823676,0.04903567811647268,tumor_056,0,0.0,ITC,348,0.0,,,-0.34418609738349915,0.11272794008255005,,,,,
30,0.0006298435077102357,0.02831857448762876,0.04610224589602144,tumor_056,0,0.0,ITC,348,0.0,,,-0.34418609738349915,0.11272794008255005,,,,,
0,0.004550542678933594,0.07611787496260873,0.09009002971626738,tumor_057,0,0.0,ITC,307,0.0,,,-0.34178265929222107,0.08510187268257141,,,,,
1,0.007722972455430542,0.09916246231893693,0.16088725810751314,tumor_057,1,0.359375,ITC,307,0.003257328990228013,0.8633333333333333,-0.25759655237197876,-0.34178265929222107,0.08510187268257141,0.9892391562461853,1.0,0.08543915879926792,False,0.9533333333333334
2,0.001231998040466675,0.03960591652971058,0.04801550549115065,tumor_057,0,0.0,ITC,307,0.0,,,-0.34178265929222107,0.08510187268257141,,,,,
3,0.0005415791391724549,0.02625947403506014,0.04037761873316043,tumor_057,0,0.0,ITC,307,0.0,,,-0.34178265929222107,0.08510187268257141,,,,,
4,0.03303443532839502,0.205087175118555,0.3647024437812283,tumor_057,2,0.1484375,micro,307,0.006514657980456026,0.9966666666666667,-0.04060420021414757,-0.34178265929222107,0.08510187268257141,3.539034366607666,0.8789653206946215,1.0935129411557158,True,1.0
5,0.0024521362997607424,0.05587626424463195,0.07274235634902883,tumor_057,0,0.0,ITC,307,0.0,,,-0.34178265929222107,0.08510187268257141,,,,,
6,0.006546817285644837,0.0912998721808455,0.14294205198261287,tumor_057,1,0.09375,ITC,307,0.003257328990228013,1.0,0.024098221212625504,-0.34178265929222107,0.08510187268257141,4.299328327178955,1.0,1.613821851006172,True,1.0
7,0.0022082507406850894,0.05302482595663063,0.0720120378061063,tumor_057,0,0.0,ITC,307,0.0,,,-0.34178265929222107,0.08510187268257141,,,,,
8,0.003936271490681946,0.07079418422970832,0.1314073863152399,tumor_057,0,0.0,ITC,307,0.0,,,-0.34178265929222107,0.08510187268257141,,,,,
9,0.0011900513810006103,0.03892583304897493,0.05438749475424193,tumor_057,0,0.0,ITC,307,0.0,,,-0.34178265929222107,0.08510187268257141,,,,,
10,0.00045304202941616825,0.02401730682819654,0.028542667375049964,tumor_057,0,0.0,ITC,307,0.0,,,-0.34178265929222107,0.08510187268257141,,,,,
11,0.0005390448562133789,0.026197962274134106,0.030569075019923883,tumor_057,0,0.0,ITC,307,0.0,,,-0.34178265929222107,0.08510187268257141,,,,,
12,0.0010776195513429567,0.03704143392134835,0.047216509625798646,tumor_057,0,0.0,ITC,307,0.0,,,-0.34178265929222107,0.08510187268257141,,,,,
13,0.0006063363076835633,0.027785092484125723,0.03455468089740805,tumor_057,1,0.039170678704977036,ITC,307,0.003257328990228013,0.94,-0.19400116801261902,-0.34178265929222107,0.08510187268257141,1.7365245819091797,1.0,0.26327901111438945,False,0.88
14,0.0007808462187720337,0.0315310051234888,0.03761283294262678,tumor_057,0,0.0,ITC,307,0.0,,,-0.34178265929222107,0.08510187268257141,,,,,
15,0.0005909922120333252,0.02743127147966965,0.03456947243233545,tumor_057,0,0.0,ITC,307,0.0,,,-0.34178265929222107,0.08510187268257141,,,,,
16,0.00048685858873049925,0.024897542205318673,0.02947039570638757,tumor_057,0,0.0,ITC,307,0.0,,,-0.34178265929222107,0.08510187268257141,,,,,
17,0.000621484610703827,0.028130033465896383,0.03847282266548871,tumor_057,1,0.04014929383993149,ITC,307,0.003257328990228013,1.0,-0.02984374761581421,-0.34178265929222107,0.08510187268257141,3.6654765605926514,1.0,1.1730465876201086,True,0.9933333333333333
18,0.001394589198869934,0.042138416162235265,0.05546578134309477,tumor_057,0,0.0,ITC,307,0.0,,,-0.34178265929222107,0.08510187268257141,,,,,
19,0.0013455317427008972,0.041390629658211296,0.05752233151439102,tumor_057,1,0.08692435175180435,ITC,307,0.003257328990228013,0.8033333333333333,-0.27769869565963745,-0.34178265929222107,0.08510187268257141,0.7530264854431152,1.0,0.049507941608690056,False,0.55
0,0.009457497697493409,0.10973449805184492,0.1762348137113322,tumor_058,2,0.03125,ITC,670,0.0029850746268656717,0.9133333333333333,-0.1120159924030304,-0.3094164729118347,0.1083148866891861,1.822468638420105,0.8934812357492121,0.25520594669744723,False,0.9583333333333334
1,0.013858077065080078,0.13283317256335994,0.23306294547265088,tumor_058,0,0.0,micro,670,0.0,,,-0.3094164729118347,0.1083148866891861,,,,,
2,0.001584279260298523,0.04491288238485537,0.05736894705912263,tumor_058,0,0.0,ITC,670,0.0,,,-0.3094164729118347,0.1083148866891861,,,,,
3,0.002305347073991455,0.054178031146816505,0.07627549954704327,tumor_058,1,0.14893056452274323,ITC,670,0.0014925373134328358,0.6766666666666666,-0.261135458946228,-0.3094164729118347,0.1083148866891861,0.4457468092441559,1.0,0.015266769510481138,False,0.9366666666666666
4,0.008736525856445802,0.1054689063374985,0.16334903642145207,tumor_058,0,0.0,ITC,670,0.0,,,-0.3094164729118347,0.1083148866891861,,,,,
5,0.0009747943063297119,0.035229911421995816,0.04271888159862429,tumor_058,0,0.0,ITC,670,0.0,,,-0.3094164729118347,0.1083148866891861,,,,,
6,8.586109898876883,3.3063839248780647,3.7307435323250577,tumor_058,153,1.0,macro,670,0.22835820895522388,0.99359477124183,0.19555538892745972,-0.3094164729118347,0.1083148866891861,4.662072658538818,0.2269520153076874,1.670047171348481,True,0.9907843137254903
7,0.005077640578851563,0.08040555191618146,0.12022148441595186,tumor_058,0,0.0,ITC,670,0.0,,,-0.3094164729118347,0.1083148866891861,,,,,
8,0.0004526574234279785,0.024007110024457986,0.03662474363391503,tumor_058,0,0.0,ITC,670,0.0,,,-0.3094164729118347,0.1083148866891861,,,,,
9,0.01784729514939917,0.15074442593600296,0.2631232512174665,tumor_058,1,0.453125,micro,670,0.0014925373134328358,0.9933333333333333,0.07519212365150452,-0.3094164729118347,0.1083148866891861,3.550837755203247,1.0,0.9687959636162243,False,0.9833333333333333
10,0.0010822864658477783,0.03712155609681595,0.042892211932379194,tumor_058,0,0.0,ITC,670,0.0,,,-0.3094164729118347,0.1083148866891861,,,,,
11,0.0009728572367537842,0.03519489032823794,0.04047382696361318,tumor_058,0,0.0,ITC,670,0.0,,,-0.3094164729118347,0.1083148866891861,,,,,
12,0.0002940920073663025,0.019350699562788967,0.02364338363839148,tumor_058,0,0.0,ITC,670,0.0,,,-0.3094164729118347,0.1083148866891861,,,,,
13,0.0007778791903293457,0.031471042978488864,0.046843636299067855,tumor_058,0,0.0,ITC,670,0.0,,,-0.3094164729118347,0.1083148866891861,,,,,
14,12.20953311891422,3.9427985479548955,4.7355364982993216,tumor_058,213,1.0,macro,670,0.31791044776119404,0.9913145539906103,0.2089117467403412,-0.3094164729118347,0.1083148866891861,4.7853827476501465,0.1761082894148629,1.759559761674481,True,0.994491392801252
0,0.016312920666343506,0.14411889425927482,0.3075502997330045,tumor_059,1,0.578125,micro,301,0.0033222591362126247,0.7766666666666666,-0.21087948977947235,-0.3011966049671173,0.10580455511808395,0.8536221981048584,1.0,0.06383886269012126,False,1.0
0,0.027585742362947207,0.18741200080939427,0.3273926200016996,tumor_060,1,0.15625,micro,301,0.0033222591362126247,1.0,0.06082083284854889,-0.3109777271747589,0.1000906303524971,3.7146191596984863,1.0,1.2088775984255709,True,1.0
0,0.10726972775923535,0.3695673948497536,0.6612498801521439,tumor_061,3,0.59375,micro,489,0.006134969325153374,0.7277777777777777,-0.09095869213342667,-0.2906856834888458,0.10892603546380997,1.8336020708084106,0.8225859208766582,0.2714712324890081,False,0.9288888888888889
1,0.00966051044447058,0.11090601390468871,0.1420504679281253,tumor_061,1,0.265625,ITC,489,0.002044989775051125,1.0,0.0850466713309288,-0.2906856834888458,0.10892603546380997,3.4494266510009766,1.0,0.9607435159730806,False,1.0
2,0.026042904255966066,0.1820957318512646,0.26228491402199156,tumor_061,1,0.328125,micro,489,0.002044989775051125,1.0,0.08168506622314453,-0.2906856834888458,0.10892603546380997,3.418565273284912,1.0,0.9436292325887885,False,0.9966666666666667
3,0.047080366436100585,0.24483583137903925,0.4006601917765491,tumor_061,2,0.375,micro,489,0.00408997955010225,0.8233333333333334,-0.07692067325115204,-0.2906856834888458,0.10892603546380997,1.962478518486023,0.8880641787786028,0.3109735534753633,False,0.98
4,0.028491562258235598,0.190464127222082,0.2902645069968279,tumor_061,1,0.65625,micro,489,0.002044989775051125,1.0,0.09361489117145538,-0.2906856834888458,0.10892603546380997,3.528087615966797,1.0,1.0050608509349273,True,1.0
5,0.013449087703447998,0.13085835970484042,0.16858467599767954,tumor_061,1,0.265625,ITC,489,0.002044989775051125,1.0,0.19891665875911713,-0.2906856834888458,0.10892603546380997,4.494814395904541,1.0,1.6313124827535737,True,1.0
6,0.0015714705252227784,0.04473095590415409,0.05144064680671236,tumor_061,0,0.0,ITC,489,0.0,,,-0.2906856834888458,0.10892603546380997,,,,,
7,0.011744605088969238,0.12228530425432758,0.2261331753870681,tumor_061,2,0.0625,micro,489,0.00408997955010225,0.9633333333333334,-0.030080758035182953,-0.2906856834888458,0.10892603546380997,2.3924942016601562,0.8880641787786028,0.4621845470696016,True,0.985
8,1.653909678050625,1.4511454804788724,4.744060272388561,tumor_061,50,0.46875,macro,489,0.10224948875255624,0.7952,-0.14819680154323578,-0.2906856834888458,0.10892603546380997,1.3081251382827759,0.3682503225421005,0.13816950964319638,True,0.9687333333333333
9,0.00795685339873169,0.10065277144185136,0.16155703059365306,tumor_061,0,0.0,ITC,489,0.0,,,-0.2906856834888458,0.10892603546380997,,,,,
10,0.0012992671521403199,0.04067282037528861,0.06185961037704651,tumor_061,0,0.0,ITC,489,0.0,,,-0.2906856834888458,0.10892603546380997,,,,,
11,0.002303537912680298,0.05415676839713804,0.07920884370885099,tumor_061,0,0.0,ITC,489,0.0,,,-0.2906856834888458,0.10892603546380997,,,,,
12,0.08159840307446485,0.3223264084459229,0.6980885141421895,tumor_061,4,0.3046875,micro,489,0.0081799591002045,0.41333333333333333,-0.3195371925830841,-0.2906856834888458,0.10892603546380997,-0.2648724913597107,0.7761283575572057,0.0056648360620317586,False,0.9066666666666666
13,0.011339688580213622,0.12015881126787879,0.2607624150358582,tumor_061,1,0.125,micro,489,0.002044989775051125,0.03333333333333333,-0.4781094193458557,-0.2906856834888458,0.10892603546380997,-1.720651388168335,1.0,0.2390558696004801,False,0.81
14,0.00739950707191333,0.09706361324156208,0.21568007864020122,tumor_061,1,0.078125,micro,489,0.002044989775051125,0.30666666666666664,-0.3494212329387665,-0.2906856834888458,0.10892603546380997,-0.5392241477966309,1.0,0.023477524293935532,False,0.9233333333333333
15,0.0014157017356113283,0.0424561825100956,0.04754693842379773,tumor_061,1,0.09145749360322952,ITC,489,0.002044989775051125,0.09,-0.44675296545028687,-0.2906856834888458,0.10892603546380997,-1.4327821731567383,1.0,0.16575779916025507,False,0.5166666666666667
16,0.0019711482156364746,0.0500973438086543,0.07660932936710262,tumor_061,0,0.0,ITC,489,0.0,,,-0.2906856834888458,0.10892603546380997,,,,,
17,0.20384285928963136,0.5094514592769797,0.8027589909247873,tumor_061,5,0.90625,micro,489,0.010224948875255624,0.9926666666666667,0.059688080102205276,-0.2906856834888458,0.10892603546380997,3.216620922088623,0.7400930718817489,0.8354364084793497,True,0.9993333333333333
18,1.3954081046740312,1.3329248965770426,4.1697786920263225,tumor_061,50,0.453125,macro,489,0.10224948875255624,0.7175333333333334,-0.1653197705745697,-0.2906856834888458,0.10892603546380997,1.150926947593689,0.3682503225421005,0.10695698458777228,True,0.954
19,0.002401083148493408,0.05529153655722563,0.07138794511155228,tumor_061,0,0.0,ITC,489,0.0,,,-0.2906856834888458,0.10892603546380997,,,,,
20,0.010480056770197265,0.11551459955730542,0.2903009380778603,tumor_061,1,0.140625,micro,489,0.002044989775051125,0.24666666666666667,-0.37257304787635803,-0.2906856834888458,0.10892603546380997,-0.7517703771591187,1.0,0.04563352847435539,False,0.8666666666666667
21,0.0075612880112893065,0.09811896302502102,0.17818612230588318,tumor_061,1,0.203125,ITC,489,0.002044989775051125,0.6233333333333333,-0.253512978553772,-0.2906856834888458,0.10892603546380997,0.34126555919647217,1.0,0.009403695446740324,False,0.98
22,0.005369200905393677,0.08268179313715365,0.17650085322578357,tumor_061,1,0.21875,ITC,489,0.002044989775051125,0.45,-0.3028298318386078,-0.2906856834888458,0.10892603546380997,-0.11148986220359802,1.0,0.0010036548567129643,False,0.8466666666666667
23,0.00909348080967334,0.1076019487098929,0.17202791364302256,tumor_061,1,0.28125,ITC,489,0.002044989775051125,0.23666666666666666,-0.37800806760787964,-0.2906856834888458,0.10892603546380997,-0.801666796207428,1.0,0.05189212140227775,False,0.7966666666666666
24,0.01498715714596289,0.1381384853739179,0.33710231381733347,tumor_061,1,0.015625,micro,489,0.002044989775051125,0.6366666666666667,-0.2492876797914505,-0.2906856834888458,0.10892603546380997,0.38005608320236206,1.0,0.011662966002444881,False,0.9766666666666667
25,0.0015093631229216309,0.04383812057409374,0.05977574951567695,tumor_061,0,0.0,ITC,489,0.0,,,-0.2906856834888458,0.10892603546380997,,,,,
26,0.0019239710127615967,0.04949420144190858,0.06956180069729362,tumor_061,0,0.0,ITC,489,0.0,,,-0.2906856834888458,0.10892603546380997,,,,,
27,0.0014041638623111573,0.04228282105988939,0.06290843508323928,tumor_061,0,0.0,ITC,489,0.0,,,-0.2906856834888458,0.10892603546380997,,,,,
28,0.006073354334143433,0.08793653909166606,0.19062909145520335,tumor_061,1,0.3125,ITC,489,0.002044989775051125,0.16333333333333333,-0.40299659967422485,-0.2906856834888458,0.10892603546380997,-1.0310750007629395,1.0,0.08584087729079719,False,0.27
29,1.587676518587494e-05,0.004496101119540184,0.016784151395782466,tumor_061,0,0.0,ITC,489,0.0,,,-0.2906856834888458,0.10892603546380997,,,,,
30,0.054018788281461914,0.26225723516927746,0.6463295645736019,tumor_061,3,0.34375,micro,489,0.006134969325153374,0.8455555555555555,-0.16784584522247314,-0.2906856834888458,0.10892603546380997,1.127736210823059,0.8225859208766582,0.10269012540554633,False,0.9722222222222222
31,0.0009020013614524842,0.03388899235454276,0.042351959417129555,tumor_061,1,0.05827130377292633,ITC,489,0.002044989775051125,0.9933333333333333,0.004454918205738068,-0.2906856834888458,0.10892603546380997,2.709550619125366,1.0,0.5927999669012632,False,0.9933333333333333
32,0.0006314430800308228,0.028354511100433626,0.037193435147966906,tumor_061,0,0.0,ITC,489,0.0,,,-0.2906856834888458,0.10892603546380997,,,,,
33,0.0015457233844187622,0.044363004161844584,0.08182794140633058,tumor_061,1,0.09985718131065369,ITC,489,0.002044989775051125,0.95,-0.12610961496829987,-0.2906856834888458,0.10892603546380997,1.5108973979949951,1.0,0.18432471864721497,False,0.96
34,0.014734356656543702,0.13696848382508736,0.21913453632149413,tumor_061,1,0.703125,micro,489,0.002044989775051125,1.0,0.1577696055173874,-0.2906856834888458,0.10892603546380997,4.117062091827393,1.0,1.3686375996860907,True,1.0
35,0.0006090413043867188,0.027847001151331457,0.03393270126262007,tumor_061,0,0.0,ITC,489,0.0,,,-0.2906856834888458,0.10892603546380997,,,,,
36,0.3415462954968252,0.6594469271930525,1.249995583909515,tumor_061,10,0.515625,micro,489,0.02044989775051125,0.9946666666666667,0.06484945118427277,-0.2906856834888458,0.10892603546380997,3.264005184173584,0.6281572506603517,0.8602314432028264,True,0.9953333333333333
37,0.018883674989426513,0.15505947809296983,0.21855870833063104,tumor_061,1,0.359375,micro,489,0.002044989775051125,0.9766666666666667,-0.08217865228652954,-0.2906856834888458,0.10892603546380997,1.9142074584960938,1.0,0.295863670803355,False,0.9966666666666667
38,0.0020944893300238036,0.051640939582971994,0.09724289354671174,tumor_061,1,0.13530868291854858,ITC,489,0.002044989775051125,0.9933333333333333,-0.024560287594795227,-0.2906856834888458,0.10892603546380997,2.4431750774383545,1.0,0.48197311358641937,False,0.9966666666666667
39,0.338899689504,0.6568869662087694,0.8840231791531261,tumor_061,8,0.75,micro,489,0.016359918200409,0.9825,0.050653133541345596,-0.2906856834888458,0.10892603546380997,3.1336750984191895,0.6641925363358085,0.7929057479389641,True,0.9891666666666666
40,0.014244980752791871,0.13467469253146963,0.18003791120761203,tumor_061,1,0.328125,ITC,489,0.002044989775051125,0.9933333333333333,-0.005585141479969025,-0.2906856834888458,0.10892603546380997,2.617377519607544,1.0,0.5531543971942033,False,1.0
41,0.6081531999014311,0.879957216784845,1.166590416599344,tumor_061,15,0.75,micro,489,0.03067484662576687,0.9362222222222222,-0.04810313880443573,-0.2906856834888458,0.10892603546380997,2.227039098739624,0.5626789927584069,0.4004693810920291,True,0.9648888888888889
42,0.15628212133842043,0.44607687344579505,0.5406138369899535,tumor_061,5,0.5625,micro,489,0.010224948875255624,0.9733333333333334,-0.026452714577317238,-0.2906856834888458,0.10892603546380997,2.4258017539978027,0.7400930718817489,0.47514290060543907,True,0.986
43,0.17726910436508644,0.47508529101353236,0.616484271991664,tumor_061,5,0.34375,micro,489,0.010224948875255624,0.856,-0.1269608438014984,-0.2906856834888458,0.10892603546380997,1.5030827522277832,0.7400930718817489,0.18242292532815196,False,0.8926666666666667
44,0.3988098775384459,0.7125871924985299,0.9891410812898913,tumor_061,8,0.90625,micro,489,0.016359918200409,0.94625,-0.07686223089694977,-0.2906856834888458,0.10892603546380997,1.963015079498291,0.6641925363358085,0.3111436232041757,True,0.985
0,1.8496796409361056,1.5346287055608554,1.8830762196331432,tumor_062,39,1.0,micro,341,0.11436950146627566,0.9747008547008547,0.24580302834510803,-0.3103864789009094,0.10007194429636002,5.557896614074707,0.37180461705117746,2.6483913978948794,True,0.9884615384615385
1,0.0782447078248374,0.3156331037277804,0.4992177740998912,tumor_062,2,0.703125,micro,341,0.005865102639296188,0.9983333333333333,0.10431050509214401,-0.3103864789009094,0.10007194429636002,4.143988609313965,0.8811452076992449,1.472306897559678,True,1.0
0,0.018458639062044434,0.15330449828947665,0.17468927312091362,tumor_063,1,0.53125,ITC,302,0.0033112582781456954,0.9966666666666667,-0.048409223556518555,-0.28649115562438965,0.09961240738630295,2.390083074569702,1.0,0.500181254918712,False,1.0
1,0.06041553288320105,0.2773507627231971,0.6329504275898588,tumor_063,1,0.25,micro,302,0.0033112582781456954,1.0,-0.015456322580575943,-0.28649115562438965,0.09961240738630295,2.7208943367004395,1.0,0.6482235014091702,False,1.0
2,0.005160161210361328,0.08105628482875651,0.09502747165517005,tumor_063,0,0.0,ITC,302,0.0,,,-0.28649115562438965,0.09961240738630295,,,,,
0,1.0599300422287734,1.1616991195737756,1.7459290765945787,tumor_064,21,1.0,micro,477,0.0440251572327044,0.9988888888888889,0.06036287173628807,-0.3500967025756836,0.09280651062726974,4.422745704650879,0.5063616867143709,1.5857825104242542,True,0.9993650793650793
1,1.8382324784906074,1.5298726365389934,2.0721834045254814,tumor_064,39,1.0,macro,477,0.08176100628930817,0.9894017094017094,0.04565246403217316,-0.3500967025756836,0.09280651062726974,4.264239311218262,0.40599078226348395,1.4741538940514527,True,0.9775213675213675
2,1.3858688648086392,1.3283610361989653,2.1865449120891154,tumor_064,31,1.0,macro,477,0.0649895178197065,0.930752688172043,-0.02327297255396843,-0.3500967025756836,0.09280651062726974,3.5215604305267334,0.44321394039912326,1.0053793844064285,True,0.9936559139784946
3,2.325553465711258,1.7207517647643085,1.9944874363520346,tumor_064,47,1.0,micro,477,0.09853249475890985,0.9680851063829787,-0.04254530742764473,-0.3500967025756836,0.09280651062726974,3.313898801803589,0.37573776942499904,0.8903036809726856,True,0.975531914893617
4,1.631883792684463,1.4414503034299366,1.8963962267011305,tumor_064,37,0.9375,micro,477,0.07756813417190776,0.9294594594594595,-0.038334790617227554,-0.3500967025756836,0.09280651062726974,3.3592677116394043,0.41452642761817343,0.914847943668623,True,0.9799099099099099
5,0.006131960762176758,0.0883598038090161,0.14435767066938035,tumor_064,1,0.234375,ITC,477,0.0020964360587002098,0.84,-0.2568471431732178,-0.3500967025756836,0.09280651062726974,1.0047738552093506,1.0,0.08184578846313284,False,0.9966666666666667
6,0.0013150081166097107,0.04091845959606974,0.06872046874112545,tumor_064,0,0.0,ITC,477,0.0,,,-0.3500967025756836,0.09280651062726974,,,,,
7,0.00288751969851622,0.06063418397531714,0.08021960619074836,tumor_064,0,0.0,ITC,477,0.0,,,-0.3500967025756836,0.09280651062726974,,,,,
8,0.0036741863497192382,0.06839677883635072,0.0936147875258745,tumor_064,0,0.0,ITC,477,0.0,,,-0.3500967025756836,0.09280651062726974,,,,,
9,0.007939161058350587,0.10054080669814339,0.12208787164427705,tumor_064,1,0.5128875374794006,ITC,477,0.0020964360587002098,0.9633333333333334,-0.13595299422740936,-0.3500967025756836,0.09280651062726974,2.3074212074279785,1.0,0.4316318113096377,False,1.0
10,0.0005821650064324951,0.027225640630678522,0.041050390425230905,tumor_064,0,0.0,ITC,477,0.0,,,-0.3500967025756836,0.09280651062726974,,,,,
11,0.11670986298920362,0.3854862031493174,0.591798312442228,tumor_064,0,0.0,micro,477,0.0,,,-0.3500967025756836,0.09280651062726974,,,,,
12,0.012648849499705078,0.12690553722524517,0.22145028601990832,tumor_064,0,0.0,micro,477,0.0,,,-0.3500967025756836,0.09280651062726974,,,,,
13,0.08955400103321484,0.33767394851356647,0.47723088792316987,tumor_064,0,0.0,micro,477,0.0,,,-0.3500967025756836,0.09280651062726974,,,,,
14,0.06237309216659546,0.28180824592960435,0.46847363717946566,tumor_064,0,0.0,micro,477,0.0,,,-0.3500967025756836,0.09280651062726974,,,,,
15,0.018603082113618163,0.1539031507182814,0.21418219379276748,tumor_064,0,0.0,micro,477,0.0,,,-0.3500967025756836,0.09280651062726974,,,,,
16,0.011282429387696045,0.11985505937212969,0.17711014704673603,tumor_064,0,0.0,ITC,477,0.0,,,-0.3500967025756836,0.09280651062726974,,,,,
17,0.003648462779499939,0.0681569298630278,0.09080284145171012,tumor_064,0,0.0,ITC,477,0.0,,,-0.3500967025756836,0.09280651062726974,,,,,
18,0.004328137842467651,0.07423446811350198,0.10710660109198991,tumor_064,0,0.0,ITC,477,0.0,,,-0.3500967025756836,0.09280651062726974,,,,,
19,0.003812594320665253,0.0696731358351531,0.07530817782272364,tumor_064,0,0.0,ITC,477,0.0,,,-0.3500967025756836,0.09280651062726974,,,,,
20,0.004285066674194138,0.07386417495248127,0.09113847439712086,tumor_064,0,0.0,ITC,477,0.0,,,-0.3500967025756836,0.09280651062726974,,,,,
21,0.0021380164323347626,0.05217477425866077,0.057778678748302156,tumor_064,0,0.0,ITC,477,0.0,,,-0.3500967025756836,0.09280651062726974,,,,,
22,0.0013507685724999847,0.041471097915204105,0.04585565501920539,tumor_064,0,0.0,ITC,477,0.0,,,-0.3500967025756836,0.09280651062726974,,,,,
23,0.0023508060452126314,0.05470958982451979,0.06516520897426466,tumor_064,0,0.0,ITC,477,0.0,,,-0.3500967025756836,0.09280651062726974,,,,,
24,0.0006916436400487061,0.029675377560775623,0.03741228340932297,tumor_064,0,0.0,ITC,477,0.0,,,-0.3500967025756836,0.09280651062726974,,,,,
25,0.0010854810576539154,0.037176301694304054,0.05137362873750982,tumor_064,0,0.0,ITC,477,0.0,,,-0.3500967025756836,0.09280651062726974,,,,,
26,0.008155485887717286,0.10190135984750744,0.15813846516969332,tumor_064,0,0.0,ITC,477,0.0,,,-0.3500967025756836,0.09280651062726974,,,,,
27,0.00188780207305188,0.0490267707690673,0.06891674193747598,tumor_064,0,0.0,ITC,477,0.0,,,-0.3500967025756836,0.09280651062726974,,,,,
28,0.003470601839463501,0.0664748637158101,0.07524539272023198,tumor_064,0,0.0,ITC,477,0.0,,,-0.3500967025756836,0.09280651062726974,,,,,
29,0.0008362166650164184,0.032629804257234836,0.04684808803896378,tumor_064,0,0.0,ITC,477,0.0,,,-0.3500967025756836,0.09280651062726974,,,,,
30,0.003907907841979248,0.07053866175076354,0.08374902548089738,tumor_064,0,0.0,ITC,477,0.0,,,-0.3500967025756836,0.09280651062726974,,,,,
31,0.0042980780811588135,0.07397623252971747,0.11363142592805887,tumor_064,0,0.0,ITC,477,0.0,,,-0.3500967025756836,0.09280651062726974,,,,,
32,0.0022256068560457766,0.05323279684697378,0.09471026702501416,tumor_064,0,0.0,ITC,477,0.0,,,-0.3500967025756836,0.09280651062726974,,,,,
33,0.0011891659631583253,0.03891134962380844,0.0526835264409094,tumor_064,0,0.0,ITC,477,0.0,,,-0.3500967025756836,0.09280651062726974,,,,,
34,0.001027241185550537,0.03616523329696042,0.04160645606136862,tumor_064,0,0.0,ITC,477,0.0,,,-0.3500967025756836,0.09280651062726974,,,,,
0,0.009626977092579345,0.11071335931373218,0.13808184816264255,tumor_065,0,0.0,ITC,304,0.0,,,-0.3832026422023773,0.09397569298744202,,,,,
1,0.06703519181365064,0.29215040151614863,0.5910636827271099,tumor_065,2,0.671875,micro,304,0.006578947368421052,1.0,-0.0033267121762037277,-0.3832026422023773,0.09397569298744202,4.04227876663208,0.8787574213800903,1.4290658083697412,True,1.0
2,0.006016977553677979,0.08752744575918255,0.11876619944170992,tumor_065,0,0.0,ITC,304,0.0,,,-0.3832026422023773,0.09397569298744202,,,,,
3,0.0020763246336833498,0.051416520995817984,0.06500163895775003,tumor_065,1,0.1341352015733719,ITC,304,0.003289473684210526,0.9866666666666667,-0.17405177652835846,-0.3832026422023773,0.09397569298744202,2.2255847454071045,1.0,0.4331995328420795,False,0.9933333333333333
4,0.0010682471696506347,0.03688000189737794,0.045485644477466336,tumor_065,0,0.0,ITC,304,0.0,,,-0.3832026422023773,0.09397569298744202,,,,,
5,0.01685118283498169,0.14647727592040027,0.23526535974358007,tumor_065,0,0.0,micro,304,0.0,,,-0.3832026422023773,0.09397569298744202,,,,,
6,0.003995941546756714,0.07132875153667587,0.101760361790472,tumor_065,0,0.0,ITC,304,0.0,,,-0.3832026422023773,0.09397569298744202,,,,,
7,0.0038808104202246096,0.07029367889540465,0.09772428202268783,tumor_065,0,0.0,ITC,304,0.0,,,-0.3832026422023773,0.09397569298744202,,,,,
8,0.0008065596147160035,0.03204596069152511,0.04058118188581993,tumor_065,1,0.052105553448200226,ITC,304,0.003289473684210526,0.9933333333333333,-0.12782810628414154,-0.3832026422023773,0.09397569298744202,2.7174532413482666,1.0,0.6458384063013912,False,0.9933333333333333
9,0.003682168495796997,0.06847103430814178,0.10399165055185922,tumor_065,0,0.0,ITC,304,0.0,,,-0.3832026422023773,0.09397569298744202,,,,,
10,0.0023234636921055907,0.0543904941469114,0.07093591561062258,tumor_065,0,0.0,ITC,304,0.0,,,-0.3832026422023773,0.09397569298744202,,,,,
0,0.06813462732150587,0.29453641858271806,0.472275520165321,tumor_066,2,0.34375,micro,302,0.006622516556291391,1.0,-0.0001930692233145237,-0.3654482066631317,0.10766160488128662,3.392622232437134,0.878617277052848,1.0077955271126038,True,1.0
1,0.0018198385914144288,0.04813616581764679,0.0637840786907143,tumor_066,0,0.0,ITC,302,0.0,,,-0.3654482066631317,0.10766160488128662,,,,,
2,0.0022528258393068237,0.05355732392499303,0.06508614675632152,tumor_066,0,0.0,ITC,302,0.0,,,-0.3654482066631317,0.10766160488128662,,,,,
0,0.008405802383497559,0.10345337113839345,0.2343170262443598,tumor_067,1,0.21875,micro,301,0.0033222591362126247,0.96,-0.10384485870599747,-0.27860361337661743,0.10632116347551346,1.6436874866485596,1.0,0.2366967193934126,False,1.0
0,0.08740567353957275,0.33359910069542437,0.5176515914096418,tumor_068,3,0.671875,micro,597,0.005025125628140704,0.9977777777777778,0.14244095981121063,-0.3327317535877228,0.12192456424236298,3.897268056869507,0.8281247598836579,1.1881175895782072,True,1.0
1,0.012225051280305176,0.12476144727639135,0.18008090508130262,tumor_068,1,0.171875,ITC,597,0.0016750418760469012,0.9966666666666667,0.11346469819545746,-0.3327317535877228,0.12192456424236298,3.6596107482910156,1.0,1.0476317661368055,True,1.0
2,0.00253163730870813,0.056774824829092095,0.07224786815539957,tumor_068,0,0.0,ITC,597,0.0,,,-0.3327317535877228,0.12192456424236298,,,,,
3,0.006466574088,0.09073862379274505,0.13114190175912505,tumor_068,0,0.0,ITC,597,0.0,,,-0.3327317535877228,0.12192456424236298,,,,,
4,0.002222781507,0.053198997302753924,0.07171135447751632,tumor_068,1,0.14359664916992188,ITC,597,0.0016750418760469012,0.9966666666666667,0.07156413793563843,-0.3327317535877228,0.12192456424236298,3.315951108932495,1.0,0.860112198090958,False,1.0
5,0.00602078364808374,0.08755512452755151,0.147352002175063,tumor_068,0,0.0,ITC,597,0.0,,,-0.3327317535877228,0.12192456424236298,,,,,
6,0.0027716239200509035,0.05940489187047392,0.07559351769772368,tumor_068,0,0.0,ITC,597,0.0,,,-0.3327317535877228,0.12192456424236298,,,,,
7,0.011721823852139648,0.12216664710535383,0.15225583952342056,tumor_068,0,0.0,ITC,597,0.0,,,-0.3327317535877228,0.12192456424236298,,,,,
8,0.0008804863677892457,0.03348238435460498,0.039852086772953405,tumor_068,0,0.0,ITC,597,0.0,,,-0.3327317535877228,0.12192456424236298,,,,,
9,0.0011193704416054687,0.03775217492356891,0.04317327647073446,tumor_068,1,0.0723138302564621,ITC,597,0.0016750418760469012,0.9966666666666667,0.09832844138145447,-0.3327317535877228,0.12192456424236298,3.535466432571411,1.0,0.9777600893517311,False,0.9966666666666667
10,0.048630936015630614,0.24883494696803815,0.42347462613492204,tumor_068,2,0.28125,micro,597,0.0033500837520938024,0.9733333333333334,0.04592113196849823,-0.3327317535877228,0.12192456424236298,3.1056323051452637,0.8915587971083612,0.7544647281606165,True,0.9983333333333333
11,0.004849271360897827,0.07857661267735339,0.09093688583297758,tumor_068,0,0.0,ITC,597,0.0,,,-0.3327317535877228,0.12192456424236298,,,,,
12,0.00167214957479187,0.04614159688759262,0.06271565904939531,tumor_068,0,0.0,ITC,597,0.0,,,-0.3327317535877228,0.12192456424236298,,,,,
13,0.7800999994325171,0.9966213765143505,1.3066312880894255,tumor_068,17,0.984375,micro,597,0.02847571189279732,0.962156862745098,0.13535046577453613,-0.3327317535877228,0.12192456424236298,3.839113235473633,0.5567506127199376,1.1529240893868538,True,0.9488235294117647
14,0.016750462987397463,0.14603887108635544,0.20655723448083238,tumor_068,2,0.0703125,micro,597,0.0033500837520938024,0.7183333333333334,-0.2292940318584442,-0.3327317535877228,0.12192456424236298,0.8483747243881226,0.8915587971083612,0.056300767063499256,False,0.7116666666666667
15,0.005101889808996826,0.08059731917189358,0.12068320450667525,tumor_068,0,0.0,ITC,597,0.0,,,-0.3327317535877228,0.12192456424236298,,,,,
16,0.11330185869045703,0.37981628055769967,0.6136897089289637,tumor_068,5,0.109375,micro,597,0.008375209380234505,0.9966666666666667,0.10913918167352676,-0.3327317535877228,0.12192456424236298,3.624133825302124,0.7482073243625232,1.0274183590537647,True,0.9986666666666667
17,0.027010800389206054,0.185448696923125,0.2443509847780068,tumor_068,1,0.734375,micro,597,0.0016750418760469012,0.9966666666666667,0.09706171602010727,-0.3327317535877228,0.12192456424236298,3.5250771045684814,1.0,0.9720220375759488,False,0.9966666666666667
18,0.15817100130800685,0.4487644969198338,0.8227834832242702,tumor_068,6,0.5078125,micro,597,0.010050251256281407,0.9983333333333333,0.17138059437274933,-0.3327317535877228,0.12192456424236298,4.13462495803833,0.719683556992019,1.3372454023077889,True,1.0
19,0.008546940161529785,0.10431827356769696,0.14048600046356932,tumor_068,1,0.25,ITC,597,0.0016750418760469012,0.9933333333333333,0.02838963270187378,-0.3327317535877228,0.12192456424236298,2.9618427753448486,1.0,0.6862192101554284,False,0.9966666666666667
20,0.028110285388081056,0.18918543012054556,0.37402324211663474,tumor_068,1,0.375,micro,597,0.0016750418760469012,1.0,0.2533981204032898,-0.3327317535877228,0.12192456424236298,4.807315826416016,1.0,1.807774181433634,True,1.0
21,0.8796018089542149,1.058273975292358,1.767174007560376,tumor_068,23,0.515625,micro,597,0.038525963149078725,0.9859420289855072,0.1716090738773346,-0.3327317535877228,0.12192456424236298,4.136498928070068,0.509459500130323,1.3384578584470344,True,0.9955072463768115
22,0.0043317362346108395,0.0742653207847964,0.14446347140616067,tumor_068,0,0.0,ITC,597,0.0,,,-0.3327317535877228,0.12192456424236298,,,,,
23,0.0015166703501740724,0.04394410843524938,0.06394375433339834,tumor_068,0,0.0,ITC,597,0.0,,,-0.3327317535877228,0.12192456424236298,,,,,
24,0.01618104990516504,0.14353519643136065,0.21097060717787205,tumor_068,1,0.109375,micro,597,0.0016750418760469012,0.9733333333333334,-0.034401312470436096,-0.3327317535877228,0.12192456424236298,2.4468443393707275,1.0,0.468329541427115,False,0.9966666666666667
25,0.013230282744,0.12978951875127684,0.18099389734739676,tumor_068,0,0.0,ITC,597,0.0,,,-0.3327317535877228,0.12192456424236298,,,,,
26,0.03771108715171289,0.21912381759296493,0.29756047957725124,tumor_068,1,0.921875,micro,597,0.0016750418760469012,0.9966666666666667,0.14770182967185974,-0.3327317535877228,0.12192456424236298,3.9404165744781494,1.0,1.2145716617546216,True,1.0
27,0.05504381301032227,0.26473375194287213,0.42267666259417747,tumor_068,2,0.5078125,micro,597,0.0033500837520938024,1.0,0.21229693293571472,-0.3327317535877228,0.12192456424236298,4.470212459564209,0.8915587971083612,1.5631303628589244,True,1.0
28,0.0016365291161011964,0.04564749266641625,0.06129238475536745,tumor_068,0,0.0,ITC,597,0.0,,,-0.3327317535877228,0.12192456424236298,,,,,
29,0.39600695165483496,0.7100786652455922,1.1563359966398175,tumor_068,10,0.6796875,micro,597,0.01675041876046901,0.9663333333333334,0.11423768848180771,-0.3327317535877228,0.12192456424236298,3.6659507751464844,0.6397661214708844,1.0512648120576193,True,0.9613333333333334
30,0.2515185724483169,0.5659005148226436,0.8192272085935622,tumor_068,6,0.75,micro,597,0.010050251256281407,0.9972222222222222,0.20253115892410278,-0.3327317535877228,0.12192456424236298,4.390115737915039,0.719683556992019,1.5076162480195103,True,1.0
31,0.0056904635565,0.0851194644485625,0.10787913774683222,tumor_068,0,0.0,ITC,597,0.0,,,-0.3327317535877228,0.12192456424236298,,,,,
32,0.00992200347,0.11239700699308458,0.14608019326725985,tumor_068,1,0.0625,ITC,597,0.0016750418760469012,0.95,-0.08038115501403809,-0.3327317535877228,0.12192456424236298,2.0697271823883057,1.0,0.33509278464683984,False,0.9866666666666667
33,0.0053504594145,0.08253736432090587,0.10385855250291139,tumor_068,0,0.0,ITC,597,0.0,,,-0.3327317535877228,0.12192456424236298,,,,,
34,3.086568287157384,1.9824078290640044,2.81067277890046,tumor_068,60,1.0,macro,597,0.10050251256281408,0.9706666666666667,0.0814136490225792,-0.3327317535877228,0.12192456424236298,3.3967347145080566,0.35944967846290354,0.9025310025195454,True,0.9967222222222222
35,0.001709643303900879,0.04665603349962655,0.05401436883830079,tumor_068,0,0.0,ITC,597,0.0,,,-0.3327317535877228,0.12192456424236298,,,,,
36,0.0022580585577688292,0.05361948759619885,0.06241870919182385,tumor_068,0,0.0,ITC,597,0.0,,,-0.3327317535877228,0.12192456424236298,,,,,
37,0.006705544626938233,0.09240002482685895,0.1268699306177179,tumor_068,0,0.0,ITC,597,0.0,,,-0.3327317535877228,0.12192456424236298,,,,,
38,8.510562479568517,3.2918056894242675,3.845851568168269,tumor_068,152,1.0,macro,597,0.254606365159129,0.9914035087719298,0.1758332997560501,-0.3327317535877228,0.12192456424236298,4.171145439147949,0.21402602197077308,1.360973082556937,True,0.9982456140350877
0,0.3733730506146709,0.6894877322918823,1.7526170603931848,tumor_069,9,0.53125,micro,316,0.028481012658227847,0.9255555555555556,-0.1305139809846878,-0.3617251515388489,0.07979841530323029,2.8974406719207764,0.61825521439277,0.7292858275934626,True,0.9629629629629629
1,0.04566586256192944,0.24112980333896836,0.6141227409518346,tumor_069,2,0.46875,micro,316,0.006329113924050633,0.9933333333333333,-0.016559850424528122,-0.3617251515388489,0.07979841530323029,4.325465679168701,0.8795729282448207,1.6253032751797543,True,1.0
2,0.15571610752374318,0.4452683526273369,0.8243913522459879,tumor_069,5,0.203125,micro,316,0.015822784810126583,0.8833333333333333,-0.0976828783750534,-0.3617251515388489,0.07979841530323029,3.308866024017334,0.720376998706633,0.9511018699770123,True,0.918
0,0.013268624505985658,0.12997744967979255,0.21827536672003006,tumor_070,2,0.1015625,micro,303,0.006600660066006601,1.0,-0.05068991333246231,-0.38990518450737,0.09440838545560837,3.5930631160736084,0.8786875053219867,1.1297432865289259,True,1.0
1,0.013770065755962159,0.13241069539162806,0.17022525910784894,tumor_070,1,0.703125,ITC,303,0.0033003300330033004,1.0,0.09982729703187943,-0.38990518450737,0.09440838545560837,5.18738317489624,1.0,2.3547604621317006,True,1.0
0,0.7276542792573527,0.9625373775839693,1.3316596445853168,tumor_071,17,0.9375,micro,396,0.04292929292929293,0.9898039215686274,0.2482537031173706,-0.33820149302482605,0.10542821139097214,5.562602519989014,0.5263305225166797,2.586557768994446,True,0.9996078431372549
1,0.0008708636864897919,0.033298920158357205,0.04527422267128997,tumor_071,0,0.0,ITC,396,0.0,,,-0.33820149302482605,0.10542821139097214,,,,,
2,0.0004444129992953739,0.023787480003086288,0.043422703118997756,tumor_071,0,0.0,ITC,396,0.0,,,-0.33820149302482605,0.10542821139097214,,,,,
3,0.04804275488234793,0.24732556550875143,0.5145966752908714,tumor_071,2,0.28125,micro,396,0.005050505050505051,1.0,0.17068785429000854,-0.33820149302482605,0.10542821139097214,4.826879978179932,0.8841165055488488,1.9475971317883243,True,1.0
4,0.0068625150199102935,0.09347526678051686,0.11815759104573317,tumor_071,0,0.0,ITC,396,0.0,,,-0.33820149302482605,0.10542821139097214,,,,,
5,0.1516820123183582,0.43946278148295986,0.5560232355612396,tumor_071,4,0.6875,micro,396,0.010101010101010102,1.0,0.18650084733963013,-0.33820149302482605,0.10542821139097214,4.976868152618408,0.7682330110976976,2.0705150766805467,True,1.0
6,0.047921743388685885,0.24701388368900584,0.4221240317385993,tumor_071,3,0.28125,micro,396,0.007575757575757576,1.0,0.21089951694011688,-0.33820149302482605,0.10542821139097214,5.2082929611206055,0.8163290068423972,2.2675503326469384,True,1.0
7,0.0010576136647040921,0.03669598807708447,0.04165900037942466,tumor_071,0,0.0,ITC,396,0.0,,,-0.33820149302482605,0.10542821139097214,,,,,
8,0.0005523824041373921,0.026520089003689407,0.03375934977917277,tumor_071,0,0.0,ITC,396,0.0,,,-0.33820149302482605,0.10542821139097214,,,,,
9,0.2719303398702697,0.5884152123595211,0.9505866838640097,tumor_071,8,0.7734375,micro,396,0.020202020202020204,0.9929166666666667,0.1563504934310913,-0.33820149302482605,0.10542821139097214,4.690888404846191,0.6523495166465465,1.8394006207860885,True,0.99875
10,0.17176623890043097,0.4676532559690523,0.7360919085085367,tumor_071,5,0.796875,micro,396,0.012626262626262626,0.9693333333333334,0.07363538444042206,-0.33820149302482605,0.10542821139097214,3.906325101852417,0.7309268585001484,1.2755658831192993,True,0.98
11,0.0008006370534181094,0.031928087280514876,0.0390337833857109,tumor_071,0,0.0,ITC,396,0.0,,,-0.33820149302482605,0.10542821139097214,,,,,
12,0.022796199169842008,0.17036731568203373,0.3048916648195559,tumor_071,2,0.1484375,micro,396,0.005050505050505051,0.9983333333333333,-0.041812606155872345,-0.33820149302482605,0.10542821139097214,2.811286449432373,0.8841165055488488,0.6606574316397756,True,1.0
13,0.038870080273772305,0.2224655553374434,0.3349573428158428,tumor_071,2,0.5625,micro,396,0.005050505050505051,1.0,0.054557397961616516,-0.33820149302482605,0.10542821139097214,3.7253682613372803,0.8841165055488488,1.1601243612644279,True,1.0
14,0.00334557801424183,0.06526654753952624,0.07780046604234295,tumor_071,0,0.0,ITC,396,0.0,,,-0.33820149302482605,0.10542821139097214,,,,,
15,0.047203533517400025,0.24515588005508945,0.4645932597224618,tumor_071,2,0.4921875,micro,396,0.005050505050505051,1.0,0.20211613178253174,-0.33820149302482605,0.10542821139097214,5.124981880187988,0.8841165055488488,2.1955877276342783,True,1.0
16,0.07882258067824988,0.31679650682674126,0.7355885274373252,tumor_071,3,0.296875,micro,396,0.007575757575757576,1.0,0.15140250325202942,-0.33820149302482605,0.10542821139097214,4.643956184387207,0.8163290068423972,1.8027784300516687,True,1.0
17,0.0006150489840970745,0.0279840077276573,0.05784103844480789,tumor_071,0,0.0,ITC,396,0.0,,,-0.33820149302482605,0.10542821139097214,,,,,
18,0.2560063528663495,0.5709268010637267,0.9367743595543813,tumor_071,8,0.640625,micro,396,0.020202020202020204,1.0,0.21933093667030334,-0.33820149302482605,0.10542821139097214,5.288266181945801,0.6523495166465465,2.3377213334007148,True,1.0
19,0.0081495783635075,0.10186444642433307,0.12084858691288945,tumor_071,0,0.0,ITC,396,0.0,,,-0.33820149302482605,0.10542821139097214,,,,,
20,0.001956407831047966,0.049909676577992564,0.0688166389763406,tumor_071,1,0.1263883113861084,ITC,396,0.0025252525252525255,1.0,0.06852757930755615,-0.33820149302482605,0.10542821139097214,3.857877016067505,1.0,1.244121753271829,True,1.0
21,0.17766679206023053,0.47561789856703746,0.7790515194677435,tumor_071,6,0.5859375,micro,396,0.015151515151515152,0.9722222222222222,0.07772389054298401,-0.33820149302482605,0.10542821139097214,3.9451050758361816,0.700445512391246,1.3010179122943737,True,0.9927777777777778
22,0.0009937917885500793,0.03557154768090708,0.041518731909542,tumor_071,0,0.0,ITC,396,0.0,,,-0.33820149302482605,0.10542821139097214,,,,,
23,0.0014105404751701698,0.04237872004244804,0.04696881237959099,tumor_071,0,0.0,ITC,396,0.0,,,-0.33820149302482605,0.10542821139097214,,,,,
24,0.018146077367946076,0.15200099765032038,0.3025335322062362,tumor_071,1,0.265625,micro,396,0.0025252525252525255,1.0,0.05888090655207634,-0.33820149302482605,0.10542821139097214,3.7663769721984863,1.0,1.185806148487073,True,0.9966666666666667
25,0.0026837791759478074,0.05845591309827857,0.06316177237063571,tumor_071,0,0.0,ITC,396,0.0,,,-0.33820149302482605,0.10542821139097214,,,,,
26,0.03138491678562021,0.19990126852942688,0.3289255694345298,tumor_071,2,0.4765625,micro,396,0.005050505050505051,1.0,0.07029399275779724,-0.33820149302482605,0.10542821139097214,3.874631643295288,0.8841165055488488,1.2549515750788074,True,1.0
27,0.0027110646803364946,0.05875231705506786,0.0681644673620753,tumor_071,0,0.0,ITC,396,0.0,,,-0.33820149302482605,0.10542821139097214,,,,,
28,0.04345561362132092,0.23522203490191515,0.46915303251463975,tumor_071,2,0.5390625,micro,396,0.005050505050505051,1.0,0.10415142774581909,-0.33820149302482605,0.10542821139097214,4.195773601531982,0.8841165055488488,1.4716014886737356,True,1.0
29,0.07028614394409265,0.2991506274714573,0.7482200447896328,tumor_071,4,0.234375,micro,396,0.010101010101010102,0.9991666666666666,0.08730173110961914,-0.33820149302482605,0.10542821139097214,4.035952091217041,0.7682330110976976,1.361626925280513,True,0.9983333333333333
30,0.7168230995381104,0.9553468045226047,1.3445514168105472,tumor_071,16,0.9609375,micro,396,0.04040404040404041,1.0,0.2723267078399658,-0.33820149302482605,0.10542821139097214,5.790937900543213,0.5364660221953953,2.8032636249174385,True,0.9997916666666666
31,0.0005196899120199279,0.02572333079100974,0.029955324603637236,tumor_071,0,0.0,ITC,396,0.0,,,-0.33820149302482605,0.10542821139097214,,,,,
32,0.00298509771870607,0.06165017810481401,0.07189792223225776,tumor_071,0,0.0,ITC,396,0.0,,,-0.33820149302482605,0.10542821139097214,,,,,
33,0.0004221529542934799,0.023184085820519954,0.029036427331811922,tumor_071,0,0.0,ITC,396,0.0,,,-0.33820149302482605,0.10542821139097214,,,,,
34,0.003203461204526184,0.06386527605536262,0.07913569261984503,tumor_071,0,0.0,ITC,396,0.0,,,-0.33820149302482605,0.10542821139097214,,,,,
35,0.04438297508844946,0.2377186551274625,0.4031681337258953,tumor_071,2,0.4375,micro,396,0.005050505050505051,1.0,0.18772417306900024,-0.33820149302482605,0.10542821139097214,4.988471508026123,0.8841165055488488,2.080180966197401,True,1.0
36,0.007021875776518158,0.0945543754507471,0.11839687182100717,tumor_071,0,0.0,ITC,396,0.0,,,-0.33820149302482605,0.10542821139097214,,,,,
37,0.00033532961976459505,0.02066288780411122,0.03159534858434396,tumor_071,0,0.0,ITC,396,0.0,,,-0.33820149302482605,0.10542821139097214,,,,,
38,0.14779502196112573,0.433795420072535,0.5572402423078546,tumor_071,4,0.578125,micro,396,0.010101010101010102,0.9991666666666666,0.13527050614356995,-0.33820149302482605,0.10542821139097214,4.490942001342773,0.7682330110976976,1.6859357458873165,True,0.9991666666666666
39,0.0009988380926095964,0.03566174642804781,0.044903945528148165,tumor_071,0,0.0,ITC,396,0.0,,,-0.33820149302482605,0.10542821139097214,,,,,
40,0.04503623187605603,0.2394617117003401,0.4150322602824328,tumor_071,2,0.3828125,micro,396,0.005050505050505051,1.0,0.33523011207580566,-0.33820149302482605,0.10542821139097214,6.387584686279297,0.8841165055488488,3.41066817004741,True,1.0
0,3.491499115944231,2.1084389355226905,2.3876333642411964,tumor_072,67,1.0,macro,434,0.1543778801843318,0.987363184079602,0.2057904750108719,-0.31101977825164795,0.13366465270519257,3.866468906402588,0.30764666786462097,1.2308144391363742,True,0.9981592039800995
1,0.017081097739416923,0.14747314707875472,0.2134803030864615,tumor_072,1,0.703125,micro,434,0.002304147465437788,0.9966666666666667,0.060845717787742615,-0.31101977825164795,0.13366465270519257,2.782078266143799,1.0,0.637238821112663,False,1.0
2,3.407007187284449,2.0827712980659876,2.3779558631377005,tumor_072,65,1.0,macro,434,0.1497695852534562,0.9745641025641025,0.17983132600784302,-0.31101977825164795,0.13366465270519257,3.672258138656616,0.3126368090244895,1.110273418975294,True,0.9961025641025641
3,0.018062709679810753,0.1516514300935064,0.21478478157198,tumor_072,1,0.34375,micro,434,0.002304147465437788,1.0,0.1328229308128357,-0.31101977825164795,0.13366465270519257,3.3205690383911133,1.0,0.9077966312291321,False,1.0
0,0.535084252206215,0.8254031921879126,1.7968458808799572,tumor_073,14,0.6875,micro,314,0.044585987261146494,1.0,0.2001425176858902,-0.391899973154068,0.10582192987203598,5.594705104827881,0.54098505075517,2.72208955681975,True,1.0
0,0.01125983580563042,0.11973499160627005,0.13893107190560378,tumor_074,1,0.078125,ITC,315,0.0031746031746031746,0.9833333333333333,0.02024340070784092,-0.37137964367866516,0.11875063180923462,3.297860860824585,1.0,0.9453062951308465,False,1.0
1,0.004254963974618723,0.0736042688565552,0.10937258222060389,tumor_074,0,0.0,ITC,315,0.0,,,-0.37137964367866516,0.11875063180923462,,,,,
2,0.4617685577694617,0.7667737529854567,1.5379197716324393,tumor_074,13,0.59375,micro,315,0.04126984126984127,0.992051282051282,0.16808277368545532,-0.37137964367866516,0.11875063180923462,4.54281759262085,0.5541213438749099,1.7937358618072574,True,1.0
3,0.00377945612768961,0.06936968357550753,0.1028762470220665,tumor_074,0,0.0,ITC,315,0.0,,,-0.37137964367866516,0.11875063180923462,,,,,
4,0.0017168594209547368,0.04675439345677243,0.07530873803559798,tumor_074,0,0.0,ITC,315,0.0,,,-0.37137964367866516,0.11875063180923462,,,,,
5,0.0037466741807656405,0.06906818173507272,0.19152881662066887,tumor_074,0,0.0,ITC,315,0.0,,,-0.37137964367866516,0.11875063180923462,,,,,
6,0.0008039985993936138,0.031995043532704145,0.03892142844485122,tumor_074,0,0.0,ITC,315,0.0,,,-0.37137964367866516,0.11875063180923462,,,,,
7,0.0015916294244660168,0.045016947073232325,0.05645448552346716,tumor_074,1,0.10282281786203384,ITC,315,0.0031746031746031746,0.9933333333333333,0.19628126919269562,-0.37137964367866516,0.11875063180923462,4.780277252197266,1.0,1.9861592406193067,True,1.0
0,2.3466045125780464,1.7285223924694613,2.844925716034327,tumor_075,65,0.59375,macro,398,0.16331658291457288,0.9762051282051282,-0.04532903432846069,-0.37801018357276917,0.08200430124998093,4.0568742752075195,0.30269427263247606,1.3746229711949849,True,0.9972307692307693
1,0.02017506073360927,0.16027378183428792,0.32554043855135756,tumor_075,1,0.421875,micro,398,0.002512562814070352,0.9066666666666666,-0.2551988959312439,-0.37801018357276917,0.08200430124998093,1.4976201057434082,1.0,0.1873284859836048,False,1.0
2,0.0008090301058382435,0.032095001536602635,0.04516725845949613,tumor_075,0,0.0,ITC,398,0.0,,,-0.37801018357276917,0.08200430124998093,,,,,
3,0.0014401956880732269,0.04282188812058502,0.06411118364095322,tumor_075,1,0.0930398553609848,ITC,398,0.002512562814070352,0.9533333333333334,-0.19644561409950256,-0.37801018357276917,0.08200430124998093,2.214085817337036,1.0,0.4094391805200893,False,0.9866666666666667
4,0.0016959308502168388,0.046468550909538865,0.05193845983441538,tumor_075,0,0.0,ITC,398,0.0,,,-0.37801018357276917,0.08200430124998093,,,,,
5,0.00042892815212600615,0.02336938777839528,0.028044944629942992,tumor_075,0,0.0,ITC,398,0.0,,,-0.37801018357276917,0.08200430124998093,,,,,
6,0.0008912072217547245,0.0336856093501613,0.040103029037248696,tumor_075,0,0.0,ITC,398,0.0,,,-0.37801018357276917,0.08200430124998093,,,,,
7,0.07941722946284674,0.31798924051829636,0.8323878962532673,tumor_075,5,0.25,micro,398,0.01256281407035176,0.988,-0.10136418044567108,-0.37801018357276917,0.08200430124998093,3.3735549449920654,0.7311532922984437,0.9505524271166083,True,1.0
8,0.0059444333847894285,0.08699820490422658,0.13447966478260603,tumor_075,0,0.0,ITC,398,0.0,,,-0.37801018357276917,0.08200430124998093,,,,,
9,0.0026259341828818532,0.057822515022411404,0.06710219233734294,tumor_075,1,0.16964121162891388,ITC,398,0.002512562814070352,0.9333333333333333,-0.22517427802085876,-0.37801018357276917,0.08200430124998093,1.8637547492980957,1.0,0.2901202383703204,False,1.0
10,0.003478855050982195,0.06655385654725195,0.0915776498436405,tumor_075,0,0.0,ITC,398,0.0,,,-0.37801018357276917,0.08200430124998093,,,,,
11,0.00408590961547098,0.07212726044035843,0.08803316265320936,tumor_075,0,0.0,ITC,398,0.0,,,-0.37801018357276917,0.08200430124998093,,,,,
12,0.0020707293626191577,0.05134719574554145,0.09620525499121675,tumor_075,0,0.0,ITC,398,0.0,,,-0.37801018357276917,0.08200430124998093,,,,,
13,0.03541036219460005,0.2123343435235096,0.4338567926512398,tumor_075,3,0.234375,micro,398,0.007537688442211055,0.9533333333333334,-0.16210761666297913,-0.37801018357276917,0.08200430124998093,2.6328201293945312,0.8164835719557546,0.5789524268820797,True,0.9944444444444445
14,0.0002705251293176708,0.018559183508221805,0.030522161003058445,tumor_075,0,0.0,ITC,398,0.0,,,-0.37801018357276917,0.08200430124998093,,,,,
15,0.00025586824052401116,0.018049419992813592,0.020987592947118536,tumor_075,0,0.0,ITC,398,0.0,,,-0.37801018357276917,0.08200430124998093,,,,,
16,0.007600355953391705,0.09837211878333026,0.17314301328764514,tumor_075,1,0.125,ITC,398,0.002512562814070352,0.9966666666666667,-0.042635560035705566,-0.37801018357276917,0.08200430124998093,4.089719772338867,1.0,1.39697167884208,True,1.0
17,0.0019176796788367195,0.04941321282035745,0.07172521525687857,tumor_075,0,0.0,ITC,398,0.0,,,-0.37801018357276917,0.08200430124998093,,,,,
18,0.004800090693461655,0.07817714045186488,0.17878200522184653,tumor_075,1,0.03125,ITC,398,0.002512562814070352,0.98,-0.16172076761722565,-0.37801018357276917,0.08200430124998093,2.6375374794006348,1.0,0.581028959148276,False,0.9866666666666667
19,0.004382809473359379,0.07470184963252954,0.10419346256350248,tumor_075,1,0.28313928842544556,ITC,398,0.002512562814070352,0.9966666666666667,-0.10369627177715302,-0.37801018357276917,0.08200430124998093,3.345116376876831,1.0,0.9345939435388416,False,0.9966666666666667
20,0.0008817493897099285,0.03350639030878702,0.04547292185059079,tumor_075,0,0.0,ITC,398,0.0,,,-0.37801018357276917,0.08200430124998093,,,,,
21,0.0010513732531195936,0.03658756622335952,0.039094432814516834,tumor_075,0,0.0,ITC,398,0.0,,,-0.37801018357276917,0.08200430124998093,,,,,
22,0.002953721279509226,0.06132531889192986,0.09209924106291775,tumor_075,0,0.0,ITC,398,0.0,,,-0.37801018357276917,0.08200430124998093,,,,,
23,0.09402433745797129,0.3459992841307806,0.7329320175660091,tumor_075,7,0.125,micro,398,0.017587939698492462,0.930952380952381,-0.14898595213890076,-0.37801018357276917,0.08200430124998093,2.7928318977355957,0.6749476739581985,0.6514635047707868,True,0.9623809523809523
24,0.012509115647778603,0.12620261769241212,0.27265601941258294,tumor_075,2,0.078125,micro,398,0.005025125628140704,0.915,-0.24828791618347168,-0.37801018357276917,0.08200430124998093,1.5818959474563599,0.8842140252777302,0.20900483177430543,False,0.9916666666666667
25,0.028967576900329743,0.19204859912182817,0.40079126939829957,tumor_075,2,0.3828125,micro,398,0.005025125628140704,0.9816666666666667,-0.14683327078819275,-0.37801018357276917,0.08200430124998093,2.819082736968994,0.8842140252777302,0.6637677434698647,True,1.0
26,0.0024259820867481565,0.05557748040049029,0.07062833839035125,tumor_075,0,0.0,ITC,398,0.0,,,-0.37801018357276917,0.08200430124998093,,,,,
27,0.1877253322003797,0.4888960180918522,1.4798747510358534,tumor_075,8,0.4921875,micro,398,0.020100502512562814,0.97875,-0.13353265821933746,-0.37801018357276917,0.08200430124998093,2.981276750564575,0.6526420758331906,0.7423438002686009,True,0.9995833333333334
28,0.0032474513720802097,0.06430228228093451,0.09495258541191894,tumor_075,0,0.0,ITC,398,0.0,,,-0.37801018357276917,0.08200430124998093,,,,,
0,86.37101990717504,10.48670577755108,12.1965854392103,tumor_076,1445,1.0,macro,2692,0.5367756315007429,0.9978823529411764,0.19181440770626068,-0.3590841591358185,0.11882691085338593,4.636143207550049,0.07877588801504902,1.3607062437306905,True,0.989674740484429
1,0.11392044037461722,0.38085168981981277,0.5854470737885231,tumor_076,3,0.96875,micro,2692,0.001114413075780089,0.9988888888888889,0.16032661497592926,-0.3590841591358185,0.11882691085338593,4.371154308319092,0.8609006371602886,1.2096033152048384,True,0.9944444444444445
2,0.01826438653281404,0.152495702214545,0.17755906728534715,tumor_076,1,0.078125,ITC,2692,0.0003714710252600297,1.0,0.2042260766029358,-0.3590841591358185,0.11882691085338593,4.740594863891602,1.0,1.4227099725666088,True,0.9833333333333333
3,0.0024405094645662605,0.055743637839543635,0.07112105402256184,tumor_076,0,0.0,ITC,2692,0.0,,,-0.3590841591358185,0.11882691085338593,,,,,
4,0.16604347429888008,0.45979682211010414,0.7628188958922393,tumor_076,5,0.703125,micro,2692,0.0018573551263001485,0.9986666666666667,0.10218857228755951,-0.3590841591358185,0.11882691085338593,3.881887674331665,0.7962231166910877,0.953974182590443,True,0.9853333333333333
5,0.0029130549152334654,0.06090169713612573,0.08177336009253058,tumor_076,0,0.0,ITC,2692,0.0,,,-0.3590841591358185,0.11882691085338593,,,,,
6,0.041562809737742755,0.23004219819067495,0.40739443067430536,tumor_076,1,0.453125,micro,2692,0.0003714710252600297,0.9933333333333333,0.014946222305297852,-0.3590841591358185,0.11882691085338593,3.147690773010254,1.0,0.6272415428653467,False,0.9933333333333333
7,0.004482889625377038,0.07554993279754155,0.11133309900685426,tumor_076,0,0.0,ITC,2692,0.0,,,-0.3590841591358185,0.11882691085338593,,,,,
8,8.60361334372709,3.3097523679037457,4.262617782834641,tumor_076,154,1.0,macro,2692,0.057206537890044575,0.9937662337662337,0.1222396045923233,-0.3590841591358185,0.11882691085338593,4.050629615783691,0.3622528121372361,1.0387134609775237,True,0.9886147186147186
9,41.1857170492162,7.241497333102821,8.995973743632497,tumor_076,716,1.0,macro,2692,0.2659732540861813,0.9966154562383612,0.23153364658355713,-0.3590841591358185,0.11882691085338593,4.970404148101807,0.16768205474487302,1.5639904560340299,True,0.9910055865921787
10,0.006549186851348133,0.09131639329822444,0.15555834371064767,tumor_076,0,0.0,ITC,2692,0.0,,,-0.3590841591358185,0.11882691085338593,,,,,
11,0.01590698497014497,0.14231444867439305,0.17394646368165148,tumor_076,1,0.484375,ITC,2692,0.0003714710252600297,1.0,0.150033101439476,-0.3590841591358185,0.11882691085338593,4.2845282554626465,1.0,1.1621353583043725,True,1.0
12,0.009195359664625145,0.10820302931555752,0.1294627699998769,tumor_076,1,0.046875,ITC,2692,0.0003714710252600297,0.9733333333333334,-0.09174947440624237,-0.3590841591358185,0.11882691085338593,2.2497825622558594,1.0,0.320428978303889,False,0.97
13,0.14672305431591184,0.4322193828131082,0.5805912262515495,tumor_076,4,0.5390625,micro,2692,0.0014858841010401188,0.9975,0.16345065832138062,-0.3590841591358185,0.11882691085338593,4.397445201873779,0.8244761465631884,1.2241977161810538,True,0.9866666666666667
14,0.007085906354274376,0.09498450494976696,0.12056064991964088,tumor_076,0,0.0,ITC,2692,0.0,,,-0.3590841591358185,0.11882691085338593,,,,,
15,0.09772792129863996,0.3527478618251203,0.7960637587219117,tumor_076,4,0.296875,micro,2692,0.0014858841010401188,0.9566666666666667,-0.06523589789867401,-0.3590841591358185,0.11882691085338593,2.472910165786743,0.8244761465631884,0.38713939961596916,True,0.9891666666666666
16,0.0022959429625618974,0.05406741507035648,0.0769457506362177,tumor_076,0,0.0,ITC,2692,0.0,,,-0.3590841591358185,0.11882691085338593,,,,,
17,0.007511414651806813,0.09779483714176089,0.11352477984371254,tumor_076,0,0.0,ITC,2692,0.0,,,-0.3590841591358185,0.11882691085338593,,,,,
18,0.0035760009292566835,0.06747670557414091,0.10364229476866624,tumor_076,0,0.0,ITC,2692,0.0,,,-0.3590841591358185,0.11882691085338593,,,,,
19,0.4165842841757798,0.7282936113462712,1.3872434346811666,tumor_076,13,0.484375,micro,2692,0.0048291233283803865,0.9479487179487179,-0.08668255060911179,-0.3590841591358185,0.11882691085338593,2.2924234867095947,0.6752422806306231,0.3326904933488004,True,0.99
20,0.013286195383972138,0.1300634820460805,0.30020844525977824,tumor_076,0,0.0,micro,2692,0.0,,,-0.3590841591358185,0.11882691085338593,,,,,
21,0.0017751805200096132,0.04754187666804677,0.06074975061936325,tumor_076,1,0.11468062549829483,ITC,2692,0.0003714710252600297,0.9866666666666667,-0.06201842427253723,-0.3590841591358185,0.11882691085338593,2.4999871253967285,1.0,0.39566372618116935,False,1.0
22,0.0008003966645672149,0.03192329376491567,0.03643198432508522,tumor_076,0,0.0,ITC,2692,0.0,,,-0.3590841591358185,0.11882691085338593,,,,,
23,0.08047142659258265,0.32009280304144455,0.8295490007074744,tumor_076,4,0.2265625,micro,2692,0.0014858841010401188,0.9916666666666667,0.003647319972515106,-0.3590841591358185,0.11882691085338593,3.0526039600372314,0.8244761465631884,0.5899179607650759,True,0.9933333333333333
24,0.004350442230870942,0.07442550023634872,0.1436335758005674,tumor_076,1,0.03125,ITC,2692,0.0003714710252600297,0.9166666666666666,-0.15841294825077057,-0.3590841591358185,0.11882691085338593,1.6887691020965576,1.0,0.1805474011184612,False,0.9933333333333333
25,0.0017843852221300278,0.047664974854257386,0.07037739506080735,tumor_076,0,0.0,ITC,2692,0.0,,,-0.3590841591358185,0.11882691085338593,,,,,
26,0.6331205316248394,0.8978385698155847,1.8258065241247157,tumor_076,18,0.4921875,micro,2692,0.006686478454680535,0.9475925925925925,-0.08528132736682892,-0.3590841591358185,0.11882691085338593,2.304215669631958,0.6340393476021714,0.3361220036907312,True,0.9875925925925926
27,0.04453739377010541,0.23813183526681114,0.6253302245925747,tumor_076,3,0.078125,micro,2692,0.001114413075780089,0.96,-0.08959897607564926,-0.3590841591358185,0.11882691085338593,2.2678799629211426,0.8609006371602886,0.32560481635926525,False,0.98
28,0.005761831068464447,0.08565156838291163,0.1172032399412112,tumor_076,0,0.0,ITC,2692,0.0,,,-0.3590841591358185,0.11882691085338593,,,,,
29,0.02103928235546814,0.16367054190608277,0.49280399999999996,tumor_076,2,0.0859375,micro,2692,0.0007429420505200594,0.85,-0.21462851762771606,-0.3590841591358185,0.11882691085338593,1.2156811952590942,0.9122380732815942,0.09355997351056011,False,0.9766666666666667
30,0.004748979161297859,0.07775981009035234,0.16239679869903767,tumor_076,1,0.09375,ITC,2692,0.0003714710252600297,0.9066666666666666,-0.17279969155788422,-0.3590841591358185,0.11882691085338593,1.56769597530365,1.0,0.15558738416173573,False,0.9833333333333333
31,0.009763805377984611,0.11149736819471508,0.14055839825589614,tumor_076,0,0.0,ITC,2692,0.0,,,-0.3590841591358185,0.11882691085338593,,,,,
32,0.13371779858839894,0.4126194239219492,0.7617394448949458,tumor_076,7,0.359375,micro,2692,0.002600297176820208,0.8595238095238096,-0.1820424348115921,-0.3590841591358185,0.11882691085338593,1.489912748336792,0.7536211230578246,0.1405310738215338,False,0.9857142857142858
33,0.001347901829078951,0.041427067373930496,0.05415814120005036,tumor_076,1,0.08707746863365173,ITC,2692,0.0003714710252600297,0.9233333333333333,-0.1537855565547943,-0.3590841591358185,0.11882691085338593,1.7277113199234009,1.0,0.18897008130269857,False,0.9833333333333333
34,0.07358053901201807,0.3060811199552004,0.8667869502573986,tumor_076,4,0.1796875,micro,2692,0.0014858841010401188,0.9066666666666666,-0.15882611274719238,-0.3590841591358185,0.11882691085338593,1.6852920055389404,0.8244761465631884,0.1798046892100703,False,0.9841666666666666
35,0.0017312498162609367,0.04694992787937921,0.05897777828419128,tumor_076,1,0.11184260249137878,ITC,2692,0.0003714710252600297,0.74,-0.2872477173805237,-0.3590841591358185,0.11882691085338593,0.6045469045639038,1.0,0.023137194425925683,False,0.9833333333333333
36,0.003246064005188713,0.06428854529500318,0.09501909789994628,tumor_076,0,0.0,ITC,2692,0.0,,,-0.3590841591358185,0.11882691085338593,,,,,
37,0.007360396466917442,0.09680675517033026,0.2073642668201873,tumor_076,1,0.125,micro,2692,0.0003714710252600297,0.5766666666666667,-0.3766348958015442,-0.3590841591358185,0.11882691085338593,-0.1477000117301941,1.0,0.0013810574724389306,False,0.8766666666666667
0,0.20780995936075544,0.5143849317854489,0.6871566163292139,tumor_077,4,0.9921875,micro,318,0.012578616352201259,0.9775,0.1288553923368454,-0.34838658571243286,0.11252007633447647,4.24139404296875,0.7594095801952035,1.5610259465484793,True,0.995
1,0.01835352098434829,0.15286735656247502,0.22029123709967574,tumor_077,1,0.8125,micro,318,0.0031446540880503146,1.0,-0.033090706914663315,-0.34838658571243286,0.11252007633447647,2.8021299839019775,1.0,0.6813487007550736,False,1.0
2,0.003084565379878235,0.06266889675095619,0.07211035972071811,tumor_077,1,0.19926981627941132,ITC,318,0.0031446540880503146,0.9966666666666667,-0.054531972855329514,-0.34838658571243286,0.11252007633447647,2.611575126647949,1.0,0.5918312931492343,False,1.0
3,0.003950276038286957,0.07092000891544435,0.09806867018801257,tumor_077,0,0.0,ITC,318,0.0,,,-0.34838658571243286,0.11252007633447647,,,,,
4,0.004190028381353966,0.07304046706246158,0.07760851231442753,tumor_077,0,0.0,ITC,318,0.0,,,-0.34838658571243286,0.11252007633447647,,,,,
5,0.03500483051836128,0.21111497927131992,0.2397776517029003,tumor_077,2,0.28125,micro,318,0.006289308176100629,0.9866666666666667,-0.005575958639383316,-0.34838658571243286,0.11252007633447647,3.046661853790283,0.8797047900976017,0.8054551959637531,True,1.0
6,0.014574518333399598,0.1362235408714367,0.466410354725814,tumor_077,2,0.2109375,micro,318,0.006289308176100629,0.97,-0.09962376952171326,-0.34838658571243286,0.11252007633447647,2.2108304500579834,0.8797047900976017,0.4241346487737538,False,1.0
7,0.19913072094548823,0.5035286570587797,0.6499987163379193,tumor_077,5,1.0,micro,318,0.015723270440251572,0.9613333333333334,0.1032935157418251,-0.34838658571243286,0.11252007633447647,4.014217853546143,0.7206831724472491,1.398281957696953,True,1.0
8,0.012265619449804322,0.1249682828727498,0.15528916853728078,tumor_077,1,0.15625,ITC,318,0.0031446540880503146,1.0,-0.0371834859251976,-0.34838658571243286,0.11252007633447647,2.765756130218506,1.0,0.663774623279255,False,1.0
9,0.001607299821231228,0.04523801159022529,0.05137151613734989,tumor_077,0,0.0,ITC,318,0.0,,,-0.34838658571243286,0.11252007633447647,,,,,
10,0.012086546206839478,0.12405268473441759,0.43775563897720315,tumor_077,0,0.0,micro,318,0.0,,,-0.34838658571243286,0.11252007633447647,,,,,
11,0.029695002758513857,0.19444498397531262,0.2244202961043218,tumor_077,1,0.640625,micro,318,0.0031446540880503146,1.0,0.11884113401174545,-0.34838658571243286,0.11252007633447647,4.1523942947387695,1.0,1.4962013728745747,True,1.0
12,0.0062146554889445345,0.08895361221125098,0.11941637129141314,tumor_077,1,0.40148061513900757,ITC,318,0.0031446540880503146,0.9633333333333334,-0.1294252872467041,-0.34838658571243286,0.11252007633447647,1.945975422859192,1.0,0.3286000154119485,False,1.0
0,0.04995279276970997,0.25219411397642777,0.34448328028569253,tumor_078,0,0.0,micro,1481,0.0,,,-0.2886179983615875,0.16134804487228394,,,,,
1,0.010396311146803765,0.11505213805697626,0.17423556236546175,tumor_078,0,0.0,ITC,1481,0.0,,,-0.2886179983615875,0.16134804487228394,,,,,
2,0.0020729596480783667,0.05137484013185503,0.10475444987577456,tumor_078,0,0.0,ITC,1481,0.0,,,-0.2886179983615875,0.16134804487228394,,,,,
3,0.0077220036052305825,0.09915624213718001,0.16136455078461862,tumor_078,1,0.03125,ITC,1481,0.0006752194463200541,0.97,0.025565002113580704,-0.2886179983615875,0.16134804487228394,1.9472377300262451,1.0,0.2596910415053752,False,0.9833333333333333
4,0.028488948161231105,0.19045538949263038,0.4842614436919761,tumor_078,2,0.4453125,micro,1481,0.0013504388926401081,1.0,0.3266095519065857,-0.2886179983615875,0.16134804487228394,3.813046455383301,0.905054480963852,0.9957795639274206,True,0.9966666666666667
5,0.15761071484898143,0.4479689663578278,0.8426460135071421,tumor_078,6,0.375,micro,1481,0.004051316677920324,0.9955555555555555,0.2398088127374649,-0.2886179983615875,0.16134804487228394,3.2750742435455322,0.7545693936800504,0.7346175770816233,True,0.9961111111111111
6,0.11305918074406977,0.3794093038114773,0.4396429374374424,tumor_078,3,0.546875,micro,1481,0.002025658338960162,0.9866666666666667,0.1464674323797226,-0.2886179983615875,0.16134804487228394,2.6965644359588623,0.8495149127161986,0.4980129330162727,True,0.9911111111111112
7,4.307530049889113,2.3419046948272353,4.968251183484979,tumor_078,95,0.9375,macro,1481,0.06414584740040513,0.987859649122807,0.29149720072746277,-0.2886179983615875,0.16134804487228394,3.5954275131225586,0.3762216492744694,0.885360395894796,True,0.9963859649122807
8,0.05670774019612196,0.2687052982549287,0.337366563472631,tumor_078,2,0.578125,micro,1481,0.0013504388926401081,0.98,0.11566407233476639,-0.2886179983615875,0.16134804487228394,2.5056521892547607,0.905054480963852,0.42999221100084717,False,0.995
9,3.9761421190582085,2.2500180846988713,4.703518409318621,tumor_078,86,0.9296875,macro,1481,0.05806887238352464,0.9751550387596899,0.26679858565330505,-0.2886179983615875,0.16134804487228394,3.4423508644104004,0.3898549574011041,0.8115761660360011,True,0.9940697674418605
10,0.008726362609442305,0.10540754221610647,0.13191973629765003,tumor_078,1,0.234375,ITC,1481,0.0006752194463200541,1.0,0.286752313375473,-0.2886179983615875,0.16134804487228394,3.5660197734832764,1.0,0.8709365371528419,False,1.0
11,0.02594027489773899,0.18173657804939036,0.256890226870593,tumor_078,1,0.09375,micro,1481,0.0006752194463200541,0.88,-0.07684474438428879,-0.2886179983615875,0.16134804487228394,1.312524437904358,1.0,0.11798690604869619,False,0.97
12,0.04020238755115494,0.22624603780596708,0.36826981613115356,tumor_078,1,0.3125,micro,1481,0.0006752194463200541,0.9733333333333334,0.044618651270866394,-0.2886179983615875,0.16134804487228394,2.0653278827667236,1.0,0.29214404134189587,False,1.0
13,8.590456244376146,3.3072206756817453,5.284630458775659,tumor_078,166,1.0,macro,1481,0.11208642808912897,0.9955823293172691,0.2960461378097534,-0.2886179983615875,0.16134804487228394,3.6236207485198975,0.29977305327870735,0.8992997894219842,True,0.9971887550200803
14,0.3701872014663752,0.6865398632722148,1.1402377552041498,tumor_078,8,0.96875,micro,1481,0.0054017555705604325,0.9695833333333334,0.1651667356491089,-0.2886179983615875,0.16134804487228394,2.8124587535858154,0.7151634428915556,0.5417405448837909,True,0.9975
15,0.018861362927518457,0.15496784552583248,0.29912720003376336,tumor_078,1,0.25,micro,1481,0.0006752194463200541,0.82,-0.11960285902023315,-0.2886179983615875,0.16134804487228394,1.0475189685821533,1.0,0.07515239200637115,False,0.99
16,22.47109987840368,5.3489338170215825,9.0473895010313,tumor_078,408,1.0,macro,1481,0.275489534098582,0.9942973856209151,0.3292560279369354,-0.2886179983615875,0.16134804487228394,3.8294484615325928,0.1765920746042718,1.0043647783246445,True,0.9971977124183007
17,0.3578741363865432,0.6750255569126934,0.8360317780408176,tumor_078,12,0.2421875,micro,1481,0.008102633355840648,0.9913888888888889,0.1808958202600479,-0.2886179983615875,0.16134804487228394,2.9099442958831787,0.6596238746439023,0.5799470815502465,True,0.9902777777777778
18,0.047691387136201906,0.24641947984095355,0.41512610761643426,tumor_078,2,0.2890625,micro,1481,0.0013504388926401081,0.9883333333333333,0.1777854561805725,-0.2886179983615875,0.16134804487228394,2.890666961669922,0.905054480963852,0.5722886514253858,True,0.99
19,0.007384820922195076,0.09696724204042499,0.1190862021778514,tumor_078,0,0.0,ITC,1481,0.0,,,-0.2886179983615875,0.16134804487228394,,,,,
20,0.0021824309303312703,0.0527139200226176,0.07555298915292256,tumor_078,0,0.0,ITC,1481,0.0,,,-0.2886179983615875,0.16134804487228394,,,,,
21,0.02172564810460588,0.1663188332744814,0.27758271356987924,tumor_078,1,0.5,micro,1481,0.0006752194463200541,1.0,0.2846650183200836,-0.2886179983615875,0.16134804487228394,3.5530831813812256,1.0,0.8646289367136214,False,0.9966666666666667
22,0.021801557287115386,0.16660913802899396,0.2972450249262482,tumor_078,0,0.0,micro,1481,0.0,,,-0.2886179983615875,0.16134804487228394,,,,,
23,0.11881178354793824,0.38894197664143887,0.5551529330354747,tumor_078,0,0.0,micro,1481,0.0,,,-0.2886179983615875,0.16134804487228394,,,,,
24,0.09474373285037897,0.34732041011280407,0.7608894007194656,tumor_078,0,0.0,micro,1481,0.0,,,-0.2886179983615875,0.16134804487228394,,,,,
25,0.021854609464087533,0.16681172921716142,0.19470830106759437,tumor_078,0,0.0,ITC,1481,0.0,,,-0.2886179983615875,0.16134804487228394,,,,,
26,0.014059707654954255,0.13379602301153587,0.161227280121265,tumor_078,0,0.0,ITC,1481,0.0,,,-0.2886179983615875,0.16134804487228394,,,,,
27,0.010231948249841355,0.11413904297558199,0.20315026801484035,tumor_078,0,0.0,micro,1481,0.0,,,-0.2886179983615875,0.16134804487228394,,,,,
28,0.05113515161512779,0.25516131595994096,0.3123866329349438,tumor_078,0,0.0,micro,1481,0.0,,,-0.2886179983615875,0.16134804487228394,,,,,
29,0.04634010257242731,0.24290337812039192,0.3730745683198488,tumor_078,0,0.0,micro,1481,0.0,,,-0.2886179983615875,0.16134804487228394,,,,,
30,0.09897490554029599,0.35499121632842157,0.5230166734731796,tumor_078,3,0.53125,micro,1481,0.002025658338960162,0.9944444444444445,0.21041391789913177,-0.2886179983615875,0.16134804487228394,3.092890977859497,0.8495149127161986,0.6551613055958004,True,0.9977777777777778
31,0.03042570001743512,0.19682277418644348,0.25636218172838665,tumor_078,1,0.875,micro,1481,0.0006752194463200541,0.9966666666666667,0.21526768803596497,-0.2886179983615875,0.16134804487228394,3.122973680496216,1.0,0.6679680109219238,False,0.9966666666666667
32,0.004315714859472748,0.07412785456818415,0.11661124967431269,tumor_078,1,0.27880480885505676,ITC,1481,0.0006752194463200541,0.94,-0.0316908061504364,-0.2886179983615875,0.16134804487228394,1.5923787355422974,1.0,0.17366478185163964,False,0.9666666666666667
33,0.09979802372323773,0.3564642903445508,0.8692336569881222,tumor_078,5,0.234375,micro,1481,0.00337609723160027,0.9953333333333333,0.2373111993074417,-0.2886179983615875,0.16134804487228394,3.259594678878784,0.7795433318663049,0.7276896812635084,True,0.9953333333333333
34,0.009663692992843208,0.11092428078048587,0.14336515693815066,tumor_078,1,0.109375,ITC,1481,0.0006752194463200541,0.9933333333333333,0.20505216717720032,-0.2886179983615875,0.16134804487228394,3.059659957885742,1.0,0.6411584082330629,False,0.99
35,0.006270966221315872,0.08935570589882777,0.13618140123528508,tumor_078,0,0.0,ITC,1481,0.0,,,-0.2886179983615875,0.16134804487228394,,,,,
36,0.0023366215493481448,0.054544284372520666,0.08592327865281488,tumor_078,1,0.15095096826553345,ITC,1481,0.0006752194463200541,0.99,0.17809359729290009,-0.2886179983615875,0.16134804487228394,2.8925766944885254,1.0,0.5730450716250858,False,0.9933333333333333
37,0.001890685447543213,0.049064197521892866,0.06334864623491565,tumor_078,0,0.0,ITC,1481,0.0,,,-0.2886179983615875,0.16134804487228394,,,,,
38,0.005265176930360596,0.08187692884911113,0.13312194885073353,tumor_078,1,0.03125,ITC,1481,0.0006752194463200541,0.9266666666666666,-0.03992751985788345,-0.2886179983615875,0.16134804487228394,1.5413293838500977,1.0,0.16270838409785876,False,0.99
39,0.0434408273286037,0.235182012940595,0.47791297017642553,tumor_078,2,0.2421875,micro,1481,0.0013504388926401081,0.9466666666666667,0.045313332229852676,-0.2886179983615875,0.16134804487228394,2.0696334838867188,0.905054480963852,0.29336337978368865,False,0.9833333333333333
40,0.009869458095063137,0.11209899344660038,0.15702880180493245,tumor_078,1,0.4375,ITC,1481,0.0006752194463200541,1.0,0.21907135844230652,-0.2886179983615875,0.16134804487228394,3.14654803276062,1.0,0.6780906370283311,False,0.99
41,0.004290106661003574,0.07390760077232571,0.11040974131246752,tumor_078,0,0.0,ITC,1481,0.0,,,-0.2886179983615875,0.16134804487228394,,,,,
42,0.07621118732794895,0.31150457052371466,0.5252610921129965,tumor_078,0,0.0,micro,1481,0.0,,,-0.2886179983615875,0.16134804487228394,,,,,
43,0.004843770593597242,0.07853203337106025,0.09428458520456247,tumor_078,1,0.31291839480400085,ITC,1481,0.0006752194463200541,0.99,0.16456785798072815,-0.2886179983615875,0.16134804487228394,2.8087470531463623,1.0,0.5403115804458761,False,0.9966666666666667
44,0.0036332317883050976,0.068014516009885,0.12477293386404822,tumor_078,0,0.0,ITC,1481,0.0,,,-0.2886179983615875,0.16134804487228394,,,,,
45,0.05639691885047232,0.2679678847952517,0.4494068635845094,tumor_078,0,0.0,micro,1481,0.0,,,-0.2886179983615875,0.16134804487228394,,,,,
46,0.11625180783700233,0.3847289940789808,0.7829443211459224,tumor_078,0,0.0,micro,1481,0.0,,,-0.2886179983615875,0.16134804487228394,,,,,
47,0.1433775416391439,0.42726333313528136,0.7429820109759179,tumor_078,0,0.0,micro,1481,0.0,,,-0.2886179983615875,0.16134804487228394,,,,,
48,0.00961897580576319,0.11066734105303366,0.16486128670766917,tumor_078,0,0.0,ITC,1481,0.0,,,-0.2886179983615875,0.16134804487228394,,,,,
49,0.01881297015553132,0.15476891663362155,0.1828964156338352,tumor_078,1,0.015625,ITC,1481,0.0006752194463200541,0.9433333333333334,-0.015808284282684326,-0.2886179983615875,0.16134804487228394,1.6908150911331177,1.0,0.19579935061303438,False,0.9933333333333333
50,3.6906320971177777,2.1677312405183486,2.874317406879284,tumor_078,73,1.0,macro,1481,0.04929101958136394,0.9989954337899544,0.3051101863384247,-0.2886179983615875,0.16134804487228394,3.679797887802124,0.41230389451444005,0.9273996931136481,True,0.9973515981735159
51,0.0010469991235588817,0.036511377506446195,0.0484902136032066,tumor_078,0,0.0,ITC,1481,0.0,,,-0.2886179983615875,0.16134804487228394,,,,,
52,0.003325787741745415,0.06507322391111199,0.08690126459677844,tumor_078,0,0.0,ITC,1481,0.0,,,-0.2886179983615875,0.16134804487228394,,,,,
53,0.000550630531465765,0.026478001571129783,0.029689786940451875,tumor_078,0,0.0,ITC,1481,0.0,,,-0.2886179983615875,0.16134804487228394,,,,,
54,0.0098425536509385,0.11194609653557533,0.15980243178062065,tumor_078,1,0.109375,ITC,1481,0.0006752194463200541,0.9966666666666667,0.2179194688796997,-0.2886179983615875,0.16134804487228394,3.139408588409424,1.0,0.6750169842230519,False,0.9933333333333333
55,0.01065232498442775,0.11646012799900139,0.15134262979440008,tumor_078,1,0.015625,ITC,1481,0.0006752194463200541,1.0,0.25451868772506714,-0.2886179983615875,0.16134804487228394,3.3662428855895996,1.0,0.776086114767561,False,0.9933333333333333
56,0.0017730877133814698,0.047513844224197785,0.06646720532818197,tumor_078,0,0.0,ITC,1481,0.0,,,-0.2886179983615875,0.16134804487228394,,,,,
57,0.025415772572860016,0.17988987381106453,0.24505370290634892,tumor_078,1,0.328125,micro,1481,0.0006752194463200541,0.99,0.19612473249435425,-0.2886179983615875,0.16134804487228394,3.0043296813964844,1.0,0.6181789223897798,False,0.9933333333333333
58,0.002131997942344242,0.05210128683138917,0.07024743868370432,tumor_078,1,0.13773183524608612,ITC,1481,0.0006752194463200541,0.98,0.0603572353720665,-0.2886179983615875,0.16134804487228394,2.162872552871704,1.0,0.32039141840396984,False,0.9833333333333333
59,0.003695293670027138,0.06859295904163985,0.08456103176648293,tumor_078,0,0.0,ITC,1481,0.0,,,-0.2886179983615875,0.16134804487228394,,,,,
60,0.0022002903437877276,0.0529291665871423,0.09057273616789921,tumor_078,0,0.0,ITC,1481,0.0,,,-0.2886179983615875,0.16134804487228394,,,,,
61,0.008013590282048812,0.10101098971107032,0.1968899908578392,tumor_078,0,0.0,ITC,1481,0.0,,,-0.2886179983615875,0.16134804487228394,,,,,
62,0.002866160803663216,0.06040951313157491,0.08556516398522564,tumor_078,0,0.0,ITC,1481,0.0,,,-0.2886179983615875,0.16134804487228394,,,,,
63,0.19530534793863868,0.49866871998726253,0.7852135274700758,tumor_078,6,0.46875,micro,1481,0.004051316677920324,0.9916666666666667,0.21596521139144897,-0.2886179983615875,0.16134804487228394,3.1272969245910645,0.7545693936800504,0.6698186749934233,True,0.9911111111111112
64,0.026775261273290406,0.18463835320368654,0.2883307594142743,tumor_078,0,0.0,micro,1481,0.0,,,-0.2886179983615875,0.16134804487228394,,,,,
65,0.1365185773070722,0.416918278824938,0.6505931317955691,tumor_078,6,0.375,micro,1481,0.004051316677920324,1.0,0.35864827036857605,-0.2886179983615875,0.16134804487228394,4.01161527633667,0.7545693936800504,1.1021927986558628,True,0.9988888888888889
66,0.009523025734048738,0.11011399979167705,0.1896527311002763,tumor_078,1,0.125,ITC,1481,0.0006752194463200541,1.0,0.2733009457588196,-0.2886179983615875,0.16134804487228394,3.4826512336730957,1.0,0.8306900062486707,False,0.9933333333333333
67,6.785259563550481,2.9392619477693582,5.507053904332267,tumor_078,136,1.0,macro,1481,0.09182984469952735,0.9930637254901961,0.33765357732772827,-0.2886179983615875,0.16134804487228394,3.8814947605133057,0.3270771618880733,1.0318510841138782,True,0.9955637254901961
68,0.0026755992486972428,0.058366760825876066,0.08682206196886581,tumor_078,0,0.0,ITC,1481,0.0,,,-0.2886179983615875,0.16134804487228394,,,,,
69,0.03685555522956514,0.21662398380939532,0.36846928316358224,tumor_078,0,0.0,micro,1481,0.0,,,-0.2886179983615875,0.16134804487228394,,,,,
70,0.07396574832788709,0.30688127301449103,0.7210945073348447,tumor_078,0,0.0,micro,1481,0.0,,,-0.2886179983615875,0.16134804487228394,,,,,
71,0.001957667710336647,0.04992574430343288,0.09379660325743112,tumor_078,0,0.0,ITC,1481,0.0,,,-0.2886179983615875,0.16134804487228394,,,,,
72,0.003360206593921921,0.06540908127975227,0.13736981501407067,tumor_078,0,0.0,ITC,1481,0.0,,,-0.2886179983615875,0.16134804487228394,,,,,
73,0.0023450405481920244,0.05464245931476282,0.07842902401253203,tumor_078,0,0.0,ITC,1481,0.0,,,-0.2886179983615875,0.16134804487228394,,,,,
74,0.0011256474227922249,0.037857876487308185,0.041758512128665416,tumor_078,1,0.07271933555603027,ITC,1481,0.0006752194463200541,0.98,0.07144948840141296,-0.2886179983615875,0.16134804487228394,2.2316198348999023,1.0,0.3410825034363305,False,0.9833333333333333
75,6.563221369303008,2.890770310530993,6.009757852914278,tumor_078,135,1.0,macro,1481,0.09115462525320729,0.9852839506172839,0.3036642074584961,-0.2886179983615875,0.16134804487228394,3.6708357334136963,0.32808807001490026,0.922887826893329,True,0.9963703703703704
76,0.009397138729811188,0.10938376770873255,0.14908079952979375,tumor_078,0,0.0,ITC,1481,0.0,,,-0.2886179983615875,0.16134804487228394,,,,,
77,0.0035231940607122346,0.06697663773193512,0.10216297516310816,tumor_078,1,0.22760620713233948,ITC,1481,0.0006752194463200541,1.0,0.2417031228542328,-0.2886179983615875,0.16134804487228394,3.2868146896362305,1.0,0.7398939136445516,False,0.9933333333333333
78,0.001222690519329071,0.039456025144235525,0.04597051131524409,tumor_078,1,0.07898853719234467,ITC,1481,0.0006752194463200541,1.0,0.24777336418628693,-0.2886179983615875,0.16134804487228394,3.324436902999878,1.0,0.7569291060455698,False,0.9933333333333333
79,0.000546496381891674,0.026378415503573536,0.035236477419749716,tumor_078,0,0.0,ITC,1481,0.0,,,-0.2886179983615875,0.16134804487228394,,,,,
80,0.0004057086128514862,0.022728049839838012,0.03293244235127212,tumor_078,0,0.0,ITC,1481,0.0,,,-0.2886179983615875,0.16134804487228394,,,,,
81,0.0028397105309630128,0.06013012342930117,0.09982147418961458,tumor_078,0,0.0,ITC,1481,0.0,,,-0.2886179983615875,0.16134804487228394,,,,,
82,0.02691417125624414,0.18511668524804697,0.45498535468198237,tumor_078,1,0.1875,micro,1481,0.0006752194463200541,0.9533333333333334,-0.0038092806935310364,-0.2886179983615875,0.16134804487228394,1.765182375907898,1.0,0.21340185077645263,False,0.9966666666666667
83,0.0008721151570444565,0.03332283759693821,0.04065132433779742,tumor_078,0,0.0,ITC,1481,0.0,,,-0.2886179983615875,0.16134804487228394,,,,,
84,0.023162156817124743,0.17172936266381575,0.3452736480807044,tumor_078,0,0.0,micro,1481,0.0,,,-0.2886179983615875,0.16134804487228394,,,,,
85,0.003296218772990135,0.06478330101090447,0.15302891815178596,tumor_078,0,0.0,ITC,1481,0.0,,,-0.2886179983615875,0.16134804487228394,,,,,
86,0.01107991935461824,0.11877454051595589,0.2810452836354374,tumor_078,0,0.0,micro,1481,0.0,,,-0.2886179983615875,0.16134804487228394,,,,,
87,0.0029354168958061295,0.06113500529176473,0.1788631647239036,tumor_078,0,0.0,ITC,1481,0.0,,,-0.2886179983615875,0.16134804487228394,,,,,
88,0.0045122685602912984,0.07579708943902846,0.13464407204866666,tumor_078,0,0.0,ITC,1481,0.0,,,-0.2886179983615875,0.16134804487228394,,,,,
89,0.020693112343125732,0.16231847996736226,0.23490909124316708,tumor_078,0,0.0,micro,1481,0.0,,,-0.2886179983615875,0.16134804487228394,,,,,
90,0.02418926215555646,0.17549565559984728,0.3415789471699685,tumor_078,0,0.0,micro,1481,0.0,,,-0.2886179983615875,0.16134804487228394,,,,,
91,0.00952041027313092,0.11009887756854372,0.21282395024867615,tumor_078,0,0.0,micro,1481,0.0,,,-0.2886179983615875,0.16134804487228394,,,,,
92,0.21629306702619072,0.5247788926679494,1.3928978590181158,tumor_078,1,0.953125,micro,1481,0.0006752194463200541,0.98,0.07932929694652557,-0.2886179983615875,0.16134804487228394,2.280457019805908,1.0,0.35617448016643477,False,0.99
93,0.040600169664240855,0.2273625772625486,0.39248995872629727,tumor_078,1,0.484375,micro,1481,0.0006752194463200541,0.7733333333333333,-0.14551720023155212,-0.2886179983615875,0.16134804487228394,0.8869075179100037,1.0,0.053873561708768315,False,0.9633333333333334
94,0.026293353860902074,0.1829692266459458,0.43393095151846917,tumor_078,0,0.0,micro,1481,0.0,,,-0.2886179983615875,0.16134804487228394,,,,,
95,0.01388504883167367,0.13296237532875865,0.5915925557312184,tumor_078,0,0.0,micro,1481,0.0,,,-0.2886179983615875,0.16134804487228394,,,,,
0,1.1105581840513945,1.1891200934571355,2.01729927793029,tumor_079,28,0.828125,macro,328,0.08536585365853659,0.9835714285714285,0.2058831751346588,-0.3386562466621399,0.11223998665809631,4.851563930511475,0.4247891105671575,2.0315568167986195,True,0.9946428571428572
1,0.0036481769257921603,0.06815425979429998,0.1479383210592784,tumor_079,0,0.0,ITC,328,0.0,,,-0.3386562466621399,0.11223998665809631,,,,,
2,0.008406101662347244,0.10345521279067817,0.11645106312291936,tumor_079,0,0.0,ITC,328,0.0,,,-0.3386562466621399,0.11223998665809631,,,,,
3,0.0016120822471436922,0.04530526312062289,0.06287726430175644,tumor_079,0,0.0,ITC,328,0.0,,,-0.3386562466621399,0.11223998665809631,,,,,
0,0.2559078190211067,0.570816918971926,1.520304195690511,tumor_080,11,0.203125,micro,317,0.03470031545741325,0.9827272727272728,-0.022221704944968224,-0.3736562728881836,0.08276442438364029,4.2462029457092285,0.5836193484536644,1.5654234230852802,True,0.9993939393939394
1,0.022809888241253722,0.17041846061901225,0.4462779403365141,tumor_080,1,0.15625,micro,317,0.0031545741324921135,0.9666666666666667,-0.14764931797981262,-0.3736562728881836,0.08276442438364029,2.7307257652282715,1.0,0.6474205931681543,False,1.0
2,0.002153646873872898,0.052365144564015434,0.05856950115113696,tumor_080,1,0.1391303986310959,ITC,317,0.0031545741324921135,1.0,-0.025770772248506546,-0.3736562728881836,0.08276442438364029,4.20332145690918,1.0,1.533965325668151,True,1.0
3,0.00726415919853051,0.09617179810537355,0.2710808468981363,tumor_080,0,0.0,micro,317,0.0,,,-0.3736562728881836,0.08276442438364029,,,,,
4,0.0023047430382259998,0.05417093295045238,0.07381651946995178,tumor_080,1,0.14889155328273773,ITC,317,0.0031545741324921135,0.9433333333333334,-0.20054836571216583,-0.3736562728881836,0.08276442438364029,2.09157395362854,1.0,0.37981908489402766,False,0.9933333333333333
5,0.002927112078469929,0.06104846312709148,0.10307565145735599,tumor_080,0,0.0,ITC,317,0.0,,,-0.3736562728881836,0.08276442438364029,,,,,
6,0.0033018639332106515,0.06483875177005326,0.10353757425581513,tumor_080,0,0.0,ITC,317,0.0,,,-0.3736562728881836,0.08276442438364029,,,,,
7,0.004363859678549538,0.07454018185116365,0.12997843141819085,tumor_080,0,0.0,ITC,317,0.0,,,-0.3736562728881836,0.08276442438364029,,,,,
8,0.010025364063720657,0.11298092748909415,0.15780684534860015,tumor_080,1,0.0625,ITC,317,0.0031545741324921135,0.9866666666666667,-0.1086752861738205,-0.3736562728881836,0.08276442438364029,3.2016289234161377,1.0,0.889963760951031,False,1.0
9,0.0038326550849368288,0.06985619525476516,0.1232322756428046,tumor_080,1,0.2475980818271637,ITC,317,0.0031545741324921135,1.0,0.0665154829621315,-0.3736562728881836,0.08276442438364029,5.318368911743164,1.0,2.455767522351121,True,1.0
10,0.012928214234521637,0.12829931257103827,0.22579468087693946,tumor_080,0,0.0,micro,317,0.0,,,-0.3736562728881836,0.08276442438364029,,,,,
11,0.029131952813316375,0.19259271621033125,0.3282354040779217,tumor_080,1,0.140625,micro,317,0.0031545741324921135,0.8733333333333333,-0.2793368697166443,-0.3736562728881836,0.08276442438364029,1.1396129131317139,1.0,0.11275740087004185,False,0.9933333333333333
0,0.02942675980139287,0.19356475467542236,0.3026699877354178,tumor_081,1,0.359375,micro,301,0.0033222591362126247,1.0,-0.03787090629339218,-0.3535773754119873,0.10172870010137558,3.1034159660339355,1.0,0.8437887312010904,False,1.0
0,6.478631474157095,2.8720810901962146,4.352935420944872,tumor_082,117,1.0,macro,572,0.20454545454545456,0.9929059829059829,-0.054119549691677094,-0.3946032226085663,0.06350260227918625,5.361727714538574,0.2499496480919158,2.2639387894864376,True,0.9864957264957265
1,0.8705454395823731,1.0528118916336064,2.2522700258631505,tumor_082,19,1.0,macro,572,0.033216783216783216,0.9163157894736842,-0.1937791109085083,-0.3946032226085663,0.06350260227918625,3.162454843521118,0.5362459408804731,0.7875966056884771,True,0.8956140350877193
2,6.355978102074388,2.8447640789759454,4.3323498465724715,tumor_082,121,1.0,macro,572,0.21153846153846154,0.9722589531680441,-0.08695889264345169,-0.3946032226085663,0.06350260227918625,4.8445940017700195,0.24465497572065004,1.8482892777943045,True,0.9823415977961433
3,0.5763462225224393,0.8566369137355111,1.8802927707259447,tumor_082,15,0.515625,micro,572,0.026223776223776224,0.6573333333333333,-0.3026866614818573,-0.3946032226085663,0.06350260227918625,1.4474456310272217,0.573477568410627,0.16499078517766738,True,0.9135555555555556
0,1.7560859709822414,1.4952986665576997,2.1859617108462355,tumor_083,39,0.921875,macro,364,0.10714285714285714,0.9765811965811966,0.08219239860773087,-0.3600526452064514,0.09034302830696106,4.895175933837891,0.3787576637206173,2.0317213999393773,True,0.9981196581196581
1,1.1252589998163431,1.1969646012457116,1.6839027767715837,tumor_083,25,1.0,micro,364,0.06868131868131869,0.988,0.10232599079608917,-0.3600526452064514,0.09034302830696106,5.118033409118652,0.4541645178137175,2.220924412419303,True,0.9972
2,0.020220534060158987,0.16045430371622532,0.6223300739050058,tumor_083,0,0.0,micro,364,0.0,,,-0.3600526452064514,0.09034302830696106,,,,,
3,0.021611367606102435,0.1658808242440883,0.6549095526169207,tumor_083,0,0.0,micro,364,0.0,,,-0.3600526452064514,0.09034302830696106,,,,,
4,0.01819612667179715,0.15221047283134745,0.6693680727080152,tumor_083,0,0.0,micro,364,0.0,,,-0.3600526452064514,0.09034302830696106,,,,,
0,1.484519439425796,1.3748268455354657,1.9457181671765942,tumor_084,34,0.8203125,micro,357,0.09523809523809523,0.9995098039215686,0.07814901322126389,-0.34513184428215027,0.08976104110479355,4.715641021728516,0.4000477980743015,1.891652761488697,True,0.9997058823529412
1,0.004840150002666556,0.07850267757118264,0.10959796926449522,tumor_084,0,0.0,ITC,357,0.0,,,-0.34513184428215027,0.08976104110479355,,,,,
2,0.002242825078079773,0.05343831566708382,0.06587592947506565,tumor_084,0,0.0,ITC,357,0.0,,,-0.34513184428215027,0.08976104110479355,,,,,
3,0.002917867380464081,0.06095198220812567,0.13925290294426154,tumor_084,0,0.0,ITC,357,0.0,,,-0.34513184428215027,0.08976104110479355,,,,,
4,0.001061262769194563,0.03675923999613789,0.05818601302779424,tumor_084,1,0.06855994462966919,ITC,357,0.0028011204481792717,1.0,0.04789096117019653,-0.34513184428215027,0.08976104110479355,4.378545761108398,1.0,1.630871452366952,True,1.0
5,0.002972565556758253,0.06152063081749328,0.08412519598100333,tumor_084,0,0.0,ITC,357,0.0,,,-0.34513184428215027,0.08976104110479355,,,,,
6,0.0048725277915500275,0.07876480855701094,0.09529833956438954,tumor_084,0,0.0,ITC,357,0.0,,,-0.34513184428215027,0.08976104110479355,,,,,
7,0.0009781581665372601,0.03529064548348305,0.04752836616457817,tumor_084,0,0.0,ITC,357,0.0,,,-0.34513184428215027,0.08976104110479355,,,,,
8,0.00077627670823314,0.03143861006118549,0.03492438573841092,tumor_084,1,0.050149209797382355,ITC,357,0.0028011204481792717,0.9133333333333333,-0.20484942197799683,-0.34513184428215027,0.08976104110479355,1.5628430843353271,1.0,0.20777375820687485,False,0.9866666666666667
9,0.003551038346199686,0.06724077964488807,0.1170984564943518,tumor_084,0,0.0,ITC,357,0.0,,,-0.34513184428215027,0.08976104110479355,,,,,
10,0.0011760821380836896,0.038696696061354306,0.05007119570880614,tumor_084,0,0.0,ITC,357,0.0,,,-0.34513184428215027,0.08976104110479355,,,,,
11,0.0043974637616794,0.07482663134145526,0.10719417017516297,tumor_084,1,0.2840859889984131,ITC,357,0.0028011204481792717,1.0,0.1990325152873993,-0.34513184428215027,0.08976104110479355,6.062366962432861,1.0,3.1263988848499853,True,1.0
12,0.000900640858416358,0.03386342505624512,0.043826600316404896,tumor_084,0,0.0,ITC,357,0.0,,,-0.34513184428215027,0.08976104110479355,,,,,
13,0.0025691086053285543,0.0571934495464622,0.08935803643453116,tumor_084,0,0.0,ITC,357,0.0,,,-0.34513184428215027,0.08976104110479355,,,,,
14,0.00042876535642813257,0.023364952540434684,0.027803119161648005,tumor_084,0,0.0,ITC,357,0.0,,,-0.34513184428215027,0.08976104110479355,,,,,
15,0.0010280806252100944,0.03618000700930753,0.05442092362879559,tumor_084,0,0.0,ITC,357,0.0,,,-0.34513184428215027,0.08976104110479355,,,,,
16,0.0022874412072351464,0.053967217839245046,0.07543315702281114,tumor_084,0,0.0,ITC,357,0.0,,,-0.34513184428215027,0.08976104110479355,,,,,
17,0.0009036400030759334,0.033919760997402126,0.03832914574242344,tumor_084,0,0.0,ITC,357,0.0,,,-0.34513184428215027,0.08976104110479355,,,,,
18,0.0008762836441220227,0.033402379976594385,0.050477690175737944,tumor_084,0,0.0,ITC,357,0.0,,,-0.34513184428215027,0.08976104110479355,,,,,
19,0.00017350428489722156,0.01486312607469029,0.020918932165514683,tumor_084,0,0.0,ITC,357,0.0,,,-0.34513184428215027,0.08976104110479355,,,,,
20,0.0006368004821894331,0.028474542244433115,0.040919564365712466,tumor_084,0,0.0,ITC,357,0.0,,,-0.34513184428215027,0.08976104110479355,,,,,
21,0.0011513753575341683,0.038288074331912926,0.04906439191967433,tumor_084,1,0.07438141852617264,ITC,357,0.0028011204481792717,1.0,0.07675161957740784,-0.34513184428215027,0.08976104110479355,4.7000732421875,1.0,1.8791835242412327,True,1.0
22,0.0009524882504832516,0.034824498652685394,0.06507828875066128,tumor_084,0,0.0,ITC,357,0.0,,,-0.34513184428215027,0.08976104110479355,,,,,
23,0.0020968757177002146,0.05167035014561871,0.07324221598777905,tumor_084,0,0.0,ITC,357,0.0,,,-0.34513184428215027,0.08976104110479355,,,,,
24,0.0010273689167656175,0.03616748169084644,0.06852013235261409,tumor_084,0,0.0,ITC,357,0.0,,,-0.34513184428215027,0.08976104110479355,,,,,
25,0.00046337844768552593,0.02428974606230385,0.03653034037914135,tumor_084,0,0.0,ITC,357,0.0,,,-0.34513184428215027,0.08976104110479355,,,,,
26,0.00020731868654515816,0.016247041271316112,0.021848544686442595,tumor_084,0,0.0,ITC,357,0.0,,,-0.34513184428215027,0.08976104110479355,,,,,
27,0.00043758536152956105,0.023604045977261397,0.034593144892978225,tumor_084,0,0.0,ITC,357,0.0,,,-0.34513184428215027,0.08976104110479355,,,,,
28,0.0004211232171893406,0.02315579265176563,0.032566710524885085,tumor_084,0,0.0,ITC,357,0.0,,,-0.34513184428215027,0.08976104110479355,,,,,
29,0.0005788522239343129,0.027148067004320233,0.042962040723546195,tumor_084,0,0.0,ITC,357,0.0,,,-0.34513184428215027,0.08976104110479355,,,,,
30,0.0010672411836723404,0.03686263255414061,0.053797597402220274,tumor_084,1,0.06894616037607193,ITC,357,0.0028011204481792717,1.0,0.08400759100914001,-0.34513184428215027,0.08976104110479355,4.780909538269043,1.0,1.9443793377006247,True,1.0
31,0.0005060952891282606,0.025384651573781294,0.029011559768477583,tumor_084,0,0.0,ITC,357,0.0,,,-0.34513184428215027,0.08976104110479355,,,,,
32,0.0009183589524882031,0.03419489632342143,0.04791018368790527,tumor_084,0,0.0,ITC,357,0.0,,,-0.34513184428215027,0.08976104110479355,,,,,
33,0.00034502831439772795,0.02095957284737701,0.029042118386104265,tumor_084,0,0.0,ITC,357,0.0,,,-0.34513184428215027,0.08976104110479355,,,,,
34,0.004286189748921621,0.07387385386295672,0.14697307150036024,tumor_084,0,0.0,ITC,357,0.0,,,-0.34513184428215027,0.08976104110479355,,,,,
35,0.0014876215351068449,0.043521242699372256,0.06095098463702966,tumor_084,0,0.0,ITC,357,0.0,,,-0.34513184428215027,0.08976104110479355,,,,,
36,0.001209163204827979,0.039237155967598955,0.04964881161646623,tumor_084,1,0.07811464369297028,ITC,357,0.0028011204481792717,1.0,0.16254498064517975,-0.34513184428215027,0.08976104110479355,5.65587043762207,1.0,2.721189893081737,True,1.0
37,0.005705285636681076,0.08523024865992047,0.13593006992979834,tumor_084,0,0.0,ITC,357,0.0,,,-0.34513184428215027,0.08976104110479355,,,,,
38,0.0014989257870045949,0.043686286024764404,0.06020697725561293,tumor_084,0,0.0,ITC,357,0.0,,,-0.34513184428215027,0.08976104110479355,,,,,
39,0.0013709855019191151,0.04178029387524701,0.06897515875932002,tumor_084,0,0.0,ITC,357,0.0,,,-0.34513184428215027,0.08976104110479355,,,,,
40,0.01187043269641452,0.12293862014107777,0.2046217580802101,tumor_084,1,0.171875,micro,357,0.0028011204481792717,1.0,0.22669915854930878,-0.34513184428215027,0.08976104110479355,6.37059211730957,1.0,3.4523875716678463,True,1.0
41,0.0010356453112631064,0.03631287050922501,0.05514093088753649,tumor_084,1,0.06690499931573868,ITC,357,0.0028011204481792717,1.0,0.1049993634223938,-0.34513184428215027,0.08976104110479355,5.014772415161133,1.0,2.139254239176333,True,1.0
42,0.005296356712965523,0.08211900395140728,0.15090934612696782,tumor_084,1,0.171875,ITC,357,0.0028011204481792717,0.9866666666666667,-0.0973401591181755,-0.34513184428215027,0.08976104110479355,2.760570526123047,1.0,0.6482725587396082,False,0.9933333333333333
43,0.005427652734133038,0.08313063271855996,0.10648713596537727,tumor_084,0,0.0,ITC,357,0.0,,,-0.34513184428215027,0.08976104110479355,,,,,
44,0.0011073688757296772,0.037549245574151596,0.053671167902850564,tumor_084,0,0.0,ITC,357,0.0,,,-0.34513184428215027,0.08976104110479355,,,,,
45,0.0017785072447203943,0.047586403043054046,0.061448527366251095,tumor_084,0,0.0,ITC,357,0.0,,,-0.34513184428215027,0.08976104110479355,,,,,
46,0.04543440414606591,0.2405179412232076,0.40556554103064346,tumor_084,2,0.265625,micro,357,0.0056022408963585435,1.0,-0.020190635696053505,-0.34513184428215027,0.08976104110479355,3.6200695037841797,0.8820724159278087,1.1147917921771897,True,0.9983333333333333
47,0.29760021154156996,0.615561822935988,0.9979647034826251,tumor_084,10,0.2578125,micro,357,0.028011204481792718,0.9966666666666667,0.0681094080209732,-0.34513184428215027,0.08976104110479355,4.603793144226074,0.6082530453083964,1.802982653671248,True,0.9973333333333333
48,0.00099666746760253,0.03562297619097249,0.042130564603494486,tumor_084,1,0.06438694149255753,ITC,357,0.0028011204481792717,1.0,-0.002020973712205887,-0.34513184428215027,0.08976104110479355,3.8224918842315674,1.0,1.2429483688523508,True,0.99
49,0.006155081603400782,0.08852622943806987,0.2373816801624277,tumor_084,1,0.25,micro,357,0.0028011204481792717,1.0,-0.003478825092315674,-0.34513184428215027,0.08976104110479355,3.80625057220459,1.0,1.2324085290902005,True,1.0
50,0.0009101129745812574,0.03404103155624701,0.03983467283050653,tumor_084,0,0.0,ITC,357,0.0,,,-0.34513184428215027,0.08976104110479355,,,,,
51,0.002276743188343569,0.053840871655327506,0.08462376874879776,tumor_084,0,0.0,ITC,357,0.0,,,-0.34513184428215027,0.08976104110479355,,,,,
52,0.0007052930870189324,0.02996676574174869,0.03518410005069449,tumor_084,0,0.0,ITC,357,0.0,,,-0.34513184428215027,0.08976104110479355,,,,,
53,0.0007178965092145328,0.030233329696863927,0.033787070516733554,tumor_084,0,0.0,ITC,357,0.0,,,-0.34513184428215027,0.08976104110479355,,,,,
0,15.572899390205492,4.452867764687352,7.315433489450126,tumor_085,282,1.0,macro,827,0.34099153567110035,0.9800118203309692,0.12368449568748474,-0.35302290320396423,0.12753482162952423,3.737860679626465,0.16015613328005265,1.0398934692643922,True,0.9860992907801418
1,0.0009315154310632897,0.03443896460930267,0.039326808952643975,tumor_085,0,0.0,ITC,827,0.0,,,-0.35302290320396423,0.12753482162952423,,,,,
2,0.0012936067592830152,0.040584125976246374,0.04894030811147322,tumor_085,0,0.0,ITC,827,0.0,,,-0.35302290320396423,0.12753482162952423,,,,,
3,0.0010605824004036055,0.03674745504989445,0.04505832045804637,tumor_085,0,0.0,ITC,827,0.0,,,-0.35302290320396423,0.12753482162952423,,,,,
4,0.001301350005974187,0.04070540859821549,0.05304725398135949,tumor_085,0,0.0,ITC,827,0.0,,,-0.35302290320396423,0.12753482162952423,,,,,
5,0.0005567263819781771,0.026624162806216996,0.032101962300350055,tumor_085,0,0.0,ITC,827,0.0,,,-0.35302290320396423,0.12753482162952423,,,,,
6,0.00037091344527505305,0.021731582229514705,0.02877470760874632,tumor_085,0,0.0,ITC,827,0.0,,,-0.35302290320396423,0.12753482162952423,,,,,
7,0.0008719299649268046,0.03331929938615683,0.04231420082566693,tumor_085,0,0.0,ITC,827,0.0,,,-0.35302290320396423,0.12753482162952423,,,,,
8,0.0022148032521861075,0.05310343759580351,0.08696781912517111,tumor_085,0,0.0,ITC,827,0.0,,,-0.35302290320396423,0.12753482162952423,,,,,
9,0.003568752023208378,0.06740827991650972,0.09714189611132541,tumor_085,0,0.0,ITC,827,0.0,,,-0.35302290320396423,0.12753482162952423,,,,,
10,0.002852655014946808,0.060267015626438256,0.0772917199129391,tumor_085,0,0.0,ITC,827,0.0,,,-0.35302290320396423,0.12753482162952423,,,,,
11,0.0011027188740316688,0.0374703252873918,0.05270580103977007,tumor_085,0,0.0,ITC,827,0.0,,,-0.35302290320396423,0.12753482162952423,,,,,
12,0.00042744363197634886,0.023328912005867546,0.03825537354443043,tumor_085,0,0.0,ITC,827,0.0,,,-0.35302290320396423,0.12753482162952423,,,,,
13,0.0003760632262062378,0.0218819233827026,0.027634092238179874,tumor_085,0,0.0,ITC,827,0.0,,,-0.35302290320396423,0.12753482162952423,,,,,
14,0.00052434055850768,0.025838172032876076,0.03887712296212088,tumor_085,1,0.03387356922030449,ITC,827,0.0012091898428053204,0.9733333333333334,-0.03989189863204956,-0.35302290320396423,0.12753482162952423,2.455258846282959,1.0,0.4486805047128173,False,1.0
15,0.0004581995612268906,0.024153629142105695,0.030197602550475315,tumor_085,0,0.0,ITC,827,0.0,,,-0.35302290320396423,0.12753482162952423,,,,,
16,0.000380385258614027,0.022007306820728677,0.02718021590717402,tumor_085,0,0.0,ITC,827,0.0,,,-0.35302290320396423,0.12753482162952423,,,,,
17,0.0003405486423293152,0.020823064095362023,0.025083375860025903,tumor_085,0,0.0,ITC,827,0.0,,,-0.35302290320396423,0.12753482162952423,,,,,
18,0.00042253424623132896,0.02319455348366492,0.041893082339573236,tumor_085,0,0.0,ITC,827,0.0,,,-0.35302290320396423,0.12753482162952423,,,,,
19,0.0003547971684057455,0.021254218056053164,0.0261136221881479,tumor_085,0,0.0,ITC,827,0.0,,,-0.35302290320396423,0.12753482162952423,,,,,
20,0.000423218156522913,0.023213317146303942,0.03331958900181694,tumor_085,1,0.027340838685631752,ITC,827,0.0012091898428053204,0.5633333333333334,-0.37855982780456543,-0.35302290320396423,0.12753482162952423,-0.20023491978645325,1.0,0.002984161115281275,False,0.68
21,0.002098422666843338,0.05168940627433786,0.07717859998712609,tumor_085,0,0.0,ITC,827,0.0,,,-0.35302290320396423,0.12753482162952423,,,,,
22,0.0009535161993517314,0.03484328531525409,0.03829539625085183,tumor_085,0,0.0,ITC,827,0.0,,,-0.35302290320396423,0.12753482162952423,,,,,
23,0.0022088562391377755,0.05303209511517723,0.08467238585681855,tumor_085,0,0.0,ITC,827,0.0,,,-0.35302290320396423,0.12753482162952423,,,,,
24,0.005824021264246445,0.08611256692850963,0.183104738595084,tumor_085,1,0.234375,ITC,827,0.0012091898428053204,0.96,-0.09298613667488098,-0.35302290320396423,0.12753482162952423,2.038947105407715,1.0,0.30942439438065844,False,0.9733333333333334
25,0.0002592281547027998,0.018167540771285726,0.021564161202818385,tumor_085,0,0.0,ITC,827,0.0,,,-0.35302290320396423,0.12753482162952423,,,,,
26,0.0007282083104251299,0.030449689943217065,0.042992362339286584,tumor_085,0,0.0,ITC,827,0.0,,,-0.35302290320396423,0.12753482162952423,,,,,
27,0.0006491987167461462,0.028750399624222878,0.033028253362039364,tumor_085,0,0.0,ITC,827,0.0,,,-0.35302290320396423,0.12753482162952423,,,,,
28,0.00559960497616079,0.08443718665696837,0.14162521043609577,tumor_085,0,0.0,ITC,827,0.0,,,-0.35302290320396423,0.12753482162952423,,,,,
29,0.0011042923360843392,0.037497048833882295,0.05100216562590046,tumor_085,1,0.07133974879980087,ITC,827,0.0012091898428053204,0.96,-0.10101324319839478,-0.35302290320396423,0.12753482162952423,1.9760066270828247,1.0,0.29061593537898106,False,0.9933333333333333
30,0.00038662756954074953,0.022187147419714108,0.026700197155443067,tumor_085,0,0.0,ITC,827,0.0,,,-0.35302290320396423,0.12753482162952423,,,,,
31,0.005898662779983948,0.08666262581143622,0.18941981348614273,tumor_085,1,0.203125,ITC,827,0.0012091898428053204,0.9933333333333333,0.2132435292005539,-0.35302290320396423,0.12753482162952423,4.44009256362915,1.0,1.467326222523157,True,0.98
32,12.670160349024238,4.016484681224757,7.133065400230263,tumor_085,239,1.0,macro,827,0.2889963724304716,0.9888981868898187,0.18358704447746277,-0.35302290320396423,0.12753482162952423,4.207556247711182,0.18478374996696786,1.317657358420046,True,0.9896931659693166
33,0.002216851884015518,0.05312799152564687,0.06893426069585551,tumor_085,0,0.0,ITC,827,0.0,,,-0.35302290320396423,0.12753482162952423,,,,,
34,0.001797588887939003,0.04784099975230915,0.08863915396097231,tumor_085,0,0.0,ITC,827,0.0,,,-0.35302290320396423,0.12753482162952423,,,,,
35,0.0006025249367014732,0.027697627625797965,0.032457819256950134,tumor_085,0,0.0,ITC,827,0.0,,,-0.35302290320396423,0.12753482162952423,,,,,
36,0.0009506174181022225,0.03479028152576218,0.06061516181400128,tumor_085,0,0.0,ITC,827,0.0,,,-0.35302290320396423,0.12753482162952423,,,,,
37,0.0005700733844344883,0.02694141749171712,0.0575069538180496,tumor_085,0,0.0,ITC,827,0.0,,,-0.35302290320396423,0.12753482162952423,,,,,
38,0.0005971672433456784,0.02757420804027205,0.04165131336541044,tumor_085,0,0.0,ITC,827,0.0,,,-0.35302290320396423,0.12753482162952423,,,,,
39,0.0011866820455426542,0.038870689566974766,0.04262182012918167,tumor_085,1,0.07666230946779251,ITC,827,0.0012091898428053204,0.98,-0.020437613129615784,-0.35302290320396423,0.12753482162952423,2.607799768447876,1.0,0.5061638393085803,False,0.99
40,0.0006753757848239308,0.02932430999690146,0.036067233233774004,tumor_085,0,0.0,ITC,827,0.0,,,-0.35302290320396423,0.12753482162952423,,,,,
41,0.0004433405808269119,0.0237587617374029,0.03116307020231645,tumor_085,0,0.0,ITC,827,0.0,,,-0.35302290320396423,0.12753482162952423,,,,,
42,0.00018955361761176682,0.01553535200086915,0.02084281180438262,tumor_085,0,0.0,ITC,827,0.0,,,-0.35302290320396423,0.12753482162952423,,,,,
43,0.017525816704003463,0.14938059740581197,0.2214397118330237,tumor_085,0,0.0,micro,827,0.0,,,-0.35302290320396423,0.12753482162952423,,,,,
44,0.005853612282671036,0.0863310525700007,0.13196029231132286,tumor_085,0,0.0,ITC,827,0.0,,,-0.35302290320396423,0.12753482162952423,,,,,
45,0.00035168013162837985,0.021160648635779586,0.03213181647384521,tumor_085,0,0.0,ITC,827,0.0,,,-0.35302290320396423,0.12753482162952423,,,,,
46,0.0003976834015764885,0.022502138413314835,0.039273438447365215,tumor_085,0,0.0,ITC,827,0.0,,,-0.35302290320396423,0.12753482162952423,,,,,
47,0.0007954936227648812,0.031825366267945486,0.04220089176371104,tumor_085,0,0.0,ITC,827,0.0,,,-0.35302290320396423,0.12753482162952423,,,,,
48,0.0010894052809194833,0.037243440817276874,0.0606753631249665,tumor_085,0,0.0,ITC,827,0.0,,,-0.35302290320396423,0.12753482162952423,,,,,
49,0.0006026226663284569,0.027699873814209592,0.0350529145682185,tumor_085,0,0.0,ITC,827,0.0,,,-0.35302290320396423,0.12753482162952423,,,,,
0,0.02995379697191556,0.19529044733322534,0.285983210952003,tumor_086,1,0.796875,micro,303,0.0033003300330033004,0.9766666666666667,-0.0823277086019516,-0.36297208070755005,0.10352224856615067,2.7109568119049072,1.0,0.6431248262893213,False,1.0
1,0.031016271242246703,0.19872378588347323,0.30438757037081854,tumor_086,2,0.296875,micro,303,0.006600660066006601,0.9916666666666667,-0.030011847615242004,-0.36297208070755005,0.10352224856615067,3.216315746307373,0.8786875053219867,0.9052477016399916,True,1.0
0,0.14169152305842134,0.42474374664229747,0.7466467079545712,tumor_087,4,0.4140625,micro,309,0.012944983818770227,0.9991666666666666,0.14550217986106873,-0.35307687520980835,0.10241153836250305,4.868387699127197,0.7582048069062444,2.06696214688248,True,1.0
1,0.000687289365563324,0.02958181872216726,0.04399894285839127,tumor_087,0,0.0,ITC,309,0.0,,,-0.35307687520980835,0.10241153836250305,,,,,
2,0.00035503218345502854,0.021261256210031696,0.02393405004943861,tumor_087,0,0.0,ITC,309,0.0,,,-0.35307687520980835,0.10241153836250305,,,,,
3,0.00018337271809329986,0.015279967149898014,0.019113061589386734,tumor_087,0,0.0,ITC,309,0.0,,,-0.35307687520980835,0.10241153836250305,,,,,
4,0.0007265011875695343,0.030413977729172304,0.061056953892165276,tumor_087,0,0.0,ITC,309,0.0,,,-0.35307687520980835,0.10241153836250305,,,,,
5,0.0008769214522285195,0.033414533822933065,0.0625040359396222,tumor_087,0,0.0,ITC,309,0.0,,,-0.35307687520980835,0.10241153836250305,,,,,
6,0.0014299988526486282,0.04267002563999868,0.07762266376077505,tumor_087,1,0.09238111972808838,ITC,309,0.003236245954692557,0.9733333333333334,-0.13751232624053955,-0.35307687520980835,0.10241153836250305,2.1048853397369385,1.0,0.38638396699775823,False,1.0
7,0.0037645897605332796,0.06923311745700932,0.18012076412004777,tumor_087,1,0.15625,ITC,309,0.003236245954692557,1.0,-0.05744275450706482,-0.35307687520980835,0.10241153836250305,2.8867266178131104,1.0,0.7267307285168036,False,1.0
8,0.033162417140417774,0.2054840648376002,0.29858072222353776,tumor_087,2,0.3203125,micro,309,0.006472491909385114,0.5066666666666667,-0.298625111579895,-0.35307687520980835,0.10241153836250305,0.5316956043243408,0.8791024034531221,0.024654054416484373,False,1.0
9,0.008569193418613244,0.10445398952200284,0.12251297528833427,tumor_087,0,0.0,ITC,309,0.0,,,-0.35307687520980835,0.10241153836250305,,,,,
10,0.014144421546491226,0.13419849794389174,0.18004683866767196,tumor_087,1,0.203125,ITC,309,0.003236245954692557,0.8633333333333333,-0.22265945374965668,-0.35307687520980835,0.10241153836250305,1.2734640836715698,1.0,0.14142806908565567,False,1.0
0,0.7066944099031701,0.9485732806336034,1.5484614056762447,tumor_088,15,1.0,micro,517,0.029013539651837523,0.9813333333333333,0.25770294666290283,-0.3376771807670593,0.09994113445281982,5.957308292388916,0.5665762454750651,2.8400511010704226,True,0.9995555555555555
1,0.012663773766389946,0.12698038252008628,0.14121819885937237,tumor_088,1,0.171875,ITC,517,0.0019342359767891683,1.0,0.10384543240070343,-0.3376771807670593,0.09994113445281982,4.4178266525268555,1.0,1.561864468904767,True,0.9933333333333333
2,3.440987561845404,2.093131968291393,3.127997532382491,tumor_088,65,1.0,macro,517,0.12572533849129594,0.9998461538461538,0.3161517083644867,-0.3376771807670593,0.09994113445281982,6.542139530181885,0.3318888244306324,3.4250396877866938,True,0.9998461538461538
3,0.003037131265964344,0.06218517211021748,0.10217564876231518,tumor_088,0,0.0,ITC,517,0.0,,,-0.3376771807670593,0.09994113445281982,,,,,
4,0.0018136823302975446,0.048054677863057775,0.07278977293194083,tumor_088,0,0.0,ITC,517,0.0,,,-0.3376771807670593,0.09994113445281982,,,,,
5,0.0008398420273912067,0.03270045994485454,0.07216829956015375,tumor_088,1,0.05425567179918289,ITC,517,0.0019342359767891683,0.9966666666666667,-0.017704494297504425,-0.3376771807670593,0.09994113445281982,3.2016115188598633,1.0,0.8202821686384966,False,1.0
6,0.003008988146841854,0.06189638679437131,0.11933908094041176,tumor_088,0,0.0,ITC,517,0.0,,,-0.3376771807670593,0.09994113445281982,,,,,
7,0.023333884825269286,0.172364801777592,0.3814243986768545,tumor_088,0,0.0,micro,517,0.0,,,-0.3376771807670593,0.09994113445281982,,,,,
8,0.007808075503988709,0.09970732420417448,0.16695835804224282,tumor_088,0,0.0,ITC,517,0.0,,,-0.3376771807670593,0.09994113445281982,,,,,
9,0.008869951460345376,0.10627122357060324,0.22654734900806,tumor_088,0,0.0,micro,517,0.0,,,-0.3376771807670593,0.09994113445281982,,,,,
10,0.0003665344134539452,0.02160291900914946,0.02882607577672666,tumor_088,0,0.0,ITC,517,0.0,,,-0.3376771807670593,0.09994113445281982,,,,,
11,0.004556935619333061,0.07617132421946643,0.17806214754511776,tumor_088,0,0.0,ITC,517,0.0,,,-0.3376771807670593,0.09994113445281982,,,,,
12,0.01855170869027337,0.15369049784180877,0.25537411051263625,tumor_088,0,0.0,micro,517,0.0,,,-0.3376771807670593,0.09994113445281982,,,,,
13,0.010555233152147988,0.11592816850625391,0.3311943806485671,tumor_088,0,0.0,micro,517,0.0,,,-0.3376771807670593,0.09994113445281982,,,,,
14,0.01396951738538729,0.13336619495187096,0.23143504234375684,tumor_088,0,0.0,micro,517,0.0,,,-0.3376771807670593,0.09994113445281982,,,,,
15,0.2660439058876132,0.5820117022980802,0.9377084176198494,tumor_088,8,0.625,micro,517,0.015473887814313346,0.9583333333333334,0.07818809151649475,-0.3376771807670593,0.09994113445281982,4.161102294921875,0.66718513565843,1.3856156765062493,True,0.9979166666666667
16,0.000686789679022193,0.029571063191015396,0.038291253096896856,tumor_088,0,0.0,ITC,517,0.0,,,-0.3376771807670593,0.09994113445281982,,,,,
17,0.8213945647679088,1.0226592989324594,1.2418802887829083,tumor_088,18,1.0,micro,517,0.03481624758220503,0.9985185185185185,0.25625982880592346,-0.3376771807670593,0.09994113445281982,5.942868709564209,0.5373956587768185,2.826300107767428,True,0.9994444444444445
18,0.019860114562214173,0.15901787076797924,0.19579617796523094,tumor_088,2,0.125,ITC,517,0.0038684719535783366,1.0,0.2651531994342804,-0.3376771807670593,0.09994113445281982,6.031854629516602,0.8890617118861434,2.911573352038125,True,1.0
19,0.009667208098649667,0.11094445294103161,0.13942277205051548,tumor_088,1,0.046875,ITC,517,0.0019342359767891683,1.0,0.11643970012664795,-0.3376771807670593,0.09994113445281982,4.543843746185303,1.0,1.6522386613241407,True,1.0
20,0.6518853239660793,0.9110467458402477,1.3330555116827514,tumor_088,14,0.96875,micro,517,0.027079303675048357,0.9966666666666667,0.28304752707481384,-0.3376771807670593,0.09994113445281982,6.210902690887451,0.5776185627050632,3.0869916396586774,True,0.9995238095238095
21,0.031855206793131544,0.20139341844939043,0.26598811523825644,tumor_088,1,0.5625,micro,517,0.0019342359767891683,1.0,0.25369876623153687,-0.3376771807670593,0.09994113445281982,5.917242527008057,1.0,2.8019781415302334,True,1.0
22,0.28730590063603306,0.6048216548087119,0.9631073783966146,tumor_088,7,0.578125,micro,517,0.013539651837524178,0.9866666666666667,0.0999290868639946,-0.3376771807670593,0.09994113445281982,4.378640174865723,0.6885568508189198,1.5342796269188967,True,0.9980952380952381
23,0.0016227753825835878,0.04545527240406944,0.058320856609533026,tumor_088,0,0.0,ITC,517,0.0,,,-0.3376771807670593,0.09994113445281982,,,,,
24,3.514093741802026,2.115250130828195,3.1399107526214998,tumor_088,67,1.0,macro,517,0.12959381044487428,0.9999502487562189,0.3229356110095978,-0.3376771807670593,0.09994113445281982,6.610019207000732,0.32703844966464407,3.4964832023784833,True,0.9999004975124378
25,0.8629838937912399,1.048229564572826,1.2581584108802257,tumor_088,17,1.0,micro,517,0.03288201160541586,0.9890196078431372,0.28167030215263367,-0.3376771807670593,0.09994113445281982,6.197122573852539,0.5465438696626866,3.073308631734879,True,0.9996078431372549
0,58.19213514115421,8.607701647611298,14.340758295546207,tumor_089,1008,1.0,macro,2215,0.455079006772009,0.9938558201058201,0.26771673560142517,-0.30813878774642944,0.15162545442581177,3.7978813648223877,0.10220478367672252,0.9362513615345887,True,0.9888029100529101
1,0.01770159783096689,0.15012786005064224,0.2123720175367933,tumor_089,1,0.515625,micro,2215,0.0004514672686230248,0.9833333333333333,0.13812902569770813,-0.30813878774642944,0.15162545442581177,2.9432249069213867,1.0,0.5622850975746613,False,0.9666666666666667
2,0.0029024789321770304,0.06079104337160601,0.09939374226761517,tumor_089,0,0.0,ITC,2215,0.0,,,-0.30813878774642944,0.15162545442581177,,,,,
3,0.007260254066222191,0.0961459441783082,0.16855657777430166,tumor_089,0,0.0,ITC,2215,0.0,,,-0.30813878774642944,0.15162545442581177,,,,,
4,0.003329165361146639,0.06510625921349207,0.11647671104098004,tumor_089,0,0.0,ITC,2215,0.0,,,-0.30813878774642944,0.15162545442581177,,,,,
5,0.0025045658881984434,0.056470455383758014,0.08493213803993052,tumor_089,1,0.1618005484342575,ITC,2215,0.0004514672686230248,0.9833333333333333,0.12363100051879883,-0.30813878774642944,0.15162545442581177,2.8476076126098633,1.0,0.5263443481847717,False,0.99
6,0.007645050906319336,0.09866094027242582,0.17882219562022444,tumor_089,1,0.171875,ITC,2215,0.0004514672686230248,0.9833333333333333,0.11225201934576035,-0.30813878774642944,0.15162545442581177,2.7725608348846436,1.0,0.49896702041598623,False,0.9966666666666667
7,0.004542070959151989,0.07604698784426299,0.1608363272575805,tumor_089,0,0.0,ITC,2215,0.0,,,-0.30813878774642944,0.15162545442581177,,,,,
8,0.015081711271421883,0.13857355878035452,0.23864971360257617,tumor_089,1,0.625,micro,2215,0.0004514672686230248,0.9833333333333333,0.12492960691452026,-0.30813878774642944,0.15162545442581177,2.8561720848083496,1.0,0.52951517863558,False,0.98
9,0.0021415498476921387,0.05221787005521381,0.06545715421096292,tumor_089,0,0.0,ITC,2215,0.0,,,-0.30813878774642944,0.15162545442581177,,,,,
10,0.003061471903756176,0.06243386174951863,0.12414826902057707,tumor_089,1,0.19777792692184448,ITC,2215,0.0004514672686230248,0.97,0.07659484446048737,-0.30813878774642944,0.15162545442581177,2.5373947620391846,1.0,0.41791287532194704,False,1.0
11,0.00412824225508762,0.07249993992703872,0.10214767238441423,tumor_089,0,0.0,ITC,2215,0.0,,,-0.30813878774642944,0.15162545442581177,,,,,
12,0.00023692035178585913,0.01736825727718017,0.021979898148077336,tumor_089,0,0.0,ITC,2215,0.0,,,-0.30813878774642944,0.15162545442581177,,,,,
13,0.00046360229886208533,0.024295612359875526,0.029348403806419752,tumor_089,0,0.0,ITC,2215,0.0,,,-0.30813878774642944,0.15162545442581177,,,,,
14,0.0011161266294786214,0.037697434416471255,0.046009787873242496,tumor_089,0,0.0,ITC,2215,0.0,,,-0.30813878774642944,0.15162545442581177,,,,,
15,0.0016805796770840722,0.04625776154270428,0.08563969519232766,tumor_089,0,0.0,ITC,2215,0.0,,,-0.30813878774642944,0.15162545442581177,,,,,
16,0.04288576983891174,0.2336746842627865,0.3626866174733361,tumor_089,2,0.515625,micro,2215,0.0009029345372460496,0.965,0.09282312542200089,-0.30813878774642944,0.15162545442581177,2.644423484802246,0.9100160341087893,0.45391202081230075,False,0.9733333333333334
17,0.12451370811744947,0.3981655146251974,0.6378256727308489,tumor_089,4,0.4375,micro,2215,0.0018058690744920992,0.9683333333333334,0.12398770451545715,-0.30813878774642944,0.15162545442581177,2.8499600887298584,0.8200320682175787,0.5272143584789288,True,0.9625
18,0.004817254726408284,0.07831678756643044,0.1378735420131805,tumor_089,0,0.0,ITC,2215,0.0,,,-0.30813878774642944,0.15162545442581177,,,,,
19,0.12105201330393932,0.3925916584803892,0.651852091907986,tumor_089,4,0.234375,micro,2215,0.0018058690744920992,0.9666666666666667,0.1096939891576767,-0.30813878774642944,0.15162545442581177,2.755690336227417,0.8200320682175787,0.4929132581841771,True,0.9741666666666666
20,0.14711142427892662,0.4327910383478866,0.5715667666914444,tumor_089,4,0.4921875,micro,2215,0.0018058690744920992,0.9716666666666667,0.12419582903385162,-0.30813878774642944,0.15162545442581177,2.851332664489746,0.8200320682175787,0.5277223065789218,True,0.9816666666666667
21,0.08336310537483312,0.32579318951623576,0.5153599776952029,tumor_089,4,0.28125,micro,2215,0.0018058690744920992,0.985,0.16232596337795258,-0.30813878774642944,0.15162545442581177,3.102808713912964,0.8200320682175787,0.6249131710612293,True,0.9741666666666666
22,0.009460349742974477,0.10975104281864585,0.16959505547739792,tumor_089,2,0.046875,ITC,2215,0.0009029345372460496,0.9883333333333333,0.17726022005081177,-0.30813878774642944,0.15162545442581177,3.201303005218506,0.9100160341087893,0.6652168447482697,True,0.9783333333333334
23,0.0013653324222163983,0.04169406710402529,0.05257999620197023,tumor_089,0,0.0,ITC,2215,0.0,,,-0.30813878774642944,0.15162545442581177,,,,,
24,0.0009226883106084939,0.034275402908377536,0.052578396008109096,tumor_089,1,0.05960772559046745,ITC,2215,0.0004514672686230248,0.9833333333333333,0.1533430814743042,-0.30813878774642944,0.15162545442581177,3.043564558029175,1.0,0.6012771634618123,False,0.9733333333333334
25,0.0028043526021612223,0.05975460342477911,0.06992478666576502,tumor_089,1,0.18116743862628937,ITC,2215,0.0004514672686230248,0.9833333333333333,0.11054234206676483,-0.30813878774642944,0.15162545442581177,2.7612853050231934,1.0,0.49491684612230574,False,0.99
26,0.0005223338210049105,0.02578868116938263,0.02966717544504916,tumor_089,0,0.0,ITC,2215,0.0,,,-0.30813878774642944,0.15162545442581177,,,,,
27,0.003099026818174679,0.06281563097744691,0.09158956579490919,tumor_089,0,0.0,ITC,2215,0.0,,,-0.30813878774642944,0.15162545442581177,,,,,
28,0.005363058706775059,0.08263448690590526,0.13017914391686053,tumor_089,0,0.0,ITC,2215,0.0,,,-0.30813878774642944,0.15162545442581177,,,,,
29,0.004573495193993935,0.07630959925624883,0.151413473543473,tumor_089,1,0.29545798897743225,ITC,2215,0.0004514672686230248,0.9933333333333333,0.23085832595825195,-0.30813878774642944,0.15162545442581177,3.554793119430542,1.0,0.8202350719896732,False,0.97
30,0.0018033201042201576,0.047917204306063596,0.05692222479849075,tumor_089,0,0.0,ITC,2215,0.0,,,-0.30813878774642944,0.15162545442581177,,,,,
31,0.19807404861963593,0.5021909113955725,0.743527369416773,tumor_089,7,0.4375,micro,2215,0.003160270880361174,0.9738095238095238,0.13333413004875183,-0.30813878774642944,0.15162545442581177,2.9116015434265137,0.7473830704490462,0.5502671097528473,True,0.9733333333333334
32,0.0013054001958708516,0.04076870308322053,0.05102829270676738,tumor_089,0,0.0,ITC,2215,0.0,,,-0.30813878774642944,0.15162545442581177,,,,,
33,0.057993822306909394,0.2717352165463675,0.4885043891117875,tumor_089,2,0.421875,micro,2215,0.0009029345372460496,0.9666666666666667,0.09149394184350967,-0.30813878774642944,0.15162545442581177,2.63565731048584,0.9100160341087893,0.45090760289113707,False,0.9833333333333333
34,0.00047825493257841684,0.024676569709412396,0.027655068330790022,tumor_089,0,0.0,ITC,2215,0.0,,,-0.30813878774642944,0.15162545442581177,,,,,
35,0.002014140628108143,0.05064072961920085,0.07912296920917226,tumor_089,0,0.0,ITC,2215,0.0,,,-0.30813878774642944,0.15162545442581177,,,,,
36,0.0028163312747912523,0.05988208705563471,0.12797321908288634,tumor_089,0,0.0,ITC,2215,0.0,,,-0.30813878774642944,0.15162545442581177,,,,,
37,0.0032453240531514415,0.06428121747410058,0.14529277933411758,tumor_089,1,0.046875,ITC,2215,0.0004514672686230248,0.9833333333333333,0.1345188021659851,-0.30813878774642944,0.15162545442581177,2.919414758682251,1.0,0.5532243303221397,False,0.9966666666666667
38,0.006472793888725488,0.0907822512611655,0.09778538649342039,tumor_089,0,0.0,ITC,2215,0.0,,,-0.30813878774642944,0.15162545442581177,,,,,
39,0.002223869698940246,0.05321201784398898,0.06988032577734372,tumor_089,0,0.0,ITC,2215,0.0,,,-0.30813878774642944,0.15162545442581177,,,,,
40,0.00874429526740955,0.10551579277675155,0.1754418349574867,tumor_089,1,0.046875,ITC,2215,0.0004514672686230248,0.89,-0.1295698583126068,-0.30813878774642944,0.15162545442581177,1.1776975393295288,1.0,0.09002791839981822,False,0.8266666666666667
41,0.017925708846868116,0.15107521759455267,0.30808606172361,tumor_089,1,0.46875,micro,2215,0.0004514672686230248,0.9833333333333333,0.16957134008407593,-0.30813878774642944,0.15162545442581177,3.1505932807922363,1.0,0.6443092380363821,False,0.98
42,0.05465238375412656,0.26379078113117505,0.3753623736415188,tumor_089,2,0.359375,micro,2215,0.0009029345372460496,0.975,0.10589323192834854,-0.30813878774642944,0.15162545442581177,2.730623483657837,0.9100160341087893,0.4839865749104269,False,0.9716666666666667
43,0.0022168786000479127,0.05312831165638646,0.06658875420064478,tumor_089,0,0.0,ITC,2215,0.0,,,-0.30813878774642944,0.15162545442581177,,,,,
44,0.009611013584307953,0.11062152846768898,0.21534759393625508,tumor_089,1,0.21875,micro,2215,0.0004514672686230248,0.99,0.1778053641319275,-0.30813878774642944,0.15162545442581177,3.2048983573913574,1.0,0.666711880904158,False,0.98
45,0.0009164357719649162,0.03415907295398438,0.040742237321185926,tumor_089,0,0.0,ITC,2215,0.0,,,-0.30813878774642944,0.15162545442581177,,,,,
46,0.016926091508790597,0.14680248310842103,0.22495613966906758,tumor_089,1,0.53125,micro,2215,0.0004514672686230248,1.0,0.31213444471359253,-0.30813878774642944,0.15162545442581177,4.090825080871582,1.0,1.0862542614589359,True,0.9833333333333333
47,0.018126189007725037,0.15191767718069987,0.23213777766439356,tumor_089,1,0.109375,micro,2215,0.0004514672686230248,0.99,0.18385204672813416,-0.30813878774642944,0.15162545442581177,3.244777202606201,1.0,0.6834070228503439,False,0.98
48,0.003392514232609612,0.06572277593829572,0.07256490233232592,tumor_089,0,0.0,ITC,2215,0.0,,,-0.30813878774642944,0.15162545442581177,,,,,
49,0.006696581111321491,0.0923382471431046,0.11307009601349068,tumor_089,1,0.4326140880584717,ITC,2215,0.0004514672686230248,0.9666666666666667,0.04963558912277222,-0.30813878774642944,0.15162545442581177,2.359593152999878,1.0,0.36139648804633745,False,0.99
50,0.003944442489987888,0.07086762420306053,0.08610521558963521,tumor_089,0,0.0,ITC,2215,0.0,,,-0.30813878774642944,0.15162545442581177,,,,,
51,0.0003616750396287117,0.021459239567117303,0.027403768928089895,tumor_089,0,0.0,ITC,2215,0.0,,,-0.30813878774642944,0.15162545442581177,,,,,
52,17.538943667179716,4.725598020349971,5.824219720515795,tumor_089,312,1.0,macro,2215,0.14085778781038374,0.9971794871794872,0.31163230538368225,-0.30813878774642944,0.15162545442581177,4.0875139236450195,0.25444664934293826,1.0844965216635,True,0.9879700854700855
53,0.12791787622244194,0.40357167701035573,0.8346221183697015,tumor_089,4,0.84375,micro,2215,0.0018058690744920992,0.9983333333333333,0.32033461332321167,-0.30813878774642944,0.15162545442581177,4.144906997680664,0.8200320682175787,1.115165317730322,True,1.0
54,0.021420207206688677,0.16514555662196043,0.3084611569835642,tumor_089,1,0.25,micro,2215,0.0004514672686230248,0.9533333333333334,0.021368369460105896,-0.30813878774642944,0.15162545442581177,2.1731653213500977,1.0,0.3065456837502903,False,0.9833333333333333
55,0.0009937830596174182,0.03557139145989089,0.05949216616851084,tumor_089,0,0.0,ITC,2215,0.0,,,-0.30813878774642944,0.15162545442581177,,,,,
56,0.0033630711754671252,0.06543695601388952,0.12128376418773132,tumor_089,0,0.0,ITC,2215,0.0,,,-0.30813878774642944,0.15162545442581177,,,,,
57,0.0034402254797456476,0.06618331454088451,0.10785368571500294,tumor_089,0,0.0,ITC,2215,0.0,,,-0.30813878774642944,0.15162545442581177,,,,,
58,0.028986945594030946,0.19211279346104698,0.24288302061865755,tumor_089,1,0.609375,micro,2215,0.0004514672686230248,0.99,0.17830222845077515,-0.30813878774642944,0.15162545442581177,3.2081751823425293,1.0,0.6680759272776607,False,0.9833333333333333
59,0.817941161209188,1.0205072423643728,1.664919184390809,tumor_089,19,0.859375,micro,2215,0.008577878103837472,0.9959649122807017,0.2604345977306366,-0.30813878774642944,0.15162545442581177,3.749854326248169,0.617754635521957,0.9127218904419165,True,0.9907017543859649
60,0.017315104534075403,0.14847988353311675,0.2664048825195255,tumor_089,1,0.125,micro,2215,0.0004514672686230248,0.9933333333333333,0.22353558242321014,-0.30813878774642944,0.15162545442581177,3.506498098373413,1.0,0.7980992244018514,False,0.98
61,0.06021418709915277,0.2768882160163613,0.6311742128386074,tumor_089,2,0.6796875,micro,2215,0.0009029345372460496,0.995,0.23693501949310303,-0.30813878774642944,0.15162545442581177,3.594870090484619,0.9100160341087893,0.838834095729576,True,0.98
62,0.018740277278418205,0.15446961549179797,0.26711384688415163,tumor_089,2,0.1640625,micro,2215,0.0009029345372460496,0.9933333333333333,0.22545571625232697,-0.30813878774642944,0.15162545442581177,3.5191617012023926,0.9100160341087893,0.8038742520910825,True,0.9916666666666667
63,0.012955992359625825,0.12843707336109084,0.2057498736311884,tumor_089,1,0.0625,micro,2215,0.0004514672686230248,0.99,0.1790967583656311,-0.30813878774642944,0.15162545442581177,3.2134151458740234,1.0,0.6702600675849972,False,0.9833333333333333
64,0.06055404972934488,0.27766852668111575,0.48828853290180485,tumor_089,3,0.515625,micro,2215,0.0013544018058690745,0.9977777777777778,0.28036949038505554,-0.30813878774642944,0.15162545442581177,3.881328821182251,0.8573787883962595,0.9778461893790672,True,0.9955555555555555
65,0.04297709255478868,0.2339233501780019,0.38303992186324387,tumor_089,1,0.78125,micro,2215,0.0004514672686230248,0.9966666666666667,0.2776179909706116,-0.30813878774642944,0.15162545442581177,3.863182306289673,1.0,0.968724045646168,False,1.0
66,0.0006902734718677369,0.029645969052531196,0.03797627530861267,tumor_089,0,0.0,ITC,2215,0.0,,,-0.30813878774642944,0.15162545442581177,,,,,
67,1.7551541686619774,1.4949019013457703,2.6180435072756683,tumor_089,37,0.734375,macro,2215,0.016704288939051917,0.9988288288288288,0.3312777280807495,-0.30813878774642944,0.15162545442581177,4.217079162597656,0.531232726035392,1.1543384997567336,True,0.994054054054054
68,0.08970778223417107,0.33796374925579975,0.47462093999050714,tumor_089,3,0.5625,micro,2215,0.0013544018058690745,0.9988888888888889,0.3199118375778198,-0.30813878774642944,0.15162545442581177,4.142118453979492,0.8573787883962595,1.1136653365815792,True,1.0
69,0.016409696915434296,0.14454575410522982,0.22541711503313,tumor_089,1,0.46875,micro,2215,0.0004514672686230248,1.0,0.3362215757369995,-0.30813878774642944,0.15162545442581177,4.249684810638428,1.0,1.1722577552952902,True,1.0
70,0.043025760186734,0.23405576111696438,0.36451354904041877,tumor_089,2,0.1640625,micro,2215,0.0009029345372460496,0.9983333333333333,0.28220897912979126,-0.30813878774642944,0.15162545442581177,3.893460750579834,0.9100160341087893,0.9839686808819788,True,0.9866666666666667
71,0.0588593639644059,0.2737554926890809,0.5423441398552001,tumor_089,3,0.09375,micro,2215,0.0013544018058690745,0.9955555555555555,0.2384808212518692,-0.30813878774642944,0.15162545442581177,3.605064868927002,0.8573787883962595,0.8435985815470913,True,0.9866666666666667
72,0.5547718598975233,0.8404507542550022,1.19784925445742,tumor_089,13,0.796875,micro,2215,0.005869074492099322,0.9933333333333333,0.239610493183136,-0.30813878774642944,0.15162545442581177,3.612515449523926,0.6670197586203107,0.8470891118758942,True,0.9846153846153847
73,3.4760578243569458,2.1037714423761287,2.9182301182060724,tumor_089,65,1.0,macro,2215,0.029345372460496615,0.992051282051282,0.2639613747596741,-0.30813878774642944,0.15162545442581177,3.7731142044067383,0.4580834601281225,0.9240800078570004,True,0.9932307692307693
74,0.20308696795349368,0.5085060064726383,0.6442179722423993,tumor_089,5,0.890625,micro,2215,0.002257336343115124,0.9946666666666667,0.25757843255996704,-0.30813878774642944,0.15162545442581177,3.731017589569092,0.7910637015078118,0.9035751246449233,True,0.994
75,0.016658957980618835,0.1456394317312634,0.3291674338745925,tumor_089,1,0.140625,micro,2215,0.0004514672686230248,0.9966666666666667,0.25015872716903687,-0.30813878774642944,0.15162545442581177,3.6820831298828125,1.0,0.8800287325563209,False,1.0
76,0.0006680449623214531,0.029164726360601873,0.040605795015465664,tumor_089,0,0.0,ITC,2215,0.0,,,-0.30813878774642944,0.15162545442581177,,,,,
77,15.663091756974241,4.465743814617556,7.807167420339338,tumor_089,293,1.0,macro,2215,0.13227990970654627,0.9903071672354948,0.20921307802200317,-0.30813878774642944,0.15162545442581177,3.4120383262634277,0.2626032787249036,0.7556792112755312,True,0.9797724687144482
78,0.02777501720365796,0.18805384936075298,0.26010587614135244,tumor_089,2,0.3203125,micro,2215,0.0009029345372460496,0.9933333333333333,0.21573343873023987,-0.30813878774642944,0.15162545442581177,3.4550416469573975,0.9100160341087893,0.7748475189348393,True,0.9916666666666667
79,0.03112577874126954,0.19907428853084327,0.3496277479227237,tumor_089,0,0.0,micro,2215,0.0,,,-0.30813878774642944,0.15162545442581177,,,,,
80,0.0020808012165049725,0.05147191849530348,0.06806128416663415,tumor_089,0,0.0,ITC,2215,0.0,,,-0.30813878774642944,0.15162545442581177,,,,,
81,0.019569933396896073,0.15785187071669887,0.20613264399350784,tumor_089,2,0.109375,micro,2215,0.0009029345372460496,0.99,0.18802639842033386,-0.30813878774642944,0.15162545442581177,3.272307872772217,0.9100160341087893,0.6950531049425508,True,0.98
82,0.14329204671519855,0.42713592722203675,0.8518244685768359,tumor_089,4,0.671875,micro,2215,0.0018058690744920992,0.9966666666666667,0.27544963359832764,-0.30813878774642944,0.15162545442581177,3.848881483078003,0.8200320682175787,0.96156522759775,True,0.99
83,0.009254211217278855,0.10854873411132515,0.16412505725907608,tumor_089,1,0.03125,ITC,2215,0.0004514672686230248,0.9633333333333334,0.03335247188806534,-0.30813878774642944,0.15162545442581177,2.2522027492523193,1.0,0.32924913441778714,False,0.95
84,0.01628556184851629,0.14399799079765388,0.29709988967225925,tumor_089,1,0.203125,micro,2215,0.0004514672686230248,0.9966666666666667,0.23850154876708984,-0.30813878774642944,0.15162545442581177,3.6052017211914062,1.0,0.843662630640023,False,0.98
85,0.08920896921656701,0.3370228291252611,0.46018825955011133,tumor_089,4,0.265625,micro,2215,0.0018058690744920992,0.9841666666666666,0.1473766416311264,-0.30813878774642944,0.15162545442581177,3.0042147636413574,0.8200320682175787,0.5858300236808199,True,0.9641666666666666
86,0.0012055758885394906,0.039178908809048146,0.04644565000849829,tumor_089,1,0.07788289338350296,ITC,2215,0.0004514672686230248,0.9133333333333333,-0.09279583394527435,-0.30813878774642944,0.15162545442581177,1.4202295541763306,1.0,0.13092626086455522,False,0.93
87,0.020877884084219686,0.1630415518400919,0.21674869720704779,tumor_089,0,0.0,micro,2215,0.0,,,-0.30813878774642944,0.15162545442581177,,,,,
88,1.6439005381438554,1.4467477916956264,2.7970148114025672,tumor_089,39,0.625,macro,2215,0.017607223476297968,0.9935042735042735,0.2666730284690857,-0.30813878774642944,0.15162545442581177,3.7909982204437256,0.5243985470165703,0.932860779828661,True,0.987948717948718
89,0.02115631213404593,0.16412511456150652,0.22167306662781683,tumor_089,1,0.078125,micro,2215,0.0004514672686230248,0.9433333333333334,-0.009420366957783699,-0.30813878774642944,0.15162545442581177,1.9701073169708252,1.0,0.2519355426069605,False,0.9266666666666666
90,0.014596032893674027,0.13632404878260101,0.18340152470976015,tumor_089,1,0.140625,ITC,2215,0.0004514672686230248,0.9933333333333333,0.22804707288742065,-0.30813878774642944,0.15162545442581177,3.53625226020813,1.0,0.811701127876995,False,0.9966666666666667
91,0.0008600709170124721,0.03309193712699385,0.04107689244765009,tumor_089,1,0.05556250363588333,ITC,2215,0.0004514672686230248,0.9366666666666666,-0.03628700226545334,-0.30813878774642944,0.15162545442581177,1.7929165363311768,1.0,0.20865549138431932,False,0.9566666666666667
92,0.0021328075986868857,0.05211117899222571,0.08938848963339872,tumor_089,1,0.13778413832187653,ITC,2215,0.0004514672686230248,0.9833333333333333,0.14926937222480774,-0.30813878774642944,0.15162545442581177,3.016697645187378,1.0,0.5907085295512816,False,0.97
93,0.0009656523248504562,0.03506432270078871,0.06924166115831065,tumor_089,0,0.0,ITC,2215,0.0,,,-0.30813878774642944,0.15162545442581177,,,,,
94,0.0013065355879407806,0.04078642883570475,0.06219773570868523,tumor_089,0,0.0,ITC,2215,0.0,,,-0.30813878774642944,0.15162545442581177,,,,,
95,0.0002561497129558754,0.018059345057559018,0.02246138951682692,tumor_089,0,0.0,ITC,2215,0.0,,,-0.30813878774642944,0.15162545442581177,,,,,
96,0.00024019240829389,0.0174877806649373,0.02566915437931966,tumor_089,0,0.0,ITC,2215,0.0,,,-0.30813878774642944,0.15162545442581177,,,,,
97,0.0003337349955999184,0.020613699179425113,0.02985766708074907,tumor_089,0,0.0,ITC,2215,0.0,,,-0.30813878774642944,0.15162545442581177,,,,,
98,0.0007140888045801316,0.03015304469608473,0.053455432247495535,tumor_089,0,0.0,ITC,2215,0.0,,,-0.30813878774642944,0.15162545442581177,,,,,
99,0.0009879248565858479,0.03546639246712183,0.04607889338772916,tumor_089,0,0.0,ITC,2215,0.0,,,-0.30813878774642944,0.15162545442581177,,,,,
100,0.0009948815775979157,0.035591046162288774,0.046349839627528006,tumor_089,1,0.06427156925201416,ITC,2215,0.0004514672686230248,0.9933333333333333,0.2181086391210556,-0.30813878774642944,0.15162545442581177,3.4707064628601074,1.0,0.7818896103879998,False,0.9566666666666667
101,0.004167335787402626,0.07284241017917427,0.10040352113256164,tumor_089,1,0.26921918988227844,ITC,2215,0.0004514672686230248,0.9833333333333333,0.11491777747869492,-0.30813878774642944,0.15162545442581177,2.790142059326172,1.0,0.5053151335242665,False,0.9666666666666667
102,0.003159764208621174,0.0634282014758048,0.08457874001820288,tumor_089,0,0.0,ITC,2215,0.0,,,-0.30813878774642944,0.15162545442581177,,,,,
103,0.031557556196014254,0.2004503142526035,0.33178281673663457,tumor_089,1,0.375,micro,2215,0.0004514672686230248,0.9833333333333333,0.12427547574043274,-0.30813878774642944,0.15162545442581177,2.851857900619507,1.0,0.5279167450283679,False,0.98
104,0.0011519911169849968,0.038298311259491964,0.044544357773921295,tumor_089,0,0.0,ITC,2215,0.0,,,-0.30813878774642944,0.15162545442581177,,,,,
105,1.0909035300630048,1.178550598815088,1.5440028446765284,tumor_089,24,0.8828125,micro,2215,0.010835214446952596,0.9944444444444445,0.29034674167633057,-0.30813878774642944,0.15162545442581177,3.9471309185028076,0.5874268907226274,1.0112830682512313,True,0.9902777777777778
106,0.0004150306330297222,0.02298767961865464,0.029520424521915178,tumor_089,1,0.026811905205249786,ITC,2215,0.0004514672686230248,0.9366666666666666,-0.0418255478143692,-0.30813878774642944,0.15162545442581177,1.756388783454895,1.0,0.2002400676337688,False,0.8766666666666667
107,0.0038504306668291056,0.07001800189428287,0.08243789566234283,tumor_089,0,0.0,ITC,2215,0.0,,,-0.30813878774642944,0.15162545442581177,,,,,
108,0.0014042299230195008,0.04228381567324361,0.06884926442943984,tumor_089,0,0.0,ITC,2215,0.0,,,-0.30813878774642944,0.15162545442581177,,,,,
109,0.0033931378795565644,0.06572881657987031,0.10844079987828831,tumor_089,0,0.0,ITC,2215,0.0,,,-0.30813878774642944,0.15162545442581177,,,,,
110,0.025349424083535004,0.179654916936383,0.2894998659397848,tumor_089,2,0.1875,micro,2215,0.0009029345372460496,0.9933333333333333,0.23214232921600342,-0.30813878774642944,0.15162545442581177,3.5632612705230713,0.9100160341087893,0.8241476190455505,True,0.9933333333333333
111,0.001433990355359625,0.042729535771088165,0.052758971080815946,tumor_089,1,0.09263897687196732,ITC,2215,0.0004514672686230248,0.9566666666666667,0.028702154755592346,-0.30813878774642944,0.15162545442581177,2.2215328216552734,1.0,0.3203429284457905,False,0.98
112,0.0010509839310434877,0.03658079143328889,0.057921423950776596,tumor_089,0,0.0,ITC,2215,0.0,,,-0.30813878774642944,0.15162545442581177,,,,,
113,0.007420652286711548,0.09720220130825513,0.15232753145120118,tumor_089,1,0.296875,ITC,2215,0.0004514672686230248,0.9033333333333333,-0.10995299369096756,-0.30813878774642944,0.15162545442581177,1.307074785232544,1.0,0.11089463782287394,False,0.9433333333333334
114,0.013913490412762002,0.13309848308234826,0.2554858625486735,tumor_089,1,0.53125,micro,2215,0.0004514672686230248,0.95,0.004692494869232178,-0.30813878774642944,0.15162545442581177,2.0631844997406006,1.0,0.2763031308959977,False,0.9766666666666667
115,0.014598811349329834,0.1363370232772274,0.2569491676227309,tumor_089,0,0.0,micro,2215,0.0,,,-0.30813878774642944,0.15162545442581177,,,,,
0,13.839168091025222,4.197686991633648,5.385240257587085,tumor_090,252,1.0,macro,553,0.45569620253164556,0.9963095238095238,0.13430343568325043,-0.3918726444244385,0.07171690464019775,7.336848735809326,0.12444724650945539,4.261781308294098,True,0.999537037037037
1,0.0006457276481081915,0.028673436778666437,0.03558146267483117,tumor_090,0,0.0,ITC,553,0.0,,,-0.3918726444244385,0.07171690464019775,,,,,
2,0.012106623552062325,0.12415567590612937,0.22814127956835636,tumor_090,1,0.09375,micro,553,0.0018083182640144665,1.0,0.09170094132423401,-0.3918726444244385,0.07171690464019775,6.742811679840088,1.0,3.599598735244171,True,0.9966666666666667
3,0.0027254625568931237,0.05890812087591433,0.12944708349239412,tumor_090,0,0.0,ITC,553,0.0,,,-0.3918726444244385,0.07171690464019775,,,,,
4,0.001986190961789091,0.050288138521379346,0.08937617247001033,tumor_090,0,0.0,ITC,553,0.0,,,-0.3918726444244385,0.07171690464019775,,,,,
5,0.0029121163140068723,0.060891884926170176,0.08692895689508087,tumor_090,0,0.0,ITC,553,0.0,,,-0.3918726444244385,0.07171690464019775,,,,,
0,0.7645308205579214,0.9866260050815447,1.4732759875461208,tumor_091,16,0.9765625,micro,366,0.04371584699453552,0.9945833333333334,0.08261296153068542,-0.3187291920185089,0.11149697005748749,3.599579095840454,0.5302793574267151,1.0975584061686232,True,0.9995833333333334
1,0.018321647589083702,0.15273456136422767,0.34292329207645833,tumor_091,0,0.0,micro,366,0.0,,,-0.3187291920185089,0.11149697005748749,,,,,
2,1.1805268077657713,1.2260071024538748,1.4954353035298704,tumor_091,28,0.8203125,micro,366,0.07650273224043716,0.9779761904761904,0.13462941348552704,-0.3187291920185089,0.11149697005748749,4.066106796264648,0.4354715392333144,1.4004956385375176,True,0.9825
3,0.6235411641057957,0.8910203521299033,1.2079144424304709,tumor_091,14,0.890625,micro,366,0.03825136612021858,0.9930952380952381,0.10472992807626724,-0.3187291920185089,0.11149697005748749,3.797942876815796,0.5529016998766356,1.2218588959212773,True,0.9983333333333333
4,0.007507982439719262,0.09777249175216794,0.1918117421372392,tumor_091,1,0.34375,ITC,366,0.00273224043715847,0.5133333333333333,-0.3281381130218506,-0.3187291920185089,0.11149697005748749,-0.08438723534345627,1.0,0.0006032227555636013,False,0.9833333333333333
5,0.25129319262833594,0.5656469129917956,0.7664088574089954,tumor_091,7,0.484375,micro,366,0.01912568306010929,0.9961904761904762,0.12408820539712906,-0.3187291920185089,0.11149697005748749,3.971564292907715,0.670331860519957,1.336125932424321,True,0.9961904761904762
6,0.01807739784645385,0.1517130772346778,0.19032609889128674,tumor_091,0,0.0,ITC,366,0.0,,,-0.3187291920185089,0.11149697005748749,,,,,
0,1.3503036481874164,1.3112055530207212,3.3719665105789205,tumor_092,39,0.390625,macro,339,0.11504424778761062,0.941965811965812,-0.03518885374069214,-0.27996569871902466,0.11687599867582321,2.094329357147217,0.3711703435280407,0.3764345498940312,True,0.9796581196581197
1,0.0005579462148118887,0.02665331470068585,0.034085164003125085,tumor_092,0,0.0,ITC,339,0.0,,,-0.27996569871902466,0.11687599867582321,,,,,
2,0.0006090066669011507,0.02784620928072437,0.03769062637437739,tumor_092,0,0.0,ITC,339,0.0,,,-0.27996569871902466,0.11687599867582321,,,,,
0,0.2233199084140069,0.5332351624933865,1.3590687985807364,tumor_093,6,0.703125,micro,306,0.0196078431372549,0.9911111111111112,-0.0612231008708477,-0.32390478253364563,0.10924697667360306,2.404475688934326,0.6869515456987151,0.5050596117374113,True,0.9983333333333333
0,3.702460514506299,2.1712022337612673,2.973828215808101,tumor_094,70,1.0,macro,370,0.1891891891891892,0.9921428571428571,0.06341304630041122,-0.40084004402160645,0.10190235823392868,4.555861949920654,0.2815603140814164,1.7549562490240551,True,0.9986666666666667
1,0.0016749694693106118,0.04618048683751981,0.051150118264452295,tumor_094,0,0.0,ITC,370,0.0,,,-0.40084004402160645,0.10190235823392868,,,,,
0,52.746912512423634,8.195087240139896,15.630747475305075,tumor_095,956,1.0,macro,1260,0.7587301587301587,0.8562761506276151,0.06498278677463531,-0.27702826261520386,0.23604683578014374,1.4489117860794067,0.038676877842972766,0.14703631289501798,True,0.8833193863319386
1,0.06141546682013809,0.2796365516411796,0.3646539520014449,tumor_095,0,0.0,micro,1260,0.0,,,-0.27702826261520386,0.23604683578014374,,,,,
2,0.023637593290615905,0.17348290555550058,0.2285741811091489,tumor_095,0,0.0,micro,1260,0.0,,,-0.27702826261520386,0.23604683578014374,,,,,
3,0.07618717275666999,0.31145548824087477,0.47478422376256557,tumor_095,0,0.0,micro,1260,0.0,,,-0.27702826261520386,0.23604683578014374,,,,,
4,0.0347765830092301,0.21042557049492994,0.2334696570068062,tumor_095,0,0.0,micro,1260,0.0,,,-0.27702826261520386,0.23604683578014374,,,,,
5,0.008005758807509995,0.10096161993219772,0.12348860452251816,tumor_095,0,0.0,ITC,1260,0.0,,,-0.27702826261520386,0.23604683578014374,,,,,
6,0.059887531280217315,0.27613614950335047,0.35916768711063807,tumor_095,0,0.0,micro,1260,0.0,,,-0.27702826261520386,0.23604683578014374,,,,,
7,0.020678979190770403,0.16226303969309958,0.20609295162928362,tumor_095,0,0.0,micro,1260,0.0,,,-0.27702826261520386,0.23604683578014374,,,,,
8,0.05609950772274701,0.2672603817867084,0.34267835886306686,tumor_095,0,0.0,micro,1260,0.0,,,-0.27702826261520386,0.23604683578014374,,,,,
9,0.08278942583386066,0.32467024941868367,0.38616823196014116,tumor_095,0,0.0,micro,1260,0.0,,,-0.27702826261520386,0.23604683578014374,,,,,
10,0.10949793739890051,0.3733859986170015,0.49212158591834543,tumor_095,0,0.0,micro,1260,0.0,,,-0.27702826261520386,0.23604683578014374,,,,,
11,0.1642203853125705,0.45726566526649504,0.5989237035321286,tumor_095,0,0.0,micro,1260,0.0,,,-0.27702826261520386,0.23604683578014374,,,,,
12,0.14110428168327008,0.42386265625859154,0.6263942356598636,tumor_095,0,0.0,micro,1260,0.0,,,-0.27702826261520386,0.23604683578014374,,,,,
13,0.22517299119957826,0.5354429538257142,0.6824981558078635,tumor_095,0,0.0,micro,1260,0.0,,,-0.27702826261520386,0.23604683578014374,,,,,
14,0.04449008962845923,0.23800533914970484,0.31223987630472244,tumor_095,0,0.0,micro,1260,0.0,,,-0.27702826261520386,0.23604683578014374,,,,,
15,0.052729845545491566,0.25910948368652414,0.3412063169078767,tumor_095,0,0.0,micro,1260,0.0,,,-0.27702826261520386,0.23604683578014374,,,,,
16,0.044409243658161075,0.23778899296929185,0.32714562850931783,tumor_095,0,0.0,micro,1260,0.0,,,-0.27702826261520386,0.23604683578014374,,,,,
17,0.18049221463523882,0.4793848403844376,0.5636502097273378,tumor_095,0,0.0,micro,1260,0.0,,,-0.27702826261520386,0.23604683578014374,,,,,
18,0.010952625780468052,0.11809028860316054,0.2692127256462156,tumor_095,0,0.0,micro,1260,0.0,,,-0.27702826261520386,0.23604683578014374,,,,,
19,0.08190069884726825,0.32292291419747143,0.6060901107186275,tumor_095,3,0.265625,micro,1260,0.002380952380952381,0.7566666666666667,-0.13814111053943634,-0.27702826261520386,0.23604683578014374,0.5883880853652954,0.8461083126108816,0.024247582914941543,False,0.7733333333333333
20,0.061427145897549114,0.27966313893142203,0.46972470470933975,tumor_095,0,0.0,micro,1260,0.0,,,-0.27702826261520386,0.23604683578014374,,,,,
21,0.041709892862844294,0.23044887719327314,0.256224186323797,tumor_095,0,0.0,micro,1260,0.0,,,-0.27702826261520386,0.23604683578014374,,,,,
22,0.2260255177433293,0.536455615414776,1.0471907417176634,tumor_095,0,0.0,micro,1260,0.0,,,-0.27702826261520386,0.23604683578014374,,,,,
23,0.001738204942812149,0.04704414171863007,0.06844431726482697,tumor_095,0,0.0,ITC,1260,0.0,,,-0.27702826261520386,0.23604683578014374,,,,,
24,0.008144771878434265,0.1018344030201454,0.21747252024011432,tumor_095,1,0.3125,micro,1260,0.0007936507936507937,0.6366666666666667,-0.3406921327114105,-0.27702826261520386,0.23604683578014374,-0.26970863342285156,1.0,0.0050948383646436625,False,0.7066666666666667
25,0.004061129442475067,0.07190820956224345,0.1427581310960519,tumor_095,0,0.0,ITC,1260,0.0,,,-0.27702826261520386,0.23604683578014374,,,,,
26,0.002372887749255386,0.05496593961326935,0.11208685583277087,tumor_095,0,0.0,ITC,1260,0.0,,,-0.27702826261520386,0.23604683578014374,,,,,
0,0.0007685212245589085,0.03128117027984558,0.038493287416121166,tumor_096,0,0.0,ITC,363,0.0,,,-0.34509867429733276,0.10953789949417114,,,,,
1,0.0028515297001803362,0.06025512739391069,0.08451320973065059,tumor_096,1,0.18421518802642822,ITC,363,0.0027548209366391185,0.9666666666666667,-0.10174371302127838,-0.34509867429733276,0.10953789949417114,2.2216508388519287,1.0,0.4186796006780781,False,1.0
2,0.019189367672276116,0.15630950629697635,0.389932986644168,tumor_096,1,0.09375,micro,363,0.0027548209366391185,0.99,-0.008165955543518066,-0.34509867429733276,0.10953789949417114,3.075946569442749,1.0,0.8025789519394672,False,1.0
3,0.0011926288348010788,0.038967963696607925,0.06671982108814335,tumor_096,0,0.0,ITC,363,0.0,,,-0.34509867429733276,0.10953789949417114,,,,,
4,0.0014591203801202432,0.043102317437674925,0.05569016497475922,tumor_096,0,0.0,ITC,363,0.0,,,-0.34509867429733276,0.10953789949417114,,,,,
5,0.08927688482405832,0.33715109400498405,0.6123270218252782,tumor_096,4,0.3203125,micro,363,0.011019283746556474,0.9816666666666667,-0.03584347665309906,-0.34509867429733276,0.10953789949417114,2.8232710361480713,0.7648117374908278,0.6761379878227078,True,1.0
6,0.20563055182565415,0.5116805157421339,0.9232414937998377,tumor_096,8,0.40625,micro,363,0.02203856749311295,0.9108333333333334,-0.0691404789686203,-0.34509867429733276,0.10953789949417114,2.519294023513794,0.6472176062362417,0.5383787429675986,True,0.92375
7,0.16598455481230528,0.4597152368611337,0.977753383233306,tumor_096,8,0.1640625,micro,363,0.02203856749311295,0.9325,-0.1353330910205841,-0.34509867429733276,0.10953789949417114,1.9150046110153198,0.6472176062362417,0.3110783876944945,True,0.99875
8,0.0010668597838941107,0.03685604516957282,0.04220567743692886,tumor_096,0,0.0,ITC,363,0.0,,,-0.34509867429733276,0.10953789949417114,,,,,
9,0.0010745971055025187,0.03698945159614766,0.04498152183989686,tumor_096,1,0.06942137330770493,ITC,363,0.0027548209366391185,0.94,-0.1611197143793106,-0.34509867429733276,0.10953789949417114,1.6795917749404907,1.0,0.23929722906354317,False,0.9866666666666667
10,0.23863282831413818,0.5512138910455338,1.1449251524941986,tumor_096,7,0.75,micro,363,0.01928374655647383,0.9814285714285714,-0.03377065435051918,-0.34509867429733276,0.10953789949417114,2.8421945571899414,0.6698715368173498,0.6852322557563733,True,1.0
11,0.004776592173487513,0.0779855502279543,0.136379346113151,tumor_096,0,0.0,ITC,363,0.0,,,-0.34509867429733276,0.10953789949417114,,,,,
12,0.0019198252852415086,0.04944084821432529,0.08577852584139416,tumor_096,0,0.0,ITC,363,0.0,,,-0.34509867429733276,0.10953789949417114,,,,,
13,0.0031784655353646355,0.0636156270990397,0.1563918658354029,tumor_096,1,0.09375,ITC,363,0.0027548209366391185,0.9633333333333334,-0.12462268769741058,-0.34509867429733276,0.10953789949417114,2.012782573699951,1.0,0.3436559905135391,False,0.99
14,0.0025070470779311486,0.056498420156095304,0.12294599348494444,tumor_096,0,0.0,ITC,363,0.0,,,-0.34509867429733276,0.10953789949417114,,,,,
15,0.04592474134651703,0.24181231722995306,0.4563222329198962,tumor_096,2,0.1875,micro,363,0.005509641873278237,0.835,-0.17443475127220154,-0.34509867429733276,0.10953789949417114,1.5580353736877441,0.8824058687454138,0.20591349912082002,False,0.9883333333333333
16,0.001493754616848999,0.04361086387934625,0.05504963271452761,tumor_096,0,0.0,ITC,363,0.0,,,-0.34509867429733276,0.10953789949417114,,,,,
17,0.006189533092975754,0.08877363514818841,0.16308187372382094,tumor_096,1,0.15625,ITC,363,0.0027548209366391185,0.9266666666666666,-0.1739867925643921,-0.34509867429733276,0.10953789949417114,1.5621249675750732,1.0,0.20699589788265374,False,0.99
18,0.004868954912920441,0.07873592532423085,0.1643426174832627,tumor_096,1,0.03125,ITC,363,0.0027548209366391185,0.8566666666666667,-0.22983181476593018,-0.34509867429733276,0.10953789949417114,1.0523011684417725,1.0,0.09393129212910561,False,1.0
19,0.0017947620787964172,0.047803368627270235,0.08850677035737181,tumor_096,0,0.0,ITC,363,0.0,,,-0.34509867429733276,0.10953789949417114,,,,,
20,0.00047861696912355426,0.024685907961211343,0.05301198337891274,tumor_096,0,0.0,ITC,363,0.0,,,-0.34509867429733276,0.10953789949417114,,,,,
21,0.011330161598551575,0.12010832525481167,0.21637021428156417,tumor_096,1,0.1875,micro,363,0.0027548209366391185,0.9866666666666667,-0.01842615008354187,-0.34509867429733276,0.10953789949417114,2.98227858543396,1.0,0.7544433092896372,False,1.0
22,0.18916184133457417,0.4907630148473887,0.7679511058778193,tumor_096,6,0.3984375,micro,363,0.01652892561983471,0.9672222222222222,-0.06127968057990074,-0.34509867429733276,0.10953789949417114,2.591057538986206,0.6960235804020133,0.5694876443895586,True,0.9983333333333333
23,0.004820214097282929,0.07834083994156898,0.14539138992732686,tumor_096,1,0.046875,ITC,363,0.0027548209366391185,0.59,-0.3443965017795563,-0.34509867429733276,0.10953789949417114,0.006410315632820129,1.0,3.4856920766854195e-06,False,0.9566666666666667
24,0.003725028976065388,0.06886838314938709,0.14138385528266673,tumor_096,0,0.0,ITC,363,0.0,,,-0.34509867429733276,0.10953789949417114,,,,,
25,0.002079008198701704,0.05144973714622484,0.06152268605969671,tumor_096,0,0.0,ITC,363,0.0,,,-0.34509867429733276,0.10953789949417114,,,,,
26,0.00425359711192844,0.07359244560604418,0.1376303901294005,tumor_096,1,0.140625,ITC,363,0.0027548209366391185,0.9866666666666667,-0.03133207559585571,-0.34509867429733276,0.10953789949417114,2.86445689201355,1.0,0.6960088678115657,False,1.0
27,0.0020834626899567605,0.05150482585965361,0.09045999347778,tumor_096,0,0.0,ITC,363,0.0,,,-0.34509867429733276,0.10953789949417114,,,,,
28,0.005779266131318184,0.08578105955246129,0.1425894515032581,tumor_096,1,0.046875,ITC,363,0.0027548209366391185,0.96,-0.13149067759513855,-0.34509867429733276,0.10953789949417114,1.9500830173492432,1.0,0.32257922316130744,False,1.0
29,0.0731808786823852,0.3052487324410689,0.5810763395882681,tumor_096,2,0.421875,micro,363,0.005509641873278237,0.9783333333333334,-0.05604207515716553,-0.34509867429733276,0.10953789949417114,2.6388728618621826,0.8824058687454138,0.5907002097474741,True,1.0
30,0.008724030633573212,0.10539345706516307,0.25040609497555855,tumor_096,1,0.25,micro,363,0.0027548209366391185,0.8833333333333333,-0.21110719442367554,-0.34509867429733276,0.10953789949417114,1.2232431173324585,1.0,0.12692750785566662,False,1.0
31,0.0012871835000814228,0.04048324262746605,0.0479197407726015,tumor_096,0,0.0,ITC,363,0.0,,,-0.34509867429733276,0.10953789949417114,,,,,
32,0.0012964492683519345,0.04062869030880336,0.04704372682143709,tumor_096,0,0.0,ITC,363,0.0,,,-0.34509867429733276,0.10953789949417114,,,,,
33,0.1276387641614103,0.40313114735955696,0.6968614118990826,tumor_096,5,0.578125,micro,363,0.013774104683195593,0.99,0.05228983238339424,-0.34509867429733276,0.10953789949417114,3.6278631687164307,0.7269548828461043,1.1164312603831996,True,1.0
34,0.10320715343090699,0.3625016262691522,0.7769510554624663,tumor_096,7,0.328125,micro,363,0.01928374655647383,0.9347619047619048,-0.10228601843118668,-0.34509867429733276,0.10953789949417114,2.2167000770568848,0.6698715368173498,0.4168156953118087,True,0.9971428571428571
35,0.002896898247889927,0.0607325728607595,0.0991970675990475,tumor_096,0,0.0,ITC,363,0.0,,,-0.34509867429733276,0.10953789949417114,,,,,
36,0.000809572746920557,0.03210576327887448,0.055295949136742524,tumor_096,0,0.0,ITC,363,0.0,,,-0.34509867429733276,0.10953789949417114,,,,,
37,0.007823039141028488,0.09980281957123492,0.18968069795264436,tumor_096,0,0.0,ITC,363,0.0,,,-0.34509867429733276,0.10953789949417114,,,,,
38,0.0025307280596621818,0.056764628445298386,0.11351368779495809,tumor_096,0,0.0,ITC,363,0.0,,,-0.34509867429733276,0.10953789949417114,,,,,
39,0.007781843578607391,0.09953969547485227,0.20903516489736415,tumor_096,2,0.0859375,micro,363,0.005509641873278237,0.575,-0.30314260721206665,-0.34509867429733276,0.10953789949417114,0.3830278515815735,0.8824058687454138,0.01244488536093526,False,0.995
40,0.010278468382572029,0.11439821853508372,0.230888067032242,tumor_096,1,0.09375,micro,363,0.0027548209366391185,0.9833333333333333,-0.03279668092727661,-0.34509867429733276,0.10953789949417114,2.851086139678955,1.0,0.6895263527474244,False,1.0
41,0.0003189484489932132,0.020151867853628484,0.030950765293418083,tumor_096,0,0.0,ITC,363,0.0,,,-0.34509867429733276,0.10953789949417114,,,,,
0,0.03175458929648657,0.2010751074079301,0.3207657102725038,tumor_097,2,0.0546875,micro,311,0.006430868167202572,0.995,0.12356878817081451,-0.36622512340545654,0.11907949298620224,4.1131672859191895,0.8792382946274664,1.4737591913862707,True,0.9983333333333333
1,0.024060926301367747,0.1750294913717679,0.2645394471339366,tumor_097,0,0.0,micro,311,0.0,,,-0.36622512340545654,0.11907949298620224,,,,,
2,0.0014422921473648748,0.04285304419858586,0.054455998212290586,tumor_097,0,0.0,ITC,311,0.0,,,-0.36622512340545654,0.11907949298620224,,,,,
3,0.004555225326983917,0.07615702870710678,0.11203293327578989,tumor_097,1,0.29427772760391235,ITC,311,0.003215434083601286,1.0,0.16838102042675018,-0.36622512340545654,0.11907949298620224,4.489489555358887,1.0,1.7557703540931466,True,1.0
4,0.0013620174280612393,0.041643420248894655,0.04697839344817118,tumor_097,0,0.0,ITC,311,0.0,,,-0.36622512340545654,0.11907949298620224,,,,,
5,0.00042036549443701603,0.023134951280678287,0.02681612395719331,tumor_097,0,0.0,ITC,311,0.0,,,-0.36622512340545654,0.11907949298620224,,,,,
6,0.0005139425409963384,0.02558069520005683,0.03414110047798978,tumor_097,0,0.0,ITC,311,0.0,,,-0.36622512340545654,0.11907949298620224,,,,,
7,0.0008989964016341257,0.03383249575681912,0.038861281883569854,tumor_097,0,0.0,ITC,311,0.0,,,-0.36622512340545654,0.11907949298620224,,,,,
8,0.0011035228602791433,0.03748398250221901,0.049482677538363,tumor_097,0,0.0,ITC,311,0.0,,,-0.36622512340545654,0.11907949298620224,,,,,
9,0.0005416983853487062,0.026262364812506118,0.029692600651980646,tumor_097,0,0.0,ITC,311,0.0,,,-0.36622512340545654,0.11907949298620224,,,,,
10,0.000628643645845067,0.02829158796243905,0.03201700632845378,tumor_097,0,0.0,ITC,311,0.0,,,-0.36622512340545654,0.11907949298620224,,,,,
11,0.00037792471434498743,0.021936013567573718,0.025921795000636537,tumor_097,0,0.0,ITC,311,0.0,,,-0.36622512340545654,0.11907949298620224,,,,,
12,0.00019084547402295398,0.015588200808937261,0.01904384956797118,tumor_097,1,0.012329043820500374,ITC,311,0.003215434083601286,0.9733333333333334,-0.022484898567199707,-0.36622512340545654,0.11907949298620224,2.8866450786590576,1.0,0.7258728614115507,False,0.9833333333333333
13,0.00016678342811408186,0.014572414215954173,0.01689024811096628,tumor_097,0,0.0,ITC,311,0.0,,,-0.36622512340545654,0.11907949298620224,,,,,
14,0.0010190855668732997,0.03602138313851837,0.04512507027081845,tumor_097,0,0.0,ITC,311,0.0,,,-0.36622512340545654,0.11907949298620224,,,,,
15,0.0005784571259217868,0.0271388004093303,0.031614012135472117,tumor_097,0,0.0,ITC,311,0.0,,,-0.36622512340545654,0.11907949298620224,,,,,
16,0.002600064081067961,0.05753698294889314,0.08977359370360663,tumor_097,0,0.0,ITC,311,0.0,,,-0.36622512340545654,0.11907949298620224,,,,,
17,0.0011302180428199855,0.037934658378474755,0.04109461880682148,tumor_097,0,0.0,ITC,311,0.0,,,-0.36622512340545654,0.11907949298620224,,,,,
18,0.0010104896399763651,0.035869142297566936,0.04151437574832026,tumor_097,0,0.0,ITC,311,0.0,,,-0.36622512340545654,0.11907949298620224,,,,,
19,0.0005126799304740372,0.02554925363433574,0.02990554123422111,tumor_097,0,0.0,ITC,311,0.0,,,-0.36622512340545654,0.11907949298620224,,,,,
20,0.00040707460738446954,0.022766279620953598,0.0292577968401795,tumor_097,0,0.0,ITC,311,0.0,,,-0.36622512340545654,0.11907949298620224,,,,,
21,0.0008921781304952144,0.03370395342826113,0.03793380809807247,tumor_097,1,0.057636700570583344,ITC,311,0.003215434083601286,0.9866666666666667,0.021557219326496124,-0.36622512340545654,0.11907949298620224,3.256499767303467,1.0,0.9237955878116516,False,1.0
22,0.0008041067570446243,0.031997195521763555,0.040812835404771604,tumor_097,0,0.0,ITC,311,0.0,,,-0.36622512340545654,0.11907949298620224,,,,,
23,0.0015128668813296205,0.04388897286596066,0.05921120896539408,tumor_097,0,0.0,ITC,311,0.0,,,-0.36622512340545654,0.11907949298620224,,,,,
24,0.00021193062713523674,0.01642676033821357,0.02157372229904513,tumor_097,0,0.0,ITC,311,0.0,,,-0.36622512340545654,0.11907949298620224,,,,,
25,0.0004259342744976182,0.02328768691279684,0.027550961160695372,tumor_097,0,0.0,ITC,311,0.0,,,-0.36622512340545654,0.11907949298620224,,,,,
26,0.0004466446613666067,0.02384713075606391,0.03018359059174505,tumor_097,0,0.0,ITC,311,0.0,,,-0.36622512340545654,0.11907949298620224,,,,,
27,0.00024028547513369895,0.017491168313343256,0.02075844934227421,tumor_097,0,0.0,ITC,311,0.0,,,-0.36622512340545654,0.11907949298620224,,,,,
28,0.0005330039940178914,0.026050753591506014,0.03125026264272592,tumor_097,0,0.0,ITC,311,0.0,,,-0.36622512340545654,0.11907949298620224,,,,,
29,0.00032200224296235466,0.020248110757132128,0.022105480680749252,tumor_097,0,0.0,ITC,311,0.0,,,-0.36622512340545654,0.11907949298620224,,,,,
30,0.00028657796019959306,0.01910189497342244,0.028193489843769928,tumor_097,0,0.0,ITC,311,0.0,,,-0.36622512340545654,0.11907949298620224,,,,,
31,0.00191925622388538,0.04943352021381796,0.06264381808855982,tumor_097,0,0.0,ITC,311,0.0,,,-0.36622512340545654,0.11907949298620224,,,,,
32,0.0038898502081045703,0.07037550076592734,0.12071227095628595,tumor_097,1,0.25129300355911255,ITC,311,0.003215434083601286,0.9566666666666667,-0.08438383042812347,-0.36622512340545654,0.11907949298620224,2.366832971572876,1.0,0.48798784216045965,False,0.9966666666666667
33,0.0002651161004492397,0.018372705381569467,0.024390311866249594,tumor_097,0,0.0,ITC,311,0.0,,,-0.36622512340545654,0.11907949298620224,,,,,
34,0.005360048884791527,0.08261129584887396,0.2110199900897926,tumor_097,1,0.171875,micro,311,0.003215434083601286,0.9933333333333333,0.12404678761959076,-0.36622512340545654,0.11907949298620224,4.117181777954102,1.0,1.4766374024356064,True,1.0
35,0.0009836597794978953,0.035389751762652855,0.04201249571197222,tumor_097,0,0.0,ITC,311,0.0,,,-0.36622512340545654,0.11907949298620224,,,,,
36,0.0013402390066464386,0.041309143087926894,0.06815054556392963,tumor_097,0,0.0,ITC,311,0.0,,,-0.36622512340545654,0.11907949298620224,,,,,
37,0.00033604230012402247,0.020684833700604588,0.024927637297626596,tumor_097,0,0.0,ITC,311,0.0,,,-0.36622512340545654,0.11907949298620224,,,,,
38,0.0001598077949964881,0.01426441741349638,0.018431285342170412,tumor_097,0,0.0,ITC,311,0.0,,,-0.36622512340545654,0.11907949298620224,,,,,
39,0.00109952167057366,0.03741596545951544,0.04706959589031025,tumor_097,0,0.0,ITC,311,0.0,,,-0.36622512340545654,0.11907949298620224,,,,,
40,0.0003136908375925384,0.019985083918860974,0.024235139846488857,tumor_097,0,0.0,ITC,311,0.0,,,-0.36622512340545654,0.11907949298620224,,,,,
41,0.0007604698072830191,0.031116880165110838,0.037259192775966433,tumor_097,0,0.0,ITC,311,0.0,,,-0.36622512340545654,0.11907949298620224,,,,,
42,0.00019725809278594208,0.01584792744348924,0.01998991343486783,tumor_097,0,0.0,ITC,311,0.0,,,-0.36622512340545654,0.11907949298620224,,,,,
43,0.0003701881129864326,0.021710323453260995,0.02840142036051574,tumor_097,0,0.0,ITC,311,0.0,,,-0.36622512340545654,0.11907949298620224,,,,,
44,0.0005062854067356334,0.025389419071300837,0.02854208843952279,tumor_097,0,0.0,ITC,311,0.0,,,-0.36622512340545654,0.11907949298620224,,,,,
45,0.0002869990810533042,0.019115924756592843,0.021971389096050047,tumor_097,0,0.0,ITC,311,0.0,,,-0.36622512340545654,0.11907949298620224,,,,,
46,0.00023525173678738405,0.017306987439913546,0.019344093841121582,tumor_097,0,0.0,ITC,311,0.0,,,-0.36622512340545654,0.11907949298620224,,,,,
47,0.00036197863918912697,0.021468244403421016,0.027257507811897754,tumor_097,1,0.02338462881743908,ITC,311,0.003215434083601286,0.9866666666666667,0.018532240763306618,-0.36622512340545654,0.11907949298620224,3.2310967445373535,1.0,0.9094392717903931,False,1.0
48,0.0006938941913621779,0.029723618963786246,0.035829206572109154,tumor_097,1,0.044827114790678024,ITC,311,0.003215434083601286,1.0,0.1434861421585083,-0.36622512340545654,0.11907949298620224,4.280428409576416,1.0,1.5960564823367926,True,1.0
49,0.0005802205533945565,0.027180135269164307,0.03158864814936447,tumor_097,0,0.0,ITC,311,0.0,,,-0.36622512340545654,0.11907949298620224,,,,,
50,0.0002557599752860308,0.018045600973496626,0.02628434541953529,tumor_097,0,0.0,ITC,311,0.0,,,-0.36622512340545654,0.11907949298620224,,,,,
51,0.0002348805204072733,0.017293327235396744,0.02008584825439921,tumor_097,0,0.0,ITC,311,0.0,,,-0.36622512340545654,0.11907949298620224,,,,,
52,0.0002834100085715461,0.018996021433106035,0.024351888781435842,tumor_097,0,0.0,ITC,311,0.0,,,-0.36622512340545654,0.11907949298620224,,,,,
53,0.0028212894708945953,0.059934775560503625,0.0852788113038552,tumor_097,0,0.0,ITC,311,0.0,,,-0.36622512340545654,0.11907949298620224,,,,,
54,0.0012291866541316167,0.039560700902550726,0.05751951174684802,tumor_097,0,0.0,ITC,311,0.0,,,-0.36622512340545654,0.11907949298620224,,,,,
55,0.001863101579061573,0.04870497517009654,0.08033139950887778,tumor_097,0,0.0,ITC,311,0.0,,,-0.36622512340545654,0.11907949298620224,,,,,
56,0.0004983537632373147,0.02518975423900229,0.028910040216996568,tumor_097,0,0.0,ITC,311,0.0,,,-0.36622512340545654,0.11907949298620224,,,,,
57,0.00027726410970450356,0.018788923034904433,0.022865171998714216,tumor_097,0,0.0,ITC,311,0.0,,,-0.36622512340545654,0.11907949298620224,,,,,
58,0.0003765844200049067,0.02189708143752045,0.026999329053276556,tumor_097,0,0.0,ITC,311,0.0,,,-0.36622512340545654,0.11907949298620224,,,,,
59,0.0001670733374367199,0.014585073880351566,0.016849746862764147,tumor_097,0,0.0,ITC,311,0.0,,,-0.36622512340545654,0.11907949298620224,,,,,
60,0.000321956745865983,0.020246680234814268,0.023376265866448066,tumor_097,0,0.0,ITC,311,0.0,,,-0.36622512340545654,0.11907949298620224,,,,,
61,0.0002837460363538771,0.019007279504116768,0.022048581882756234,tumor_097,0,0.0,ITC,311,0.0,,,-0.36622512340545654,0.11907949298620224,,,,,
62,0.0007250698087379894,0.03038400159917665,0.03411262644909395,tumor_097,1,0.046841129660606384,ITC,311,0.003215434083601286,0.9133333333333333,-0.1780378520488739,-0.36622512340545654,0.11907949298620224,1.5803499221801758,1.0,0.21756062585772426,False,0.9966666666666667
63,0.00032754966502438973,0.020421782154694753,0.02462728588988347,tumor_097,0,0.0,ITC,311,0.0,,,-0.36622512340545654,0.11907949298620224,,,,,
64,0.0001514213100836935,0.013885085520592368,0.018487386860857206,tumor_097,1,0.00978215504437685,ITC,311,0.003215434083601286,0.92,-0.16940677165985107,-0.36622512340545654,0.11907949298620224,1.6528316736221313,1.0,0.23797483490491733,False,0.9966666666666667
65,0.0006054856578334164,0.027765595317289518,0.030522896780392116,tumor_097,0,0.0,ITC,311,0.0,,,-0.36622512340545654,0.11907949298620224,,,,,
66,0.00030887523341845607,0.01983109078133833,0.023582020108313863,tumor_097,0,0.0,ITC,311,0.0,,,-0.36622512340545654,0.11907949298620224,,,,,
0,0.0014203635632037393,0.042526027989596475,0.04865976137892586,tumor_098,0,0.0,ITC,301,0.0,,,-0.374226450920105,0.09927725791931152,,,,,
1,0.00664817461685709,0.09200390656100961,0.12629649556369815,tumor_098,0,0.0,ITC,301,0.0,,,-0.374226450920105,0.09927725791931152,,,,,
2,0.018080147202438814,0.1517246136682441,0.30898319549768855,tumor_098,1,0.3125,micro,301,0.0033222591362126247,0.9566666666666667,-0.19382619857788086,-0.374226450920105,0.09927725791931152,1.8171356916427612,1.0,0.2892866940242402,False,1.0
3,0.0033280348266804885,0.06509520372182141,0.10616892274161546,tumor_098,0,0.0,ITC,301,0.0,,,-0.374226450920105,0.09927725791931152,,,,,
4,0.0004929473478509445,0.02505274549338141,0.04428337487138938,tumor_098,0,0.0,ITC,301,0.0,,,-0.374226450920105,0.09927725791931152,,,,,
0,0.486058914245762,0.7866825475938445,1.4672348323333764,tumor_099,15,0.609375,micro,336,0.044642857142857144,0.9986666666666667,0.16245408356189728,-0.3388221263885498,0.11886215209960938,4.21729040145874,0.5344682048126205,1.5287260154702393,True,1.0
1,0.0023973238557992134,0.05524823558033809,0.10365594596397998,tumor_099,0,0.0,ITC,336,0.0,,,-0.3388221263885498,0.11886215209960938,,,,,
2,0.0015515606637134343,0.04444669158773778,0.06508144038504998,tumor_099,0,0.0,ITC,336,0.0,,,-0.3388221263885498,0.11886215209960938,,,,,
3,0.0014338062367465038,0.04272679253247961,0.053883161036171585,tumor_099,0,0.0,ITC,336,0.0,,,-0.3388221263885498,0.11886215209960938,,,,,
4,0.02617874846089975,0.1825700352524815,0.4097366160403725,tumor_099,1,0.609375,micro,336,0.002976190476190476,1.0,0.1781213879585266,-0.3388221263885498,0.11886215209960938,4.3491010665893555,1.0,1.6257794949485127,True,1.0
5,0.003716028157813368,0.06878512920593621,0.07158083307554708,tumor_099,0,0.0,ITC,336,0.0,,,-0.3388221263885498,0.11886215209960938,,,,,
6,0.0018066651362293167,0.04796162523874171,0.054139927184329445,tumor_099,0,0.0,ITC,336,0.0,,,-0.3388221263885498,0.11886215209960938,,,,,
7,0.002187661528702074,0.05277705153605361,0.06810321405834892,tumor_099,0,0.0,ITC,336,0.0,,,-0.3388221263885498,0.11886215209960938,,,,,
8,0.0012296181086842175,0.039567643357915634,0.05144380808202241,tumor_099,0,0.0,ITC,336,0.0,,,-0.3388221263885498,0.11886215209960938,,,,,
9,0.0025784132638249514,0.05729692600979206,0.07540623461011303,tumor_099,0,0.0,ITC,336,0.0,,,-0.3388221263885498,0.11886215209960938,,,,,
10,0.0036759676748095668,0.06841335694683975,0.10469576294036254,tumor_099,1,0.23747572302818298,ITC,336,0.002976190476190476,1.0,0.14011989533901215,-0.3388221263885498,0.11886215209960938,4.029390811920166,1.0,1.3955372236078565,True,1.0
11,0.0032235989809079363,0.06406569830150886,0.08201476526520121,tumor_099,0,0.0,ITC,336,0.0,,,-0.3388221263885498,0.11886215209960938,,,,,
12,0.0017967553013935377,0.047829905937047355,0.05896342234893156,tumor_099,0,0.0,ITC,336,0.0,,,-0.3388221263885498,0.11886215209960938,,,,,
13,0.0022295261403908503,0.053279647596116766,0.0646010563716523,tumor_099,0,0.0,ITC,336,0.0,,,-0.3388221263885498,0.11886215209960938,,,,,
14,0.0022366089552462447,0.05336421055284447,0.06748100353608934,tumor_099,0,0.0,ITC,336,0.0,,,-0.3388221263885498,0.11886215209960938,,,,,
15,0.0022335287980207214,0.05332745249817188,0.07900301785395404,tumor_099,0,0.0,ITC,336,0.0,,,-0.3388221263885498,0.11886215209960938,,,,,
16,0.011234365046263127,0.119599489283578,0.1593133295522146,tumor_099,1,0.3125,ITC,336,0.002976190476190476,1.0,0.1543690711259842,-0.3388221263885498,0.11886215209960938,4.149270057678223,1.0,1.4798102991428776,True,1.0
17,0.005667802286828591,0.08494980873039415,0.12173957973438643,tumor_099,1,0.36615267395973206,ITC,336,0.002976190476190476,1.0,0.2579476237297058,-0.3388221263885498,0.11886215209960938,5.020687580108643,1.0,2.1666513741862743,True,1.0
18,0.0022086741576097355,0.053029909286206954,0.06918380673201398,tumor_099,0,0.0,ITC,336,0.0,,,-0.3388221263885498,0.11886215209960938,,,,,
19,0.005099247679124714,0.08057644689027052,0.10257696269516829,tumor_099,0,0.0,ITC,336,0.0,,,-0.3388221263885498,0.11886215209960938,,,,,
20,0.0029027125926047175,0.06079349027572816,0.075553175947105,tumor_099,0,0.0,ITC,336,0.0,,,-0.3388221263885498,0.11886215209960938,,,,,
21,0.0038114083314654923,0.06966229833098338,0.10571289022276328,tumor_099,1,0.2462254911661148,ITC,336,0.002976190476190476,0.9666666666666667,-0.055938392877578735,-0.3388221263885498,0.11886215209960938,2.3799312114715576,1.0,0.4868458256668679,False,1.0
22,0.0022352959342452567,0.053348544288169576,0.08608623345651681,tumor_099,1,0.14440511167049408,ITC,336,0.002976190476190476,0.9666666666666667,-0.08404452353715897,-0.3388221263885498,0.11886215209960938,2.1434712409973145,1.0,0.3949098474002368,False,1.0
23,0.006174952370266182,0.08866901118586486,0.15114424709303773,tumor_099,1,0.109375,ITC,336,0.002976190476190476,0.7533333333333333,-0.24833688139915466,-0.3388221263885498,0.11886215209960938,0.761262059211731,1.0,0.04981165967601612,False,0.9733333333333334
24,0.008894344157053253,0.10641724815669844,0.147960753369355,tumor_099,1,0.28125,ITC,336,0.002976190476190476,0.9633333333333334,-0.10890025645494461,-0.3388221263885498,0.11886215209960938,1.9343574047088623,1.0,0.3216148416506857,False,0.9966666666666667
25,0.0020421620878513357,0.0509917790139866,0.05754958795899411,tumor_099,0,0.0,ITC,336,0.0,,,-0.3388221263885498,0.11886215209960938,,,,,
26,0.006809067625231247,0.09311054807711298,0.17872506446111416,tumor_099,1,0.09375,ITC,336,0.002976190476190476,0.9666666666666667,-0.05340354144573212,-0.3388221263885498,0.11886215209960938,2.401257038116455,1.0,0.4956098658376234,False,0.9966666666666667
27,0.0016437790203628637,0.04574849124869611,0.09079313696301754,tumor_099,0,0.0,ITC,336,0.0,,,-0.3388221263885498,0.11886215209960938,,,,,
28,0.0009445100859962368,0.034678344710952075,0.05173153193210971,tumor_099,0,0.0,ITC,336,0.0,,,-0.3388221263885498,0.11886215209960938,,,,,
29,0.003376845706691986,0.06557082804288347,0.08388402900816642,tumor_099,0,0.0,ITC,336,0.0,,,-0.3388221263885498,0.11886215209960938,,,,,
30,0.0007320256437132168,0.030529395626770612,0.035654594118736276,tumor_099,0,0.0,ITC,336,0.0,,,-0.3388221263885498,0.11886215209960938,,,,,
31,0.0053405983520109215,0.08246126978362477,0.12383937854617716,tumor_099,1,0.3450145721435547,ITC,336,0.002976190476190476,1.0,0.21132120490074158,-0.3388221263885498,0.11886215209960938,4.628415107727051,1.0,1.8413114190490656,True,1.0
32,0.003080707099738392,0.06262969028450718,0.09239700913121543,tumor_099,0,0.0,ITC,336,0.0,,,-0.3388221263885498,0.11886215209960938,,,,,
33,0.0007292005178942127,0.030470427227465523,0.03889030062293829,tumor_099,1,0.04710798338055611,ITC,336,0.002976190476190476,0.99,0.0006377566605806351,-0.3388221263885498,0.11886215209960938,2.855912446975708,1.0,0.7010555308730225,False,1.0
34,0.00044351163960389616,0.023763344842298827,0.027457001999717706,tumor_099,0,0.0,ITC,336,0.0,,,-0.3388221263885498,0.11886215209960938,,,,,
35,0.0033168049225315932,0.06498528440762164,0.12037112977721247,tumor_099,0,0.0,ITC,336,0.0,,,-0.3388221263885498,0.11886215209960938,,,,,
36,0.0005683301764981155,0.02690019433356784,0.03307569561973685,tumor_099,0,0.0,ITC,336,0.0,,,-0.3388221263885498,0.11886215209960938,,,,,
37,0.003679385306427143,0.06844515229335488,0.09541897921270673,tumor_099,0,0.0,ITC,336,0.0,,,-0.3388221263885498,0.11886215209960938,,,,,
38,0.0010952374364727058,0.037342999544645775,0.045361004837701904,tumor_099,1,0.07075478136539459,ITC,336,0.002976190476190476,1.0,0.12990330159664154,-0.3388221263885498,0.11886215209960938,3.943437337875366,1.0,1.336634079195413,True,1.0
39,0.005131613772592198,0.08083176098274725,0.11932700904394246,tumor_099,0,0.0,ITC,336,0.0,,,-0.3388221263885498,0.11886215209960938,,,,,
40,0.0009333307661376915,0.03447250556261432,0.03879473215047387,tumor_099,0,0.0,ITC,336,0.0,,,-0.3388221263885498,0.11886215209960938,,,,,
41,0.0008947728744593583,0.033752928870218156,0.04163556951315312,tumor_099,0,0.0,ITC,336,0.0,,,-0.3388221263885498,0.11886215209960938,,,,,
42,0.0033692222923444406,0.06549677135261094,0.09343948060442549,tumor_099,1,0.21765927970409393,ITC,336,0.002976190476190476,1.0,0.05052811652421951,-0.3388221263885498,0.11886215209960938,3.2756452560424805,1.0,0.922266357679632,False,1.0
43,0.005499940682611519,0.08368238745876393,0.16567098126986984,tumor_099,0,0.0,ITC,336,0.0,,,-0.3388221263885498,0.11886215209960938,,,,,
44,0.004572685021819497,0.07630284002184161,0.107056040687208,tumor_099,0,0.0,ITC,336,0.0,,,-0.3388221263885498,0.11886215209960938,,,,,
45,0.005563775195856113,0.08416661212963623,0.1192944065471428,tumor_099,0,0.0,ITC,336,0.0,,,-0.3388221263885498,0.11886215209960938,,,,,
46,0.0018159294611844463,0.048084438235562806,0.05473700781741298,tumor_099,0,0.0,ITC,336,0.0,,,-0.3388221263885498,0.11886215209960938,,,,,
47,0.002896001999832493,0.060723177352793756,0.08033182696224579,tumor_099,0,0.0,ITC,336,0.0,,,-0.3388221263885498,0.11886215209960938,,,,,
48,0.0016748666859961912,0.046179069899358965,0.07275028144288784,tumor_099,0,0.0,ITC,336,0.0,,,-0.3388221263885498,0.11886215209960938,,,,,
49,0.002887377095127159,0.06063268671334333,0.07022833482462314,tumor_099,0,0.0,ITC,336,0.0,,,-0.3388221263885498,0.11886215209960938,,,,,
50,0.006225650413465347,0.08903226548909612,0.15846031656033968,tumor_099,1,0.171875,ITC,336,0.002976190476190476,1.0,0.16432636976242065,-0.3388221263885498,0.11886215209960938,4.233042240142822,1.0,1.5401671133740813,True,1.0
51,0.0014778430675934772,0.04337796946115315,0.0585113519662844,tumor_099,0,0.0,ITC,336,0.0,,,-0.3388221263885498,0.11886215209960938,,,,,
52,0.004644087128302299,0.07689626376456823,0.13298854064368912,tumor_099,0,0.0,ITC,336,0.0,,,-0.3388221263885498,0.11886215209960938,,,,,
53,0.006255346773076824,0.08924435487756581,0.10777611790714645,tumor_099,0,0.0,ITC,336,0.0,,,-0.3388221263885498,0.11886215209960938,,,,,
54,0.007206540244646416,0.09578962376066226,0.15982376091109782,tumor_099,1,0.4375,ITC,336,0.002976190476190476,1.0,0.0872311145067215,-0.3388221263885498,0.11886215209960938,3.5844314098358154,1.0,1.1043409845978294,True,1.0
55,0.00048800002780195143,0.024926711239738452,0.033752599862997536,tumor_099,0,0.0,ITC,336,0.0,,,-0.3388221263885498,0.11886215209960938,,,,,
56,0.0018461816126606999,0.04848331090182,0.06939614224214402,tumor_099,0,0.0,ITC,336,0.0,,,-0.3388221263885498,0.11886215209960938,,,,,
57,0.0006089431902510567,0.02784475804033558,0.0430873070777924,tumor_099,1,0.0393390916287899,ITC,336,0.002976190476190476,0.9666666666666667,-0.07367647439241409,-0.3388221263885498,0.11886215209960938,2.230698823928833,1.0,0.42770518787103207,False,1.0
58,0.00170207266275,0.04655261778059292,0.052471016547707104,tumor_099,0,0.0,ITC,336,0.0,,,-0.3388221263885498,0.11886215209960938,,,,,
59,0.0002861873512752056,0.01908887248756733,0.025503558117962823,tumor_099,0,0.0,ITC,336,0.0,,,-0.3388221263885498,0.11886215209960938,,,,,
60,0.002173840996543825,0.052610078129252884,0.06111498309948224,tumor_099,0,0.0,ITC,336,0.0,,,-0.3388221263885498,0.11886215209960938,,,,,
61,0.0009066403581945076,0.03397602620828545,0.04714879529975142,tumor_099,0,0.0,ITC,336,0.0,,,-0.3388221263885498,0.11886215209960938,,,,,
62,0.0012429617062564887,0.03978175457414181,0.05985448244247338,tumor_099,0,0.0,ITC,336,0.0,,,-0.3388221263885498,0.11886215209960938,,,,,
63,0.0029584541329725723,0.06137443110437651,0.0806807224966336,tumor_099,0,0.0,ITC,336,0.0,,,-0.3388221263885498,0.11886215209960938,,,,,
64,0.0066147279816966475,0.09177218120957124,0.12981048600629394,tumor_099,0,0.0,ITC,336,0.0,,,-0.3388221263885498,0.11886215209960938,,,,,
65,0.004398787207100349,0.07483789027595117,0.12116481575694553,tumor_099,0,0.0,ITC,336,0.0,,,-0.3388221263885498,0.11886215209960938,,,,,
66,0.0014011411423928432,0.04223728578223238,0.05339122130744851,tumor_099,0,0.0,ITC,336,0.0,,,-0.3388221263885498,0.11886215209960938,,,,,
67,0.0013171629252059383,0.04095197093219378,0.05057907632983839,tumor_099,0,0.0,ITC,336,0.0,,,-0.3388221263885498,0.11886215209960938,,,,,
68,0.00191463471339069,0.049373967136657156,0.05579791907071431,tumor_099,1,0.1236896812915802,ITC,336,0.002976190476190476,0.9666666666666667,-0.0707402229309082,-0.3388221263885498,0.11886215209960938,2.255401611328125,1.0,0.4372304644435984,False,1.0
69,0.0006678486210289049,0.029160440226286864,0.034115750000509766,tumor_099,0,0.0,ITC,336,0.0,,,-0.3388221263885498,0.11886215209960938,,,,,
70,0.0012197175732370034,0.03940802770570686,0.04478661956209161,tumor_099,0,0.0,ITC,336,0.0,,,-0.3388221263885498,0.11886215209960938,,,,,
71,0.0013910301632285328,0.04208461252930786,0.06122662990048246,tumor_099,0,0.0,ITC,336,0.0,,,-0.3388221263885498,0.11886215209960938,,,,,
72,0.0005511383642636204,0.026490208757219982,0.03356523771869656,tumor_099,0,0.0,ITC,336,0.0,,,-0.3388221263885498,0.11886215209960938,,,,,
73,0.001581971085674303,0.04488015312928579,0.07963153812573272,tumor_099,0,0.0,ITC,336,0.0,,,-0.3388221263885498,0.11886215209960938,,,,,
74,0.00211069829280015,0.05184037551366838,0.06528275519230965,tumor_099,0,0.0,ITC,336,0.0,,,-0.3388221263885498,0.11886215209960938,,,,,
75,0.0024337387171908015,0.05566625886729191,0.06631056768062976,tumor_099,0,0.0,ITC,336,0.0,,,-0.3388221263885498,0.11886215209960938,,,,,
76,0.0018803832896278152,0.048930341952752865,0.06809351001923705,tumor_099,0,0.0,ITC,336,0.0,,,-0.3388221263885498,0.11886215209960938,,,,,
77,0.004019580812111813,0.07153942439829553,0.10737116138871262,tumor_099,0,0.0,ITC,336,0.0,,,-0.3388221263885498,0.11886215209960938,,,,,
78,0.009996036639623005,0.11281555362710233,0.1754682600809114,tumor_099,1,0.53125,ITC,336,0.002976190476190476,1.0,0.01882166415452957,-0.3388221263885498,0.11886215209960938,3.0088953971862793,1.0,0.778174188377212,False,1.0
79,0.001011296741769041,0.03588346420124689,0.05014262209047003,tumor_099,1,0.06533202528953552,ITC,336,0.002976190476190476,0.97,-0.04469960182905197,-0.3388221263885498,0.11886215209960938,2.4744842052459717,1.0,0.526298356145778,False,1.0
80,0.01952863936646519,0.15768524311505916,0.2922690802398836,tumor_099,1,0.265625,micro,336,0.002976190476190476,1.0,0.18139289319515228,-0.3388221263885498,0.11886215209960938,4.376624584197998,1.0,1.6464222725225919,True,1.0
81,0.014542774109399288,0.13607510825363273,0.21323888915255448,tumor_099,1,0.6875,micro,336,0.002976190476190476,1.0,0.1376369446516037,-0.3388221263885498,0.11886215209960938,4.008501052856445,1.0,1.3811048344186077,True,1.0
82,0.005783830139632496,0.08581492442350101,0.12342281573895686,tumor_099,0,0.0,ITC,336,0.0,,,-0.3388221263885498,0.11886215209960938,,,,,
83,0.0004351272812302008,0.023537656243886942,0.03155362140842109,tumor_099,0,0.0,ITC,336,0.0,,,-0.3388221263885498,0.11886215209960938,,,,,
84,0.006187660689785546,0.08876020662232716,0.11041355534647909,tumor_099,0,0.0,ITC,336,0.0,,,-0.3388221263885498,0.11886215209960938,,,,,
85,0.0023665233024807186,0.054892176603371305,0.09092636983158232,tumor_099,0,0.0,ITC,336,0.0,,,-0.3388221263885498,0.11886215209960938,,,,,
86,0.001862404659334448,0.04869586492263628,0.057612838217324436,tumor_099,0,0.0,ITC,336,0.0,,,-0.3388221263885498,0.11886215209960938,,,,,
87,0.00259039189478298,0.057429865025082,0.0663255348341041,tumor_099,0,0.0,ITC,336,0.0,,,-0.3388221263885498,0.11886215209960938,,,,,
88,0.0003998178383645754,0.022562444071871045,0.033485231214103725,tumor_099,0,0.0,ITC,336,0.0,,,-0.3388221263885498,0.11886215209960938,,,,,
89,0.0008501437347984867,0.03290040458496333,0.045767831918599004,tumor_099,0,0.0,ITC,336,0.0,,,-0.3388221263885498,0.11886215209960938,,,,,
90,0.001813918536096096,0.04805780697332813,0.0898447653299181,tumor_099,0,0.0,ITC,336,0.0,,,-0.3388221263885498,0.11886215209960938,,,,,
91,0.004541952757084614,0.07604599832100983,0.08586691681683173,tumor_099,0,0.0,ITC,336,0.0,,,-0.3388221263885498,0.11886215209960938,,,,,
0,0.012438024700945564,0.12584349370403158,0.1498643660943533,tumor_100,0,0.0,ITC,307,0.0,,,-0.35202351212501526,0.10898283123970032,,,,,
1,0.3167381978714696,0.6350461391569167,0.880331027923,tumor_100,7,0.953125,micro,307,0.02280130293159609,0.9995238095238095,0.27416208386421204,-0.35202351212501526,0.10898283123970032,5.745727062225342,0.6602126973123822,2.8823343075165275,True,0.9995238095238095
0,2.5213635768268983,1.7917309543206819,3.235001716384958,tumor_101,50,1.0,macro,527,0.09487666034155598,0.9874,0.245864138007164,-0.2734145522117615,0.11836051940917969,4.38726282119751,0.3757941883097013,1.5356198443930247,True,0.9894666666666667
1,0.11048547586807644,0.375065963523908,1.1335124498371523,tumor_101,4,0.3203125,micro,527,0.007590132827324478,0.9375,-0.03284168988466263,-0.2734145522117615,0.11836051940917969,2.032543182373047,0.7788016594677923,0.32959147838125763,True,0.9941666666666666
2,0.059148856572666435,0.27442788344879837,0.7439233369111363,tumor_101,3,0.25,micro,527,0.0056925996204933585,0.9977777777777778,0.05687897279858589,-0.2734145522117615,0.11836051940917969,2.790571928024292,0.8247044625173511,0.6212735355412905,True,0.9933333333333333
3,3.0116864082125843,1.9582130198927972,3.0165030336407295,tumor_101,56,1.0,macro,527,0.1062618595825427,0.9830952380952381,0.18376930058002472,-0.2734145522117615,0.11836051940917969,3.862637996673584,0.35771136417965504,1.1903219130923626,True,0.9863095238095239
4,2.4823746146568375,1.7778238169818168,3.198306372008995,tumor_101,50,1.0,macro,527,0.09487666034155598,0.9893333333333333,0.23308949172496796,-0.2734145522117615,0.11836051940917969,4.279332637786865,0.3757941883097013,1.4609942416068058,True,0.9887333333333334
5,0.1094969408461117,0.3733842994995857,1.0971069343904551,tumor_101,4,0.6171875,micro,527,0.007590132827324478,0.9733333333333334,-0.019073408097028732,-0.2734145522117615,0.11836051940917969,2.1488680839538574,0.7788016594677923,0.3683968628792514,True,1.0
6,0.06656261053717008,0.29111878664340846,0.7316321043346509,tumor_101,3,0.421875,micro,527,0.0056925996204933585,0.9988888888888889,0.0870198979973793,-0.2734145522117615,0.11836051940917969,3.045225143432617,0.8247044625173511,0.7398356014275391,True,0.9977777777777778
7,2.980379653754644,1.948008530136484,2.9980925829688463,tumor_101,57,1.0,macro,527,0.10815939278937381,0.9738011695906432,0.16784855723381042,-0.2734145522117615,0.11836051940917969,3.7281274795532227,0.3548872041799371,1.1088630718092085,True,0.9835672514619883
0,0.6627310777598829,0.9185942606661752,2.0559277945543832,tumor_102,19,0.578125,macro,731,0.025991792065663474,0.9750877192982456,0.2240385264158249,-0.2630678117275238,0.135075181722641,3.606186628341675,0.5534949397488695,0.9860302267825765,True,0.9970175438596491
1,0.016104806637323422,0.14319663638142308,0.24680215178204992,tumor_102,0,0.0,micro,731,0.0,,,-0.2630678117275238,0.135075181722641,,,,,
2,0.0073015077015048235,0.09641871364908518,0.12075103634554242,tumor_102,0,0.0,ITC,731,0.0,,,-0.2630678117275238,0.135075181722641,,,,,
3,0.017493463500699497,0.1492426530971351,0.20131450998766448,tumor_102,2,0.0625,micro,731,0.0027359781121751026,0.9666666666666667,0.07045915722846985,-0.2630678117275238,0.135075181722641,2.4691951274871826,0.8948887289535761,0.46227951999219874,True,0.9983333333333333
4,0.13996426953366006,0.42214694458236574,0.8332479315633993,tumor_102,6,0.2109375,micro,731,0.008207934336525308,0.9838888888888889,0.18454290926456451,-0.2630678117275238,0.135075181722641,3.3137896060943604,0.7282913059418568,0.8326139709380379,True,0.9966666666666667
5,0.009334575529075538,0.10901903823156821,0.19233539999775942,tumor_102,1,0.375,ITC,731,0.0013679890560875513,1.0,0.3046502470970154,-0.2630678117275238,0.135075181722641,4.202978134155273,1.0,1.3393932079031055,True,1.0
6,0.019476920394158718,0.1574763006153677,0.25260369990828024,tumor_102,1,0.328125,micro,731,0.0013679890560875513,0.9966666666666667,0.15241838991641998,-0.2630678117275238,0.135075181722641,3.075962781906128,1.0,0.7173910988006733,False,1.0
7,0.01217560481105229,0.12450888131574982,0.23321179780086204,tumor_102,1,0.046875,micro,731,0.0013679890560875513,0.9633333333333334,0.029484590515494347,-0.2630678117275238,0.135075181722641,2.165848731994629,1.0,0.3556723246513524,False,1.0
8,0.007859537203610774,0.1000353616025576,0.12584065455770813,tumor_102,0,0.0,ITC,731,0.0,,,-0.2630678117275238,0.135075181722641,,,,,
9,0.007234735522359873,0.09597682721766121,0.1462673414480937,tumor_102,0,0.0,ITC,731,0.0,,,-0.2630678117275238,0.135075181722641,,,,,
10,0.005752649177822571,0.08558329521695177,0.171954362573924,tumor_102,1,0.171875,ITC,731,0.0013679890560875513,0.8833333333333333,-0.11670412868261337,-0.2630678117275238,0.135075181722641,1.0835719108581543,1.0,0.08902445177022185,False,0.9833333333333333
11,0.019491065089207785,0.1575334721276286,0.37074151405645694,tumor_102,1,0.328125,micro,731,0.0013679890560875513,0.9633333333333334,0.02421858161687851,-0.2630678117275238,0.135075181722641,2.1268630027770996,1.0,0.3429832130023634,False,0.9766666666666667
12,8.371834535599536,3.264866121712323,5.4134865492652375,tumor_102,180,0.9921875,macro,731,0.24623803009575923,0.9827222222222223,0.18818128108978271,-0.2630678117275238,0.135075181722641,3.3407254219055176,0.21252179855170103,0.8462046255277779,True,0.9920555555555556
13,0.016283791733644706,0.14399016484992297,0.21505266112501015,tumor_102,1,0.21875,micro,731,0.0013679890560875513,0.9633333333333334,0.052994683384895325,-0.2630678117275238,0.135075181722641,2.3399007320404053,1.0,0.4151343761823342,False,1.0
14,0.0059644303510296825,0.08714441224054253,0.09841418877270453,tumor_102,0,0.0,ITC,731,0.0,,,-0.2630678117275238,0.135075181722641,,,,,
15,0.005352754018468191,0.08255506095663519,0.12418618392174871,tumor_102,0,0.0,ITC,731,0.0,,,-0.2630678117275238,0.135075181722641,,,,,
16,0.0019220523794983091,0.04946951684249163,0.07054798854042744,tumor_102,0,0.0,ITC,731,0.0,,,-0.2630678117275238,0.135075181722641,,,,,
17,0.005144826691500029,0.08093575720549484,0.13397365190341234,tumor_102,1,0.33236730098724365,ITC,731,0.0013679890560875513,1.0,0.20952612161636353,-0.2630678117275238,0.135075181722641,3.4987473487854004,1.0,0.9281517670486918,False,1.0
18,0.012696132022818215,0.12714250806331684,0.18612376055791074,tumor_102,0,0.0,ITC,731,0.0,,,-0.2630678117275238,0.135075181722641,,,,,
19,0.010579878969770085,0.11606343215166087,0.2355829881103168,tumor_102,1,0.21875,micro,731,0.0013679890560875513,0.9633333333333334,0.026321671903133392,-0.2630678117275238,0.135075181722641,2.142432689666748,1.0,0.3480232061402215,False,1.0
20,0.9370058839886294,1.0922604749526788,2.5434131474551265,tumor_102,24,0.7734375,macro,731,0.03283173734610123,0.9779166666666667,0.19876770675182343,-0.2630678117275238,0.135075181722641,3.4190995693206787,0.5180687638490088,0.8863746515351519,True,0.9965277777777778
21,0.05165225629442358,0.25644823120633103,0.46857998168311693,tumor_102,3,0.1875,micro,731,0.004103967168262654,0.9577777777777777,0.06948946416378021,-0.2630678117275238,0.135075181722641,2.4620161056518555,0.8334025769882807,0.4595953333444101,True,0.9933333333333333
22,0.002257006673572998,0.05360699720674819,0.07644339917941745,tumor_102,0,0.0,ITC,731,0.0,,,-0.2630678117275238,0.135075181722641,,,,,
23,0.0031934790902806323,0.06376569503291071,0.08390098821285735,tumor_102,0,0.0,ITC,731,0.0,,,-0.2630678117275238,0.135075181722641,,,,,
24,0.023830871699658692,0.17419072372981148,0.3064007853642254,tumor_102,1,0.65625,micro,731,0.0013679890560875513,1.0,0.2313772737979889,-0.2630678117275238,0.135075181722641,3.660517692565918,1.0,1.0159652453833663,True,1.0
25,0.0077073652972781985,0.09906221420003737,0.20363727744629728,tumor_102,1,0.25,micro,731,0.0013679890560875513,0.94,-0.046415455639362335,-0.2630678117275238,0.135075181722641,1.6039390563964844,1.0,0.19506060033515563,False,0.99
26,0.014022018408025224,0.13361657207884847,0.19158300153262553,tumor_102,1,0.09375,ITC,731,0.0013679890560875513,1.0,0.2130981683731079,-0.2630678117275238,0.135075181722641,3.5251922607421875,1.0,0.9422354657504407,False,1.0
27,0.016277543055855697,0.14396253509106013,0.26894508066494915,tumor_102,1,0.203125,micro,731,0.0013679890560875513,0.9033333333333333,-0.10293588787317276,-0.2630678117275238,0.135075181722641,1.185502290725708,1.0,0.1065610830966329,False,0.7866666666666666
28,0.01680404424425656,0.14627225862502688,0.207288007338753,tumor_102,0,0.0,micro,731,0.0,,,-0.2630678117275238,0.135075181722641,,,,,
29,0.006610037472730179,0.091739637575376,0.12325773015160228,tumor_102,1,0.42702317237854004,ITC,731,0.0013679890560875513,0.9933333333333333,0.14420601725578308,-0.2630678117275238,0.135075181722641,3.0151641368865967,1.0,0.6893118567600444,False,1.0
30,0.16655022281875342,0.46049791517149075,0.8275018598294758,tumor_102,6,0.3203125,micro,731,0.008207934336525308,0.9822222222222222,0.16816271841526031,-0.2630678117275238,0.135075181722641,3.1925225257873535,0.7282913059418568,0.7727904945503979,True,0.9894444444444445
31,0.02621407652630681,0.18269318230850212,0.2698749137159046,tumor_102,1,0.75,micro,731,0.0013679890560875513,0.97,0.06553947925567627,-0.2630678117275238,0.135075181722641,2.4327733516693115,1.0,0.4487424254421034,False,0.9866666666666667
32,0.007770345658169128,0.09946613176474749,0.19300749487733665,tumor_102,1,0.09375,ITC,731,0.0013679890560875513,0.9933333333333333,0.1440960168838501,-0.2630678117275238,0.135075181722641,3.0143496990203857,1.0,0.6889395215696004,False,1.0
33,0.011497311523381943,0.12099103970835677,0.22335726224799424,tumor_102,1,0.3125,micro,731,0.0013679890560875513,0.9833333333333333,0.12269513309001923,-0.2630678117275238,0.135075181722641,2.855912685394287,1.0,0.6184202216299531,False,1.0
34,0.008690172525246712,0.10518874136387003,0.13736691559933725,tumor_102,0,0.0,ITC,731,0.0,,,-0.2630678117275238,0.135075181722641,,,,,
35,0.01535588459621727,0.13982746336930157,0.21836775596612146,tumor_102,1,0.1875,micro,731,0.0013679890560875513,0.9966666666666667,0.1820259839296341,-0.2630678117275238,0.135075181722641,3.2951560020446777,1.0,0.823276637420841,False,1.0
36,0.009320492659282746,0.10893676987230982,0.16439353035265977,tumor_102,1,0.046875,ITC,731,0.0013679890560875513,0.9466666666666667,-0.024871543049812317,-0.2630678117275238,0.135075181722641,1.7634347677230835,1.0,0.2357830760078366,False,0.9933333333333333
37,0.013763432504621545,0.13237879942112132,0.22159814730723718,tumor_102,1,0.265625,micro,731,0.0013679890560875513,0.9666666666666667,0.06475818157196045,-0.2630678117275238,0.135075181722641,2.4269890785217285,1.0,0.44661106125784633,False,1.0
38,8.167074111246313,3.224692500568324,5.452825609272548,tumor_102,163,1.0,macro,731,0.22298221614227087,0.9838036809815951,0.16282407939434052,-0.2630678117275238,0.135075181722641,3.152998685836792,0.2275658431341304,0.7537744466257473,True,0.9917382413087935
39,0.0020644107316190414,0.051268795383478755,0.09017392598915094,tumor_102,0,0.0,ITC,731,0.0,,,-0.2630678117275238,0.135075181722641,,,,,
40,0.16338940403122212,0.4561072794894451,0.720949206394404,tumor_102,5,0.359375,micro,731,0.006839945280437756,0.99,0.22379326820373535,-0.2630678117275238,0.135075181722641,3.6043710708618164,0.7559391866679877,0.9850376303943879,True,1.0
41,0.0012350087010710678,0.03965427992405979,0.059842163162148174,tumor_102,1,0.0797843188047409,ITC,731,0.0013679890560875513,0.99,0.13574044406414032,-0.2630678117275238,0.135075181722641,2.95249080657959,1.0,0.6609535492537776,False,1.0
42,0.001381921208612011,0.0419465937891627,0.0900286634214169,tumor_102,0,0.0,ITC,731,0.0,,,-0.2630678117275238,0.135075181722641,,,,,
43,0.0006996610194653321,0.029846877188291897,0.04182865802592763,tumor_102,0,0.0,ITC,731,0.0,,,-0.2630678117275238,0.135075181722641,,,,,
44,0.0010249503867991619,0.036124885658840415,0.04089160759992092,tumor_102,1,0.06621408462524414,ITC,731,0.0013679890560875513,0.9966666666666667,0.19419997930526733,-0.2630678117275238,0.135075181722641,3.3852834701538086,1.0,0.8689282407939479,False,1.0
45,0.009885245615266663,0.1121886162976324,0.14111688452077417,tumor_102,1,0.609375,ITC,731,0.0013679890560875513,0.94,-0.05565193295478821,-0.2630678117275238,0.135075181722641,1.535558819770813,1.0,0.17878321577560008,False,1.0
46,0.009692014736407071,0.11108670681296402,0.11671557572161856,tumor_102,0,0.0,ITC,731,0.0,,,-0.2630678117275238,0.135075181722641,,,,,
47,0.007416005651604389,0.09717176369502699,0.10824006287586928,tumor_102,0,0.0,ITC,731,0.0,,,-0.2630678117275238,0.135075181722641,,,,,
48,0.0030687897983650817,0.0625084356367864,0.08004486145301958,tumor_102,0,0.0,ITC,731,0.0,,,-0.2630678117275238,0.135075181722641,,,,,
49,0.002829804105009533,0.060025148815742495,0.08691124986464491,tumor_102,0,0.0,ITC,731,0.0,,,-0.2630678117275238,0.135075181722641,,,,,
50,0.006128382407733627,0.0883340185137399,0.17819115690162754,tumor_102,0,0.0,ITC,731,0.0,,,-0.2630678117275238,0.135075181722641,,,,,
51,0.0035980503255602877,0.06768441444269563,0.13126021652922099,tumor_102,1,0.23244208097457886,ITC,731,0.0013679890560875513,0.9433333333333334,-0.03367876261472702,-0.2630678117275238,0.135075181722641,1.6982322931289673,1.0,0.21866940396056864,False,1.0
52,0.0004747480670159397,0.024585931194715274,0.029210021254065445,tumor_102,0,0.0,ITC,731,0.0,,,-0.2630678117275238,0.135075181722641,,,,,
0,0.061500878856896896,0.2798309328801371,1.0790589235717245,tumor_103,4,0.171875,micro,315,0.012698412698412698,0.9433333333333334,-0.1369585245847702,-0.3195299804210663,0.08906744420528412,2.049811363220215,0.7590131497404442,0.36520413461867063,True,1.0
1,0.05988412695075293,0.27612830085965356,0.6174695901477907,tumor_103,3,0.265625,micro,315,0.009523809523809525,0.9277777777777778,-0.13512714207172394,-0.3195299804210663,0.08906744420528412,2.070373058319092,0.8090224395858497,0.3725676205879785,True,1.0
2,0.0006877591206829977,0.029591926427758566,0.03893646470054015,tumor_103,0,0.0,ITC,315,0.0,,,-0.3195299804210663,0.08906744420528412,,,,,
3,0.0012619014108107643,0.04008369715734013,0.059993160265733654,tumor_103,0,0.0,ITC,315,0.0,,,-0.3195299804210663,0.08906744420528412,,,,,
4,0.044291215308518095,0.23747279173662117,0.51809075253883,tumor_103,3,0.078125,micro,315,0.009523809523809525,0.7122222222222222,-0.11998945474624634,-0.3195299804210663,0.08906744420528412,2.240330696105957,0.8090224395858497,0.4362466971767982,True,0.9566666666666667
5,0.009928680658045808,0.11243482041107666,0.23634723283391748,tumor_103,1,0.140625,micro,315,0.0031746031746031746,0.9733333333333334,-0.13250865042209625,-0.3195299804210663,0.08906744420528412,2.0997719764709473,1.0,0.3832235271063694,False,1.0
6,0.06185851025076618,0.28064337054290256,1.059175427542748,tumor_103,4,0.2578125,micro,315,0.012698412698412698,0.9375,-0.12871290743350983,-0.3195299804210663,0.08906744420528412,2.1423885822296143,0.7590131497404442,0.3989370604631612,True,1.0
0,5.0194365142218045,2.5280318554549157,3.007088499182636,tumor_104,93,1.0,macro,423,0.2198581560283688,0.9956272401433692,0.17077510058879852,-0.3399384617805481,0.0948505699634552,5.384401798248291,0.2504844486240823,2.3970562639946267,True,0.999426523297491
1,0.1158796248966807,0.3841126408327786,0.6653802090978428,tumor_104,5,0.203125,micro,423,0.01182033096926714,0.9926666666666667,0.029741793870925903,-0.3399384617805481,0.0948505699634552,3.8975017070770264,0.733861607193503,1.2559603664962464,True,0.9993333333333333
2,0.011714302319977662,0.12212744553448425,0.17272886769629528,tumor_104,1,0.484375,ITC,423,0.002364066193853428,1.0,0.09250079095363617,-0.3399384617805481,0.0948505699634552,4.559163570404053,1.0,1.7185954366858198,True,1.0
3,0.0021180103702229864,0.051930093005184086,0.05923166730127846,tumor_104,0,0.0,ITC,423,0.0,,,-0.3399384617805481,0.0948505699634552,,,,,
4,0.009653400882159852,0.11086519627163084,0.1493697566979032,tumor_104,1,0.015625,ITC,423,0.002364066193853428,0.9566666666666667,-0.15284785628318787,-0.3399384617805481,0.0948505699634552,1.9724774360656738,1.0,0.3216824697237177,False,0.9933333333333333
5,0.0010471008948631296,0.03651315196839781,0.04089159327599439,tumor_104,0,0.0,ITC,423,0.0,,,-0.3399384617805481,0.0948505699634552,,,,,
6,0.00094889508586732,0.03475875065549882,0.043597157835551244,tumor_104,0,0.0,ITC,423,0.0,,,-0.3399384617805481,0.0948505699634552,,,,,
7,0.007162857786863617,0.09549886799092933,0.17885017726677344,tumor_104,1,0.140625,ITC,423,0.002364066193853428,0.97,-0.13477498292922974,-0.3399384617805481,0.0948505699634552,2.163017988204956,1.0,0.3868330473779504,False,0.9933333333333333
8,0.005348526860817444,0.08252245697548632,0.14656257433740608,tumor_104,0,0.0,ITC,423,0.0,,,-0.3399384617805481,0.0948505699634552,,,,,
9,0.009486255209675606,0.10990120683781836,0.22898495117067064,tumor_104,1,0.203125,micro,423,0.002364066193853428,0.9966666666666667,-0.00993286818265915,-0.3399384617805481,0.0948505699634552,3.479215621948242,1.0,1.0008430923063965,True,1.0
10,0.00207056315339312,0.05134513498640021,0.062110883162611256,tumor_104,0,0.0,ITC,423,0.0,,,-0.3399384617805481,0.0948505699634552,,,,,
11,0.5530664811611294,0.8391579795734978,1.842036271807982,tumor_104,17,0.375,micro,423,0.04018912529550828,0.9723529411764706,0.05464823171496391,-0.3399384617805481,0.0948505699634552,4.160087585449219,0.5314967790682534,1.4308966114715025,True,0.9982352941176471
12,0.05467117852931836,0.26383613562361796,0.4795363165775308,tumor_104,4,0.2421875,micro,423,0.009456264775413711,0.9266666666666666,-0.10438679903745651,-0.3399384617805481,0.0948505699634552,2.4833972454071045,0.7707608660298263,0.5099125451435523,True,0.9966666666666667
13,0.0028096221254470368,0.059810718068603934,0.10796255542933224,tumor_104,0,0.0,ITC,423,0.0,,,-0.3399384617805481,0.0948505699634552,,,,,
14,0.0011464213508747521,0.03820561475571935,0.04770063123367355,tumor_104,0,0.0,ITC,423,0.0,,,-0.3399384617805481,0.0948505699634552,,,,,
0,0.5635755236596586,0.8470930546098845,1.7599540690347915,tumor_105,13,0.8125,micro,461,0.028199566160520606,0.98,0.03516001254320145,-0.3890773355960846,0.09733658283948898,4.358457088470459,0.5818061473459568,1.5485826990903457,True,0.9758974358974359
1,0.000266448076691906,0.01841880093444636,0.024548021199263997,tumor_105,0,0.0,ITC,461,0.0,,,-0.3890773355960846,0.09733658283948898,,,,,
2,6.700051501719475e-05,0.009236217041490228,0.013502856290476938,tumor_105,0,0.0,ITC,461,0.0,,,-0.3890773355960846,0.09733658283948898,,,,,
3,0.0007270609655301362,0.030425692642013894,0.04895208540868281,tumor_105,0,0.0,ITC,461,0.0,,,-0.3890773355960846,0.09733658283948898,,,,,
4,0.0004950898088080559,0.02510712892327173,0.037657656039887785,tumor_105,0,0.0,ITC,461,0.0,,,-0.3890773355960846,0.09733658283948898,,,,,
5,0.0008355412199976196,0.03261662340827499,0.05092740975673044,tumor_105,1,0.05397782847285271,ITC,461,0.0021691973969631237,1.0,-0.03848063945770264,-0.3890773355960846,0.09733658283948898,3.601900577545166,1.0,1.057626431512468,True,1.0
6,0.00021064415716804506,0.016376827249921264,0.02353282688592887,tumor_105,0,0.0,ITC,461,0.0,,,-0.3890773355960846,0.09733658283948898,,,,,
7,5.564769130517006e-05,0.008417412972104767,0.009940985280508024,tumor_105,0,0.0,ITC,461,0.0,,,-0.3890773355960846,0.09733658283948898,,,,,
8,0.00011891889066357423,0.012304967867040524,0.0234476734026767,tumor_105,0,0.0,ITC,461,0.0,,,-0.3890773355960846,0.09733658283948898,,,,,
9,2.306195957917582,1.7135751782542412,4.039524655710753,tumor_105,52,0.8046875,macro,461,0.11279826464208242,0.9791666666666666,0.029831422492861748,-0.3890773355960846,0.09733658283948898,4.303713321685791,0.35578227747779867,1.5099255115526722,True,0.9926282051282052
10,0.0021505895462588655,0.05232796245594546,0.08937155286129152,tumor_105,0,0.0,ITC,461,0.0,,,-0.3890773355960846,0.09733658283948898,,,,,
11,0.0005048672560894775,0.025353835120057424,0.027777367308467457,tumor_105,0,0.0,ITC,461,0.0,,,-0.3890773355960846,0.09733658283948898,,,,,
12,0.0004169022384826813,0.023039453472787918,0.0295693906751242,tumor_105,0,0.0,ITC,461,0.0,,,-0.3890773355960846,0.09733658283948898,,,,,
13,0.0012162159112685395,0.039351419201386066,0.04832856173824275,tumor_105,0,0.0,ITC,461,0.0,,,-0.3890773355960846,0.09733658283948898,,,,,
14,0.000882781703945755,0.03352599849120715,0.05726624419661328,tumor_105,0,0.0,ITC,461,0.0,,,-0.3890773355960846,0.09733658283948898,,,,,
15,0.0010583079951358109,0.03670803168131332,0.06280294302031567,tumor_105,0,0.0,ITC,461,0.0,,,-0.3890773355960846,0.09733658283948898,,,,,
16,0.00022236260313194276,0.016826195635907735,0.024832110371178363,tumor_105,1,0.0143651207908988,ITC,461,0.0021691973969631237,0.91,-0.22164376080036163,-0.3890773355960846,0.09733658283948898,1.7201505899429321,1.0,0.2412136006287432,False,1.0
17,0.00017976538336397552,0.015128925767333587,0.020533014317504934,tumor_105,0,0.0,ITC,461,0.0,,,-0.3890773355960846,0.09733658283948898,,,,,
18,0.00011917767018500519,0.012318349017987491,0.015021855607339069,tumor_105,0,0.0,ITC,461,0.0,,,-0.3890773355960846,0.09733658283948898,,,,,
19,0.004510595165683262,0.07578303329399783,0.08229279891438966,tumor_105,1,0.29139453172683716,ITC,461,0.0021691973969631237,0.98,-0.11995716392993927,-0.3890773355960846,0.09733658283948898,2.764840841293335,1.0,0.6231737141544438,False,0.98
20,0.002737724053451214,0.059040482106997805,0.0827124123913797,tumor_105,0,0.0,ITC,461,0.0,,,-0.3890773355960846,0.09733658283948898,,,,,
21,0.0009725076733142739,0.03518856671167665,0.046027978276804646,tumor_105,0,0.0,ITC,461,0.0,,,-0.3890773355960846,0.09733658283948898,,,,,
22,0.0009180551265474587,0.03418923940901682,0.041234136931110485,tumor_105,0,0.0,ITC,461,0.0,,,-0.3890773355960846,0.09733658283948898,,,,,
23,0.0008766039920537882,0.033408484966481064,0.03774117442968066,tumor_105,0,0.0,ITC,461,0.0,,,-0.3890773355960846,0.09733658283948898,,,,,
24,0.001579855076076067,0.044850127734607705,0.08777312795482305,tumor_105,0,0.0,ITC,461,0.0,,,-0.3890773355960846,0.09733658283948898,,,,,
25,0.0004052957785877781,0.022716483280036677,0.02761793470781858,tumor_105,0,0.0,ITC,461,0.0,,,-0.3890773355960846,0.09733658283948898,,,,,
26,0.0030650733230886615,0.06247057357243729,0.09064289904373841,tumor_105,0,0.0,ITC,461,0.0,,,-0.3890773355960846,0.09733658283948898,,,,,
27,0.005425747531474068,0.08311604127256048,0.24112692538131023,tumor_105,0,0.0,micro,461,0.0,,,-0.3890773355960846,0.09733658283948898,,,,,
28,0.0009234630722817479,0.03428979005085548,0.059384937683363975,tumor_105,0,0.0,ITC,461,0.0,,,-0.3890773355960846,0.09733658283948898,,,,,
29,0.006319280475594703,0.08969926307278117,0.12280680639718981,tumor_105,0,0.0,ITC,461,0.0,,,-0.3890773355960846,0.09733658283948898,,,,,
30,0.0003216861914701939,0.020238171359465706,0.023321917429742326,tumor_105,0,0.0,ITC,461,0.0,,,-0.3890773355960846,0.09733658283948898,,,,,
31,0.0010565756603254852,0.03667797585378826,0.06730900754876923,tumor_105,0,0.0,ITC,461,0.0,,,-0.3890773355960846,0.09733658283948898,,,,,
32,0.0010383314952540895,0.036359932897373416,0.05904449982851916,tumor_105,0,0.0,ITC,461,0.0,,,-0.3890773355960846,0.09733658283948898,,,,,
33,0.0068273855686655505,0.09323570825160897,0.14880338347619088,tumor_105,1,0.09375,ITC,461,0.0021691973969631237,1.0,0.031674012541770935,-0.3890773355960846,0.09733658283948898,4.322643280029297,1.0,1.5232375915760086,True,1.0
34,0.001655679761395649,0.04591379907638464,0.05590219667786625,tumor_105,0,0.0,ITC,461,0.0,,,-0.3890773355960846,0.09733658283948898,,,,,
35,0.0004870487565413704,0.02490240424221247,0.03686318810141087,tumor_105,0,0.0,ITC,461,0.0,,,-0.3890773355960846,0.09733658283948898,,,,,
36,0.0008925499378856621,0.033710975609835714,0.06556971706285471,tumor_105,0,0.0,ITC,461,0.0,,,-0.3890773355960846,0.09733658283948898,,,,,
37,0.005857763119403687,0.08636165611726061,0.21352536787752713,tumor_105,1,0.046875,micro,461,0.0021691973969631237,0.9866666666666667,-0.10881087929010391,-0.3890773355960846,0.09733658283948898,2.8793537616729736,1.0,0.6758633653596737,False,0.9866666666666667
38,0.0008970503617094994,0.0337958576477579,0.05497365814939054,tumor_105,0,0.0,ITC,461,0.0,,,-0.3890773355960846,0.09733658283948898,,,,,
39,0.00032602660601702214,0.020374247652776373,0.023302735075927873,tumor_105,1,0.02106204628944397,ITC,461,0.0021691973969631237,1.0,0.0638212114572525,-0.3890773355960846,0.09733658283948898,4.652912139892578,1.0,1.7648937203969726,True,1.0
40,0.0011819648677345162,0.038793355231112096,0.06363218293023332,tumor_105,0,0.0,ITC,461,0.0,,,-0.3890773355960846,0.09733658283948898,,,,,
41,0.000894472096769165,0.033747255373862306,0.037222269615527555,tumor_105,1,0.05778489634394646,ITC,461,0.0021691973969631237,1.0,-0.02118431031703949,-0.3890773355960846,0.09733658283948898,3.7795968055725098,1.0,1.1645544535467975,True,0.9966666666666667
42,0.0009243901047977601,0.034306996898451916,0.046703321210898444,tumor_105,0,0.0,ITC,461,0.0,,,-0.3890773355960846,0.09733658283948898,,,,,
43,0.0003238713480389471,0.02030679215754848,0.023312661665564748,tumor_105,0,0.0,ITC,461,0.0,,,-0.3890773355960846,0.09733658283948898,,,,,
44,0.0005041830605699415,0.025336649551652508,0.03354993166472351,tumor_105,0,0.0,ITC,461,0.0,,,-0.3890773355960846,0.09733658283948898,,,,,
45,0.000215818884535738,0.01657676501285862,0.022638440491082306,tumor_105,0,0.0,ITC,461,0.0,,,-0.3890773355960846,0.09733658283948898,,,,,
46,0.00041666574649884796,0.02303291786506716,0.03958991742901326,tumor_105,1,0.026917537674307823,ITC,461,0.0021691973969631237,0.8966666666666666,-0.23224398493766785,-0.3890773355960846,0.09733658283948898,1.6112477779388428,1.0,0.21163793575057532,False,1.0
47,0.000754402328870842,0.030992497120410568,0.053974699247977584,tumor_105,0,0.0,ITC,461,0.0,,,-0.3890773355960846,0.09733658283948898,,,,,
48,0.0004196629251409979,0.023115610131440416,0.03384008647401013,tumor_105,0,0.0,ITC,461,0.0,,,-0.3890773355960846,0.09733658283948898,,,,,
49,0.23303169373542407,0.5447064967857049,0.7815756258048698,tumor_105,7,0.578125,micro,461,0.015184381778741865,0.9638095238095238,-0.03269871696829796,-0.3890773355960846,0.09733658283948898,3.661301851272583,0.6827353882115593,1.0927980829027184,True,0.9204761904761904
50,0.00036547206305352403,0.021571589722959448,0.025164758263314317,tumor_105,0,0.0,ITC,461,0.0,,,-0.3890773355960846,0.09733658283948898,,,,,
51,0.0005488498803918944,0.026435154091439,0.036587682061083066,tumor_105,0,0.0,ITC,461,0.0,,,-0.3890773355960846,0.09733658283948898,,,,,
52,0.00014895271824736406,0.013771437512777625,0.015445340761724822,tumor_105,0,0.0,ITC,461,0.0,,,-0.3890773355960846,0.09733658283948898,,,,,
53,0.0003687661066665516,0.021668585319902144,0.027742200124412038,tumor_105,1,0.02382311411201954,ITC,461,0.0021691973969631237,1.0,-0.022626318037509918,-0.3890773355960846,0.09733658283948898,3.764782190322876,1.0,1.1554431035791213,True,1.0
54,0.0001960589942504654,0.015799685584868342,0.022347405132493156,tumor_105,0,0.0,ITC,461,0.0,,,-0.3890773355960846,0.09733658283948898,,,,,
55,0.00040907862745042994,0.022822249787781017,0.03995955247120846,tumor_105,0,0.0,ITC,461,0.0,,,-0.3890773355960846,0.09733658283948898,,,,,
56,0.1637968179947992,0.4566755806617718,0.8763284398013323,tumor_105,5,0.71875,micro,461,0.010845986984815618,0.9986666666666667,0.07978862524032593,-0.3890773355960846,0.09733658283948898,4.816955089569092,0.7375944132189791,1.8915335489614704,True,1.0
57,0.000701627296721426,0.029888787527287745,0.042155920989314435,tumor_105,0,0.0,ITC,461,0.0,,,-0.3890773355960846,0.09733658283948898,,,,,
58,0.0008242522032989231,0.03239553210051157,0.058628849535489205,tumor_105,1,0.053248532116413116,ITC,461,0.0021691973969631237,1.0,-0.04242023825645447,-0.3890773355960846,0.09733658283948898,3.5614266395568848,1.0,1.033991241072985,True,1.0
59,0.0015936384343880454,0.045045349090363285,0.07727630189432316,tumor_105,0,0.0,ITC,461,0.0,,,-0.3890773355960846,0.09733658283948898,,,,,
60,0.0012383390968035593,0.03970771093681826,0.058408159418144326,tumor_105,0,0.0,ITC,461,0.0,,,-0.3890773355960846,0.09733658283948898,,,,,
61,0.0004643525755880842,0.024315263970156122,0.04856290054081057,tumor_105,0,0.0,ITC,461,0.0,,,-0.3890773355960846,0.09733658283948898,,,,,
62,0.0006355586071197939,0.0284467634640871,0.0505131393455284,tumor_105,0,0.0,ITC,461,0.0,,,-0.3890773355960846,0.09733658283948898,,,,,
63,0.0016123058450220624,0.04530840496077668,0.07035798577842824,tumor_105,0,0.0,ITC,461,0.0,,,-0.3890773355960846,0.09733658283948898,,,,,
64,0.0006978324123091564,0.029807848344856273,0.06331149704244986,tumor_105,1,0.04508153349161148,ITC,461,0.0021691973969631237,0.8033333333333333,-0.31783634424209595,-0.3890773355960846,0.09733658283948898,0.7319035530090332,1.0,0.0436693336346326,False,0.9833333333333333
65,0.0007113510974961949,0.030095188112436073,0.05171884543390496,tumor_105,1,0.0459548681974411,ITC,461,0.0021691973969631237,1.0,-0.01799425482749939,-0.3890773355960846,0.09733658283948898,3.8123700618743896,1.0,1.1848379468271923,True,1.0
66,0.0003812793267189932,0.0220331549345213,0.028387037842798425,tumor_105,0,0.0,ITC,461,0.0,,,-0.3890773355960846,0.09733658283948898,,,,,
67,0.0003874771334973922,0.022211510733165036,0.03578141366120345,tumor_105,0,0.0,ITC,461,0.0,,,-0.3890773355960846,0.09733658283948898,,,,,
68,0.00031544825162663985,0.020040987707411178,0.03417058811325964,tumor_105,0,0.0,ITC,461,0.0,,,-0.3890773355960846,0.09733658283948898,,,,,
69,0.0005602582914276996,0.026708482021850367,0.04167478145442991,tumor_105,1,0.03619393706321716,ITC,461,0.0021691973969631237,1.0,-0.029862284660339355,-0.3890773355960846,0.09733658283948898,3.6904423236846924,1.0,1.1102625697018302,True,1.0
70,0.0007105917168176837,0.030079120233369946,0.051238422917339245,tumor_105,1,0.045905813574790955,ITC,461,0.0021691973969631237,0.9933333333333333,-0.06677278876304626,-0.3890773355960846,0.09733658283948898,3.3112375736236572,1.0,0.8938189069186975,False,1.0
71,0.03343386718553906,0.20632334292089116,0.31875959379913715,tumor_105,3,0.03125,micro,461,0.006507592190889371,0.9822222222222222,-0.07347335666418076,-0.3890773355960846,0.09733658283948898,3.242398262023926,0.8208803209955453,0.8570409433625535,True,0.9988888888888889
72,0.0006849837833880672,0.029532159428527945,0.04437199589216733,tumor_105,0,0.0,ITC,461,0.0,,,-0.3890773355960846,0.09733658283948898,,,,,
73,0.0004498319870117841,0.02393206790793887,0.02730527142840965,tumor_105,0,0.0,ITC,461,0.0,,,-0.3890773355960846,0.09733658283948898,,,,,
74,0.0006929337877107596,0.029703041938435523,0.04515011450349048,tumor_105,1,0.04476507008075714,ITC,461,0.0021691973969631237,0.9766666666666667,-0.12260091304779053,-0.3890773355960846,0.09733658283948898,2.737679958343506,1.0,0.6109901478572435,False,0.9966666666666667
75,0.0005122182771797248,0.02553774786549006,0.028841490467462927,tumor_105,0,0.0,ITC,461,0.0,,,-0.3890773355960846,0.09733658283948898,,,,,
76,0.03247357679321316,0.2033387374115249,0.27745962341795366,tumor_105,2,0.140625,micro,461,0.004338394793926247,0.9933333333333333,-0.07912091910839081,-0.3890773355960846,0.09733658283948898,3.184377670288086,0.8869880650659209,0.8266430024550518,True,1.0
77,0.002622653035288948,0.05778637864280468,0.1414290576921947,tumor_105,0,0.0,ITC,461,0.0,,,-0.3890773355960846,0.09733658283948898,,,,,
78,0.004417795163859707,0.07499941001878573,0.0967483374973441,tumor_105,1,0.2853994369506836,ITC,461,0.0021691973969631237,0.9833333333333333,-0.1164667010307312,-0.3890773355960846,0.09733658283948898,2.8007006645202637,1.0,0.639443596947107,False,1.0
79,0.0025204817937548364,0.056649599218296987,0.07348321298674126,tumor_105,0,0.0,ITC,461,0.0,,,-0.3890773355960846,0.09733658283948898,,,,,
80,0.003102760404537798,0.06285345849590136,0.1037558466331485,tumor_105,1,0.2004452496767044,ITC,461,0.0021691973969631237,1.0,0.0066702961921691895,-0.3890773355960846,0.09733658283948898,4.065764427185059,1.0,1.3475760305691022,True,1.0
81,0.004516688601866358,0.07583420428243987,0.13541766590585375,tumor_105,0,0.0,ITC,461,0.0,,,-0.3890773355960846,0.09733658283948898,,,,,
82,0.0031265235019602186,0.06309368716630544,0.08551788339819764,tumor_105,1,0.20198039710521698,ITC,461,0.0021691973969631237,1.0,-0.046769335865974426,-0.3890773355960846,0.09733658283948898,3.5167455673217773,1.0,1.0082094214804027,True,1.0
83,0.0052110915136963235,0.08145531159152224,0.13863013369053734,tumor_105,0,0.0,ITC,461,0.0,,,-0.3890773355960846,0.09733658283948898,,,,,
84,1.466811587608703,1.3666025457385795,1.9061702187630476,tumor_105,32,1.0,micro,461,0.06941431670281996,0.9664583333333333,-0.049295004457235336,-0.3890773355960846,0.09733658283948898,3.490797758102417,0.4349403253296045,0.9933864476549773,True,0.9953125
85,0.00039459677891187146,0.022414643051713156,0.031981175255991895,tumor_105,0,0.0,ITC,461,0.0,,,-0.3890773355960846,0.09733658283948898,,,,,
86,0.00050217698995997,0.025286193902465958,0.03532735898816025,tumor_105,0,0.0,ITC,461,0.0,,,-0.3890773355960846,0.09733658283948898,,,,,
87,0.0003043135103910413,0.019684105146717965,0.028740703346474654,tumor_105,0,0.0,ITC,461,0.0,,,-0.3890773355960846,0.09733658283948898,,,,,
88,0.02288045208412841,0.17068185725181914,0.36825191820434233,tumor_105,1,0.171875,micro,461,0.0021691973969631237,0.9933333333333333,-0.07633617520332336,-0.3890773355960846,0.09733658283948898,3.212986946105957,1.0,0.8415632772794528,False,1.0
89,0.0012144930698186802,0.03932353752270956,0.07960095473045532,tumor_105,1,0.07845896482467651,ITC,461,0.0021691973969631237,0.9733333333333334,-0.13553400337696075,-0.3890773355960846,0.09733658283948898,2.6048102378845215,1.0,0.553122129676178,False,1.0
90,0.00041733266812931443,0.023051343916832247,0.03222332613873567,tumor_105,0,0.0,ITC,461,0.0,,,-0.3890773355960846,0.09733658283948898,,,,,
91,0.00045978208371580485,0.02419530390277617,0.03041847700476582,tumor_105,0,0.0,ITC,461,0.0,,,-0.3890773355960846,0.09733658283948898,,,,,
92,0.0018919463684911324,0.04908055554780318,0.08124160271479719,tumor_105,0,0.0,ITC,461,0.0,,,-0.3890773355960846,0.09733658283948898,,,,,
93,0.002693928386695135,0.05856633975778958,0.10582385523489886,tumor_105,0,0.0,ITC,461,0.0,,,-0.3890773355960846,0.09733658283948898,,,,,
94,0.0009196802672310104,0.03421948691536921,0.04692775251682611,tumor_105,1,0.059413399547338486,ITC,461,0.0021691973969631237,1.0,0.03158605843782425,-0.3890773355960846,0.09733658283948898,4.321739673614502,1.0,1.5226008222163405,True,1.0
95,0.0002485850140070686,0.017790679303004257,0.022674856648505427,tumor_105,0,0.0,ITC,461,0.0,,,-0.3890773355960846,0.09733658283948898,,,,,
96,0.0009342848067561422,0.034490119773743465,0.0389014709583475,tumor_105,0,0.0,ITC,461,0.0,,,-0.3890773355960846,0.09733658283948898,,,,,
97,0.0017558845715435773,0.04728278410245785,0.09475784032322118,tumor_105,1,0.11343406140804291,ITC,461,0.0021691973969631237,1.0,0.037344805896282196,-0.3890773355960846,0.09733658283948898,4.380903244018555,1.0,1.5645742457043712,True,1.0
98,0.001459814530686596,0.04311256879900775,0.08139274505933497,tumor_105,0,0.0,ITC,461,0.0,,,-0.3890773355960846,0.09733658283948898,,,,,
99,0.00041794040636757804,0.023068122002666017,0.02847153150719887,tumor_105,0,0.0,ITC,461,0.0,,,-0.3890773355960846,0.09733658283948898,,,,,
100,0.052132946566552596,0.2576387570846048,0.7822380817467567,tumor_105,1,0.171875,micro,461,0.0021691973969631237,1.0,-0.008184939622879028,-0.3890773355960846,0.09733658283948898,3.913147449493408,1.0,1.248306636397211,True,1.0
101,0.0006984102234621034,0.029820186366943984,0.03842665257647112,tumor_105,0,0.0,ITC,461,0.0,,,-0.3890773355960846,0.09733658283948898,,,,,
102,0.0006657855871307344,0.02911536600919812,0.03656521168528118,tumor_105,0,0.0,ITC,461,0.0,,,-0.3890773355960846,0.09733658283948898,,,,,
103,0.0004976334446535358,0.02517154306981713,0.02902212779964797,tumor_105,0,0.0,ITC,461,0.0,,,-0.3890773355960846,0.09733658283948898,,,,,
104,0.0010108125303788496,0.03587487262684237,0.044885528655715885,tumor_105,1,0.06530074775218964,ITC,461,0.0021691973969631237,1.0,-0.044221967458724976,-0.3890773355960846,0.09733658283948898,3.5429162979125977,1.0,1.0232709344820168,True,1.0
105,0.001047045248241218,0.0365121817368911,0.04681664724252945,tumor_105,0,0.0,ITC,461,0.0,,,-0.3890773355960846,0.09733658283948898,,,,,
106,0.0006693896274631348,0.02919406351506419,0.05205360889295466,tumor_105,0,0.0,ITC,461,0.0,,,-0.3890773355960846,0.09733658283948898,,,,,
107,0.0002542536518105321,0.01799238182894345,0.021382738684334976,tumor_105,0,0.0,ITC,461,0.0,,,-0.3890773355960846,0.09733658283948898,,,,,
108,0.00021224527215513253,0.016438949896237037,0.01846952175703281,tumor_105,0,0.0,ITC,461,0.0,,,-0.3890773355960846,0.09733658283948898,,,,,
109,0.0003108872160182991,0.0198955748192185,0.028183706787631914,tumor_105,0,0.0,ITC,461,0.0,,,-0.3890773355960846,0.09733658283948898,,,,,
110,0.0005886822019264069,0.02737760871176428,0.041301528437809654,tumor_105,0,0.0,ITC,461,0.0,,,-0.3890773355960846,0.09733658283948898,,,,,
111,0.0003886133520807767,0.022244052856467807,0.028331158555238017,tumor_105,0,0.0,ITC,461,0.0,,,-0.3890773355960846,0.09733658283948898,,,,,
112,0.00031958436237519407,0.02017194705661973,0.02389960707788907,tumor_105,0,0.0,ITC,461,0.0,,,-0.3890773355960846,0.09733658283948898,,,,,
113,0.0008629834368730675,0.03314792057246201,0.04743448226125712,tumor_105,0,0.0,ITC,461,0.0,,,-0.3890773355960846,0.09733658283948898,,,,,
114,0.013749748480590152,0.13231297553773627,0.24625216922673082,tumor_105,2,0.1171875,micro,461,0.004338394793926247,0.8866666666666667,-0.24741989374160767,-0.3890773355960846,0.09733658283948898,1.455336093902588,0.8869880650659209,0.17266147830027598,False,1.0
115,0.019219331002772875,0.15643149381146026,0.26410900136879784,tumor_105,1,0.421875,micro,461,0.0021691973969631237,0.93,-0.1984507441520691,-0.3890773355960846,0.09733658283948898,1.9584269523620605,1.0,0.31266812465543453,False,1.0
116,0.0010291682557890688,0.036199139788905974,0.04995518586500184,tumor_105,0,0.0,ITC,461,0.0,,,-0.3890773355960846,0.09733658283948898,,,,,
117,0.0009033324557973533,0.03391398833466684,0.04157541089218274,tumor_105,0,0.0,ITC,461,0.0,,,-0.3890773355960846,0.09733658283948898,,,,,
118,0.0009730599218482347,0.03519855638934755,0.05302688540422229,tumor_105,0,0.0,ITC,461,0.0,,,-0.3890773355960846,0.09733658283948898,,,,,
119,0.010031467980186722,0.11301531632534727,0.2383741376327131,tumor_105,1,0.234375,micro,461,0.0021691973969631237,0.7766666666666666,-0.33857110142707825,-0.3890773355960846,0.09733658283948898,0.5188823342323303,1.0,0.02194858990815207,False,0.98
120,0.000256960667057544,0.0180879098499299,0.02250004561079539,tumor_105,0,0.0,ITC,461,0.0,,,-0.3890773355960846,0.09733658283948898,,,,,
121,0.000886256051747828,0.033591907535092246,0.0647634120634474,tumor_105,0,0.0,ITC,461,0.0,,,-0.3890773355960846,0.09733658283948898,,,,,
122,0.0011764265130775223,0.038702361141475586,0.11164335282263851,tumor_105,0,0.0,ITC,461,0.0,,,-0.3890773355960846,0.09733658283948898,,,,,
123,0.0006475480400799007,0.028713825446036963,0.042264576662425335,tumor_105,0,0.0,ITC,461,0.0,,,-0.3890773355960846,0.09733658283948898,,,,,
124,0.0009494626589417253,0.03476914441878027,0.048414473029630006,tumor_105,1,0.06133740767836571,ITC,461,0.0021691973969631237,0.76,-0.3520679175853729,-0.3890773355960846,0.09733658283948898,0.38022103905677795,1.0,0.011785313583755522,False,0.98
125,0.016645526437217,0.14558070786611557,0.47557145422490515,tumor_105,3,0.078125,micro,461,0.006507592190889371,0.7411111111111112,-0.35133734345436096,-0.3890773355960846,0.09733658283948898,0.38772669434547424,0.8208803209955453,0.012255195933331254,False,0.9666666666666667
126,0.0011146164185122619,0.03767192192151722,0.06615392979276238,tumor_105,1,0.0720067098736763,ITC,461,0.0021691973969631237,0.7166666666666667,-0.3735460340976715,-0.3890773355960846,0.09733658283948898,0.1595628410577774,1.0,0.0020755460568469947,False,0.98
127,0.04483894679693282,0.2389366447536479,0.508558490414523,tumor_105,2,0.171875,micro,461,0.004338394793926247,0.9966666666666667,-0.052742328494787216,-0.3890773355960846,0.09733658283948898,3.455381155014038,0.8869880650659209,0.9733314911836932,True,1.0
128,0.02814365162128299,0.18929767610160295,0.5087559447289044,tumor_105,3,0.109375,micro,461,0.006507592190889371,0.9633333333333334,-0.08657494932413101,-0.3890773355960846,0.09733658283948898,3.107797622680664,0.8208803209955453,0.7873617524765028,True,0.9088888888888889
129,0.0005071135961656923,0.02541017678629996,0.02905821547201308,tumor_105,1,0.03276067227125168,ITC,461,0.0021691973969631237,1.0,0.012847855687141418,-0.3890773355960846,0.09733658283948898,4.129230499267578,1.0,1.3899753771525187,True,1.0
130,0.0002563072450013723,0.018064897451628977,0.024814377495490845,tumor_105,0,0.0,ITC,461,0.0,,,-0.3890773355960846,0.09733658283948898,,,,,
131,0.00039831890893802835,0.022520110707446844,0.03625683380675027,tumor_105,0,0.0,ITC,461,0.0,,,-0.3890773355960846,0.09733658283948898,,,,,
132,0.00017434469624647524,0.014899079222416811,0.021420916947238435,tumor_105,0,0.0,ITC,461,0.0,,,-0.3890773355960846,0.09733658283948898,,,,,
133,0.0005039672505127745,0.025331226433086825,0.04516265947324871,tumor_105,0,0.0,ITC,461,0.0,,,-0.3890773355960846,0.09733658283948898,,,,,
134,0.00038922691949988845,0.02226160609171557,0.02674729688902561,tumor_105,0,0.0,ITC,461,0.0,,,-0.3890773355960846,0.09733658283948898,,,,,
135,0.0006739574302383814,0.02929350186726737,0.0373436522304909,tumor_105,0,0.0,ITC,461,0.0,,,-0.3890773355960846,0.09733658283948898,,,,,
136,0.0005698055238519889,0.026935087261356464,0.04304137684876125,tumor_105,0,0.0,ITC,461,0.0,,,-0.3890773355960846,0.09733658283948898,,,,,
137,0.0008205791512329112,0.032323270641056084,0.03720943058696481,tumor_105,1,0.053011246025562286,ITC,461,0.0021691973969631237,0.96,-0.1491447389125824,-0.3890773355960846,0.09733658283948898,2.4649786949157715,1.0,0.495330640844891,False,0.9833333333333333
138,0.0010241100251747418,0.03611007314049924,0.040395256364122174,tumor_105,0,0.0,ITC,461,0.0,,,-0.3890773355960846,0.09733658283948898,,,,,
139,0.0002821677676893153,0.018954344095000516,0.02290204167011387,tumor_105,1,0.018228668719530106,ITC,461,0.0021691973969631237,0.9433333333333334,-0.1717527210712433,-0.3890773355960846,0.09733658283948898,2.232712507247925,1.0,0.4063820010600312,False,0.97
140,0.0004584203005749407,0.02415944649203276,0.03221338773580794,tumor_105,0,0.0,ITC,461,0.0,,,-0.3890773355960846,0.09733658283948898,,,,,
141,0.00034339084781207657,0.020909777778218255,0.02425652485930332,tumor_105,1,0.022183815017342567,ITC,461,0.0021691973969631237,0.79,-0.331271767616272,-0.3890773355960846,0.09733658283948898,0.5938730239868164,1.0,0.028751204972091726,False,0.9866666666666667
142,0.00029376463888497163,0.019339926449528984,0.02641469464269727,tumor_105,0,0.0,ITC,461,0.0,,,-0.3890773355960846,0.09733658283948898,,,,,
143,0.0007027816549015417,0.02991336481131909,0.039782372011931515,tumor_105,0,0.0,ITC,461,0.0,,,-0.3890773355960846,0.09733658283948898,,,,,
144,0.0008193260734342232,0.0322985813423599,0.04436805834148724,tumor_105,1,0.05293029546737671,ITC,461,0.0021691973969631237,0.9233333333333333,-0.20971164107322693,-0.3890773355960846,0.09733658283948898,1.8427367210388184,1.0,0.2768187063076897,False,0.97
145,0.00035115445676624826,0.021144827752071695,0.036231642252557136,tumor_105,0,0.0,ITC,461,0.0,,,-0.3890773355960846,0.09733658283948898,,,,,
146,0.0011825448373000117,0.03880287167559617,0.0546341952484771,tumor_105,1,0.07639503479003906,ITC,461,0.0021691973969631237,0.7933333333333333,-0.3222675919532776,-0.3890773355960846,0.09733658283948898,0.686378538608551,1.0,0.038405749550230815,False,0.9966666666666667
147,0.0013724755303470568,0.04180299175201743,0.0472947967351598,tumor_105,0,0.0,ITC,461,0.0,,,-0.3890773355960846,0.09733658283948898,,,,,
148,0.0019782996438355207,0.05018813941427669,0.0858785936061413,tumor_105,0,0.0,ITC,461,0.0,,,-0.3890773355960846,0.09733658283948898,,,,,
149,0.0012712012884587031,0.04023112911395741,0.06864672057323877,tumor_105,0,0.0,ITC,461,0.0,,,-0.3890773355960846,0.09733658283948898,,,,,
150,0.000728293322151638,0.030451467254140822,0.034754034595417836,tumor_105,1,0.047049373388290405,ITC,461,0.0021691973969631237,0.82,-0.3060395419597626,-0.3890773355960846,0.09733658283948898,0.853099524974823,1.0,0.05932916748679589,False,0.99
151,0.0016269381872614818,0.0455135368529085,0.0691023245011621,tumor_105,0,0.0,ITC,461,0.0,,,-0.3890773355960846,0.09733658283948898,,,,,
152,0.0007676969524377165,0.03126439057804214,0.039769364736639744,tumor_105,0,0.0,ITC,461,0.0,,,-0.3890773355960846,0.09733658283948898,,,,,
153,0.00021008375511291646,0.016355028117255657,0.024225527006084,tumor_105,1,0.01357187982648611,ITC,461,0.0021691973969631237,0.77,-0.348123162984848,-0.3890773355960846,0.09733658283948898,0.4207479953765869,1.0,0.014431549556412276,False,0.9166666666666666
154,0.0007139969616864081,0.030151105559164688,0.042297708288984166,tumor_105,0,0.0,ITC,461,0.0,,,-0.3890773355960846,0.09733658283948898,,,,,
155,0.0011822345288290215,0.03879778026197443,0.05350681179381445,tumor_105,0,0.0,ITC,461,0.0,,,-0.3890773355960846,0.09733658283948898,,,,,
156,0.0007159255018484574,0.030191797893431634,0.043966329996690263,tumor_105,0,0.0,ITC,461,0.0,,,-0.3890773355960846,0.09733658283948898,,,,,
157,0.0007085969292398329,0.03003687120167577,0.03536417162398947,tumor_105,0,0.0,ITC,461,0.0,,,-0.3890773355960846,0.09733658283948898,,,,,
158,0.0007089388456982403,0.030044117113702962,0.04731158754005483,tumor_105,0,0.0,ITC,461,0.0,,,-0.3890773355960846,0.09733658283948898,,,,,
159,0.0008555825978349352,0.03300547829301494,0.052235939315702265,tumor_105,1,0.05527254566550255,ITC,461,0.0021691973969631237,0.8133333333333334,-0.31057772040367126,-0.3890773355960846,0.09733658283948898,0.8064759969711304,1.0,0.053021467800645566,False,0.97
0,0.00777063695852005,0.0994679961765004,0.1691740913132061,tumor_106,1,0.0625,ITC,440,0.0022727272727272726,0.9966666666666667,0.04520443081855774,-0.3171837031841278,0.10980550199747086,3.3002729415893555,1.0,0.8947104154216038,False,0.9966666666666667
1,0.016199314753064117,0.1436161834237805,0.3379921452049589,tumor_106,1,0.5,micro,440,0.0022727272727272726,1.0,0.13765087723731995,-0.3171837031841278,0.10980550199747086,4.142183780670166,1.0,1.4094234830956793,True,1.0
2,0.0011707487903555146,0.03860885464283417,0.060462982454726553,tumor_106,0,0.0,ITC,440,0.0,,,-0.3171837031841278,0.10980550199747086,,,,,
3,0.006497734328013291,0.09095698047763943,0.1513371144393083,tumor_106,1,0.0625,ITC,440,0.0022727272727272726,1.0,0.07474107295274734,-0.3171837031841278,0.10980550199747086,3.569263458251953,1.0,1.046501817956654,True,0.9866666666666667
4,0.02896520581303528,0.1920407390699935,0.3449316612618758,tumor_106,2,0.34375,micro,440,0.004545454545454545,1.0,0.18314418196678162,-0.3171837031841278,0.10980550199747086,4.556491851806641,0.8861224192353896,1.7054695571189837,True,0.995
5,0.05537523905969019,0.26552955423071223,0.4076664788471394,tumor_106,1,0.8125,micro,440,0.0022727272727272726,1.0,0.17427560687065125,-0.3171837031841278,0.10980550199747086,4.4757256507873535,1.0,1.6455447260554157,True,0.99
6,0.0002172794648529625,0.016632763056981414,0.02558434725472677,tumor_106,1,0.014036738313734531,ITC,440,0.0022727272727272726,0.6766666666666666,-0.25601691007614136,-0.3171837031841278,0.10980550199747086,0.5570467114448547,1.0,0.025489775180897525,False,0.9866666666666667
7,0.014886097660308746,0.1376719586840206,0.32772738040371524,tumor_106,1,0.5,micro,440,0.0022727272727272726,1.0,0.15272141993045807,-0.3171837031841278,0.10980550199747086,4.2794318199157715,1.0,1.5043711590257658,True,1.0
8,2.1185302304604123,1.642375251317157,2.1927661333437625,tumor_106,44,1.0,macro,440,0.1,0.9975757575757576,0.21911703050136566,-0.3171837031841278,0.10980550199747086,4.884097099304199,0.3782931349197638,1.9595274628746226,True,0.9974242424242424
9,0.0016106080787132492,0.04528454368642387,0.05347030344878509,tumor_106,0,0.0,ITC,440,0.0,,,-0.3171837031841278,0.10980550199747086,,,,,
10,0.0012979693025633298,0.04065250107774367,0.05239689294995788,tumor_106,0,0.0,ITC,440,0.0,,,-0.3171837031841278,0.10980550199747086,,,,,
11,0.0004964797354866772,0.025142347392025487,0.028382941593898876,tumor_106,0,0.0,ITC,440,0.0,,,-0.3171837031841278,0.10980550199747086,,,,,
12,0.00015412575305605888,0.014008533244171588,0.01681979776204399,tumor_106,0,0.0,ITC,440,0.0,,,-0.3171837031841278,0.10980550199747086,,,,,
13,0.000923396489772377,0.03428855386638271,0.04500602972489367,tumor_106,1,0.059653475880622864,ITC,440,0.0022727272727272726,0.9866666666666667,-0.08300058543682098,-0.3171837031841278,0.10980550199747086,2.1327083110809326,1.0,0.3736334055573809,False,0.9866666666666667
14,0.00038261866691103745,0.022071819527736816,0.02744515437464411,tumor_106,0,0.0,ITC,440,0.0,,,-0.3171837031841278,0.10980550199747086,,,,,
15,0.005311480023822705,0.08223616240682642,0.16743479156436852,tumor_106,1,0.15625,ITC,440,0.0022727272727272726,0.9933333333333333,-0.015450291335582733,-0.3171837031841278,0.10980550199747086,2.747889757156372,1.0,0.6202708705563774,False,1.0
16,0.00304547029567539,0.06227048428244472,0.09900615901138554,tumor_106,0,0.0,ITC,440,0.0,,,-0.3171837031841278,0.10980550199747086,,,,,
17,0.0013175843035813522,0.040958520955255664,0.05490299616712945,tumor_106,0,0.0,ITC,440,0.0,,,-0.3171837031841278,0.10980550199747086,,,,,
18,0.0011511551296817723,0.03828441240551521,0.05351956566016991,tumor_106,1,0.07436719536781311,ITC,440,0.0022727272727272726,0.9933333333333333,0.03155198693275452,-0.3171837031841278,0.10980550199747086,3.1759400367736816,1.0,0.8285664879780045,False,0.9933333333333333
19,0.0015289048188918371,0.044120993592044584,0.05368373044871999,tumor_106,0,0.0,ITC,440,0.0,,,-0.3171837031841278,0.10980550199747086,,,,,
20,0.0005794854062234574,0.02716291101484938,0.0444952383858981,tumor_106,0,0.0,ITC,440,0.0,,,-0.3171837031841278,0.10980550199747086,,,,,
21,0.00319554027180205,0.06378627000265905,0.07309381363192721,tumor_106,0,0.0,ITC,440,0.0,,,-0.3171837031841278,0.10980550199747086,,,,,
22,0.0012633177769097957,0.04010618594591695,0.04712320980358426,tumor_106,0,0.0,ITC,440,0.0,,,-0.3171837031841278,0.10980550199747086,,,,,
23,0.0007567087378974352,0.031039837128078653,0.047009581741152,tumor_106,0,0.0,ITC,440,0.0,,,-0.3171837031841278,0.10980550199747086,,,,,
24,0.0006172285187187138,0.028033547013729353,0.033564221500669886,tumor_106,0,0.0,ITC,440,0.0,,,-0.3171837031841278,0.10980550199747086,,,,,
25,0.002021217221221178,0.05072961358574027,0.06667383529472444,tumor_106,0,0.0,ITC,440,0.0,,,-0.3171837031841278,0.10980550199747086,,,,,
26,0.0049422733043366545,0.07932652653413201,0.11541689759578723,tumor_106,1,0.3192819058895111,ITC,440,0.0022727272727272726,0.9933333333333333,-0.04230647534132004,-0.3171837031841278,0.10980550199747086,2.503309965133667,1.0,0.5147685812841324,False,0.9933333333333333
27,0.0009169606662372637,0.034168853964099896,0.041479472217062455,tumor_106,0,0.0,ITC,440,0.0,,,-0.3171837031841278,0.10980550199747086,,,,,
28,0.0014324745034403402,0.042706945390710245,0.04976177443200705,tumor_106,0,0.0,ITC,440,0.0,,,-0.3171837031841278,0.10980550199747086,,,,,
29,0.0015611193788294107,0.0445833929527352,0.06346443868861897,tumor_106,0,0.0,ITC,440,0.0,,,-0.3171837031841278,0.10980550199747086,,,,,
30,0.22572144411051875,0.5360946453157692,1.943934345467276,tumor_106,11,0.265625,micro,440,0.025,0.9763636363636363,-0.06336285918951035,-0.3171837031841278,0.10980550199747086,2.311549425125122,0.6060482964489845,0.43892381306403355,True,0.9960606060606061
31,0.001855650175287959,0.048607480744957,0.060038000332185,tumor_106,0,0.0,ITC,440,0.0,,,-0.3171837031841278,0.10980550199747086,,,,,
32,0.0045258845798407605,0.07591136424778798,0.13252035012388694,tumor_106,1,0.15625,ITC,440,0.0022727272727272726,0.9966666666666667,0.0485711544752121,-0.3171837031841278,0.10980550199747086,3.3309335708618164,1.0,0.911411950604797,False,0.9933333333333333
33,0.013881995410190272,0.13294775483657587,0.2808090703545069,tumor_106,1,0.015625,micro,440,0.0022727272727272726,0.9933333333333333,-0.023871079087257385,-0.3171837031841278,0.10980550199747086,2.671201467514038,1.0,0.5861328536195677,False,0.9866666666666667
34,0.0022970260555949537,0.054080166505573235,0.06366425686887521,tumor_106,0,0.0,ITC,440,0.0,,,-0.3171837031841278,0.10980550199747086,,,,,
35,0.0016922378917879637,0.04641792975697751,0.0626178985793998,tumor_106,0,0.0,ITC,440,0.0,,,-0.3171837031841278,0.10980550199747086,,,,,
36,0.0010690043337306583,0.03689306969064975,0.0463316222335292,tumor_106,0,0.0,ITC,440,0.0,,,-0.3171837031841278,0.10980550199747086,,,,,
37,0.004664725139549876,0.07706693527703792,0.135268213419438,tumor_106,1,0.3013516664505005,ITC,440,0.0022727272727272726,0.9933333333333333,0.011874064803123474,-0.3171837031841278,0.10980550199747086,2.9967329502105713,1.0,0.7376984345396768,False,0.9933333333333333
38,0.0019007350221132032,0.04919442035655664,0.06359752599309085,tumor_106,0,0.0,ITC,440,0.0,,,-0.3171837031841278,0.10980550199747086,,,,,
39,0.0046267476749280315,0.07675257717646906,0.10969985555774206,tumor_106,0,0.0,ITC,440,0.0,,,-0.3171837031841278,0.10980550199747086,,,,,
40,0.003446124511990042,0.06624003324838301,0.12549122833510762,tumor_106,0,0.0,ITC,440,0.0,,,-0.3171837031841278,0.10980550199747086,,,,,
41,0.0007873191489010026,0.03166142565817257,0.04114978622810926,tumor_106,0,0.0,ITC,440,0.0,,,-0.3171837031841278,0.10980550199747086,,,,,
42,0.001780019425449028,0.047606628980410556,0.06530248246462436,tumor_106,1,0.11499322950839996,ITC,440,0.0022727272727272726,0.9966666666666667,0.06131730228662491,-0.3171837031841278,0.10980550199747086,3.4470131397247314,1.0,0.9760423309983735,False,1.0
43,0.0006110780396764227,0.027893524786861627,0.03595490194733979,tumor_106,0,0.0,ITC,440,0.0,,,-0.3171837031841278,0.10980550199747086,,,,,
44,0.00494123119509702,0.07931816284607526,0.16084232527877063,tumor_106,0,0.0,ITC,440,0.0,,,-0.3171837031841278,0.10980550199747086,,,,,
45,0.0032031716723633107,0.06386238988503665,0.1460745489254311,tumor_106,1,0.20693203806877136,ITC,440,0.0022727272727272726,0.9933333333333333,-0.03447560593485832,-0.3171837031841278,0.10980550199747086,2.5746259689331055,1.0,0.5445165278251831,False,1.0
46,0.0012184257709431038,0.03938715366574725,0.04955750326459421,tumor_106,0,0.0,ITC,440,0.0,,,-0.3171837031841278,0.10980550199747086,,,,,
47,0.0057534934483369875,0.08558957517593675,0.21516297681050792,tumor_106,1,0.296875,micro,440,0.0022727272727272726,0.9066666666666666,-0.1806369125843048,-0.3171837031841278,0.10980550199747086,1.2435332536697388,1.0,0.12702745069118818,False,0.99
48,0.0011414693268170914,0.03812300992846376,0.06185931789811529,tumor_106,0,0.0,ITC,440,0.0,,,-0.3171837031841278,0.10980550199747086,,,,,
49,0.0021267847257451238,0.05203754813552825,0.0678487157607938,tumor_106,0,0.0,ITC,440,0.0,,,-0.3171837031841278,0.10980550199747086,,,,,
50,0.0006429952807843466,0.02861270729191349,0.039150183132785545,tumor_106,0,0.0,ITC,440,0.0,,,-0.3171837031841278,0.10980550199747086,,,,,
51,0.002056249542563791,0.051167355134263175,0.07034593729805219,tumor_106,0,0.0,ITC,440,0.0,,,-0.3171837031841278,0.10980550199747086,,,,,
52,0.08132725371287755,0.32179042169080374,0.8831739727841602,tumor_106,5,0.1875,micro,440,0.011363636363636364,0.998,0.08683471381664276,-0.3171837031841278,0.10980550199747086,3.6794004440307617,0.7355844458448465,1.112082197462999,True,1.0
53,0.005674139016316572,0.08499728335599284,0.11078970566432964,tumor_106,0,0.0,ITC,440,0.0,,,-0.3171837031841278,0.10980550199747086,,,,,
54,0.0018512429327189142,0.04854972408623161,0.05981725678054051,tumor_106,0,0.0,ITC,440,0.0,,,-0.3171837031841278,0.10980550199747086,,,,,
55,0.0010511192124789742,0.03658314567610489,0.04904181917497196,tumor_106,0,0.0,ITC,440,0.0,,,-0.3171837031841278,0.10980550199747086,,,,,
56,0.0016999405793740848,0.04652345182119539,0.060856099206211794,tumor_106,0,0.0,ITC,440,0.0,,,-0.3171837031841278,0.10980550199747086,,,,,
57,0.0016958594300809087,0.0464675724424146,0.05765048533255821,tumor_106,0,0.0,ITC,440,0.0,,,-0.3171837031841278,0.10980550199747086,,,,,
58,0.001092257663465093,0.037292166069615586,0.04181139969030908,tumor_106,0,0.0,ITC,440,0.0,,,-0.3171837031841278,0.10980550199747086,,,,,
59,0.002358415120872278,0.05479806013716127,0.09579504293830705,tumor_106,0,0.0,ITC,440,0.0,,,-0.3171837031841278,0.10980550199747086,,,,,
60,0.0005072272494948385,0.025413024066885014,0.036345547027091946,tumor_106,0,0.0,ITC,440,0.0,,,-0.3171837031841278,0.10980550199747086,,,,,
61,0.00440755179218545,0.07491241043564713,0.11993333400765475,tumor_106,0,0.0,ITC,440,0.0,,,-0.3171837031841278,0.10980550199747086,,,,,
62,0.01273930039452523,0.1273584745298474,0.189193603729386,tumor_106,1,0.46875,ITC,440,0.0022727272727272726,1.0,0.09361140429973602,-0.3171837031841278,0.10980550199747086,3.7411158084869385,1.0,1.149701452776677,True,1.0
63,0.0037349288303443282,0.06895983674259856,0.16759580309327832,tumor_106,1,0.03125,ITC,440,0.0022727272727272726,1.0,0.0988808199763298,-0.3171837031841278,0.10980550199747086,3.789104461669922,1.0,1.1793859035037817,True,1.0
64,0.00961183444118342,0.11062625234528256,0.21767365600972477,tumor_106,0,0.0,micro,440,0.0,,,-0.3171837031841278,0.10980550199747086,,,,,
65,0.004334578310488047,0.07428967973187603,0.08398121861151242,tumor_106,1,0.2800234258174896,ITC,440,0.0022727272727272726,0.9933333333333333,-0.0005247592926025391,-0.3171837031841278,0.10980550199747086,2.883816719055176,1.0,0.6831531675003268,False,1.0
66,0.015983237336561158,0.14265514301909057,0.297083104177579,tumor_106,0,0.0,micro,440,0.0,,,-0.3171837031841278,0.10980550199747086,,,,,
67,0.021452402745103565,0.1652696206344379,0.3466377793344555,tumor_106,1,0.28125,micro,440,0.0022727272727272726,0.7633333333333333,-0.229167178273201,-0.3171837031841278,0.10980550199747086,0.801567554473877,1.0,0.052779228180107454,False,0.9933333333333333
68,0.0030830820206316834,0.06265382628643082,0.10930236512444662,tumor_106,0,0.0,ITC,440,0.0,,,-0.3171837031841278,0.10980550199747086,,,,,
69,0.0077208931527832265,0.09914911236515711,0.16473874699407753,tumor_106,1,0.109375,ITC,440,0.0022727272727272726,0.8766666666666667,-0.19411303102970123,-0.3171837031841278,0.10980550199747086,1.120806097984314,1.0,0.10319145735134433,False,0.9933333333333333
70,0.05874642073505237,0.27349271652371,0.9830916219697546,tumor_106,2,0.3203125,micro,440,0.004545454545454545,0.8716666666666667,-0.08996404707431793,-0.3171837031841278,0.10980550199747086,2.0692920684814453,0.8861224192353896,0.35174372773710094,False,0.99
71,0.021185126683934637,0.16423684438703054,0.27908374281144654,tumor_106,1,0.296875,micro,440,0.0022727272727272726,0.8666666666666667,-0.19694340229034424,-0.3171837031841278,0.10980550199747086,1.0950298309326172,1.0,0.09849964754984367,False,0.9866666666666667
72,0.0070497367789540185,0.0947417735053453,0.2512042985002446,tumor_106,0,0.0,micro,440,0.0,,,-0.3171837031841278,0.10980550199747086,,,,,
73,0.0016596797848482429,0.0459692281169298,0.05792153945551265,tumor_106,1,0.10721901804208755,ITC,440,0.0022727272727272726,0.9933333333333333,-0.02288450300693512,-0.3171837031841278,0.10980550199747086,2.6801860332489014,1.0,0.590082391341142,False,0.99
74,0.00038549586716046097,0.022154651484522885,0.030592717254231332,tumor_106,0,0.0,ITC,440,0.0,,,-0.3171837031841278,0.10980550199747086,,,,,
75,0.0023270575373548178,0.05443254246711408,0.06772449737845183,tumor_106,0,0.0,ITC,440,0.0,,,-0.3171837031841278,0.10980550199747086,,,,,
76,0.0014769411953082319,0.04336473146596045,0.054705097277857904,tumor_106,0,0.0,ITC,440,0.0,,,-0.3171837031841278,0.10980550199747086,,,,,
77,0.0007579020413358185,0.03106430186024254,0.03984261002621675,tumor_106,0,0.0,ITC,440,0.0,,,-0.3171837031841278,0.10980550199747086,,,,,
78,0.0023946340774573705,0.05521723284074573,0.07370524141920985,tumor_106,0,0.0,ITC,440,0.0,,,-0.3171837031841278,0.10980550199747086,,,,,
79,0.0010584555021367922,0.0367105897754732,0.054176331551095795,tumor_106,0,0.0,ITC,440,0.0,,,-0.3171837031841278,0.10980550199747086,,,,,
80,0.008129253498650488,0.10173734330941847,0.23940939072949893,tumor_106,1,0.03125,micro,440,0.0022727272727272726,1.0,0.1100529208779335,-0.3171837031841278,0.10980550199747086,3.8908488750457764,1.0,1.2435736204849273,True,1.0
81,0.0005941847656421893,0.02750526386884573,0.04536283322088808,tumor_106,0,0.0,ITC,440,0.0,,,-0.3171837031841278,0.10980550199747086,,,,,
82,0.002657378226199695,0.05816768039827301,0.09940570692288277,tumor_106,0,0.0,ITC,440,0.0,,,-0.3171837031841278,0.10980550199747086,,,,,
83,0.00384060515821542,0.06992860904632466,0.11927439184249865,tumor_106,0,0.0,ITC,440,0.0,,,-0.3171837031841278,0.10980550199747086,,,,,
84,0.0008833544301150291,0.0335368721326162,0.05275019597003316,tumor_106,0,0.0,ITC,440,0.0,,,-0.3171837031841278,0.10980550199747086,,,,,
85,0.0009440011602938447,0.03466900067152211,0.04699629720000055,tumor_106,1,0.06098458170890808,ITC,440,0.0022727272727272726,0.9733333333333334,-0.10875559598207474,-0.3171837031841278,0.10980550199747086,1.8981572389602661,1.0,0.2959696280434702,False,0.99
86,0.004029437661730542,0.07162708547721675,0.1580006311112126,tumor_106,0,0.0,ITC,440,0.0,,,-0.3171837031841278,0.10980550199747086,,,,,
87,0.003992278389510215,0.07129604981424997,0.12074756709044654,tumor_106,0,0.0,ITC,440,0.0,,,-0.3171837031841278,0.10980550199747086,,,,,
88,0.0004722937418847592,0.024522297382150338,0.036193592204011436,tumor_106,0,0.0,ITC,440,0.0,,,-0.3171837031841278,0.10980550199747086,,,,,
89,0.0013304674434515419,0.04115827695598052,0.06821108123909678,tumor_106,0,0.0,ITC,440,0.0,,,-0.3171837031841278,0.10980550199747086,,,,,
90,0.0023355434455517078,0.05453169971056697,0.10528324031963614,tumor_106,1,0.1508813202381134,ITC,440,0.0022727272727272726,0.99,-0.05914389342069626,-0.3171837031841278,0.10980550199747086,2.3499715328216553,1.0,0.45363648671400236,False,1.0
91,0.001433315856661284,0.04271948535267136,0.06582933185114699,tumor_106,0,0.0,ITC,440,0.0,,,-0.3171837031841278,0.10980550199747086,,,,,
92,0.0007813331675903321,0.0315408352233925,0.037775897462335395,tumor_106,0,0.0,ITC,440,0.0,,,-0.3171837031841278,0.10980550199747086,,,,,
93,0.0028898952549638386,0.060659120656027195,0.09065902941756303,tumor_106,0,0.0,ITC,440,0.0,,,-0.3171837031841278,0.10980550199747086,,,,,
94,0.0020761541362676367,0.05141440991844048,0.08128717297291571,tumor_106,1,0.13412418961524963,ITC,440,0.0022727272727272726,0.9933333333333333,-0.036266475915908813,-0.3171837031841278,0.10980550199747086,2.558316469192505,1.0,0.5376396737342157,False,1.0
95,0.004763081949687627,0.07787518406499304,0.13153818198057307,tumor_106,1,0.140625,ITC,440,0.0022727272727272726,0.9966666666666667,0.06361981481313705,-0.3171837031841278,0.10980550199747086,3.467982292175293,1.0,0.9879535319144622,False,1.0
96,0.001296665026347257,0.040632070927044676,0.056757398669873074,tumor_106,0,0.0,ITC,440,0.0,,,-0.3171837031841278,0.10980550199747086,,,,,
97,0.002276124682454471,0.05383355788398903,0.0658069384755019,tumor_106,1,0.14704273641109467,ITC,440,0.0022727272727272726,0.9933333333333333,-0.024802174419164658,-0.3171837031841278,0.10980550199747086,2.662722110748291,1.0,0.5824175657199399,False,1.0
98,0.0018487417215889135,0.04851691527631131,0.08100716444425136,tumor_106,0,0.0,ITC,440,0.0,,,-0.3171837031841278,0.10980550199747086,,,,,
99,0.004775663930681443,0.07797797233135123,0.13027047770036496,tumor_106,0,0.0,ITC,440,0.0,,,-0.3171837031841278,0.10980550199747086,,,,,
100,0.0032997788439836613,0.06481827607272873,0.08561275339808876,tumor_106,0,0.0,ITC,440,0.0,,,-0.3171837031841278,0.10980550199747086,,,,,
101,0.01166243339424219,0.12185676585807242,0.18986541654108596,tumor_106,1,0.078125,ITC,440,0.0022727272727272726,1.0,0.12077241390943527,-0.3171837031841278,0.10980550199747086,3.988471508026123,1.0,1.3067597934913162,True,1.0
102,0.00309827253003993,0.06280798600188914,0.1005335733914612,tumor_106,1,0.2001553177833557,ITC,440,0.0022727272727272726,1.0,0.07460945844650269,-0.3171837031841278,0.10980550199747086,3.5680649280548096,1.0,1.0457991220313314,True,1.0
103,0.0030279863475945125,0.0620914805643699,0.08867827989147435,tumor_106,0,0.0,ITC,440,0.0,,,-0.3171837031841278,0.10980550199747086,,,,,
104,0.0031047394554165903,0.06287350038558309,0.09102833887987495,tumor_106,0,0.0,ITC,440,0.0,,,-0.3171837031841278,0.10980550199747086,,,,,
105,0.0019602838418357965,0.04995909232893153,0.06938992398004205,tumor_106,0,0.0,ITC,440,0.0,,,-0.3171837031841278,0.10980550199747086,,,,,
106,0.00150833114884759,0.043823131623248586,0.04931109442565944,tumor_106,0,0.0,ITC,440,0.0,,,-0.3171837031841278,0.10980550199747086,,,,,
107,0.0013137414049571522,0.04089874702661901,0.047708026907201,tumor_106,0,0.0,ITC,440,0.0,,,-0.3171837031841278,0.10980550199747086,,,,,
108,0.007207132056831427,0.09579355687563879,0.17139484336171504,tumor_106,0,0.0,ITC,440,0.0,,,-0.3171837031841278,0.10980550199747086,,,,,
109,0.001977898182705557,0.05018304675565772,0.08438436798485931,tumor_106,0,0.0,ITC,440,0.0,,,-0.3171837031841278,0.10980550199747086,,,,,
110,0.0008945512082190127,0.033748747726324094,0.03992280266127984,tumor_106,0,0.0,ITC,440,0.0,,,-0.3171837031841278,0.10980550199747086,,,,,
111,0.000995224758871942,0.03559718414278401,0.04638132881401972,tumor_106,0,0.0,ITC,440,0.0,,,-0.3171837031841278,0.10980550199747086,,,,,
112,0.002936151505323947,0.061142654554019196,0.10622644855147281,tumor_106,0,0.0,ITC,440,0.0,,,-0.3171837031841278,0.10980550199747086,,,,,
113,0.005224023091073056,0.08155631662945449,0.14494544581554808,tumor_106,1,0.078125,ITC,440,0.0022727272727272726,1.0,0.11059027910232544,-0.3171837031841278,0.10980550199747086,3.895742654800415,1.0,1.2467038385146763,True,1.0
114,0.0018585937242189617,0.048646017589029644,0.06369738563827629,tumor_106,1,0.12006930261850357,ITC,440,0.0022727272727272726,0.9933333333333333,-0.03502582013607025,-0.3171837031841278,0.10980550199747086,2.569615364074707,1.0,0.5423991699655291,False,0.9933333333333333
115,0.0047334971844846495,0.07763295563211806,0.11194503269994123,tumor_106,0,0.0,ITC,440,0.0,,,-0.3171837031841278,0.10980550199747086,,,,,
116,0.004972244234736417,0.07956668892035054,0.13484113912471157,tumor_106,1,0.3212180733680725,ITC,440,0.0022727272727272726,1.0,0.08512517809867859,-0.3171837031841278,0.10980550199747086,3.6638317108154297,1.0,1.1026909494304762,True,1.0
117,0.0036101594153066384,0.06779821332724326,0.08680457735728903,tumor_106,0,0.0,ITC,440,0.0,,,-0.3171837031841278,0.10980550199747086,,,,,
118,0.001720753672562841,0.04680738854769908,0.07108268603779873,tumor_106,0,0.0,ITC,440,0.0,,,-0.3171837031841278,0.10980550199747086,,,,,
119,0.0019569132285960347,0.04991612272867187,0.07015027576482011,tumor_106,0,0.0,ITC,440,0.0,,,-0.3171837031841278,0.10980550199747086,,,,,
120,0.035103808033684285,0.21141323648078122,0.557205773866281,tumor_106,2,0.109375,micro,440,0.004545454545454545,0.9633333333333334,-0.07271036505699158,-0.3171837031841278,0.10980550199747086,2.226421594619751,0.8861224192353896,0.4071904530220485,False,0.99
121,0.002110247413154061,0.05183483824227516,0.07042522118479512,tumor_106,1,0.13632670044898987,ITC,440,0.0022727272727272726,1.0,0.09249916672706604,-0.3171837031841278,0.10980550199747086,3.7309868335723877,1.0,1.1434843062897424,True,0.9966666666666667
122,0.002454394365746714,0.055901985339018995,0.0643861520657003,tumor_106,0,0.0,ITC,440,0.0,,,-0.3171837031841278,0.10980550199747086,,,,,
123,0.0009053393777972754,0.03395164056739259,0.052630390709977146,tumor_106,0,0.0,ITC,440,0.0,,,-0.3171837031841278,0.10980550199747086,,,,,
124,0.012481509235420246,0.12606328226931982,0.336527760088971,tumor_106,1,0.28125,micro,440,0.0022727272727272726,0.9933333333333333,0.020003775134682655,-0.3171837031841278,0.10980550199747086,3.070770263671875,1.0,0.7745998854334872,False,1.0
125,0.00389655099438503,0.07043609028139013,0.11325724963766177,tumor_106,0,0.0,ITC,440,0.0,,,-0.3171837031841278,0.10980550199747086,,,,,
126,0.01334544147293922,0.13035315042335913,0.26344027597109726,tumor_106,1,0.296875,micro,440,0.0022727272727272726,0.9933333333333333,0.0035233721137046814,-0.3171837031841278,0.10980550199747086,2.9206831455230713,1.0,0.7007315383979908,False,0.9933333333333333
127,0.0028388947601552554,0.06012148594280681,0.08108249013153448,tumor_106,1,0.18339894711971283,ITC,440,0.0022727272727272726,1.0,0.17265383899211884,-0.3171837031841278,0.10980550199747086,4.46095609664917,1.0,1.634702300402558,True,1.0
128,0.0007952636131986666,0.03182076493130721,0.040479796633359696,tumor_106,0,0.0,ITC,440,0.0,,,-0.3171837031841278,0.10980550199747086,,,,,
129,0.0018328959926674976,0.048308546441089166,0.0817045363619768,tumor_106,0,0.0,ITC,440,0.0,,,-0.3171837031841278,0.10980550199747086,,,,,
130,0.0010179587029501948,0.03600146213007886,0.05022911657070134,tumor_106,0,0.0,ITC,440,0.0,,,-0.3171837031841278,0.10980550199747086,,,,,
131,0.0030170481427496338,0.06197923042212296,0.11393202128462392,tumor_106,0,0.0,ITC,440,0.0,,,-0.3171837031841278,0.10980550199747086,,,,,
132,0.0011573070304150559,0.03838657417020264,0.05275494330049372,tumor_106,0,0.0,ITC,440,0.0,,,-0.3171837031841278,0.10980550199747086,,,,,
133,0.004555145282559915,0.07615635958847501,0.14063722682934912,tumor_106,0,0.0,ITC,440,0.0,,,-0.3171837031841278,0.10980550199747086,,,,,
134,0.013639810649455691,0.13178295148306093,0.1999041937385543,tumor_106,1,0.375,ITC,440,0.0022727272727272726,0.9266666666666666,-0.1674170047044754,-0.3171837031841278,0.10980550199747086,1.3639271259307861,1.0,0.15281469154958396,False,0.9933333333333333
135,0.004074525432733587,0.07202670967762968,0.08229825694550616,tumor_106,0,0.0,ITC,440,0.0,,,-0.3171837031841278,0.10980550199747086,,,,,
136,0.001492506487515946,0.04359264021230052,0.049686604976884,tumor_106,0,0.0,ITC,440,0.0,,,-0.3171837031841278,0.10980550199747086,,,,,
137,0.0009887441795093294,0.0354810962200719,0.04167340375287284,tumor_106,0,0.0,ITC,440,0.0,,,-0.3171837031841278,0.10980550199747086,,,,,
138,0.0021674587622163635,0.05253279173655824,0.058799192796447214,tumor_106,1,0.14002268016338348,ITC,440,0.0022727272727272726,0.9933333333333333,-0.020638376474380493,-0.3171837031841278,0.10980550199747086,2.7006418704986572,1.0,0.5991240714431951,False,0.9933333333333333
139,0.030888054832626754,0.198312614003367,0.39491403080967474,tumor_106,2,0.2890625,micro,440,0.004545454545454545,1.0,0.16793733835220337,-0.3171837031841278,0.10980550199747086,4.418003082275391,0.8861224192353896,1.6033738811372362,True,1.0
140,0.0004102661963428266,0.022855352656473437,0.026728314675951305,tumor_106,0,0.0,ITC,440,0.0,,,-0.3171837031841278,0.10980550199747086,,,,,
141,0.006273293886948549,0.08937228794547139,0.18980380613145123,tumor_106,0,0.0,ITC,440,0.0,,,-0.3171837031841278,0.10980550199747086,,,,,
142,0.07114124084118571,0.30096485027412395,0.8587511120705078,tumor_106,3,0.359375,micro,440,0.006818181818181818,0.9933333333333333,-0.0022820457816123962,-0.3171837031841278,0.10980550199747086,2.8678131103515625,0.8195083048152478,0.6755919518050199,True,1.0
143,0.00352768180098684,0.06701928058595528,0.09231530789887056,tumor_106,1,0.22789612412452698,ITC,440,0.0022727272727272726,1.0,0.0978282243013382,-0.3171837031841278,0.10980550199747086,3.7795186042785645,1.0,1.1734261181811594,True,0.9933333333333333
144,0.0015023588178765715,0.04373628536240844,0.04834701999828963,tumor_106,0,0.0,ITC,440,0.0,,,-0.3171837031841278,0.10980550199747086,,,,,
145,0.003365634471205293,0.06546188892678241,0.08759785660993333,tumor_106,0,0.0,ITC,440,0.0,,,-0.3171837031841278,0.10980550199747086,,,,,
146,0.0011155010528083034,0.03768686843755049,0.04071196728165208,tumor_106,0,0.0,ITC,440,0.0,,,-0.3171837031841278,0.10980550199747086,,,,,
147,0.0009802704047631025,0.035328728308246904,0.050782322233812335,tumor_106,0,0.0,ITC,440,0.0,,,-0.3171837031841278,0.10980550199747086,,,,,
148,0.017180320381612855,0.1479008563230416,0.22915869979830536,tumor_106,0,0.0,micro,440,0.0,,,-0.3171837031841278,0.10980550199747086,,,,,
149,0.010572432136133835,0.11602257831885329,0.22297818230990146,tumor_106,1,0.046875,micro,440,0.0022727272727272726,1.0,0.07964485883712769,-0.3171837031841278,0.10980550199747086,3.613922357559204,1.0,1.0728534726872963,True,1.0
150,0.0025626881627037134,0.05712193895150152,0.07904804739856738,tumor_106,1,0.16555537283420563,ITC,440,0.0022727272727272726,0.9933333333333333,-0.016780033707618713,-0.3171837031841278,0.10980550199747086,2.7357795238494873,1.0,0.6148157225222998,False,1.0
151,0.027012678928091574,0.18545514557563628,0.3827269666689731,tumor_106,0,0.0,micro,440,0.0,,,-0.3171837031841278,0.10980550199747086,,,,,
152,0.0046448315964581965,0.0769024269268918,0.11325423305168912,tumor_106,1,0.3000665009021759,ITC,440,0.0022727272727272726,0.97,-0.11432360112667084,-0.3171837031841278,0.10980550199747086,1.8474493026733398,1.0,0.28036760674397326,False,0.9933333333333333
153,0.0019286037941246882,0.04955375482045559,0.05403709913268605,tumor_106,1,0.12459211051464081,ITC,440,0.0022727272727272726,1.0,0.12881240248680115,-0.3171837031841278,0.10980550199747086,4.061691761016846,1.0,1.3551791138720917,True,0.9966666666666667
154,0.015506654109748472,0.14051222444706293,0.27743939200510287,tumor_106,1,0.5,micro,440,0.0022727272727272726,0.9966666666666667,0.048221081495285034,-0.3171837031841278,0.10980550199747086,3.3277456760406494,1.0,0.9096682382087099,False,1.0
155,0.005735899584356386,0.08545861089107717,0.17153788206900414,tumor_106,0,0.0,ITC,440,0.0,,,-0.3171837031841278,0.10980550199747086,,,,,
156,0.004813041027124418,0.07828252784732717,0.12179902333680963,tumor_106,1,0.3109332025051117,ITC,440,0.0022727272727272726,1.0,0.08484092354774475,-0.3171837031841278,0.10980550199747086,3.661242961883545,1.0,1.1011332460419245,True,1.0
157,0.006433418529344258,0.09050570633608161,0.1359436242857404,tumor_106,0,0.0,ITC,440,0.0,,,-0.3171837031841278,0.10980550199747086,,,,,
158,0.005547482159029593,0.08404328443480345,0.14323516927776886,tumor_106,0,0.0,ITC,440,0.0,,,-0.3171837031841278,0.10980550199747086,,,,,
159,0.027832392481305267,0.1882479820125238,0.29917736435687514,tumor_106,1,0.40625,micro,440,0.0022727272727272726,1.0,0.07762908935546875,-0.3171837031841278,0.10980550199747086,3.595564842224121,1.0,1.0619816828013542,True,1.0
160,0.0029184949437907276,0.06095853651084465,0.10041413114793735,tumor_106,0,0.0,ITC,440,0.0,,,-0.3171837031841278,0.10980550199747086,,,,,
161,0.0010838517158695393,0.03714838980728717,0.055017396015348954,tumor_106,0,0.0,ITC,440,0.0,,,-0.3171837031841278,0.10980550199747086,,,,,
162,0.0049938703618820374,0.07973953364567107,0.14793572996177137,tumor_106,0,0.0,ITC,440,0.0,,,-0.3171837031841278,0.10980550199747086,,,,,
163,0.0020431641377965195,0.05100428782590001,0.06814272222056912,tumor_106,1,0.13199296593666077,ITC,440,0.0022727272727272726,1.0,0.1736900806427002,-0.3171837031841278,0.10980550199747086,4.470393180847168,1.0,1.6416259914306486,True,1.0
164,0.004640845884634859,0.0768694250098083,0.11629925898118555,tumor_106,0,0.0,ITC,440,0.0,,,-0.3171837031841278,0.10980550199747086,,,,,
165,0.0038852674909765207,0.07033403309483449,0.10455893645543818,tumor_106,0,0.0,ITC,440,0.0,,,-0.3171837031841278,0.10980550199747086,,,,,
166,0.0091639713295362,0.10801819607633131,0.24095887901672522,tumor_106,1,0.28125,micro,440,0.0022727272727272726,1.0,0.09616586565971375,-0.3171837031841278,0.10980550199747086,3.7643795013427734,1.0,1.1640444788826687,True,1.0
167,0.0019266105018395934,0.04952814026635997,0.061293063832654544,tumor_106,0,0.0,ITC,440,0.0,,,-0.3171837031841278,0.10980550199747086,,,,,
168,0.0023876118752311822,0.055136211848689956,0.09211473844607951,tumor_106,0,0.0,ITC,440,0.0,,,-0.3171837031841278,0.10980550199747086,,,,,
169,0.01267965903424078,0.1270599988043201,0.2496745245066711,tumor_106,0,0.0,micro,440,0.0,,,-0.3171837031841278,0.10980550199747086,,,,,
170,0.0017279513073240739,0.04690518026680884,0.05727525311985792,tumor_106,1,0.11162951588630676,ITC,440,0.0022727272727272726,1.0,0.1890745460987091,-0.3171837031841278,0.10980550199747086,4.610499858856201,1.0,1.7461389571826764,True,1.0
171,0.002021694250920682,0.050735599608518915,0.06352480169941656,tumor_106,0,0.0,ITC,440,0.0,,,-0.3171837031841278,0.10980550199747086,,,,,
172,0.000879347973223496,0.03346073240517715,0.045153734138556556,tumor_106,0,0.0,ITC,440,0.0,,,-0.3171837031841278,0.10980550199747086,,,,,
173,0.002670274057700106,0.05830864880568061,0.07390783502437044,tumor_106,0,0.0,ITC,440,0.0,,,-0.3171837031841278,0.10980550199747086,,,,,
174,0.0031952565331735696,0.06378343808238915,0.10152363512346933,tumor_106,0,0.0,ITC,440,0.0,,,-0.3171837031841278,0.10980550199747086,,,,,
175,0.009726583570169334,0.11128463881736292,0.18280981001912264,tumor_106,1,0.03125,ITC,440,0.0022727272727272726,0.64,-0.2698785066604614,-0.3171837031841278,0.10980550199747086,0.43080899119377136,1.0,0.015245872832519311,False,0.69
176,0.002245121891959222,0.0534656710010555,0.1115036944982053,tumor_106,1,0.1450398862361908,ITC,440,0.0022727272727272726,1.0,0.12239813804626465,-0.3171837031841278,0.10980550199747086,4.003276824951172,1.0,1.3164792567673114,True,0.9933333333333333
177,0.003152241382205678,0.0633526509498608,0.09672601825326499,tumor_106,0,0.0,ITC,440,0.0,,,-0.3171837031841278,0.10980550199747086,,,,,
178,0.004204596503154389,0.07316733244742049,0.14625424233005715,tumor_106,1,0.0625,ITC,440,0.0022727272727272726,0.9466666666666667,-0.14073848724365234,-0.3171837031841278,0.10980550199747086,1.6068886518478394,1.0,0.21210667843684167,False,0.9866666666666667
179,0.017185148144184488,0.14792163533204933,0.35636237724095854,tumor_106,2,0.2109375,micro,440,0.004545454545454545,0.9966666666666667,0.04244891554117203,-0.3171837031841278,0.10980550199747086,3.2751784324645996,0.8861224192353896,0.8811558046540972,True,0.995
180,0.00344453543543864,0.06622475918900747,0.09220001485668393,tumor_106,0,0.0,ITC,440,0.0,,,-0.3171837031841278,0.10980550199747086,,,,,
181,0.0022581826473860108,0.05362096088179145,0.07709635231004468,tumor_106,0,0.0,ITC,440,0.0,,,-0.3171837031841278,0.10980550199747086,,,,,
182,0.02635648013303792,0.18318873536713595,0.34030065247041796,tumor_106,1,0.53125,micro,440,0.0022727272727272726,1.0,0.1383393108844757,-0.3171837031841278,0.10980550199747086,4.148453235626221,1.0,1.413693213590292,True,1.0
183,0.0005432906451059976,0.026300934082911072,0.034312812500527416,tumor_106,0,0.0,ITC,440,0.0,,,-0.3171837031841278,0.10980550199747086,,,,,
184,0.009953527944305967,0.11257542088891717,0.18758241749546845,tumor_106,1,0.53125,ITC,440,0.0022727272727272726,1.0,0.14305126667022705,-0.3171837031841278,0.10980550199747086,4.1913652420043945,1.0,1.443091241261873,True,1.0
185,0.00471986573587686,0.0775210919734684,0.15453660272722416,tumor_106,0,0.0,ITC,440,0.0,,,-0.3171837031841278,0.10980550199747086,,,,,
186,0.00111958131631805,0.03775573076345879,0.0429540763888167,tumor_106,0,0.0,ITC,440,0.0,,,-0.3171837031841278,0.10980550199747086,,,,,
187,0.003948969509727393,0.07090827977562525,0.1067079430853684,tumor_106,0,0.0,ITC,440,0.0,,,-0.3171837031841278,0.10980550199747086,,,,,
188,0.0008564694818418109,0.03302258035253799,0.039985869666671,tumor_106,0,0.0,ITC,440,0.0,,,-0.3171837031841278,0.10980550199747086,,,,,
189,0.0020523439000691072,0.051118738374142006,0.07696725006826405,tumor_106,0,0.0,ITC,440,0.0,,,-0.3171837031841278,0.10980550199747086,,,,,
190,0.002442541496551216,0.05576683981601982,0.07007306283619032,tumor_106,1,0.15779364109039307,ITC,440,0.0022727272727272726,0.9933333333333333,0.00984770804643631,-0.3171837031841278,0.10980550199747086,2.978278875350952,1.0,0.7286408202477843,False,1.0
191,0.011819864609152148,0.12267648117625539,0.1965312785413405,tumor_106,0,0.0,ITC,440,0.0,,,-0.3171837031841278,0.10980550199747086,,,,,
192,0.033988115974641346,0.20802647261817006,0.41439523286679736,tumor_106,2,0.2890625,micro,440,0.004545454545454545,1.0,0.16410425305366516,-0.3171837031841278,0.10980550199747086,4.3830952644348145,0.8861224192353896,1.5781366124959664,True,1.0
193,0.0013563121904573959,0.04155611045197476,0.04557964275468242,tumor_106,0,0.0,ITC,440,0.0,,,-0.3171837031841278,0.10980550199747086,,,,,
194,0.0033033841685739212,0.06485367649470926,0.09456287343611662,tumor_106,0,0.0,ITC,440,0.0,,,-0.3171837031841278,0.10980550199747086,,,,,
195,0.006008401793833246,0.08746504881703421,0.2008722260027062,tumor_106,0,0.0,micro,440,0.0,,,-0.3171837031841278,0.10980550199747086,,,,,
196,0.0006314769572557854,0.02835527170681145,0.035713059861231314,tumor_106,0,0.0,ITC,440,0.0,,,-0.3171837031841278,0.10980550199747086,,,,,
197,0.0019302184464161252,0.049574494006033795,0.06527670300687488,tumor_106,0,0.0,ITC,440,0.0,,,-0.3171837031841278,0.10980550199747086,,,,,
198,0.0015724772124451147,0.04474528098112733,0.06810906520822659,tumor_106,1,0.10158553719520569,ITC,440,0.0022727272727272726,0.9933333333333333,-0.019189514219760895,-0.3171837031841278,0.10980550199747086,2.713836669921875,1.0,0.6049927754389488,False,0.99
199,0.0007467027205921755,0.030833933126010522,0.034395723840935886,tumor_106,0,0.0,ITC,440,0.0,,,-0.3171837031841278,0.10980550199747086,,,,,
200,0.0011694025442259858,0.03858665006219684,0.05416221105193382,tumor_106,0,0.0,ITC,440,0.0,,,-0.3171837031841278,0.10980550199747086,,,,,
201,0.0018562112630586777,0.04861482884377063,0.05661671256248368,tumor_106,0,0.0,ITC,440,0.0,,,-0.3171837031841278,0.10980550199747086,,,,,
202,0.0010626490676075098,0.03678324095364397,0.048067464744785245,tumor_106,0,0.0,ITC,440,0.0,,,-0.3171837031841278,0.10980550199747086,,,,,
203,0.0024765659449200485,0.0561539107829242,0.0920176291068538,tumor_106,0,0.0,ITC,440,0.0,,,-0.3171837031841278,0.10980550199747086,,,,,
204,0.0025103015266391246,0.056535079136107905,0.08130098932442081,tumor_106,0,0.0,ITC,440,0.0,,,-0.3171837031841278,0.10980550199747086,,,,,
205,0.000714624579890575,0.030164354373273642,0.0334450889471167,tumor_106,0,0.0,ITC,440,0.0,,,-0.3171837031841278,0.10980550199747086,,,,,
206,0.0007789865213748951,0.03149343493222357,0.03703546129840104,tumor_106,0,0.0,ITC,440,0.0,,,-0.3171837031841278,0.10980550199747086,,,,,
207,0.003971271981781778,0.07110823109952419,0.10278027339101127,tumor_106,1,0.2565530240535736,ITC,440,0.0022727272727272726,1.0,0.1646539270877838,-0.3171837031841278,0.10980550199747086,4.388101100921631,1.0,1.5817433810038102,True,1.0
208,0.003973352077210754,0.07112685139847211,0.16888366526393325,tumor_106,0,0.0,ITC,440,0.0,,,-0.3171837031841278,0.10980550199747086,,,,,
209,0.003051006616851368,0.06232705893770221,0.1133963663516293,tumor_106,0,0.0,ITC,440,0.0,,,-0.3171837031841278,0.10980550199747086,,,,,
210,0.0017259974870116282,0.046878654573022045,0.07608642315785452,tumor_106,1,0.11150329560041428,ITC,440,0.0022727272727272726,0.99,-0.05976242572069168,-0.3171837031841278,0.10980550199747086,2.3443386554718018,1.0,0.4514643615147642,False,0.9933333333333333
211,0.0014450030726703886,0.042893298478757225,0.06963896940711492,tumor_106,0,0.0,ITC,440,0.0,,,-0.3171837031841278,0.10980550199747086,,,,,
212,0.0036836009782608035,0.06848435173488017,0.12335620307202705,tumor_106,0,0.0,ITC,440,0.0,,,-0.3171837031841278,0.10980550199747086,,,,,
213,0.0008070898157768798,0.03205649184798831,0.03871732987196917,tumor_106,0,0.0,ITC,440,0.0,,,-0.3171837031841278,0.10980550199747086,,,,,
214,0.0005137863209712639,0.025576807099491644,0.0396891861179509,tumor_106,1,0.0331917442381382,ITC,440,0.0022727272727272726,0.8633333333333333,-0.201212078332901,-0.3171837031841278,0.10980550199747086,1.0561549663543701,1.0,0.09163008021498209,False,0.9866666666666667
215,0.0018291741979601641,0.048259474956241555,0.07013126869696391,tumor_106,1,0.11816874146461487,ITC,440,0.0022727272727272726,0.91,-0.17938232421875,-0.3171837031841278,0.10980550199747086,1.2549587488174438,1.0,0.12937241247569292,False,0.9866666666666667
216,0.001460054141988636,0.04311610686314686,0.06037777290761817,tumor_106,0,0.0,ITC,440,0.0,,,-0.3171837031841278,0.10980550199747086,,,,,
217,0.0019562404680143254,0.04990754174357881,0.06529439159999989,tumor_106,0,0.0,ITC,440,0.0,,,-0.3171837031841278,0.10980550199747086,,,,,
218,0.0006205385610857406,0.028108614960673912,0.0327632291746087,tumor_106,0,0.0,ITC,440,0.0,,,-0.3171837031841278,0.10980550199747086,,,,,
219,0.0005015310198852783,0.025269925354644274,0.029137238865105566,tumor_106,0,0.0,ITC,440,0.0,,,-0.3171837031841278,0.10980550199747086,,,,,
220,0.004782240851444353,0.07803164848000396,0.14089053495456128,tumor_106,1,0.015625,ITC,440,0.0022727272727272726,0.97,-0.1195666715502739,-0.3171837031841278,0.10980550199747086,1.7997006177902222,1.0,0.2660622792029585,False,0.99
221,0.0008839872712709799,0.03354888300412908,0.04164412243012019,tumor_106,0,0.0,ITC,440,0.0,,,-0.3171837031841278,0.10980550199747086,,,,,
222,0.0026236936827423677,0.057797842088951855,0.07545810328504149,tumor_106,0,0.0,ITC,440,0.0,,,-0.3171837031841278,0.10980550199747086,,,,,
223,0.0005950130388386014,0.027524427890191407,0.035609200831815346,tumor_106,0,0.0,ITC,440,0.0,,,-0.3171837031841278,0.10980550199747086,,,,,
224,0.0009306100256822097,0.03442222371412972,0.041749608045210246,tumor_106,1,0.06011948734521866,ITC,440,0.0022727272727272726,0.98,-0.0998089537024498,-0.3171837031841278,0.10980550199747086,1.9796342849731445,1.0,0.321923520917714,False,0.9866666666666667
225,0.00222916247714537,0.05327530213467849,0.06502640433444608,tumor_106,0,0.0,ITC,440,0.0,,,-0.3171837031841278,0.10980550199747086,,,,,
226,0.003935530937497905,0.07078752445982965,0.10102778839778165,tumor_106,1,0.2542440891265869,ITC,440,0.0022727272727272726,0.9933333333333333,-0.024230442941188812,-0.3171837031841278,0.10980550199747086,2.667928695678711,1.0,0.5846974666036836,False,0.9866666666666667
227,0.001259375818547473,0.040043564949412996,0.05705741421585805,tumor_106,0,0.0,ITC,440,0.0,,,-0.3171837031841278,0.10980550199747086,,,,,
0,0.3538047812442918,0.6711767565974003,0.8806391198551312,tumor_107,11,0.359375,micro,312,0.035256410256410256,0.9451515151515152,0.056695446372032166,-0.3710888922214508,0.1148771420121193,3.723841905593872,0.5824666651956039,1.207295040971952,True,0.9984848484848485
1,0.010273838361978996,0.11437244982376125,0.14720118455797193,tumor_107,0,0.0,ITC,312,0.0,,,-0.3710888922214508,0.1148771420121193,,,,,
2,0.1036211277405465,0.36322791400072435,0.6409765579118298,tumor_107,1,0.1875,micro,312,0.003205128205128205,0.9666666666666667,-0.11913014948368073,-0.3710888922214508,0.1148771420121193,2.193288564682007,1.0,0.41881525838049394,False,0.9966666666666667
3,0.0037906864201765022,0.06947266981957217,0.16227882270529054,tumor_107,0,0.0,ITC,312,0.0,,,-0.3710888922214508,0.1148771420121193,,,,,
4,0.010078999807734558,0.11328274858329375,0.4655917469333561,tumor_107,0,0.0,micro,312,0.0,,,-0.3710888922214508,0.1148771420121193,,,,,
0,1.184354141830853,1.227992886115355,1.7373912822728932,tumor_108,26,1.0,micro,396,0.06565656565656566,0.9861538461538462,0.13376188278198242,-0.34192413091659546,0.11178425699472427,4.2553935050964355,0.4552966200048262,1.5137201039467105,True,0.9771794871794872
1,0.009416482088287376,0.10949628928460468,0.2043374038807615,tumor_108,1,0.328125,micro,396,0.0025252525252525255,0.9366666666666666,-0.138687402009964,-0.34192413091659546,0.11178425699472427,1.8181158304214478,1.0,0.27631802915516523,False,1.0
2,0.4814986591271926,0.7829834822891847,1.0562663034666173,tumor_108,14,0.703125,micro,396,0.03535353535353535,0.9885714285714285,0.09980157762765884,-0.34192413091659546,0.11178425699472427,3.9515912532806396,0.5587904070161746,1.3052994560737092,True,0.9923809523809524
3,1.1178162029869145,1.1929994942952187,3.0491281884197683,tumor_108,26,0.8828125,macro,396,0.06565656565656566,0.9651282051282051,0.04566093534231186,-0.34192413091659546,0.11178425699472427,3.4672598838806152,0.4552966200048262,1.0049371835633558,True,0.9996153846153846
4,0.006065439784105683,0.08787922273969691,0.11733347756398582,tumor_108,0,0.0,ITC,396,0.0,,,-0.34192413091659546,0.11178425699472427,,,,,
5,0.015939326321931884,0.1424590488158676,0.357413561472599,tumor_108,1,0.234375,micro,396,0.0025252525252525255,0.9966666666666667,-0.005031503736972809,-0.34192413091659546,0.11178425699472427,3.01377534866333,1.0,0.7592553810368731,False,1.0
6,0.0010890833187608185,0.03723793695893591,0.04837513387724015,tumor_108,0,0.0,ITC,396,0.0,,,-0.34192413091659546,0.11178425699472427,,,,,
7,0.0013213971474997331,0.04101774131393516,0.056915259141522394,tumor_108,1,0.08536520600318909,ITC,396,0.0025252525252525255,0.9966666666666667,0.05623041093349457,-0.34192413091659546,0.11178425699472427,3.561812400817871,1.0,1.0604939844116923,True,1.0
8,1.1454228122839938,1.207641345781827,1.6875815236403207,tumor_108,27,0.6875,micro,396,0.06818181818181818,0.9930864197530864,0.14353491365909576,-0.34192413091659546,0.11178425699472427,4.34282112121582,0.4489870205271917,1.5765582038601793,True,0.9962962962962963
9,0.0004769057730551262,0.02464173876507662,0.026207612410729948,tumor_108,0,0.0,ITC,396,0.0,,,-0.34192413091659546,0.11178425699472427,,,,,
10,0.000979141930864769,0.035308387477841104,0.04330173881558835,tumor_108,0,0.0,ITC,396,0.0,,,-0.34192413091659546,0.11178425699472427,,,,,
11,0.0011960331849888383,0.03902354094573345,0.05243444445904343,tumor_108,0,0.0,ITC,396,0.0,,,-0.34192413091659546,0.11178425699472427,,,,,
12,0.0008221792942909699,0.03235477075106099,0.04285638385193067,tumor_108,0,0.0,ITC,396,0.0,,,-0.34192413091659546,0.11178425699472427,,,,,
13,0.033449282882246474,0.2063709032511831,0.2647382991956348,tumor_108,0,0.0,micro,396,0.0,,,-0.34192413091659546,0.11178425699472427,,,,,
0,1.1241659524631398,1.196383109844392,2.0230108475469346,tumor_109,27,0.84375,macro,450,0.06,0.9962962962962963,0.19171598553657532,-0.39146214723587036,0.07645008713006973,7.628221035003662,0.4605167295392209,4.762432310243853,True,0.9849382716049383
1,4.6369241290576895,2.429797351025987,3.5256126705928716,tumor_109,89,1.0,macro,450,0.19777777777777777,0.9997003745318352,0.20933865010738373,-0.39146214723587036,0.07645008713006973,7.8587327003479,0.2652718180229516,5.054606055724119,True,0.9996629213483146
2,0.001770231758165703,0.04747556295445717,0.0544658276305653,tumor_109,0,0.0,ITC,450,0.0,,,-0.39146214723587036,0.07645008713006973,,,,,
3,0.016591471185224763,0.14534413375971578,0.20755457765368607,tumor_109,1,0.046875,micro,450,0.0022222222222222222,0.9933333333333333,-0.10359328985214233,-0.39146214723587036,0.07645008713006973,3.7654483318328857,1.0,1.1604212259873257,True,1.0
4,0.0009848248096521837,0.035410703075277106,0.03919411733834672,tumor_109,0,0.0,ITC,450,0.0,,,-0.39146214723587036,0.07645008713006973,,,,,
5,0.0012199235635687294,0.039411355250612054,0.045472012383163125,tumor_109,1,0.07880978286266327,ITC,450,0.0022222222222222222,0.9966666666666667,-0.07187679409980774,-0.39146214723587036,0.07645008713006973,4.180313587188721,1.0,1.4302106315461667,True,1.0
6,0.003426824725194843,0.06605428640894004,0.08405778989058466,tumor_109,0,0.0,ITC,450,0.0,,,-0.39146214723587036,0.07645008713006973,,,,,
7,0.0535830638561705,0.2611973886350047,0.38699481860775603,tumor_109,3,0.15625,micro,450,0.006666666666666667,0.9988888888888889,0.07521126419305801,-0.39146214723587036,0.07645008713006973,6.104288578033447,0.8201722431797402,3.0496667993154745,True,1.0
8,0.0008217207524872857,0.03234574712070115,0.05664553659823584,tumor_109,0,0.0,ITC,450,0.0,,,-0.39146214723587036,0.07645008713006973,,,,,
9,0.001405068370209675,0.04229643734414926,0.05184220860166126,tumor_109,0,0.0,ITC,450,0.0,,,-0.39146214723587036,0.07645008713006973,,,,,
10,0.031071280391792907,0.19889993187627036,0.31128332594798924,tumor_109,1,0.578125,micro,450,0.0022222222222222222,1.0,0.0418437123298645,-0.39146214723587036,0.07645008713006973,5.6678266525268555,1.0,2.6291501963125476,True,1.0
11,0.005344971565181809,0.08249502507590671,0.15093971953956078,tumor_109,0,0.0,ITC,450,0.0,,,-0.39146214723587036,0.07645008713006973,,,,,
12,0.00844105863565812,0.10367010009809076,0.19881076779922968,tumor_109,2,0.0625,ITC,450,0.0044444444444444444,0.975,-0.15411613881587982,-0.39146214723587036,0.07645008713006973,3.1045877933502197,0.8865413177040855,0.788842262164295,True,0.9966666666666667
13,0.0033445925700258637,0.06525693465973052,0.08356601537560684,tumor_109,0,0.0,ITC,450,0.0,,,-0.39146214723587036,0.07645008713006973,,,,,
14,0.08044237287356562,0.320035014045268,0.7237503846380585,tumor_109,3,0.09375,micro,450,0.006666666666666667,0.9455555555555556,-0.1705443114042282,-0.39146214723587036,0.07645008713006973,2.889700174331665,0.8201722431797402,0.6834202562923476,True,0.9733333333333334
15,0.05304115719399243,0.2598732360938793,0.5348097654530214,tumor_109,2,0.5625,micro,450,0.0044444444444444444,1.0,0.05886537954211235,-0.39146214723587036,0.07645008713006973,5.890477657318115,0.8865413177040855,2.839770901514486,True,1.0
16,0.8253556489878937,1.0251221638233858,1.3875715441067147,tumor_109,20,0.90625,micro,450,0.044444444444444446,0.9941666666666666,0.11429599672555923,-0.39146214723587036,0.07645008713006973,6.61553430557251,0.509639733376388,3.581889058783524,True,0.9936666666666667
17,0.0011710039549998094,0.03861306181264356,0.05623804766231661,tumor_109,0,0.0,ITC,450,0.0,,,-0.39146214723587036,0.07645008713006973,,,,,
18,0.004613937949691757,0.07664625401480377,0.10595582217391539,tumor_109,0,0.0,ITC,450,0.0,,,-0.39146214723587036,0.07645008713006973,,,,,
19,0.005735014490316811,0.08545201717162994,0.10368107102022743,tumor_109,1,0.3704947531223297,ITC,450,0.0022222222222222222,0.99,-0.1445574164390564,-0.39146214723587036,0.07645008713006973,3.2296199798583984,1.0,0.8536603790397461,False,0.9933333333333333
0,34.406716071299556,6.618760571772744,10.246070803101688,tumor_110,597,1.0,macro,1438,0.4151599443671766,0.9912674483528755,0.18313027918338776,-0.3407284617424011,0.13180306553840637,3.9745564460754395,0.12090364359498117,1.08630727497224,True,0.9894863204913457
1,0.03487351920188003,0.21071863636592444,0.2847020018741911,tumor_110,0,0.0,micro,1438,0.0,,,-0.3407284617424011,0.13180306553840637,,,,,
2,0.05557206597217035,0.2660010375513573,0.46222340061240635,tumor_110,0,0.0,micro,1438,0.0,,,-0.3407284617424011,0.13180306553840637,,,,,
3,0.03153146239957537,0.20036742457412893,0.3996431101309591,tumor_110,0,0.0,micro,1438,0.0,,,-0.3407284617424011,0.13180306553840637,,,,,
4,0.0672869512801742,0.29269849199233344,0.664979358113366,tumor_110,0,0.0,micro,1438,0.0,,,-0.3407284617424011,0.13180306553840637,,,,,
5,0.037084930382364496,0.21729703144906737,0.6328533088807355,tumor_110,0,0.0,micro,1438,0.0,,,-0.3407284617424011,0.13180306553840637,,,,,
6,9.886031211149271,3.547856518874644,7.738835264685236,tumor_110,184,1.0,macro,1438,0.12795549374130738,0.9818659420289855,0.15113428235054016,-0.3407284617424011,0.13180306553840637,3.7318005561828613,0.2827768348568192,0.9576618785280075,True,0.9886050724637682
7,0.09321965589987186,0.3445155326517534,0.7410089280127791,tumor_110,0,0.0,micro,1438,0.0,,,-0.3407284617424011,0.13180306553840637,,,,,
8,0.009045535096037968,0.10731790618328946,0.13866379529610953,tumor_110,0,0.0,ITC,1438,0.0,,,-0.3407284617424011,0.13180306553840637,,,,,
9,0.0017571622535615444,0.04729998380285678,0.08280883143566571,tumor_110,0,0.0,ITC,1438,0.0,,,-0.3407284617424011,0.13180306553840637,,,,,
10,0.046341623568924045,0.24290736443176264,0.4278796791287769,tumor_110,0,0.0,micro,1438,0.0,,,-0.3407284617424011,0.13180306553840637,,,,,
11,0.06010027955447031,0.2766261964789123,0.4436246549358581,tumor_110,0,0.0,micro,1438,0.0,,,-0.3407284617424011,0.13180306553840637,,,,,
12,0.01694183186192047,0.14687072644625712,0.338489177340676,tumor_110,0,0.0,micro,1438,0.0,,,-0.3407284617424011,0.13180306553840637,,,,,
13,0.017331586230749495,0.14855053336147167,0.2135421946721281,tumor_110,0,0.0,micro,1438,0.0,,,-0.3407284617424011,0.13180306553840637,,,,,
14,0.005768647236687779,0.08570221573202237,0.11501911789587782,tumor_110,0,0.0,ITC,1438,0.0,,,-0.3407284617424011,0.13180306553840637,,,,,
15,0.003267577691026886,0.06450123356735006,0.09965442538181836,tumor_110,0,0.0,ITC,1438,0.0,,,-0.3407284617424011,0.13180306553840637,,,,,
16,0.07209571587357679,0.30297708899556836,0.5707182342005442,tumor_110,0,0.0,micro,1438,0.0,,,-0.3407284617424011,0.13180306553840637,,,,,
17,0.02406792330963137,0.1750549391404763,0.3521139430908202,tumor_110,0,0.0,micro,1438,0.0,,,-0.3407284617424011,0.13180306553840637,,,,,
18,0.03815814683337753,0.22041883200413503,0.6536187013520727,tumor_110,0,0.0,micro,1438,0.0,,,-0.3407284617424011,0.13180306553840637,,,,,
19,7.631140968864523,3.117093269860065,4.1815150175505424,tumor_110,141,1.0,macro,1438,0.09805285118219749,0.9836879432624114,0.1438039243221283,-0.3407284617424011,0.13180306553840637,3.6761844158172607,0.3193846679833289,0.9293299401277245,True,0.9890307328605201
20,0.000673277748866498,0.029278726994988957,0.03728889922922542,tumor_110,0,0.0,ITC,1438,0.0,,,-0.3407284617424011,0.13180306553840637,,,,,
21,0.012028072426416321,0.1237522422433302,0.2338023123937936,tumor_110,1,0.328125,micro,1438,0.0006954102920723226,0.98,0.053216032683849335,-0.3407284617424011,0.13180306553840637,2.988887310028076,1.0,0.61431968515876,False,0.9933333333333333
22,0.007958170700010304,0.1006611029097428,0.1366720255928613,tumor_110,1,0.514115571975708,ITC,1438,0.0006954102920723226,0.9933333333333333,0.1361614465713501,-0.3407284617424011,0.13180306553840637,3.6182005405426025,1.0,0.9002447929099694,False,0.9933333333333333
23,0.015791201348603852,0.14179556416163963,0.2081114399678459,tumor_110,0,0.0,micro,1438,0.0,,,-0.3407284617424011,0.13180306553840637,,,,,
24,4.529538998216389,2.401497068902896,3.126623944220137,tumor_110,84,1.0,macro,1438,0.0584144645340751,0.9888095238095238,0.1827017217874527,-0.3407284617424011,0.13180306553840637,3.9713048934936523,0.3906186775169371,1.0845306035643347,True,0.9866269841269841
25,0.08279853754344695,0.32468811534541214,0.5093649488041051,tumor_110,2,0.75,micro,1438,0.0013908205841446453,0.99,0.1838284283876419,-0.3407284617424011,0.13180306553840637,3.979853391647339,0.9046697336537829,1.089204677426464,True,0.9866666666666667
26,0.054825904057008844,0.2642092146788973,0.3583762354960147,tumor_110,1,0.859375,micro,1438,0.0006954102920723226,0.99,0.11870843172073364,-0.3407284617424011,0.13180306553840637,3.485783100128174,1.0,0.8355569765299603,False,0.99
27,0.00825648928319612,0.10253042795213223,0.14880710800364486,tumor_110,0,0.0,ITC,1438,0.0,,,-0.3407284617424011,0.13180306553840637,,,,,
28,0.002451980246451828,0.055874486240966345,0.06563269709815901,tumor_110,0,0.0,ITC,1438,0.0,,,-0.3407284617424011,0.13180306553840637,,,,,
29,0.042622411159704734,0.23295608895347075,0.49218647677149496,tumor_110,0,0.0,micro,1438,0.0,,,-0.3407284617424011,0.13180306553840637,,,,,
30,0.021703608202085094,0.16623444957749633,0.31713589719230245,tumor_110,0,0.0,micro,1438,0.0,,,-0.3407284617424011,0.13180306553840637,,,,,
31,0.03851440016796565,0.22144538228558405,0.30910323236719456,tumor_110,0,0.0,micro,1438,0.0,,,-0.3407284617424011,0.13180306553840637,,,,,
32,0.019968779109190912,0.1594523101805153,0.36904882135420225,tumor_110,0,0.0,micro,1438,0.0,,,-0.3407284617424011,0.13180306553840637,,,,,
33,6.713607503212911,2.9237015170706773,3.5689510412515246,tumor_110,123,1.0,macro,1438,0.08553546592489569,0.99289972899729,0.17477324604988098,-0.3407284617424011,0.13180306553840637,3.91115140914917,0.33816824309353494,1.0519245896048743,True,0.9873170731707317
34,0.0016945820042471981,0.04645006802582857,0.0859270062148572,tumor_110,0,0.0,ITC,1438,0.0,,,-0.3407284617424011,0.13180306553840637,,,,,
35,0.0024430452389887732,0.05577259011250484,0.07540332425917115,tumor_110,0,0.0,ITC,1438,0.0,,,-0.3407284617424011,0.13180306553840637,,,,,
36,0.07696513556536054,0.31304161730945573,0.4821069492234911,tumor_110,2,0.6796875,micro,1438,0.0013908205841446453,0.9966666666666667,0.24556341767311096,-0.3407284617424011,0.13180306553840637,4.448241710662842,0.9046697336537829,1.3606677954169122,True,0.9933333333333333
37,0.061119129083415644,0.27896109422064175,0.35047897169221315,tumor_110,2,0.5,micro,1438,0.0013908205841446453,0.9433333333333334,-0.07329718768596649,-0.3407284617424011,0.13180306553840637,2.0290215015411377,0.9046697336537829,0.28310572268215045,False,0.9716666666666667
38,0.6217342016432189,0.8897283696985794,1.4083758979577834,tumor_110,0,0.0,micro,1438,0.0,,,-0.3407284617424011,0.13180306553840637,,,,,
0,0.4952161077298858,0.7940583930363806,1.2643391319693387,tumor_111,14,0.6953125,micro,316,0.04430379746835443,0.9985714285714286,0.08295867592096329,-0.3956160545349121,0.07539729028940201,6.347373008728027,0.541491395603934,3.499908666585448,True,1.0
1,0.010254590595018265,0.11426526270326663,0.15357347899321863,tumor_111,1,0.015625,ITC,316,0.0031645569620253164,0.9933333333333333,-0.1410398632287979,-0.3956160545349121,0.07539729028940201,3.3764636516571045,1.0,0.9903593983109403,False,1.0
2,0.0012573935157603035,0.04001203753321736,0.055517523497090535,tumor_111,0,0.0,ITC,316,0.0,,,-0.3956160545349121,0.07539729028940201,,,,,
3,0.0018701408435224858,0.04879689822311663,0.058976090628750026,tumor_111,0,0.0,ITC,316,0.0,,,-0.3956160545349121,0.07539729028940201,,,,,
4,0.011445906618079376,0.12072025899361123,0.16343901918359557,tumor_111,0,0.0,ITC,316,0.0,,,-0.3956160545349121,0.07539729028940201,,,,,
5,0.002100035583214371,0.05170926754363774,0.07266267495830084,tumor_111,1,0.13566698133945465,ITC,316,0.0031645569620253164,0.9933333333333333,-0.13413718342781067,-0.3956160545349121,0.07539729028940201,3.4680142402648926,1.0,1.0447933840998862,True,1.0
6,0.000577031705538763,0.027105342389608898,0.03549420366749994,tumor_111,0,0.0,ITC,316,0.0,,,-0.3956160545349121,0.07539729028940201,,,,,
7,0.002617233562966587,0.05772664263732272,0.07725002104368646,tumor_111,0,0.0,ITC,316,0.0,,,-0.3956160545349121,0.07539729028940201,,,,,
8,0.0008106167831523514,0.03212645862736169,0.045758906674001724,tumor_111,0,0.0,ITC,316,0.0,,,-0.3956160545349121,0.07539729028940201,,,,,
0,1.3509955233165565,1.3115414309303444,1.598801223065036,test_001,27,0.96875,micro,423,0.06382978723404255,0.9914814814814815,0.1978963017463684,-0.33244064450263977,0.13550400733947754,3.9138102531433105,0.4549968534392222,1.2664931348764341,True,0.9893827160493828
1,0.0064777493220878,0.09081699509322899,0.11510546605450504,test_001,1,0.41847705841064453,ITC,423,0.002364066193853428,0.9966666666666667,0.17564934492111206,-0.33244064450263977,0.13550400733947754,3.749630928039551,1.0,1.1624662481686454,True,1.0
2,0.0006611594462572975,0.029014037160484816,0.033815282664822546,test_001,0,0.0,ITC,423,0.0,,,-0.33244064450263977,0.13550400733947754,,,,,
3,0.010633584850464523,0.11635764149340674,0.1482603476422348,test_001,1,0.40625,ITC,423,0.002364066193853428,1.0,0.3024308383464813,-0.33244064450263977,0.13550400733947754,4.685259819030762,1.0,1.8149750769338402,True,1.0
4,0.00018631534442591286,0.015402079869745655,0.02160536218004537,test_001,0,0.0,ITC,423,0.0,,,-0.33244064450263977,0.13550400733947754,,,,,
5,0.006871784038878442,0.09353837277385119,0.12588303297106063,test_001,0,0.0,ITC,423,0.0,,,-0.33244064450263977,0.13550400733947754,,,,,
6,0.0837678859364571,0.3265831975977357,0.4599048947202886,test_001,4,0.2578125,micro,423,0.009456264775413711,0.9441666666666667,0.026448745280504227,-0.33244064450263977,0.13550400733947754,2.6485519409179688,0.7707608660298263,0.5799897191747373,True,0.9975
7,0.0008157335938581197,0.03222769414136063,0.04002371436221129,test_001,0,0.0,ITC,423,0.0,,,-0.33244064450263977,0.13550400733947754,,,,,
8,0.0012609936276056042,0.04006927691294791,0.06376170301367345,test_001,0,0.0,ITC,423,0.0,,,-0.33244064450263977,0.13550400733947754,,,,,
9,0.02187800039236149,0.16690097441083457,0.35746272465503953,test_001,2,0.3984375,micro,423,0.004728132387706856,0.99,0.10971244424581528,-0.33244064450263977,0.13550400733947754,3.263025999069214,0.8853804330149132,0.880327715523606,True,1.0
10,0.7070935714860781,0.9488411337226555,1.786434782012498,test_001,17,0.75,micro,423,0.04018912529550828,0.9866666666666667,0.12820065021514893,-0.33244064450263977,0.13550400733947754,3.3994662761688232,0.5314967790682534,0.9554869967199261,True,0.9998039215686274
11,0.014229373905490127,0.13460089729750188,0.19884255497125394,test_001,0,0.0,ITC,423,0.0,,,-0.33244064450263977,0.13550400733947754,,,,,
12,0.009512551775087917,0.11005342834906418,0.20016065024967025,test_001,0,0.0,micro,423,0.0,,,-0.33244064450263977,0.13550400733947754,,,,,
13,0.002940135848390997,0.06118412562965074,0.08646367472764971,test_001,0,0.0,ITC,423,0.0,,,-0.33244064450263977,0.13550400733947754,,,,,
14,0.0011094384270161591,0.03758431691178848,0.05728496798105651,test_001,1,0.07167220115661621,ITC,423,0.002364066193853428,1.0,0.2514069676399231,-0.33244064450263977,0.13550400733947754,4.308711051940918,1.0,1.5349634832666832,True,1.0
15,0.007080114708242154,0.09494567935295935,0.13159677030416306,test_001,0,0.0,ITC,423,0.0,,,-0.33244064450263977,0.13550400733947754,,,,,
16,0.0011618857872107134,0.038462435319964135,0.042845490648537626,test_001,0,0.0,ITC,423,0.0,,,-0.33244064450263977,0.13550400733947754,,,,,
17,0.00036072877860969115,0.021431148962430233,0.029202845226727822,test_001,0,0.0,ITC,423,0.0,,,-0.33244064450263977,0.13550400733947754,,,,,
18,0.01305065358212709,0.12890542356861412,0.18742227963405497,test_001,1,0.265625,ITC,423,0.002364066193853428,0.9966666666666667,0.15375517308712006,-0.33244064450263977,0.13550400733947754,3.588054895401001,1.0,1.0644406819394279,True,0.9966666666666667
19,3.6230589319616495,2.147794660827593,2.4703456004393627,test_001,68,1.0,macro,423,0.1607565011820331,0.9911274509803921,0.18472445011138916,-0.33244064450263977,0.13550400733947754,3.816603422164917,0.3022576450980798,1.204362924160078,True,0.9977941176470588
20,0.000331857479762023,0.020555633448015087,0.02394250763711988,test_001,0,0.0,ITC,423,0.0,,,-0.33244064450263977,0.13550400733947754,,,,,
21,0.002593989056137991,0.05746972633382841,0.08970566667381408,test_001,0,0.0,ITC,423,0.0,,,-0.33244064450263977,0.13550400733947754,,,,,
22,0.0007444996236779845,0.030788412786424326,0.03980361956220715,test_001,0,0.0,ITC,423,0.0,,,-0.33244064450263977,0.13550400733947754,,,,,
23,0.002626002656877713,0.05782326890894622,0.06432552570401216,test_001,0,0.0,ITC,423,0.0,,,-0.33244064450263977,0.13550400733947754,,,,,
24,0.005210104442245036,0.08144759669914588,0.13149212834971366,test_001,0,0.0,ITC,423,0.0,,,-0.33244064450263977,0.13550400733947754,,,,,
25,0.0022772980214707575,0.053847431657263974,0.07552558074590933,test_001,0,0.0,ITC,423,0.0,,,-0.33244064450263977,0.13550400733947754,,,,,
26,0.0001450397959427322,0.013589348908413724,0.016994737891982446,test_001,0,0.0,ITC,423,0.0,,,-0.33244064450263977,0.13550400733947754,,,,,
27,0.0009253312340224986,0.03432445657451888,0.08412491139278666,test_001,0,0.0,ITC,423,0.0,,,-0.33244064450263977,0.13550400733947754,,,,,
28,0.00011601874419848907,0.012153997410071699,0.013993195036181199,test_001,1,0.0074950698763132095,ITC,423,0.002364066193853428,0.93,-0.07853449881076813,-0.33244064450263977,0.13550400733947754,1.8737906217575073,1.0,0.29029892573439353,False,1.0
29,0.0010261293450032,0.03614565617154107,0.046677806989117644,test_001,0,0.0,ITC,423,0.0,,,-0.33244064450263977,0.13550400733947754,,,,,
0,1.1055071462003438,1.1864128352009662,1.4474365112924623,test_002,25,1.0,micro,353,0.0708215297450425,0.9564,0.1278955638408661,-0.347667932510376,0.09931918233633041,4.788234233856201,0.45130940906360756,1.9540877795435996,True,0.9928
1,0.5811957412014814,0.8602333409775453,2.1654385539110725,test_002,14,0.71875,macro,353,0.039660056657223795,0.9911904761904762,0.07758909463882446,-0.347667932510376,0.09931918233633041,4.281721115112305,0.5501454531067832,1.5625360548866798,True,0.9542857142857143
2,0.21888381321733888,0.5279124233154027,1.2552328696096067,test_002,6,0.5390625,micro,353,0.0169971671388102,0.8311111111111111,-0.19786107540130615,-0.347667932510376,0.09931918233633041,1.5083376169204712,0.6945761143094504,0.1939056298046757,False,0.9327777777777778
3,0.104270141376,0.36436364710965513,0.5261178403817912,test_002,3,0.8125,micro,353,0.0084985835694051,0.9966666666666667,0.14753735065460205,-0.347667932510376,0.09931918233633041,4.985998153686523,0.8127302018853213,2.1188368663479187,True,1.0
4,0.06546175631618116,0.28870139731144123,0.5717054136668639,test_002,3,0.390625,micro,353,0.0084985835694051,0.9977777777777778,0.11142485588788986,-0.347667932510376,0.09931918233633041,4.6223978996276855,0.8127302018853213,1.8210754865723957,True,1.0
5,0.005800265172,0.08593676155720845,0.1279242106248852,test_002,1,0.3747100830078125,ITC,353,0.0028328611898017,0.9966666666666667,0.042018160223960876,-0.347667932510376,0.09931918233633041,3.9235734939575195,1.0,1.3120696143816961,True,1.0
6,0.00019296946003635406,0.015674704062421007,0.02226557670829747,test_002,0,0.0,ITC,353,0.0,,,-0.347667932510376,0.09931918233633041,,,,,
7,0.0009817182935345763,0.03535480947647922,0.03901815065133149,test_002,0,0.0,ITC,353,0.0,,,-0.347667932510376,0.09931918233633041,,,,,
8,0.000419094795041462,0.02309995813934448,0.03742354279930811,test_002,1,0.027074459940195084,ITC,353,0.0028328611898017,0.9966666666666667,0.031938642263412476,-0.347667932510376,0.09931918233633041,3.822087287902832,1.0,1.2450720855015582,True,1.0
9,0.004469591440205613,0.07543779272009206,0.17889293603314482,test_002,0,0.0,ITC,353,0.0,,,-0.347667932510376,0.09931918233633041,,,,,
10,0.0017817354239339906,0.04762957064690198,0.0632485055906239,test_002,0,0.0,ITC,353,0.0,,,-0.347667932510376,0.09931918233633041,,,,,
11,0.0011434529229285965,0.038156119810794406,0.06775348744699498,test_002,0,0.0,ITC,353,0.0,,,-0.347667932510376,0.09931918233633041,,,,,
12,0.0002179961770911026,0.016660172666376583,0.020884573669715044,test_002,0,0.0,ITC,353,0.0,,,-0.347667932510376,0.09931918233633041,,,,,
13,0.001092847277142334,0.03730223008901435,0.06552038880379145,test_002,0,0.0,ITC,353,0.0,,,-0.347667932510376,0.09931918233633041,,,,,
14,0.0011816035627019348,0.03878742556850168,0.061847656282055234,test_002,0,0.0,ITC,353,0.0,,,-0.347667932510376,0.09931918233633041,,,,,
15,0.0003268947650622597,0.020401356372657664,0.027143096435014575,test_002,0,0.0,ITC,353,0.0,,,-0.347667932510376,0.09931918233633041,,,,,
16,0.00016815363349012756,0.014632151439570786,0.018748831883613443,test_002,0,0.0,ITC,353,0.0,,,-0.347667932510376,0.09931918233633041,,,,,
17,0.0012810786221184082,0.04038712618639746,0.0620514260958055,test_002,0,0.0,ITC,353,0.0,,,-0.347667932510376,0.09931918233633041,,,,,
18,0.00029531114968369673,0.019390766714559988,0.02223582782920393,test_002,0,0.0,ITC,353,0.0,,,-0.347667932510376,0.09931918233633041,,,,,
19,0.00032336439040942384,0.020290892765683282,0.026687077860602048,test_002,0,0.0,ITC,353,0.0,,,-0.347667932510376,0.09931918233633041,,,,,
20,0.0008468453048131714,0.03283651824358716,0.039348770771582206,test_002,0,0.0,ITC,353,0.0,,,-0.347667932510376,0.09931918233633041,,,,,
21,0.0006896080425454102,0.029631676127688505,0.04348411827952786,test_002,0,0.0,ITC,353,0.0,,,-0.347667932510376,0.09931918233633041,,,,,
22,0.0004819260219776573,0.02477109744881846,0.02948393737834644,test_002,0,0.0,ITC,353,0.0,,,-0.347667932510376,0.09931918233633041,,,,,
0,0.007163204915982513,0.09550118201399528,0.1903092461519507,test_004,0,0.0,ITC,301,0.0,,,-0.3647896647453308,0.09881337732076645,,,,,
1,0.00822559954008252,0.10233845129563195,0.35424325866752693,test_004,1,0.15625,micro,301,0.0033222591362126247,0.99,-0.05935332924127579,-0.3647896647453308,0.09881337732076645,3.0910425186157227,1.0,0.8370737035611358,False,1.0
2,0.0048421092729446415,0.0785185647235222,0.12956384210505628,test_004,0,0.0,ITC,301,0.0,,,-0.3647896647453308,0.09881337732076645,,,,,
0,0.13816485420607205,0.4194245534869642,0.5088498475075778,test_008,5,0.25,micro,306,0.016339869281045753,0.906,-0.06692026555538177,-0.3522249758243561,0.11905328929424286,2.3964455127716064,0.7188059784618032,0.5016917712749812,True,0.9446666666666667
1,0.0006428289953098097,0.028609007276220268,0.038477607212880925,test_008,0,0.0,ITC,306,0.0,,,-0.3522249758243561,0.11905328929424286,,,,,
2,0.0014099472390979386,0.04236980742002091,0.04854213884888128,test_008,0,0.0,ITC,306,0.0,,,-0.3522249758243561,0.11905328929424286,,,,,
3,0.001342431102785923,0.041342911921506825,0.06995424163548312,test_008,0,0.0,ITC,306,0.0,,,-0.3522249758243561,0.11905328929424286,,,,,
4,0.006394926047784234,0.09023454288517137,0.2095455427598084,test_008,1,0.1875,micro,306,0.0032679738562091504,0.8633333333333333,-0.17182758450508118,-0.3522249758243561,0.11905328929424286,1.515265941619873,1.0,0.20057628504990324,False,0.97
5,0.0011576129332263793,0.038391647061316495,0.07667244160607217,test_008,0,0.0,ITC,306,0.0,,,-0.3522249758243561,0.11905328929424286,,,,,
6,0.000791715826238142,0.0317497070562718,0.04626661394154924,test_008,0,0.0,ITC,306,0.0,,,-0.3522249758243561,0.11905328929424286,,,,,
0,0.006037127929645511,0.08767388446196385,0.10819291272158447,test_010,1,0.3900119364261627,ITC,302,0.0033112582781456954,1.0,0.007457233499735594,-0.2995694875717163,0.11084532737731934,2.7698659896850586,1.0,0.6717674157703308,False,1.0
1,0.02653552600583258,0.18380990465960845,0.251528357472606,test_010,1,0.421875,micro,302,0.0033112582781456954,1.0,0.1571309119462967,-0.2995694875717163,0.11084532737731934,4.120159149169922,1.0,1.486378458461806,True,1.0
0,0.000230063100544693,0.017115064633178717,0.02257975917669174,test_011,0,0.0,ITC,302,0.0,,,-0.36010366678237915,0.07610790431499481,,,,,
1,0.0007927379977342072,0.03177019621169133,0.058077,test_011,1,0.05121264606714249,ITC,302,0.0033112582781456954,0.77,-0.32255876064300537,-0.36010366678237915,0.07610790431499481,0.4933115243911743,1.0,0.02130806149493677,False,0.4533333333333333
2,0.00014827685718431854,0.013740158592102293,0.018418866427362176,test_011,0,0.0,ITC,302,0.0,,,-0.36010366678237915,0.07610790431499481,,,,,
3,0.00015798378079872894,0.014182778188342134,0.0158008452753039,test_011,0,0.0,ITC,302,0.0,,,-0.36010366678237915,0.07610790431499481,,,,,
4,9.339957474296952e-05,0.010905046172492638,0.016162959512358684,test_011,0,0.0,ITC,302,0.0,,,-0.36010366678237915,0.07610790431499481,,,,,
5,0.003277938597453369,0.06460341359008319,0.0990128838889162,test_011,1,0.21176216006278992,ITC,302,0.0033112582781456954,1.0,0.0001979619264602661,-0.36010366678237915,0.07610790431499481,4.734089374542236,1.0,1.962340306422172,True,1.0
6,0.0017186774612177583,0.046779141807727555,0.0684129597396806,test_011,0,0.0,ITC,302,0.0,,,-0.36010366678237915,0.07610790431499481,,,,,
7,0.003410520499210831,0.06589696174881766,0.09578443461617646,test_011,0,0.0,ITC,302,0.0,,,-0.36010366678237915,0.07610790431499481,,,,,
8,0.0005273771032249146,0.02591288063519452,0.0317195271102846,test_011,0,0.0,ITC,302,0.0,,,-0.36010366678237915,0.07610790431499481,,,,,
0,0.006165651385550858,0.08860220743940017,0.14328667190882868,test_013,0,0.0,ITC,302,0.0,,,-0.3458797335624695,0.13656803965568542,,,,,
1,0.012309987261531968,0.12519409960764372,0.29318680186529095,test_013,2,0.2421875,micro,302,0.006622516556291391,0.5483333333333333,-0.32179930806159973,-0.3458797335624695,0.13656803965568542,0.1763254851102829,0.878617277052848,0.002722272485470731,False,1.0
0,0.019399651407013295,0.1571636195990868,0.17621532530768094,test_016,0,0.0,ITC,1048,0.0,,,-0.35078710317611694,0.08827206492424011,,,,,
1,0.010999353883907825,0.1183419297270741,0.1668680420543805,test_016,0,0.0,ITC,1048,0.0,,,-0.35078710317611694,0.08827206492424011,,,,,
2,0.0014910442426275402,0.04357128059471141,0.09768273742024594,test_016,1,0.09632478654384613,ITC,1048,0.0009541984732824427,0.9566666666666667,-0.15015572309494019,-0.35078710317611694,0.08827206492424011,2.2728750705718994,1.0,0.37140397846636575,False,0.9966666666666667
3,0.02497122423112754,0.1783097029651513,0.3196621720034537,test_016,2,0.171875,micro,1048,0.0019083969465648854,0.9883333333333333,-0.09396672993898392,-0.35078710317611694,0.08827206492424011,2.9094185829162598,0.9003331166395788,0.6085662142259425,True,0.9966666666666667
4,0.17870879183765515,0.4770105876807631,0.7213132946570513,test_016,5,0.90625,micro,1048,0.004770992366412214,1.0,0.0822397917509079,-0.35078710317611694,0.08827206492424011,4.9055938720703125,0.7685806633955763,1.73012946504057,True,0.998
5,0.003187297203924133,0.06370394682325438,0.07772887543591529,test_016,0,0.0,ITC,1048,0.0,,,-0.35078710317611694,0.08827206492424011,,,,,
6,0.22187356665181898,0.5315055963887199,0.7487086132869174,test_016,5,0.640625,micro,1048,0.004770992366412214,0.9993333333333333,0.07589998096227646,-0.35078710317611694,0.08827206492424011,4.833772659301758,0.7685806633955763,1.6798397857724732,True,0.998
7,0.01571663335398912,0.14146037995284255,0.2550625279134791,test_016,1,0.078125,micro,1048,0.0009541984732824427,1.0,-0.0013616383075714111,-0.35078710317611694,0.08827206492424011,3.958505630493164,1.0,1.1265694115171165,True,1.0
8,0.0059025869850039365,0.08669144805311599,0.10520700253023199,test_016,1,0.3813202977180481,ITC,1048,0.0009541984732824427,1.0,0.017695963382720947,-0.35078710317611694,0.08827206492424011,4.174401760101318,1.0,1.2528062486990965,True,0.9966666666666667
9,0.000766848896416214,0.031247117303099214,0.03783095708983321,test_016,0,0.0,ITC,1048,0.0,,,-0.35078710317611694,0.08827206492424011,,,,,
10,0.000921412506083107,0.03425169834852778,0.036389718370658505,test_016,0,0.0,ITC,1048,0.0,,,-0.35078710317611694,0.08827206492424011,,,,,
11,0.0011989844690738296,0.03907165775275082,0.05240542827132008,test_016,0,0.0,ITC,1048,0.0,,,-0.35078710317611694,0.08827206492424011,,,,,
12,0.03405093495879419,0.20821862770833388,0.3752601706146022,test_016,2,0.296875,micro,1048,0.0019083969465648854,1.0,0.05379372462630272,-0.35078710317611694,0.08827206492424011,4.583339214324951,0.9003331166395788,1.5102867856768538,True,0.9966666666666667
13,0.001052871633038864,0.03661362859257425,0.04635257928430677,test_016,0,0.0,ITC,1048,0.0,,,-0.35078710317611694,0.08827206492424011,,,,,
14,0.003417841020507317,0.06596764619817733,0.08082085335483205,test_016,0,0.0,ITC,1048,0.0,,,-0.35078710317611694,0.08827206492424011,,,,,
15,0.0005527316379175873,0.026528471102249932,0.03665381810396104,test_016,1,0.03570769727230072,ITC,1048,0.0009541984732824427,0.5666666666666667,-0.353656530380249,-0.35078710317611694,0.08827206492424011,-0.03250662982463837,1.0,7.59695077692687e-05,False,0.96
16,0.01311121449728119,0.12920416702817045,0.28558822040977716,test_016,0,0.0,micro,1048,0.0,,,-0.35078710317611694,0.08827206492424011,,,,,
17,0.0007967129162277489,0.03184974710641268,0.04217097166901346,test_016,0,0.0,ITC,1048,0.0,,,-0.35078710317611694,0.08827206492424011,,,,,
18,0.005462122255633301,0.08339418477358206,0.09959318411353411,test_016,1,0.3528653085231781,ITC,1048,0.0009541984732824427,1.0,0.09634804725646973,-0.35078710317611694,0.08827206492424011,5.065420627593994,1.0,1.8447029840775075,True,1.0
19,0.015513490423681183,0.14054319437205465,0.18743018346998963,test_016,1,0.1875,ITC,1048,0.0009541984732824427,0.9966666666666667,-0.08992050588130951,-0.35078710317611694,0.08827206492424011,2.955256462097168,1.0,0.6278931894558212,False,0.9966666666666667
20,0.0009596951174791833,0.034955997689434554,0.043315704480397926,test_016,0,0.0,ITC,1048,0.0,,,-0.35078710317611694,0.08827206492424011,,,,,
21,0.08211276520720587,0.32334071780301366,0.5056490333871181,test_016,3,0.515625,micro,1048,0.0028625954198473282,1.0,0.05088753625750542,-0.35078710317611694,0.08827206492424011,4.550415992736816,0.842031727309983,1.4886672125792204,True,0.9966666666666667
22,0.0008933215204357568,0.03372554352388922,0.040408819527910346,test_016,0,0.0,ITC,1048,0.0,,,-0.35078710317611694,0.08827206492424011,,,,,
23,0.00827670885259282,0.10265589613549127,0.1498912150151039,test_016,0,0.0,ITC,1048,0.0,,,-0.35078710317611694,0.08827206492424011,,,,,
24,0.002896564681092659,0.0607290761979002,0.08458818301982005,test_016,0,0.0,ITC,1048,0.0,,,-0.35078710317611694,0.08827206492424011,,,,,
25,0.0027693514417752685,0.059380533585827684,0.09608285134418648,test_016,0,0.0,ITC,1048,0.0,,,-0.35078710317611694,0.08827206492424011,,,,,
26,0.002003780357573868,0.05051031964090717,0.07593362704484462,test_016,0,0.0,ITC,1048,0.0,,,-0.35078710317611694,0.08827206492424011,,,,,
27,0.00023412886231075858,0.017265634250090898,0.022958136302593506,test_016,1,0.015125247649848461,ITC,1048,0.0009541984732824427,0.9966666666666667,-0.10648056864738464,-0.35078710317611694,0.08827206492424011,2.7676539421081543,1.0,0.5507049677264506,False,0.9966666666666667
28,29.586445955530674,6.137640668754678,12.008719691726153,test_016,531,1.0,macro,1048,0.5066793893129771,0.9983490269930948,0.16121156513690948,-0.35078710317611694,0.08827206492424011,5.800234317779541,0.09775875596822714,2.4187250261860447,True,0.9975204017576899
29,9.97401991764782,3.563610048690142,4.917861211266209,test_016,188,1.0,macro,1048,0.17938931297709923,0.9949468085106383,0.19706527888774872,-0.35078710317611694,0.08827206492424011,6.20640754699707,0.24705767408390675,2.7693382350832794,True,0.9979078014184397
30,0.0005117689708487663,0.025526544839697084,0.05735375007238381,test_016,0,0.0,ITC,1048,0.0,,,-0.35078710317611694,0.08827206492424011,,,,,
31,0.018731070572437683,0.15443166698592864,0.22547163517853908,test_016,1,0.671875,micro,1048,0.0009541984732824427,1.0,0.062448933720588684,-0.35078710317611694,0.08827206492424011,4.681390762329102,1.0,1.5755972305253034,True,1.0
32,0.001006658622504204,0.03580108331071811,0.06681704238357174,test_016,0,0.0,ITC,1048,0.0,,,-0.35078710317611694,0.08827206492424011,,,,,
33,0.004416088673573822,0.07498492336630906,0.11539802385402889,test_016,1,0.2852891981601715,ITC,1048,0.0009541984732824427,0.9866666666666667,-0.1275266855955124,-0.35078710317611694,0.08827206492424011,2.5292305946350098,1.0,0.459909387469484,False,0.9966666666666667
34,0.0003269717193947697,0.02040375757412026,0.02941741056882504,test_016,0,0.0,ITC,1048,0.0,,,-0.35078710317611694,0.08827206492424011,,,,,
35,0.0006682308282303086,0.029168783236774874,0.042695882019006884,test_016,0,0.0,ITC,1048,0.0,,,-0.35078710317611694,0.08827206492424011,,,,,
36,0.001751135191189934,0.04721879470719677,0.09074180415028141,test_016,0,0.0,ITC,1048,0.0,,,-0.35078710317611694,0.08827206492424011,,,,,
37,0.0004450882745852394,0.023805545406477654,0.04442794038603325,test_016,0,0.0,ITC,1048,0.0,,,-0.35078710317611694,0.08827206492424011,,,,,
38,0.0006816568918766556,0.02946035489736366,0.03953576706535978,test_016,0,0.0,ITC,1048,0.0,,,-0.35078710317611694,0.08827206492424011,,,,,
39,0.00019003088872730827,0.015554897693291858,0.019864546919922614,test_016,0,0.0,ITC,1048,0.0,,,-0.35078710317611694,0.08827206492424011,,,,,
40,0.0003138684334394074,0.019990740388968333,0.024892831499464592,test_016,0,0.0,ITC,1048,0.0,,,-0.35078710317611694,0.08827206492424011,,,,,
41,0.00021056596945693589,0.01637378756085675,0.026240444849921305,test_016,0,0.0,ITC,1048,0.0,,,-0.35078710317611694,0.08827206492424011,,,,,
42,0.0002364228493080826,0.01735001213307971,0.028791402572641612,test_016,0,0.0,ITC,1048,0.0,,,-0.35078710317611694,0.08827206492424011,,,,,
43,0.00111657104678286,0.03770493881801524,0.08816235633266112,test_016,0,0.0,ITC,1048,0.0,,,-0.35078710317611694,0.08827206492424011,,,,,
44,0.014973924466530121,0.13807748828344005,0.24969886709254807,test_016,1,0.234375,micro,1048,0.0009541984732824427,1.0,0.054469525814056396,-0.35078710317611694,0.08827206492424011,4.5909953117370605,1.0,1.5153366236474133,True,1.0
45,0.0003646752772772942,0.021548062187043904,0.030809973749546242,test_016,0,0.0,ITC,1048,0.0,,,-0.35078710317611694,0.08827206492424011,,,,,
46,0.0033488618029948883,0.06529857025560505,0.1308758746481005,test_016,1,0.015625,ITC,1048,0.0009541984732824427,0.8433333333333334,-0.25843346118927,-0.35078710317611694,0.08827206492424011,1.046238660812378,1.0,0.07869677754987281,False,0.9966666666666667
47,0.0006080098099630394,0.027823409813174466,0.03517807099558066,test_016,0,0.0,ITC,1048,0.0,,,-0.35078710317611694,0.08827206492424011,,,,,
48,0.020327700953379227,0.16087893804781625,0.27905535876401244,test_016,1,0.171875,micro,1048,0.0009541984732824427,0.9966666666666667,-0.07469125092029572,-0.35078710317611694,0.08827206492424011,3.1277830600738525,1.0,0.7033454260498375,False,0.9966666666666667
49,0.0005488419109596061,0.026434962168344137,0.035297714876398927,test_016,0,0.0,ITC,1048,0.0,,,-0.35078710317611694,0.08827206492424011,,,,,
50,0.0004988674300871372,0.025202732779747262,0.032964947880044136,test_016,0,0.0,ITC,1048,0.0,,,-0.35078710317611694,0.08827206492424011,,,,,
51,0.0010876189808680114,0.03721289421753848,0.05060328200572901,test_016,0,0.0,ITC,1048,0.0,,,-0.35078710317611694,0.08827206492424011,,,,,
0,48.81252101772002,7.8835291613577105,8.990926242247403,test_021,827,1.0,macro,3851,0.21474941573617243,0.9882910116888352,0.16927160322666168,-0.2892671823501587,0.15954144299030304,2.8741044998168945,0.1863211019381911,0.5002657761146491,True,0.997738814993954
1,0.048881782280124755,0.24947588704359663,0.28475578087580916,test_021,2,0.3046875,micro,3851,0.0005193456245131135,0.9983333333333333,0.1788809597492218,-0.2892671823501587,0.15954144299030304,2.934335708618164,0.9160441156483073,0.5214531332100176,True,0.9916666666666667
2,161.0496742441486,14.319735120258546,20.943620960362225,test_021,2711,1.0,macro,3851,0.7039729940275253,0.9727628181482848,0.13593202829360962,-0.2892671823501587,0.15954144299030304,2.665133237838745,0.042515932318911535,0.4301634781695798,True,0.9954395671953769
3,0.008772400538669312,0.10568522729355229,0.1677094388399174,test_021,1,0.5,ITC,3851,0.00025967281225655674,0.7166666666666667,-0.15035128593444824,-0.2892671823501587,0.15954144299030304,0.8707197904586792,1.0,0.0459147807780296,False,0.9966666666666667
4,0.0008183132669882813,0.032278612292211434,0.04068793021795725,test_021,0,0.0,ITC,3851,0.0,,,-0.2892671823501587,0.15954144299030304,,,,,
5,0.0017386870684905397,0.04705066558000864,0.06061317303178982,test_021,1,0.11232306808233261,ITC,3851,0.00025967281225655674,0.45,-0.3606390357017517,-0.2892671823501587,0.15954144299030304,-0.4473561942577362,1.0,0.012119999283988506,False,0.93
6,0.010686901294146973,0.11664898344344589,0.21490440601052654,test_021,1,0.390625,micro,3851,0.00025967281225655674,0.6166666666666667,-0.23758554458618164,-0.2892671823501587,0.15954144299030304,0.32393863797187805,1.0,0.00635508242343504,False,0.9666666666666667
7,0.0023308241874378664,0.05447657778597234,0.11388656139034722,test_021,0,0.0,ITC,3851,0.0,,,-0.2892671823501587,0.15954144299030304,,,,,
8,0.0009243350112590332,0.034305974536780366,0.045570042045594825,test_021,0,0.0,ITC,3851,0.0,,,-0.2892671823501587,0.15954144299030304,,,,,
9,0.02956633809061377,0.19402327399046482,0.22320867610056647,test_021,1,0.421875,micro,3851,0.00025967281225655674,0.7,-0.16304031014442444,-0.2892671823501587,0.15954144299030304,0.7911854982376099,1.0,0.03790987223462751,False,0.98
10,0.0019482239298652955,0.049805177938682624,0.055360891923456355,test_021,0,0.0,ITC,3851,0.0,,,-0.2892671823501587,0.15954144299030304,,,,,
11,0.011077334983265625,0.11876068773366048,0.21353089402923875,test_021,1,0.375,micro,3851,0.00025967281225655674,1.0,0.19410590827465057,-0.2892671823501587,0.15954144299030304,3.0297651290893555,1.0,0.5559216779584121,False,1.0
12,0.006475660800692872,0.0908023535473257,0.14489970288813328,test_021,1,0.078125,ITC,3851,0.00025967281225655674,0.9833333333333333,-0.00483345240354538,-0.2892671823501587,0.15954144299030304,1.7828203439712524,1.0,0.19249118513280103,False,0.9966666666666667
13,0.005248834770016296,0.08174976448263103,0.12565618136854728,test_021,0,0.0,ITC,3851,0.0,,,-0.2892671823501587,0.15954144299030304,,,,,
14,0.010537278004702881,0.11582952581037247,0.22235509094890196,test_021,0,0.0,micro,3851,0.0,,,-0.2892671823501587,0.15954144299030304,,,,,
15,0.08404187736454541,0.3271168624120777,0.7839311912637805,test_021,3,0.5,micro,3851,0.0007790184367696703,0.83,-0.0763181522488594,-0.2892671823501587,0.15954144299030304,1.334756851196289,0.8669330715876852,0.10789467257008409,False,0.9822222222222222
16,0.0031886540334607545,0.06371750473677945,0.08130934496078826,test_021,0,0.0,ITC,3851,0.0,,,-0.2892671823501587,0.15954144299030304,,,,,
17,0.0021892786707266238,0.052796554603632695,0.07233639784214008,test_021,0,0.0,ITC,3851,0.0,,,-0.2892671823501587,0.15954144299030304,,,,,
18,0.0006456667673984985,0.028672085047535146,0.04026926636199289,test_021,0,0.0,ITC,3851,0.0,,,-0.2892671823501587,0.15954144299030304,,,,,
19,0.00038035749638915635,0.022006503710020265,0.02742780085971167,test_021,0,0.0,ITC,3851,0.0,,,-0.2892671823501587,0.15954144299030304,,,,,
20,0.0025530776941725085,0.05701473038611779,0.12482987834724757,test_021,1,0.16493451595306396,ITC,3851,0.00025967281225655674,0.9466666666666667,-0.03554666042327881,-0.2892671823501587,0.15954144299030304,1.590311050415039,1.0,0.15316510652991072,False,1.0
21,0.0002188679735951958,0.016693452580501575,0.021326580850656866,test_021,0,0.0,ITC,3851,0.0,,,-0.2892671823501587,0.15954144299030304,,,,,
22,0.0004006455489889755,0.022585786601198827,0.03259655294935136,test_021,1,0.025882598012685776,ITC,3851,0.00025967281225655674,0.9333333333333333,-0.0462651289999485,-0.2892671823501587,0.15954144299030304,1.5231281518936157,1.0,0.14049749284949137,False,0.9666666666666667
23,0.0004239259001580734,0.023232718741436818,0.02758781353398076,test_021,0,0.0,ITC,3851,0.0,,,-0.2892671823501587,0.15954144299030304,,,,,
24,0.00021548885884490205,0.016564085743897332,0.01977432106694161,test_021,0,0.0,ITC,3851,0.0,,,-0.2892671823501587,0.15954144299030304,,,,,
0,16.628833635287975,4.601357252732157,5.948710825435602,test_026,319,1.0,macro,687,0.4643377001455604,0.9871995820271683,-0.013937139883637428,-0.38781094551086426,0.06932384520769119,5.393148422241211,0.11743783387676518,2.226313642502485,True,0.9961650992685476
1,0.00025078780160520174,0.017869329767535753,0.020292570787475872,test_026,0,0.0,ITC,687,0.0,,,-0.38781094551086426,0.06932384520769119,,,,,
2,0.00018341074782052375,0.015281551526417053,0.01953545951440086,test_026,0,0.0,ITC,687,0.0,,,-0.38781094551086426,0.06932384520769119,,,,,
3,0.0013965719452949724,0.04216836050663188,0.05989617294813072,test_026,0,0.0,ITC,687,0.0,,,-0.38781094551086426,0.06932384520769119,,,,,
4,0.000612890506281169,0.02793486046483746,0.03824055798428912,test_026,0,0.0,ITC,687,0.0,,,-0.38781094551086426,0.06932384520769119,,,,,
5,0.001190886349930235,0.03893948630909879,0.05529418728898623,test_026,0,0.0,ITC,687,0.0,,,-0.38781094551086426,0.06932384520769119,,,,,
6,0.002266754588808409,0.053722635645328864,0.06991653650220109,test_026,0,0.0,ITC,687,0.0,,,-0.38781094551086426,0.06932384520769119,,,,,
7,0.0006104408382635766,0.027878978012087663,0.04632065882801087,test_026,0,0.0,ITC,687,0.0,,,-0.38781094551086426,0.06932384520769119,,,,,
8,0.000743532956006836,0.03076841826291585,0.040701324013308636,test_026,0,0.0,ITC,687,0.0,,,-0.38781094551086426,0.06932384520769119,,,,,
9,0.0006141427572848339,0.027963383999218324,0.05896274536271749,test_026,0,0.0,ITC,687,0.0,,,-0.38781094551086426,0.06932384520769119,,,,,
10,0.0008661479955836964,0.03320864163994455,0.042163504132083175,test_026,0,0.0,ITC,687,0.0,,,-0.38781094551086426,0.06932384520769119,,,,,
11,0.0011046010397327871,0.03750228959601482,0.05866235917732938,test_026,0,0.0,ITC,687,0.0,,,-0.38781094551086426,0.06932384520769119,,,,,
12,0.00121913466827324,0.03939861000090072,0.04992736359483207,test_026,0,0.0,ITC,687,0.0,,,-0.38781094551086426,0.06932384520769119,,,,,
13,0.0014396657953570004,0.04281400964463774,0.06091132768029601,test_026,0,0.0,ITC,687,0.0,,,-0.38781094551086426,0.06932384520769119,,,,,
14,0.0018687566146452829,0.04877883579229607,0.06356841785274138,test_026,0,0.0,ITC,687,0.0,,,-0.38781094551086426,0.06932384520769119,,,,,
15,0.0011284123139864903,0.037904342507603404,0.0576825768253303,test_026,0,0.0,ITC,687,0.0,,,-0.38781094551086426,0.06932384520769119,,,,,
16,0.0007774748408228988,0.03146286243132355,0.0552838476248739,test_026,0,0.0,ITC,687,0.0,,,-0.38781094551086426,0.06932384520769119,,,,,
17,0.0006262856571867514,0.028238478447512386,0.05954454657858847,test_026,0,0.0,ITC,687,0.0,,,-0.38781094551086426,0.06932384520769119,,,,,
18,0.0016394293241662275,0.045687922324470866,0.08565784468015758,test_026,1,0.10591079294681549,ITC,687,0.001455604075691412,0.9566666666666667,-0.2498341202735901,-0.38781094551086426,0.06932384520769119,1.9903227090835571,1.0,0.3032135458078354,False,0.9933333333333333
19,0.0014219136321718914,0.042549226381677734,0.057531715300221595,test_026,0,0.0,ITC,687,0.0,,,-0.38781094551086426,0.06932384520769119,,,,,
20,0.001811295678398123,0.04802304951733484,0.06279732138349992,test_026,0,0.0,ITC,687,0.0,,,-0.38781094551086426,0.06932384520769119,,,,,
21,0.0020742757432622794,0.05139114615385082,0.07048657055175817,test_026,0,0.0,ITC,687,0.0,,,-0.38781094551086426,0.06932384520769119,,,,,
22,0.0014995166749158899,0.04369489590893532,0.07753162414400756,test_026,0,0.0,ITC,687,0.0,,,-0.38781094551086426,0.06932384520769119,,,,,
23,0.002829222477292597,0.06001897982257376,0.08030714470547363,test_026,0,0.0,ITC,687,0.0,,,-0.38781094551086426,0.06932384520769119,,,,,
24,0.0012294000265456724,0.0395641343908395,0.06382751130116696,test_026,0,0.0,ITC,687,0.0,,,-0.38781094551086426,0.06932384520769119,,,,,
25,0.0005930328578179607,0.02747858959082749,0.03729900727802651,test_026,0,0.0,ITC,687,0.0,,,-0.38781094551086426,0.06932384520769119,,,,,
26,0.0008098344287842226,0.03211095170523733,0.03815915056107788,test_026,0,0.0,ITC,687,0.0,,,-0.38781094551086426,0.06932384520769119,,,,,
27,0.00027575762883273123,0.01873780984512957,0.023172714844651075,test_026,0,0.0,ITC,687,0.0,,,-0.38781094551086426,0.06932384520769119,,,,,
28,0.0033112143824783995,0.06493049432175393,0.09277695241741107,test_026,0,0.0,ITC,687,0.0,,,-0.38781094551086426,0.06932384520769119,,,,,
29,0.0035811152714172994,0.06752494041332803,0.11956460044897535,test_026,1,0.23134803771972656,ITC,687,0.001455604075691412,0.9666666666666667,-0.21490618586540222,-0.38781094551086426,0.06932384520769119,2.4941599369049072,1.0,0.4761570299814767,False,0.9933333333333333
30,0.0014071421010852184,0.042327638348523815,0.05930531212025684,test_026,1,0.09090451896190643,ITC,687,0.001455604075691412,0.87,-0.3275865912437439,-0.38781094551086426,0.06932384520769119,0.8687393665313721,1.0,0.05776710538680747,False,0.9833333333333333
31,0.0021725978427632074,0.052595032923389476,0.06600458268149509,test_026,0,0.0,ITC,687,0.0,,,-0.38781094551086426,0.06932384520769119,,,,,
32,0.006355662443586588,0.08995710508994029,0.11040208518504802,test_026,0,0.0,ITC,687,0.0,,,-0.38781094551086426,0.06932384520769119,,,,,
33,0.000868522512990655,0.033254130706311676,0.047952919246320065,test_026,0,0.0,ITC,687,0.0,,,-0.38781094551086426,0.06932384520769119,,,,,
34,0.0015824092182213593,0.04488636755845686,0.063912620876091,test_026,0,0.0,ITC,687,0.0,,,-0.38781094551086426,0.06932384520769119,,,,,
35,0.0009033026171805683,0.033913428211507425,0.04560218510692605,test_026,0,0.0,ITC,687,0.0,,,-0.38781094551086426,0.06932384520769119,,,,,
36,0.004318991639389452,0.07415599064574083,0.12054295250879396,test_026,0,0.0,ITC,687,0.0,,,-0.38781094551086426,0.06932384520769119,,,,,
37,0.0015127630414047233,0.04388746661782074,0.07625978042774323,test_026,0,0.0,ITC,687,0.0,,,-0.38781094551086426,0.06932384520769119,,,,,
38,0.005795998039975582,0.08590514481510642,0.11313375942030801,test_026,0,0.0,ITC,687,0.0,,,-0.38781094551086426,0.06932384520769119,,,,,
39,0.0016565699628457546,0.045926140544527295,0.08969687253915976,test_026,0,0.0,ITC,687,0.0,,,-0.38781094551086426,0.06932384520769119,,,,,
40,0.0004986226735881987,0.025196549484285895,0.03163645794661679,test_026,0,0.0,ITC,687,0.0,,,-0.38781094551086426,0.06932384520769119,,,,,
41,0.003324727620909668,0.06506285178514269,0.08943387096063203,test_026,1,0.21478483080863953,ITC,687,0.001455604075691412,0.9433333333333334,-0.26959359645843506,-0.38781094551086426,0.06932384520769119,1.7052912712097168,1.0,0.22258645911052435,False,0.9866666666666667
42,0.004825991788432011,0.07838777702932267,0.13316798783662942,test_026,0,0.0,ITC,687,0.0,,,-0.38781094551086426,0.06932384520769119,,,,,
43,0.0010975033936433372,0.03738160939911146,0.05134786917232334,test_026,0,0.0,ITC,687,0.0,,,-0.38781094551086426,0.06932384520769119,,,,,
44,0.006475878873652314,0.09080388245471187,0.1700730943006565,test_026,1,0.15625,ITC,687,0.001455604075691412,0.9766666666666667,-0.1917729675769806,-0.38781094551086426,0.06932384520769119,2.827857732772827,1.0,0.6120920178812918,False,0.9866666666666667
45,0.00042333958704408647,0.023216647110993104,0.032412730054078576,test_026,0,0.0,ITC,687,0.0,,,-0.38781094551086426,0.06932384520769119,,,,,
46,0.011097719120912545,0.11886990721418689,0.23487676364434726,test_026,1,0.171875,micro,687,0.001455604075691412,0.9833333333333333,-0.14754532277584076,-0.38781094551086426,0.06932384520769119,3.465843915939331,1.0,0.9194319757912358,False,0.9866666666666667
47,0.0022141947287966654,0.053096141935625264,0.08044723193833679,test_026,0,0.0,ITC,687,0.0,,,-0.38781094551086426,0.06932384520769119,,,,,
48,0.0015990034351544495,0.04512110820675854,0.06330538016007899,test_026,0,0.0,ITC,687,0.0,,,-0.38781094551086426,0.06932384520769119,,,,,
49,0.008554099421530889,0.10436195500798799,0.18226457065700102,test_026,0,0.0,ITC,687,0.0,,,-0.38781094551086426,0.06932384520769119,,,,,
50,0.0014576929069688245,0.04308122854832092,0.0537603550216007,test_026,0,0.0,ITC,687,0.0,,,-0.38781094551086426,0.06932384520769119,,,,,
51,0.0007385016447448482,0.030664140260915507,0.03359370857300403,test_026,0,0.0,ITC,687,0.0,,,-0.38781094551086426,0.06932384520769119,,,,,
52,0.0007971953469846053,0.03185938857950148,0.03478589405198782,test_026,0,0.0,ITC,687,0.0,,,-0.38781094551086426,0.06932384520769119,,,,,
53,0.004348719394292201,0.07441076200234463,0.11928924694554259,test_026,0,0.0,ITC,687,0.0,,,-0.38781094551086426,0.06932384520769119,,,,,
54,0.0008558424829596005,0.03301049065628218,0.043038656590145295,test_026,0,0.0,ITC,687,0.0,,,-0.38781094551086426,0.06932384520769119,,,,,
55,0.0008866301674010868,0.0335989968702969,0.052935040666464775,test_026,0,0.0,ITC,687,0.0,,,-0.38781094551086426,0.06932384520769119,,,,,
56,0.00032340969843316984,0.02029231423953378,0.031820919764062996,test_026,0,0.0,ITC,687,0.0,,,-0.38781094551086426,0.06932384520769119,,,,,
57,0.000495943078475534,0.025128755230865375,0.03079852940074696,test_026,0,0.0,ITC,687,0.0,,,-0.38781094551086426,0.06932384520769119,,,,,
58,0.0011880568502405434,0.038893199445658375,0.05218689140857629,test_026,0,0.0,ITC,687,0.0,,,-0.38781094551086426,0.06932384520769119,,,,,
59,0.004083062874103549,0.07210212975320943,0.11123034381050215,test_026,0,0.0,ITC,687,0.0,,,-0.38781094551086426,0.06932384520769119,,,,,
60,0.0021550013091841277,0.05238160827818556,0.05780811532165455,test_026,0,0.0,ITC,687,0.0,,,-0.38781094551086426,0.06932384520769119,,,,,
61,0.0007413199225307393,0.0307225949533262,0.03657356561940233,test_026,0,0.0,ITC,687,0.0,,,-0.38781094551086426,0.06932384520769119,,,,,
62,0.0017271861847788191,0.046894794504088046,0.07192231646629849,test_026,0,0.0,ITC,687,0.0,,,-0.38781094551086426,0.06932384520769119,,,,,
63,0.001143425511480609,0.03815566245888205,0.06367331618074817,test_026,1,0.07386784255504608,ITC,687,0.001455604075691412,0.93,-0.2803739011287689,-0.38781094551086426,0.06932384520769119,1.5497848987579346,1.0,0.18384187986810913,False,0.9866666666666667
64,0.00939911581644643,0.1093952738606441,0.21467005759864677,test_026,0,0.0,micro,687,0.0,,,-0.38781094551086426,0.06932384520769119,,,,,
65,0.0014208950168179664,0.04253398317028125,0.060909951623365495,test_026,1,0.091792993247509,ITC,687,0.001455604075691412,0.8966666666666666,-0.320186972618103,-0.38781094551086426,0.06932384520769119,0.975479245185852,1.0,0.07283458831258251,False,0.9866666666666667
66,0.0006602746349678794,0.028994616321425578,0.036384587980144836,test_026,0,0.0,ITC,687,0.0,,,-0.38781094551086426,0.06932384520769119,,,,,
67,0.0006520264651700006,0.0288129463899187,0.042857402080835084,test_026,0,0.0,ITC,687,0.0,,,-0.38781094551086426,0.06932384520769119,,,,,
68,0.0016636346667116832,0.046023965992183,0.07022248785849058,test_026,0,0.0,ITC,687,0.0,,,-0.38781094551086426,0.06932384520769119,,,,,
69,0.0005130167978908724,0.025557646100297763,0.0369750206654314,test_026,0,0.0,ITC,687,0.0,,,-0.38781094551086426,0.06932384520769119,,,,,
70,0.011859201545709663,0.12288044749667015,0.19340243739755486,test_026,1,0.40625,ITC,687,0.001455604075691412,0.9533333333333334,-0.2523564398288727,-0.38781094551086426,0.06932384520769119,1.9539381265640259,1.0,0.2922289362155152,False,0.9866666666666667
71,0.0004434994364934154,0.0237630179188414,0.026866657604087255,test_026,0,0.0,ITC,687,0.0,,,-0.38781094551086426,0.06932384520769119,,,,,
72,0.001400509919307189,0.042227770626162175,0.07685034574673666,test_026,0,0.0,ITC,687,0.0,,,-0.38781094551086426,0.06932384520769119,,,,,
73,0.0023899616051746846,0.05516333588632158,0.12619624078869138,test_026,0,0.0,ITC,687,0.0,,,-0.38781094551086426,0.06932384520769119,,,,,
74,0.00039623025371403266,0.022460989022061183,0.03149681007029317,test_026,0,0.0,ITC,687,0.0,,,-0.38781094551086426,0.06932384520769119,,,,,
75,0.0049059919065380635,0.07903482081687108,0.12337369098381762,test_026,0,0.0,ITC,687,0.0,,,-0.38781094551086426,0.06932384520769119,,,,,
76,0.0013442238738796835,0.04137050873751379,0.05561194220299885,test_026,0,0.0,ITC,687,0.0,,,-0.38781094551086426,0.06932384520769119,,,,,
77,0.0006231357687379961,0.028167376563964237,0.042657868392995305,test_026,0,0.0,ITC,687,0.0,,,-0.38781094551086426,0.06932384520769119,,,,,
78,0.0024619108239202422,0.05598751840032543,0.07472486355058482,test_026,0,0.0,ITC,687,0.0,,,-0.38781094551086426,0.06932384520769119,,,,,
79,0.004648995716422698,0.07693689095260971,0.12612682839121195,test_026,1,0.30033549666404724,ITC,687,0.001455604075691412,0.96,-0.24030175805091858,-0.38781094551086426,0.06932384520769119,2.1278276443481445,1.0,0.34655685712862017,False,0.9933333333333333
80,0.0013229750382161409,0.041042223811025444,0.05305197285911376,test_026,0,0.0,ITC,687,0.0,,,-0.38781094551086426,0.06932384520769119,,,,,
81,0.013507632729927933,0.13114286922095011,0.22916119763664225,test_026,1,0.1875,micro,687,0.001455604075691412,0.9566666666666667,-0.248905748128891,-0.38781094551086426,0.06932384520769119,2.0037145614624023,1.0,0.30730760737373236,False,0.9933333333333333
82,0.003387540433608121,0.06567457985750011,0.11571285165684118,test_026,0,0.0,ITC,687,0.0,,,-0.38781094551086426,0.06932384520769119,,,,,
83,0.004477013805732347,0.07550040410344631,0.1536001866846558,test_026,0,0.0,ITC,687,0.0,,,-0.38781094551086426,0.06932384520769119,,,,,
84,0.01795797123742148,0.15121110780197886,0.24190346237147395,test_026,1,0.328125,micro,687,0.001455604075691412,0.97,-0.2103533297777176,-0.38781094551086426,0.06932384520769119,2.559835195541382,1.0,0.5015631423007814,False,0.9833333333333333
85,0.0007652054034116292,0.03121361528994534,0.046602429308439684,test_026,0,0.0,ITC,687,0.0,,,-0.38781094551086426,0.06932384520769119,,,,,
86,0.0006149704588146014,0.027982221266487712,0.041912032721130976,test_026,0,0.0,ITC,687,0.0,,,-0.38781094551086426,0.06932384520769119,,,,,
87,0.0009102825219598203,0.03404420220596302,0.040800200933189694,test_026,1,0.05880628526210785,ITC,687,0.001455604075691412,0.98,-0.1849205046892166,-0.38781094551086426,0.06932384520769119,2.9267048835754395,1.0,0.6556309806237921,False,0.99
88,0.0038320837656903276,0.06985098846268792,0.10039672263201624,test_026,0,0.0,ITC,687,0.0,,,-0.38781094551086426,0.06932384520769119,,,,,
89,0.0008081751187493506,0.032078037974020625,0.06040028843060272,test_026,0,0.0,ITC,687,0.0,,,-0.38781094551086426,0.06932384520769119,,,,,
90,0.012463851121830249,0.1259740772064078,0.20902273136320798,test_026,0,0.0,micro,687,0.0,,,-0.38781094551086426,0.06932384520769119,,,,,
91,0.0005270843718490355,0.025905687901503122,0.030351891982917555,test_026,0,0.0,ITC,687,0.0,,,-0.38781094551086426,0.06932384520769119,,,,,
92,0.0012016932980806016,0.03911576955346068,0.05928492230295332,test_026,0,0.0,ITC,687,0.0,,,-0.38781094551086426,0.06932384520769119,,,,,
93,0.0014837492349291258,0.04346456258128346,0.07394975029047579,test_026,0,0.0,ITC,687,0.0,,,-0.38781094551086426,0.06932384520769119,,,,,
94,0.0005829055834653096,0.02724295211086631,0.03785682592273426,test_026,0,0.0,ITC,687,0.0,,,-0.38781094551086426,0.06932384520769119,,,,,
95,0.0014912495480461437,0.043574280207948235,0.07527434526498838,test_026,1,0.09633804857730865,ITC,687,0.001455604075691412,0.7633333333333333,-0.3657264709472656,-0.38781094551086426,0.06932384520769119,0.3185696601867676,1.0,0.007768021648275601,False,0.9833333333333333
96,0.00039930292988622383,0.022547910782592523,0.0379224778551563,test_026,0,0.0,ITC,687,0.0,,,-0.38781094551086426,0.06932384520769119,,,,,
97,0.004714559798245148,0.07747750622693242,0.0977483306990718,test_026,0,0.0,ITC,687,0.0,,,-0.38781094551086426,0.06932384520769119,,,,,
98,0.0007204101495256191,0.030286212883168306,0.04394567654894835,test_026,1,0.04654010385274887,ITC,687,0.001455604075691412,0.9533333333333334,-0.25156694650650024,-0.38781094551086426,0.06932384520769119,1.9653266668319702,1.0,0.2956453799340701,False,0.9933333333333333
99,0.00025260745432124666,0.017934040262492235,0.022183596467391285,test_026,0,0.0,ITC,687,0.0,,,-0.38781094551086426,0.06932384520769119,,,,,
100,0.003348061044750704,0.06529076290229667,0.07625199616266512,test_026,0,0.0,ITC,687,0.0,,,-0.38781094551086426,0.06932384520769119,,,,,
101,0.014595287931198098,0.13632056983741406,0.27628023288553977,test_026,1,0.359375,micro,687,0.001455604075691412,0.93,-0.28478145599365234,-0.38781094551086426,0.06932384520769119,1.4862055778503418,1.0,0.16906720636322606,False,0.9866666666666667
102,0.006246704618190411,0.08918268522622426,0.1574884218564478,test_026,1,0.125,ITC,687,0.001455604075691412,0.96,-0.23149073123931885,-0.38781094551086426,0.06932384520769119,2.254927158355713,1.0,0.38919444887750215,False,0.9866666666666667
103,0.00027809106474232007,0.01881692165757801,0.02439942659162301,test_026,0,0.0,ITC,687,0.0,,,-0.38781094551086426,0.06932384520769119,,,,,
104,0.009080134407012275,0.10752295661168547,0.17123334289357592,test_026,0,0.0,ITC,687,0.0,,,-0.38781094551086426,0.06932384520769119,,,,,
105,0.007676592646968361,0.09886425707475525,0.15340387245926806,test_026,1,0.046875,ITC,687,0.001455604075691412,0.82,-0.35260915756225586,-0.38781094551086426,0.06932384520769119,0.5077875852584839,1.0,0.019736301007256023,False,0.84
106,0.010815368959127027,0.11734800999446776,0.19278366081695747,test_026,1,0.25,ITC,687,0.001455604075691412,0.96,-0.24090984463691711,-0.38781094551086426,0.06932384520769119,2.11905574798584,1.0,0.3437054092913056,False,0.9933333333333333
107,0.002735374874141258,0.059015146017201536,0.07201120961356003,test_026,0,0.0,ITC,687,0.0,,,-0.38781094551086426,0.06932384520769119,,,,,
108,0.01685333005826011,0.14648660788840234,0.24579843970594417,test_026,1,0.125,micro,687,0.001455604075691412,0.9233333333333333,-0.29051756858825684,-0.38781094551086426,0.06932384520769119,1.4034619331359863,1.0,0.15076581430523292,False,0.9833333333333333
109,0.008903563745651282,0.10647238820479955,0.18391886664874438,test_026,0,0.0,ITC,687,0.0,,,-0.38781094551086426,0.06932384520769119,,,,,
110,0.0060849007012110275,0.08802008974415217,0.17939938899352473,test_026,0,0.0,ITC,687,0.0,,,-0.38781094551086426,0.06932384520769119,,,,,
111,0.0011488113512602286,0.038245418573538456,0.055679268726604905,test_026,0,0.0,ITC,687,0.0,,,-0.38781094551086426,0.06932384520769119,,,,,
112,0.0024751323491098995,0.056137655680834786,0.14039453208791228,test_026,0,0.0,ITC,687,0.0,,,-0.38781094551086426,0.06932384520769119,,,,,
113,0.00944355962281167,0.10965360712182749,0.2754842542499577,test_026,1,0.125,micro,687,0.001455604075691412,0.9833333333333333,-0.17071887850761414,-0.38781094551086426,0.06932384520769119,3.131564140319824,1.0,0.7506270749656268,False,0.9966666666666667
114,0.001474330815558848,0.04332639260763777,0.057335245613847556,test_026,0,0.0,ITC,687,0.0,,,-0.38781094551086426,0.06932384520769119,,,,,
115,0.003972167125362248,0.0711162447146094,0.11420457189228003,test_026,1,0.2566108703613281,ITC,687,0.001455604075691412,0.9833333333333333,-0.16179028153419495,-0.38781094551086426,0.06932384520769119,3.260359525680542,1.0,0.8136405579665659,False,0.9933333333333333
116,0.0006699095373981386,0.029205398720280287,0.04433575647250068,test_026,0,0.0,ITC,687,0.0,,,-0.38781094551086426,0.06932384520769119,,,,,
117,0.0052643128814698565,0.08187021031209174,0.19023683614797468,test_026,0,0.0,ITC,687,0.0,,,-0.38781094551086426,0.06932384520769119,,,,,
118,0.0004390946632860689,0.02364471799743008,0.03664906897772095,test_026,0,0.0,ITC,687,0.0,,,-0.38781094551086426,0.06932384520769119,,,,,
119,0.0019039664951605883,0.049236220747426084,0.08192079024644654,test_026,1,0.12300048768520355,ITC,687,0.001455604075691412,0.9833333333333333,-0.17687484622001648,-0.38781094551086426,0.06932384520769119,3.0427639484405518,1.0,0.7086603373125716,False,0.9933333333333333
120,0.0014991691053971516,0.04368983164578333,0.06489816226865977,test_026,0,0.0,ITC,687,0.0,,,-0.38781094551086426,0.06932384520769119,,,,,
121,0.0005214407967272529,0.025766626527959535,0.04276400130340366,test_026,0,0.0,ITC,687,0.0,,,-0.38781094551086426,0.06932384520769119,,,,,
122,0.001422039598014599,0.042551111035688385,0.06484920067208529,test_026,0,0.0,ITC,687,0.0,,,-0.38781094551086426,0.06932384520769119,,,,,
123,0.0018094935183491521,0.04799915315403078,0.08798054681792346,test_026,1,0.11689732223749161,ITC,687,0.001455604075691412,0.9866666666666667,-0.12919513881206512,-0.38781094551086426,0.06932384520769119,3.730545997619629,1.0,1.0652373881818877,True,0.9933333333333333
124,0.017164807668883317,0.14783406881296213,0.2388979885811856,test_026,1,0.265625,micro,687,0.001455604075691412,0.9833333333333333,-0.17576107382774353,-0.38781094551086426,0.06932384520769119,3.0588302612304688,1.0,0.7161637898843758,False,0.9933333333333333
125,0.007515862797880285,0.09782378916738525,0.18399608950877067,test_026,0,0.0,ITC,687,0.0,,,-0.38781094551086426,0.06932384520769119,,,,,
126,0.00026494983378341677,0.018366943287984928,0.023935660948646235,test_026,0,0.0,ITC,687,0.0,,,-0.38781094551086426,0.06932384520769119,,,,,
127,0.0007821757222882691,0.03155783675332029,0.03732028790235456,test_026,1,0.05053029954433441,ITC,687,0.001455604075691412,0.9533333333333334,-0.2523396611213684,-0.38781094551086426,0.06932384520769119,1.9541802406311035,1.0,0.2923013613540778,False,0.9933333333333333
128,0.0006532438570662604,0.028839832023992217,0.036961845199108785,test_026,0,0.0,ITC,687,0.0,,,-0.38781094551086426,0.06932384520769119,,,,,
129,0.007570660558881243,0.09817975556770554,0.2198416700935311,test_026,0,0.0,micro,687,0.0,,,-0.38781094551086426,0.06932384520769119,,,,,
130,0.0004814887464659815,0.024759856872475058,0.03753493013576897,test_026,0,0.0,ITC,687,0.0,,,-0.38781094551086426,0.06932384520769119,,,,,
131,0.0011692334320804996,0.03858385987367396,0.05807916743862367,test_026,0,0.0,ITC,687,0.0,,,-0.38781094551086426,0.06932384520769119,,,,,
132,0.0026199756931110665,0.05775687542374437,0.08663804036580076,test_026,0,0.0,ITC,687,0.0,,,-0.38781094551086426,0.06932384520769119,,,,,
133,0.00036206429925313,0.021470784418504855,0.0264276735731453,test_026,0,0.0,ITC,687,0.0,,,-0.38781094551086426,0.06932384520769119,,,,,
134,0.001200422698078401,0.03909508472418367,0.04757964602795287,test_026,0,0.0,ITC,687,0.0,,,-0.38781094551086426,0.06932384520769119,,,,,
135,0.003218833255500335,0.06401832385193826,0.08775533716527638,test_026,0,0.0,ITC,687,0.0,,,-0.38781094551086426,0.06932384520769119,,,,,
136,0.017676299638621447,0.15002054427471156,0.29027066962599735,test_026,2,0.109375,micro,687,0.002911208151382824,0.9616666666666667,-0.2308429330587387,-0.38781094551086426,0.06932384520769119,2.2642714977264404,0.8938898180111153,0.3924267486984442,False,0.99
137,0.0007382570283539343,0.030659061346996544,0.04510837787361403,test_026,0,0.0,ITC,687,0.0,,,-0.38781094551086426,0.06932384520769119,,,,,
138,0.0030762326616732903,0.06258419188300139,0.11037551251396657,test_026,0,0.0,ITC,687,0.0,,,-0.38781094551086426,0.06932384520769119,,,,,
139,0.0006480558384983554,0.0287250817365697,0.052816254764025676,test_026,1,0.04186585545539856,ITC,687,0.001455604075691412,0.9866666666666667,-0.1325300633907318,-0.38781094551086426,0.06932384520769119,3.6824398040771484,1.0,1.0379415920888526,True,0.9933333333333333
140,0.0003846979380087068,0.02213171090202386,0.0271731385423668,test_026,0,0.0,ITC,687,0.0,,,-0.38781094551086426,0.06932384520769119,,,,,
141,0.0006487693104568591,0.028740889712815725,0.03980800350191923,test_026,0,0.0,ITC,687,0.0,,,-0.38781094551086426,0.06932384520769119,,,,,
142,0.004321857077463215,0.07418058598932543,0.1755097733919566,test_026,1,0.1875,ITC,687,0.001455604075691412,0.98,-0.18395358324050903,-0.38781094551086426,0.06932384520769119,2.940652847290039,1.0,0.661895027216457,False,0.9933333333333333
143,0.009187144390282414,0.10815468339789722,0.26847539683204646,test_026,0,0.0,micro,687,0.0,,,-0.38781094551086426,0.06932384520769119,,,,,
144,0.012747888714367344,0.1274013972569202,0.27925463643527126,test_026,1,0.390625,micro,687,0.001455604075691412,0.9833333333333333,-0.1503286212682724,-0.38781094551086426,0.06932384520769119,3.425694704055786,1.0,0.8982534941122399,False,0.99
145,0.0016077945168744908,0.045244972744968776,0.058561365122082626,test_026,0,0.0,ITC,687,0.0,,,-0.38781094551086426,0.06932384520769119,,,,,
146,0.0026792262775860286,0.058406308271591004,0.06469297756959298,test_026,1,0.17308400571346283,ITC,687,0.001455604075691412,0.9433333333333334,-0.2674593925476074,-0.38781094551086426,0.06932384520769119,1.7360773086547852,1.0,0.23069581919702006,False,0.9866666666666667
147,0.0010043923782191177,0.03576076193790027,0.04170376888472871,test_026,0,0.0,ITC,687,0.0,,,-0.38781094551086426,0.06932384520769119,,,,,
148,0.04822622945041546,0.24779738180566088,0.4729683475176764,test_026,2,0.3984375,micro,687,0.002911208151382824,0.965,-0.21466076374053955,-0.38781094551086426,0.06932384520769119,2.4977002143859863,0.8938898180111153,0.4775097294371179,True,0.9933333333333333
149,0.004229619900949797,0.0733847349050748,0.09072050749443698,test_026,0,0.0,ITC,687,0.0,,,-0.38781094551086426,0.06932384520769119,,,,,
150,0.0003323198895298569,0.020569949558796555,0.033539695436623,test_026,1,0.02146860770881176,ITC,687,0.001455604075691412,0.9466666666666667,-0.26079556345939636,-0.38781094551086426,0.06932384520769119,1.8322033882141113,1.0,0.25695020383297035,False,0.9866666666666667
151,0.005273314140431443,0.08194017387953498,0.17606888638961607,test_026,0,0.0,ITC,687,0.0,,,-0.38781094551086426,0.06932384520769119,,,,,
152,0.000607132537870657,0.027803329946471146,0.036553607917610934,test_026,0,0.0,ITC,687,0.0,,,-0.38781094551086426,0.06932384520769119,,,,,
153,0.005657083630498023,0.08486944436146641,0.11067830771087594,test_026,1,0.36546024680137634,ITC,687,0.001455604075691412,0.98,-0.17913055419921875,-0.38781094551086426,0.06932384520769119,3.010225296020508,1.0,0.6935848601311384,False,0.9933333333333333
154,0.0017836448208516926,0.04765508492984185,0.06685329186481553,test_026,0,0.0,ITC,687,0.0,,,-0.38781094551086426,0.06932384520769119,,,,,
155,0.0038305175358697243,0.06983671243315241,0.09094334020448408,test_026,0,0.0,ITC,687,0.0,,,-0.38781094551086426,0.06932384520769119,,,,,
156,0.0056511338638877626,0.08482480243474733,0.1442844408057593,test_026,0,0.0,ITC,687,0.0,,,-0.38781094551086426,0.06932384520769119,,,,,
157,0.0008097033310064493,0.032108352504312584,0.048446524590155665,test_026,0,0.0,ITC,687,0.0,,,-0.38781094551086426,0.06932384520769119,,,,,
158,0.025441418560175354,0.17998061058062445,0.3160256581222003,test_026,2,0.2265625,micro,687,0.002911208151382824,0.965,-0.21525520086288452,-0.38781094551086426,0.06932384520769119,2.4891254901885986,0.8938898180111153,0.474236729838178,True,0.9933333333333333
159,0.009763625643491237,0.1114963419547177,0.2046374850904847,test_026,0,0.0,micro,687,0.0,,,-0.38781094551086426,0.06932384520769119,,,,,
160,0.0020214747834133616,0.05073284570105289,0.06771637803696688,test_026,0,0.0,ITC,687,0.0,,,-0.38781094551086426,0.06932384520769119,,,,,
161,0.020271610069645077,0.160656825488753,0.49986317256174945,test_026,2,0.28125,micro,687,0.002911208151382824,0.98,-0.1500234603881836,-0.38781094551086426,0.06932384520769119,3.4300966262817383,0.8938898180111153,0.900563438680557,True,0.995
162,0.003759092959027498,0.06918255421541855,0.11569892485531137,test_026,1,0.2428458034992218,ITC,687,0.001455604075691412,0.9933333333333333,-0.10461229085922241,-0.38781094551086426,0.06932384520769119,4.085155010223389,1.0,1.277375797915243,True,0.9866666666666667
163,0.0011361121352147126,0.03803344446416698,0.04678967840793459,test_026,0,0.0,ITC,687,0.0,,,-0.38781094551086426,0.06932384520769119,,,,,
164,0.010094570216362965,0.1133702164881902,0.1641910512760016,test_026,1,0.515625,ITC,687,0.001455604075691412,0.9766666666666667,-0.18981099128723145,-0.38781094551086426,0.06932384520769119,2.8561594486236572,1.0,0.6244051843515576,False,0.9933333333333333
165,0.0009526353221526075,0.03482718713700866,0.04277097907635416,test_026,0,0.0,ITC,687,0.0,,,-0.38781094551086426,0.06932384520769119,,,,,
166,0.0017692907789601674,0.047462943291660335,0.07291591265769276,test_026,0,0.0,ITC,687,0.0,,,-0.38781094551086426,0.06932384520769119,,,,,
167,0.007206670016775896,0.09579048622497063,0.16557064301300434,test_026,0,0.0,ITC,687,0.0,,,-0.38781094551086426,0.06932384520769119,,,,,
168,0.0034090428240815137,0.06588268462438533,0.1291526720239758,test_026,1,0.140625,ITC,687,0.001455604075691412,0.9633333333333334,-0.2231837958097458,-0.38781094551086426,0.06932384520769119,2.3747549057006836,1.0,0.43165739916770823,False,0.9866666666666667
169,0.0012460739122634654,0.0398315274720503,0.05571457748422985,test_026,0,0.0,ITC,687,0.0,,,-0.38781094551086426,0.06932384520769119,,,,,
170,0.0009000461852795449,0.033852243576843584,0.04627006884277378,test_026,0,0.0,ITC,687,0.0,,,-0.38781094551086426,0.06932384520769119,,,,,
171,0.0009773882088573189,0.03527675322468054,0.04496115593756988,test_026,0,0.0,ITC,687,0.0,,,-0.38781094551086426,0.06932384520769119,,,,,
172,0.0014518246145827046,0.042994424188568754,0.06502044133556147,test_026,0,0.0,ITC,687,0.0,,,-0.38781094551086426,0.06932384520769119,,,,,
173,0.0013163716151306248,0.040939667755750135,0.04607578703616582,test_026,0,0.0,ITC,687,0.0,,,-0.38781094551086426,0.06932384520769119,,,,,
174,0.0005888896593378182,0.02738243235643117,0.032512965577026154,test_026,0,0.0,ITC,687,0.0,,,-0.38781094551086426,0.06932384520769119,,,,,
175,0.011411291057277265,0.1205375751813854,0.18169969981910897,test_026,1,0.515625,ITC,687,0.001455604075691412,0.9933333333333333,-0.09092443436384201,-0.38781094551086426,0.06932384520769119,4.282602787017822,1.0,1.4038386441130204,True,0.9933333333333333
176,0.00460046122708334,0.0765342352045368,0.10867081284183426,test_026,1,0.2972000539302826,ITC,687,0.001455604075691412,0.9766666666666667,-0.18752285838127136,-0.38781094551086426,0.06932384520769119,2.8891658782958984,1.0,0.6389201087158005,False,0.9933333333333333
177,0.0004771247596309526,0.024647395637965242,0.028893085201972143,test_026,0,0.0,ITC,687,0.0,,,-0.38781094551086426,0.06932384520769119,,,,,
178,0.001651149801893579,0.04585094570510553,0.05982588935402465,test_026,0,0.0,ITC,687,0.0,,,-0.38781094551086426,0.06932384520769119,,,,,
179,0.0002103479379864757,0.016365308209681864,0.020821408911993144,test_026,0,0.0,ITC,687,0.0,,,-0.38781094551086426,0.06932384520769119,,,,,
180,0.00046722615373816326,0.024390383663934853,0.028756632731932078,test_026,0,0.0,ITC,687,0.0,,,-0.38781094551086426,0.06932384520769119,,,,,
181,0.005753533509996606,0.0855898731561543,0.1531348248860189,test_026,1,0.0625,ITC,687,0.001455604075691412,0.9533333333333334,-0.251872181892395,-0.38781094551086426,0.06932384520769119,1.9609235525131226,1.0,0.2943221371400844,False,0.9833333333333333
182,0.005419080550928564,0.08306496044390474,0.14078737190384435,test_026,1,0.35008469223976135,ITC,687,0.001455604075691412,0.9966666666666667,-0.05298088490962982,-0.38781094551086426,0.06932384520769119,4.829940319061279,1.0,1.785603923659371,True,0.9933333333333333
183,0.0014389291164864579,0.04280305425061847,0.052704517145198256,test_026,0,0.0,ITC,687,0.0,,,-0.38781094551086426,0.06932384520769119,,,,,
184,0.0009124826014973445,0.03408531842464195,0.04055001891582723,test_026,0,0.0,ITC,687,0.0,,,-0.38781094551086426,0.06932384520769119,,,,,
185,0.0007844988246115952,0.03160466621076289,0.03889285038950392,test_026,0,0.0,ITC,687,0.0,,,-0.38781094551086426,0.06932384520769119,,,,,
186,0.001904333101941639,0.04924096071097996,0.0765827823141001,test_026,0,0.0,ITC,687,0.0,,,-0.38781094551086426,0.06932384520769119,,,,,
187,0.0008809157727551651,0.03349054788224299,0.04641009907834369,test_026,0,0.0,ITC,687,0.0,,,-0.38781094551086426,0.06932384520769119,,,,,
188,0.0015363015744399204,0.04422759226111905,0.07370889509000171,test_026,0,0.0,ITC,687,0.0,,,-0.38781094551086426,0.06932384520769119,,,,,
189,0.0011170580840133763,0.03771316118189941,0.08145295291597744,test_026,1,0.07216444611549377,ITC,687,0.001455604075691412,0.9633333333333334,-0.22038453817367554,-0.38781094551086426,0.06932384520769119,2.4151344299316406,1.0,0.4464617128968796,False,1.0
190,0.0006646300089183226,0.02909008783026432,0.036997791110798726,test_026,0,0.0,ITC,687,0.0,,,-0.38781094551086426,0.06932384520769119,,,,,
191,0.0013074798884329434,0.040801165398781716,0.10182888134566531,test_026,0,0.0,ITC,687,0.0,,,-0.38781094551086426,0.06932384520769119,,,,,
192,0.0025900254768211443,0.057425803076319504,0.06745493860972443,test_026,0,0.0,ITC,687,0.0,,,-0.38781094551086426,0.06932384520769119,,,,,
193,0.0005701728359598112,0.02694376740691299,0.06696582706456529,test_026,0,0.0,ITC,687,0.0,,,-0.38781094551086426,0.06932384520769119,,,,,
194,0.0007432294120841732,0.030762137088892822,0.060048297509929016,test_026,0,0.0,ITC,687,0.0,,,-0.38781094551086426,0.06932384520769119,,,,,
195,0.001927798766471386,0.04954341150711198,0.11931289397221338,test_026,0,0.0,ITC,687,0.0,,,-0.38781094551086426,0.06932384520769119,,,,,
196,0.0016692847910811481,0.04610205426474499,0.15220550110494943,test_026,0,0.0,ITC,687,0.0,,,-0.38781094551086426,0.06932384520769119,,,,,
197,0.0013379846041080095,0.04127438561865142,0.10146794475489121,test_026,0,0.0,ITC,687,0.0,,,-0.38781094551086426,0.06932384520769119,,,,,
198,0.000452228018462059,0.02399572037558191,0.050505174905623534,test_026,1,0.02921493910253048,ITC,687,0.001455604075691412,0.9833333333333333,-0.16645845770835876,-0.38781094551086426,0.06932384520769119,3.193020820617676,1.0,0.7803781546389162,False,0.9966666666666667
199,0.00205790213542408,0.0511879124209698,0.10915792370944018,test_026,0,0.0,ITC,687,0.0,,,-0.38781094551086426,0.06932384520769119,,,,,
200,0.0006458146615548935,0.028675368622939196,0.04020001843361383,test_026,0,0.0,ITC,687,0.0,,,-0.38781094551086426,0.06932384520769119,,,,,
201,0.002311558772835268,0.05425097270605706,0.12896051583349377,test_026,0,0.0,ITC,687,0.0,,,-0.38781094551086426,0.06932384520769119,,,,,
202,0.006819837223161415,0.09318415338020707,0.18999161711281667,test_026,1,0.109375,ITC,687,0.001455604075691412,0.9966666666666667,-0.03360268473625183,-0.38781094551086426,0.06932384520769119,5.109472274780273,1.0,1.9982678288396816,True,1.0
203,0.0003334998828748441,0.020606436835144414,0.02962208497280918,test_026,0,0.0,ITC,687,0.0,,,-0.38781094551086426,0.06932384520769119,,,,,
204,0.00039668120499091245,0.02247376685933235,0.03276052605391451,test_026,0,0.0,ITC,687,0.0,,,-0.38781094551086426,0.06932384520769119,,,,,
205,0.000507867286842207,0.025429052540054533,0.04597237692665053,test_026,0,0.0,ITC,687,0.0,,,-0.38781094551086426,0.06932384520769119,,,,,
206,0.0021820618444603613,0.05270946242777173,0.06962031220185436,test_026,0,0.0,ITC,687,0.0,,,-0.38781094551086426,0.06932384520769119,,,,,
207,0.0009219845150012226,0.034262328352478125,0.05548485999440932,test_026,1,0.059562258422374725,ITC,687,0.001455604075691412,0.2866666666666667,-0.4237966537475586,-0.38781094551086426,0.06932384520769119,-0.5190956592559814,1.0,0.02062511587773699,False,0.9833333333333333
208,0.002487957527168804,0.056282909565984855,0.15394612726366866,test_026,1,0.078125,ITC,687,0.001455604075691412,0.9233333333333333,-0.291318416595459,-0.38781094551086426,0.06932384520769119,1.3919095993041992,1.0,0.1482940282880145,False,0.9866666666666667
209,0.002627754981831333,0.05784255835232811,0.1124051785023237,test_026,0,0.0,ITC,687,0.0,,,-0.38781094551086426,0.06932384520769119,,,,,
210,0.00017148178113079836,0.014776243938746833,0.019298741179653765,test_026,0,0.0,ITC,687,0.0,,,-0.38781094551086426,0.06932384520769119,,,,,
211,0.000833855863160162,0.032583711568585784,0.05972148107594759,test_026,0,0.0,ITC,687,0.0,,,-0.38781094551086426,0.06932384520769119,,,,,
212,0.0034747881291577265,0.06651494310017811,0.12703709588261208,test_026,0,0.0,ITC,687,0.0,,,-0.38781094551086426,0.06932384520769119,,,,,
213,0.0008627403935720301,0.0331432524948335,0.05399155264028797,test_026,1,0.05573495477437973,ITC,687,0.001455604075691412,0.9966666666666667,-0.059219419956207275,-0.38781094551086426,0.06932384520769119,4.739949703216553,1.0,1.7196856578339015,True,1.0
214,0.0012949172801328907,0.040604678156908186,0.06966019051984697,test_026,0,0.0,ITC,687,0.0,,,-0.38781094551086426,0.06932384520769119,,,,,
215,0.0005349031408622732,0.02609712305118879,0.04387553768880057,test_026,0,0.0,ITC,687,0.0,,,-0.38781094551086426,0.06932384520769119,,,,,
216,0.001834789956275202,0.048333499031339405,0.08625391022008558,test_026,0,0.0,ITC,687,0.0,,,-0.38781094551086426,0.06932384520769119,,,,,
217,0.0005282932405399818,0.025935378251951333,0.056915313508430536,test_026,0,0.0,ITC,687,0.0,,,-0.38781094551086426,0.06932384520769119,,,,,
218,0.00021483796612432193,0.016539050582786183,0.020364940300766556,test_026,0,0.0,ITC,687,0.0,,,-0.38781094551086426,0.06932384520769119,,,,,
219,0.0009195515865137587,0.03421709285391257,0.051409933641942636,test_026,0,0.0,ITC,687,0.0,,,-0.38781094551086426,0.06932384520769119,,,,,
220,0.0012455205734998598,0.03982268258117778,0.052861995698705894,test_026,0,0.0,ITC,687,0.0,,,-0.38781094551086426,0.06932384520769119,,,,,
221,0.003906294146567053,0.07052409645487609,0.11186433605298458,test_026,0,0.0,ITC,687,0.0,,,-0.38781094551086426,0.06932384520769119,,,,,
222,0.0007824689893323784,0.03156375230778084,0.045433873177903844,test_026,0,0.0,ITC,687,0.0,,,-0.38781094551086426,0.06932384520769119,,,,,
223,0.002137929636539795,0.052173715193608174,0.1340594742877288,test_026,0,0.0,ITC,687,0.0,,,-0.38781094551086426,0.06932384520769119,,,,,
224,0.0008937487170108834,0.03373360653049971,0.06364409161751179,test_026,0,0.0,ITC,687,0.0,,,-0.38781094551086426,0.06932384520769119,,,,,
225,0.003577013280013664,0.06748625608341471,0.13175287486030274,test_026,1,0.046875,ITC,687,0.001455604075691412,0.9433333333333334,-0.26959896087646484,-0.38781094551086426,0.06932384520769119,1.7052139043807983,1.0,0.22256626265710958,False,0.9933333333333333
226,0.0002552618982414637,0.01802802105349322,0.029380718706306277,test_026,0,0.0,ITC,687,0.0,,,-0.38781094551086426,0.06932384520769119,,,,,
227,0.00030022762774985646,0.019551513702860585,0.02602319301440833,test_026,0,0.0,ITC,687,0.0,,,-0.38781094551086426,0.06932384520769119,,,,,
228,0.000731289553544157,0.030514042312092034,0.05201555150476208,test_026,1,0.047242939472198486,ITC,687,0.001455604075691412,0.9833333333333333,-0.16760139167308807,-0.38781094551086426,0.06932384520769119,3.1765339374542236,1.0,0.7723401317514029,False,0.9966666666666667
229,0.00040323158268838836,0.02265856122451297,0.025932709537560838,test_026,0,0.0,ITC,687,0.0,,,-0.38781094551086426,0.06932384520769119,,,,,
230,0.00153115665280192,0.04415347324426168,0.05407008379891596,test_026,0,0.0,ITC,687,0.0,,,-0.38781094551086426,0.06932384520769119,,,,,
231,0.001007865318183323,0.035822534512204664,0.047389561202509825,test_026,0,0.0,ITC,687,0.0,,,-0.38781094551086426,0.06932384520769119,,,,,
232,0.0009573655479428873,0.03491354571520818,0.03989128298587232,test_026,1,0.061847951263189316,ITC,687,0.001455604075691412,0.76,-0.36600834131240845,-0.38781094551086426,0.06932384520769119,0.31450366973876953,1.0,0.0075709963586004896,False,0.9966666666666667
233,0.0026400543572245847,0.05797776822083369,0.09998170553577121,test_026,0,0.0,ITC,687,0.0,,,-0.38781094551086426,0.06932384520769119,,,,,
234,0.002630489464403418,0.0578726464583023,0.10410938092830756,test_026,0,0.0,ITC,687,0.0,,,-0.38781094551086426,0.06932384520769119,,,,,
235,0.004412137970004232,0.0749513745053212,0.1264331736095401,test_026,1,0.046875,ITC,687,0.001455604075691412,0.9866666666666667,-0.13190871477127075,-0.38781094551086426,0.06932384520769119,3.6914026737213135,1.0,1.0430003341823035,True,1.0
236,0.0007255469200357762,0.03039399661364644,0.036824973015850866,test_026,0,0.0,ITC,687,0.0,,,-0.38781094551086426,0.06932384520769119,,,,,
237,0.0016465505223695613,0.04578704224434316,0.055084806592762804,test_026,0,0.0,ITC,687,0.0,,,-0.38781094551086426,0.06932384520769119,,,,,
238,0.003667381554911219,0.0683334121886599,0.08120972185479486,test_026,0,0.0,ITC,687,0.0,,,-0.38781094551086426,0.06932384520769119,,,,,
239,0.004951209448206436,0.07939820944909777,0.14228653159954607,test_026,0,0.0,ITC,687,0.0,,,-0.38781094551086426,0.06932384520769119,,,,,
240,0.0027511020613966487,0.05918455825781448,0.09459660068558694,test_026,0,0.0,ITC,687,0.0,,,-0.38781094551086426,0.06932384520769119,,,,,
241,0.0011000533868904332,0.037425011336120514,0.04988735174022123,test_026,0,0.0,ITC,687,0.0,,,-0.38781094551086426,0.06932384520769119,,,,,
242,0.0007060365682804842,0.02998255624131839,0.03307362328132129,test_026,1,0.045611537992954254,ITC,687,0.001455604075691412,0.9233333333333333,-0.29104742407798767,-0.38781094551086426,0.06932384520769119,1.3958187103271484,1.0,0.149128151204622,False,0.9933333333333333
243,0.0008552243816549492,0.03299856818628285,0.06712751299765246,test_026,0,0.0,ITC,687,0.0,,,-0.38781094551086426,0.06932384520769119,,,,,
244,0.000965979323295682,0.03507025910677842,0.04203999918176357,test_026,0,0.0,ITC,687,0.0,,,-0.38781094551086426,0.06932384520769119,,,,,
245,0.0010848602882712508,0.037165669905703906,0.04377713300285865,test_026,0,0.0,ITC,687,0.0,,,-0.38781094551086426,0.06932384520769119,,,,,
246,0.0014239871521533223,0.04258023900022659,0.0675693428522377,test_026,0,0.0,ITC,687,0.0,,,-0.38781094551086426,0.06932384520769119,,,,,
247,0.0024504501534078084,0.05585705002702137,0.07970273126366892,test_026,0,0.0,ITC,687,0.0,,,-0.38781094551086426,0.06932384520769119,,,,,
248,0.00191888585125066,0.04942875021326289,0.0743788258048477,test_026,1,0.12396430969238281,ITC,687,0.001455604075691412,0.96,-0.23099461197853088,-0.38781094551086426,0.06932384520769119,2.2620835304260254,1.0,0.39166871058001396,False,0.9933333333333333
249,0.0015488101402366848,0.0444072777575496,0.055879550406525515,test_026,0,0.0,ITC,687,0.0,,,-0.38781094551086426,0.06932384520769119,,,,,
250,0.0004623425238660336,0.02426257992462662,0.04076961375806189,test_026,0,0.0,ITC,687,0.0,,,-0.38781094551086426,0.06932384520769119,,,,,
251,0.0006580344859431582,0.02894538873987191,0.04769052654804508,test_026,0,0.0,ITC,687,0.0,,,-0.38781094551086426,0.06932384520769119,,,,,
252,0.0006629963437764817,0.02905431401549596,0.06248817837691078,test_026,1,0.042831044644117355,ITC,687,0.001455604075691412,0.9733333333333334,-0.2053709179162979,-0.38781094551086426,0.06932384520769119,2.631706714630127,1.0,0.5301229179342152,False,1.0
253,0.0010999696503271523,0.03742358690458518,0.05428837286025216,test_026,0,0.0,ITC,687,0.0,,,-0.38781094551086426,0.06932384520769119,,,,,
254,0.03020723589440863,0.19611488285671874,0.4427226020511037,test_026,2,0.2265625,micro,687,0.002911208151382824,1.0,0.10670740902423859,-0.38781094551086426,0.06932384520769119,7.133452415466309,0.8938898180111153,3.8949432995421813,True,0.9966666666666667
255,0.00015483505860286332,0.014040730733282792,0.02446901272656795,test_026,0,0.0,ITC,687,0.0,,,-0.38781094551086426,0.06932384520769119,,,,,
256,0.0012179730168172074,0.03937983506100621,0.05237325144925673,test_026,0,0.0,ITC,687,0.0,,,-0.38781094551086426,0.06932384520769119,,,,,
257,0.00023227296889153862,0.0171970674583124,0.020210508648149675,test_026,0,0.0,ITC,687,0.0,,,-0.38781094551086426,0.06932384520769119,,,,,
258,0.0007300145636500741,0.03048743037174269,0.033714748484994644,test_026,0,0.0,ITC,687,0.0,,,-0.38781094551086426,0.06932384520769119,,,,,
259,0.02840563897855774,0.1901767147706844,0.28251007934775074,test_026,1,0.046875,micro,687,0.001455604075691412,1.0,0.06084713339805603,-0.38781094551086426,0.06932384520769119,6.4719157218933105,1.0,3.2060279861335745,True,1.0
260,0.0013796657786898194,0.04191234934891755,0.06166854900223893,test_026,0,0.0,ITC,687,0.0,,,-0.38781094551086426,0.06932384520769119,,,,,
261,0.000239923525564785,0.017477989600104528,0.01964063824861644,test_026,0,0.0,ITC,687,0.0,,,-0.38781094551086426,0.06932384520769119,,,,,
262,0.00032351272167131995,0.020295546074368752,0.026573176120860298,test_026,0,0.0,ITC,687,0.0,,,-0.38781094551086426,0.06932384520769119,,,,,
263,0.00034062710755342486,0.020825462860301038,0.02314593792945388,test_026,1,0.022005271166563034,ITC,687,0.001455604075691412,0.96,-0.23875071108341217,-0.38781094551086426,0.06932384520769119,2.1502015590667725,1.0,0.3538832014551015,False,0.9866666666666667
264,0.0007823300364105949,0.031560949595854516,0.03820597682899513,test_026,0,0.0,ITC,687,0.0,,,-0.38781094551086426,0.06932384520769119,,,,,
265,0.0004101461538512421,0.022852008712680675,0.03897020336773954,test_026,0,0.0,ITC,687,0.0,,,-0.38781094551086426,0.06932384520769119,,,,,
266,0.000433076211757679,0.02348211572013851,0.03666316248938948,test_026,0,0.0,ITC,687,0.0,,,-0.38781094551086426,0.06932384520769119,,,,,
267,0.0004413309679560814,0.0237048526828987,0.04469828741677057,test_026,0,0.0,ITC,687,0.0,,,-0.38781094551086426,0.06932384520769119,,,,,
268,0.0007889625284197769,0.031694452046033224,0.054583700863882714,test_026,1,0.05096874013543129,ITC,687,0.001455604075691412,0.9833333333333333,-0.17576567828655243,-0.38781094551086426,0.06932384520769119,3.0587637424468994,1.0,0.7161326421435154,False,0.9866666666666667
269,0.00024911860697171973,0.01780976310133659,0.03279493638957381,test_026,0,0.0,ITC,687,0.0,,,-0.38781094551086426,0.06932384520769119,,,,,
270,0.001689587984019905,0.046381572154935685,0.07863276985381633,test_026,0,0.0,ITC,687,0.0,,,-0.38781094551086426,0.06932384520769119,,,,,
271,0.0004326842766781769,0.02347148762758307,0.03087601023882082,test_026,0,0.0,ITC,687,0.0,,,-0.38781094551086426,0.06932384520769119,,,,,
272,0.0014085432654635812,0.04234870701755403,0.08565511058562857,test_026,0,0.0,ITC,687,0.0,,,-0.38781094551086426,0.06932384520769119,,,,,
273,0.000485608577934763,0.02486555940832917,0.03058182209685758,test_026,1,0.03137139976024628,ITC,687,0.001455604075691412,0.9233333333333333,-0.2994106709957123,-0.38781094551086426,0.06932384520769119,1.2751784324645996,1.0,0.12446393294346153,False,0.9866666666666667
274,0.0015145102191623154,0.04391280339426052,0.07332655702320937,test_026,0,0.0,ITC,687,0.0,,,-0.38781094551086426,0.06932384520769119,,,,,
275,0.0007548460032308807,0.031001609337239958,0.03564751083618031,test_026,0,0.0,ITC,687,0.0,,,-0.38781094551086426,0.06932384520769119,,,,,
276,0.002024224741671364,0.05076734175163498,0.07342226984306119,test_026,0,0.0,ITC,687,0.0,,,-0.38781094551086426,0.06932384520769119,,,,,
277,0.0024812338088425713,0.05620680568358435,0.06464555696093481,test_026,0,0.0,ITC,687,0.0,,,-0.38781094551086426,0.06932384520769119,,,,,
278,0.004483137821054947,0.07555202418377016,0.1431347075837465,test_026,1,0.09375,ITC,687,0.001455604075691412,0.4066666666666667,-0.4115667939186096,-0.38781094551086426,0.06932384520769119,-0.34267932176589966,1.0,0.008988296703197864,False,0.92
279,0.0015781952366941566,0.0448265611515279,0.07425049576806213,test_026,1,0.10195493698120117,ITC,687,0.001455604075691412,0.9933333333333333,-0.09463705867528915,-0.38781094551086426,0.06932384520769119,4.229048252105713,1.0,1.3689477848625093,True,1.0
280,0.0006535260037116795,0.02884605954785591,0.031841578042710136,test_026,0,0.0,ITC,687,0.0,,,-0.38781094551086426,0.06932384520769119,,,,,
281,0.0006391579078815422,0.028527199716147637,0.04450317948753774,test_026,0,0.0,ITC,687,0.0,,,-0.38781094551086426,0.06932384520769119,,,,,
282,0.5753879130163341,0.8559244384961985,1.3994923346162278,test_026,0,0.0,micro,687,0.0,,,-0.38781094551086426,0.06932384520769119,,,,,
283,0.000909243356424697,0.034024764469245815,0.04657898415670801,test_026,0,0.0,ITC,687,0.0,,,-0.38781094551086426,0.06932384520769119,,,,,
284,0.0004567181467957263,0.024114551733309862,0.03310787028515217,test_026,0,0.0,ITC,687,0.0,,,-0.38781094551086426,0.06932384520769119,,,,,
285,0.003006785544684125,0.06187372833464849,0.0793469676754954,test_026,0,0.0,ITC,687,0.0,,,-0.38781094551086426,0.06932384520769119,,,,,
286,0.003031000037274705,0.06212237203739009,0.07593956701985168,test_026,0,0.0,ITC,687,0.0,,,-0.38781094551086426,0.06932384520769119,,,,,
287,0.0027581505847003958,0.05926032732591809,0.07241431772646714,test_026,0,0.0,ITC,687,0.0,,,-0.38781094551086426,0.06932384520769119,,,,,
288,0.0012216036949625302,0.039438485422501765,0.04417162937772307,test_026,0,0.0,ITC,687,0.0,,,-0.38781094551086426,0.06932384520769119,,,,,
289,0.0027117700893822755,0.0587599601261907,0.07020878256027097,test_026,0,0.0,ITC,687,0.0,,,-0.38781094551086426,0.06932384520769119,,,,,
290,0.0025373154166145784,0.05683845815906564,0.06364891232248318,test_026,0,0.0,ITC,687,0.0,,,-0.38781094551086426,0.06932384520769119,,,,,
291,0.0004922946496627693,0.02503615416976379,0.02970008604554286,test_026,0,0.0,ITC,687,0.0,,,-0.38781094551086426,0.06932384520769119,,,,,
292,0.0014929749905327769,0.043599481616722655,0.05025241631042026,test_026,0,0.0,ITC,687,0.0,,,-0.38781094551086426,0.06932384520769119,,,,,
293,0.16604405032892103,0.4597976196619311,0.7820737459238292,test_026,0,0.0,micro,687,0.0,,,-0.38781094551086426,0.06932384520769119,,,,,
294,0.00020570146544235564,0.0161835484431314,0.02132439983957082,test_026,0,0.0,ITC,687,0.0,,,-0.38781094551086426,0.06932384520769119,,,,,
295,0.00027449875859776357,0.018694990623891305,0.021393015617409507,test_026,0,0.0,ITC,687,0.0,,,-0.38781094551086426,0.06932384520769119,,,,,
296,0.000706391589653997,0.02999009346460599,0.037709394429055,test_026,0,0.0,ITC,687,0.0,,,-0.38781094551086426,0.06932384520769119,,,,,
297,0.059742738397377,0.27580213385379787,0.6455211412875326,test_026,0,0.0,micro,687,0.0,,,-0.38781094551086426,0.06932384520769119,,,,,
298,0.0007838479817003189,0.031591553417989596,0.0371560172316861,test_026,0,0.0,ITC,687,0.0,,,-0.38781094551086426,0.06932384520769119,,,,,
299,0.0690218296079743,0.2964478417982583,0.5996587320244134,test_026,0,0.0,micro,687,0.0,,,-0.38781094551086426,0.06932384520769119,,,,,
300,0.0006382595320742684,0.028507144298247755,0.03211844735856177,test_026,0,0.0,ITC,687,0.0,,,-0.38781094551086426,0.06932384520769119,,,,,
301,0.0005936407495950222,0.02749266952754146,0.03612109305776474,test_026,0,0.0,ITC,687,0.0,,,-0.38781094551086426,0.06932384520769119,,,,,
302,0.00026565568666416406,0.01839139270269077,0.020990103920824454,test_026,0,0.0,ITC,687,0.0,,,-0.38781094551086426,0.06932384520769119,,,,,
303,0.00015883373326230956,0.014220878672834858,0.016526297625389458,test_026,0,0.0,ITC,687,0.0,,,-0.38781094551086426,0.06932384520769119,,,,,
304,0.0011491141798604708,0.038250459019654466,0.05142890569544694,test_026,0,0.0,ITC,687,0.0,,,-0.38781094551086426,0.06932384520769119,,,,,
305,0.0014816823512701493,0.04343427865607222,0.06451858767154092,test_026,0,0.0,ITC,687,0.0,,,-0.38781094551086426,0.06932384520769119,,,,,
306,0.00043527938082356073,0.023541769701371094,0.03114407867075217,test_026,0,0.0,ITC,687,0.0,,,-0.38781094551086426,0.06932384520769119,,,,,
0,2.701623213602754,1.8546734242268954,2.2219184978918656,test_027,49,1.0,macro,349,0.14040114613180515,0.9946938775510205,0.13522382080554962,-0.3245700001716614,0.07782264798879623,5.908226013183594,0.33530785790130985,2.980931326436101,True,0.9995918367346939
1,0.08174834333421241,0.3226224162232166,0.3844491025786238,test_027,0,0.0,micro,349,0.0,,,-0.3245700001716614,0.07782264798879623,,,,,
0,0.04346394279560376,0.23524457642519558,0.3984250288357348,test_029,2,0.4140625,micro,305,0.006557377049180328,0.9966666666666667,-0.03425653278827667,-0.361033171415329,0.08471856266260147,3.8572020530700684,0.8788270276815164,1.3004542636163585,True,1.0
1,0.007905557405568604,0.10032780428148452,0.2111379487081629,test_029,1,0.21875,micro,305,0.003278688524590164,1.0,-0.012934679165482521,-0.361033171415329,0.08471856266260147,4.108880996704102,1.0,1.4756978032313617,True,1.0
2,0.0030931426327631835,0.06275596798345412,0.09385413024348568,test_029,1,0.19982391595840454,ITC,305,0.003278688524590164,0.9933333333333333,-0.07983897626399994,-0.361033171415329,0.08471856266260147,3.3191568851470947,1.0,0.9629547180689845,False,1.0
3,0.0034882012958829347,0.06664319792682966,0.09351941338387755,test_029,0,0.0,ITC,305,0.0,,,-0.361033171415329,0.08471856266260147,,,,,
4,0.002819504816605591,0.05991581618465613,0.08548996221704397,test_029,1,0.18214631080627441,ITC,305,0.003278688524590164,0.9933333333333333,-0.0954580008983612,-0.361033171415329,0.08471856266260147,3.1347930431365967,1.0,0.8589503340957522,False,1.0
5,0.0019092860987871094,0.04930495475293405,0.06427468992844372,test_029,0,0.0,ITC,305,0.0,,,-0.361033171415329,0.08471856266260147,,,,,
6,0.0033504569756531983,0.0653141203288801,0.10829838008444674,test_029,0,0.0,ITC,305,0.0,,,-0.361033171415329,0.08471856266260147,,,,,
0,0.005922859098851807,0.08684018898270887,0.10656521581375535,test_030,0,0.0,ITC,329,0.0,,,-0.35163524746894836,0.10332247614860535,,,,,
1,0.004183405334022217,0.07298271783739695,0.08740234052930163,test_030,0,0.0,ITC,329,0.0,,,-0.35163524746894836,0.10332247614860535,,,,,
2,0.0021606018504049074,0.05244963027861583,0.10566050384987691,test_030,0,0.0,ITC,329,0.0,,,-0.35163524746894836,0.10332247614860535,,,,,
3,0.0025747851237297365,0.057256599957808525,0.11031739851324339,test_030,0,0.0,ITC,329,0.0,,,-0.35163524746894836,0.10332247614860535,,,,,
4,0.0029689782418212893,0.061483497826206525,0.08757074043880181,test_030,0,0.0,ITC,329,0.0,,,-0.35163524746894836,0.10332247614860535,,,,,
5,0.0019323555382738038,0.049601930263027144,0.06317738960747339,test_030,1,0.12483448535203934,ITC,329,0.00303951367781155,1.0,-0.01490771770477295,-0.35163524746894836,0.10332247614860535,3.25899600982666,1.0,0.916230949446939,False,1.0
6,0.003310385071480225,0.06492236272125007,0.0864722422587156,test_030,0,0.0,ITC,329,0.0,,,-0.35163524746894836,0.10332247614860535,,,,,
7,0.0013385876412095948,0.041283685868413196,0.04652573945208836,test_030,1,0.08647575229406357,ITC,329,0.00303951367781155,0.9966666666666667,-0.04453152418136597,-0.35163524746894836,0.10332247614860535,2.9722838401794434,1.0,0.7621103521117663,False,1.0
8,0.0014976416008883058,0.04366756817240303,0.051049619340716876,test_030,0,0.0,ITC,329,0.0,,,-0.35163524746894836,0.10332247614860535,,,,,
9,0.0005135937244711303,0.025572012825048767,0.0304927480096726,test_030,0,0.0,ITC,329,0.0,,,-0.35163524746894836,0.10332247614860535,,,,,
10,0.0003775961071071167,0.0219264747624153,0.029153356354766787,test_030,0,0.0,ITC,329,0.0,,,-0.35163524746894836,0.10332247614860535,,,,,
11,0.002615098392131836,0.05770309078581142,0.08215087716472272,test_030,0,0.0,ITC,329,0.0,,,-0.35163524746894836,0.10332247614860535,,,,,
12,0.003691610216094727,0.0685587639246809,0.08855101351982432,test_030,0,0.0,ITC,329,0.0,,,-0.35163524746894836,0.10332247614860535,,,,,
13,0.001632712778942871,0.04559423730412105,0.06530735196744698,test_030,0,0.0,ITC,329,0.0,,,-0.35163524746894836,0.10332247614860535,,,,,
14,0.000954906167758667,0.03486867210407996,0.038911311610507295,test_030,0,0.0,ITC,329,0.0,,,-0.35163524746894836,0.10332247614860535,,,,,
15,0.000902320449144104,0.03389498602851853,0.04362819705226243,test_030,1,0.05829191580414772,ITC,329,0.00303951367781155,0.99,-0.056402966380119324,-0.35163524746894836,0.10332247614860535,2.857387065887451,1.0,0.7043288037651756,False,1.0
16,0.0018535958134035645,0.04858056699526014,0.0580140905028087,test_030,0,0.0,ITC,329,0.0,,,-0.35163524746894836,0.10332247614860535,,,,,
17,0.001784514487775757,0.04766670131222536,0.052803914140651706,test_030,0,0.0,ITC,329,0.0,,,-0.35163524746894836,0.10332247614860535,,,,,
18,0.0008934005866376954,0.033727035982972275,0.040055985501957325,test_030,1,0.05771567299962044,ITC,329,0.00303951367781155,0.9333333333333333,-0.16416406631469727,-0.35163524746894836,0.10332247614860535,1.8144278526306152,1.0,0.2839989328925351,False,1.0
19,0.0017431112924703369,0.047110489579791595,0.058303070125105994,test_030,0,0.0,ITC,329,0.0,,,-0.35163524746894836,0.10332247614860535,,,,,
20,0.03887099115658594,0.22246816195495484,0.6769080083417859,test_030,1,0.515625,micro,329,0.00303951367781155,1.0,-0.01811985671520233,-0.35163524746894836,0.10332247614860535,3.227907657623291,1.0,0.8988340260038986,False,1.0
21,0.02194167226575586,0.1671436651697549,0.27332796691370786,test_030,1,0.578125,micro,329,0.00303951367781155,0.9833333333333333,-0.07237708568572998,-0.35163524746894836,0.10332247614860535,2.702782392501831,1.0,0.6301725220261383,False,0.9933333333333333
22,0.0008994374350592652,0.03384079358307989,0.042107984111056054,test_030,1,0.05810566619038582,ITC,329,0.00303951367781155,0.91,-0.18891549110412598,-0.35163524746894836,0.10332247614860535,1.5748727321624756,1.0,0.21395785110848714,False,0.9833333333333333
23,0.0018106682283742677,0.0480147309766667,0.05787396198097437,test_030,1,0.11697321385145187,ITC,329,0.00303951367781155,0.9833333333333333,-0.07322323322296143,-0.35163524746894836,0.10332247614860535,2.6945929527282715,1.0,0.6263594578516811,False,1.0
24,0.0009470622519876709,0.0347251653783915,0.04390486283096227,test_030,0,0.0,ITC,329,0.0,,,-0.35163524746894836,0.10332247614860535,,,,,
25,0.0005905882792468872,0.027421895481425602,0.030497164443596937,test_030,0,0.0,ITC,329,0.0,,,-0.35163524746894836,0.10332247614860535,,,,,
26,0.0006390269733284913,0.0285242775998667,0.03594017357631057,test_030,0,0.0,ITC,329,0.0,,,-0.35163524746894836,0.10332247614860535,,,,,
27,0.0013082786516019288,0.040813626581723564,0.05345351919622565,test_030,0,0.0,ITC,329,0.0,,,-0.35163524746894836,0.10332247614860535,,,,,
28,0.0012836366792918703,0.04042742857450789,0.0559974380177571,test_030,0,0.0,ITC,329,0.0,,,-0.35163524746894836,0.10332247614860535,,,,,
29,0.001724350072925171,0.04685627708018734,0.06679214312964549,test_030,0,0.0,ITC,329,0.0,,,-0.35163524746894836,0.10332247614860535,,,,,
30,0.029046821269218752,0.19231110599448936,0.40156380471601266,test_030,0,0.0,micro,329,0.0,,,-0.35163524746894836,0.10332247614860535,,,,,
31,0.004380390498628785,0.07468123194107303,0.12976969624629328,test_030,1,0.2829830050468445,ITC,329,0.00303951367781155,0.99,-0.05955062806606293,-0.35163524746894836,0.10332247614860535,2.8269224166870117,1.0,0.6893901591053208,False,1.0
32,0.0037953674975302735,0.06951555210640335,0.12301640340780169,test_030,0,0.0,ITC,329,0.0,,,-0.35163524746894836,0.10332247614860535,,,,,
33,0.0031090874053029786,0.06291750974466323,0.10633693604881608,test_030,0,0.0,ITC,329,0.0,,,-0.35163524746894836,0.10332247614860535,,,,,
34,0.003968921028539795,0.07108718030325736,0.1359598469659457,test_030,0,0.0,ITC,329,0.0,,,-0.35163524746894836,0.10332247614860535,,,,,
35,0.0034823165137734375,0.06658695887800126,0.11917519248971739,test_030,1,0.2249654233455658,ITC,329,0.00303951367781155,1.0,0.003229871392250061,-0.35163524746894836,0.10332247614860535,3.434539556503296,1.0,1.0175935499976843,True,0.99
36,0.0006027685338740845,0.02770322605131974,0.03315086327409574,test_030,0,0.0,ITC,329,0.0,,,-0.35163524746894836,0.10332247614860535,,,,,
37,0.0005401845264210206,0.02622564204158365,0.0362807824111031,test_030,0,0.0,ITC,329,0.0,,,-0.35163524746894836,0.10332247614860535,,,,,
38,0.0009650169034233399,0.035052784237153974,0.04419530143681067,test_030,0,0.0,ITC,329,0.0,,,-0.35163524746894836,0.10332247614860535,,,,,
39,0.0006308069229239502,0.028340224405594944,0.03403735271727224,test_030,0,0.0,ITC,329,0.0,,,-0.35163524746894836,0.10332247614860535,,,,,
40,0.0008983017905921631,0.03381942286450713,0.038586742366032864,test_030,1,0.05803230032324791,ITC,329,0.00303951367781155,0.83,-0.2397550642490387,-0.35163524746894836,0.10332247614860535,1.0828251838684082,1.0,0.10114723051757218,False,0.9866666666666667
41,0.0005813625109163819,0.02720686932973482,0.03568681811470723,test_030,1,0.037557315081357956,ITC,329,0.00303951367781155,0.7066666666666667,-0.31438952684402466,-0.35163524746894836,0.10332247614860535,0.36048033833503723,1.0,0.011209867112606279,False,0.9133333333333333
42,0.0015766704052470703,0.04480490050177753,0.0663707070739931,test_030,0,0.0,ITC,329,0.0,,,-0.35163524746894836,0.10332247614860535,,,,,
43,0.002676818379076172,0.05838005664877058,0.127747868312389,test_030,0,0.0,ITC,329,0.0,,,-0.35163524746894836,0.10332247614860535,,,,,
44,0.001805326982506714,0.0479438599333111,0.06021547845031209,test_030,0,0.0,ITC,329,0.0,,,-0.35163524746894836,0.10332247614860535,,,,,
45,0.0009479971103928223,0.034742299999378376,0.04345641533205714,test_030,0,0.0,ITC,329,0.0,,,-0.35163524746894836,0.10332247614860535,,,,,
46,0.010032344412194092,0.1130202531938783,0.16180326794308225,test_030,1,0.171875,ITC,329,0.00303951367781155,1.0,0.0009730756282806396,-0.35163524746894836,0.10332247614860535,3.4126970767974854,1.0,1.00469162306433,True,1.0
47,0.006268999752481201,0.08934169458205957,0.18026866241411157,test_030,1,0.25,ITC,329,0.00303951367781155,1.0,-0.01166108250617981,-0.35163524746894836,0.10332247614860535,3.2904183864593506,1.0,0.9339842375207584,False,1.0
48,0.0025800976235753176,0.05731563768827241,0.07168027424619557,test_030,0,0.0,ITC,329,0.0,,,-0.35163524746894836,0.10332247614860535,,,,,
49,0.0009864795930941163,0.03544044057290599,0.04601661100049473,test_030,0,0.0,ITC,329,0.0,,,-0.35163524746894836,0.10332247614860535,,,,,
50,0.0019514194704415284,0.0498460072436329,0.09145990805248949,test_030,0,0.0,ITC,329,0.0,,,-0.35163524746894836,0.10332247614860535,,,,,
51,0.005591234364591797,0.08437405227248752,0.19421995959095129,test_030,1,0.09375,ITC,329,0.00303951367781155,1.0,0.032730162143707275,-0.35163524746894836,0.10332247614860535,3.7200560569763184,1.0,1.193812903711904,True,1.0
52,0.007387352132238282,0.0969838587892305,0.1405944987727951,test_030,1,0.34375,ITC,329,0.00303951367781155,0.9966666666666667,-0.04656285047531128,-0.35163524746894836,0.10332247614860535,2.9526238441467285,1.0,0.7520618271852615,False,0.99
53,0.00467972489416333,0.07719074292770038,0.1260294837181417,test_030,0,0.0,ITC,329,0.0,,,-0.35163524746894836,0.10332247614860535,,,,,
54,0.0006668380684187622,0.02913836986939352,0.033688995295956536,test_030,0,0.0,ITC,329,0.0,,,-0.35163524746894836,0.10332247614860535,,,,,
55,0.0018298685671918945,0.048268633929463886,0.06391835435342497,test_030,0,0.0,ITC,329,0.0,,,-0.35163524746894836,0.10332247614860535,,,,,
56,0.0008406816257422485,0.03271680134773687,0.03737463235939585,test_030,0,0.0,ITC,329,0.0,,,-0.35163524746894836,0.10332247614860535,,,,,
57,0.0011760113027213745,0.03869553069387172,0.05639031155412197,test_030,0,0.0,ITC,329,0.0,,,-0.35163524746894836,0.10332247614860535,,,,,
58,0.0020736405639832766,0.051383277120386484,0.07368030885521586,test_030,0,0.0,ITC,329,0.0,,,-0.35163524746894836,0.10332247614860535,,,,,
59,0.0004968008974302979,0.025150478096214648,0.02965115202935752,test_030,0,0.0,ITC,329,0.0,,,-0.35163524746894836,0.10332247614860535,,,,,
60,0.000706412842289978,0.029990544605131196,0.038487453936384836,test_030,0,0.0,ITC,329,0.0,,,-0.35163524746894836,0.10332247614860535,,,,,
61,0.0008746916584707642,0.03337202434697302,0.03715600388161985,test_030,0,0.0,ITC,329,0.0,,,-0.35163524746894836,0.10332247614860535,,,,,
62,0.008202788742712281,0.10219645299289845,0.17308867995914695,test_030,0,0.0,ITC,329,0.0,,,-0.35163524746894836,0.10332247614860535,,,,,
63,0.004038220731670533,0.0717051066935423,0.11900835925705976,test_030,0,0.0,ITC,329,0.0,,,-0.35163524746894836,0.10332247614860535,,,,,
64,0.003684431185432251,0.0684920687754998,0.09481646538804475,test_030,0,0.0,ITC,329,0.0,,,-0.35163524746894836,0.10332247614860535,,,,,
65,0.005112710840988281,0.08068274675258924,0.09488737731121037,test_030,0,0.0,ITC,329,0.0,,,-0.35163524746894836,0.10332247614860535,,,,,
66,0.006409306735879395,0.09033594406690557,0.1544697024540735,test_030,0,0.0,ITC,329,0.0,,,-0.35163524746894836,0.10332247614860535,,,,,
67,0.006982310793089356,0.09428761432655142,0.15872782545574532,test_030,0,0.0,ITC,329,0.0,,,-0.35163524746894836,0.10332247614860535,,,,,
68,0.03296282431679297,0.20486476374989096,0.419902325861707,test_030,2,0.2734375,micro,329,0.0060790273556231,0.9416666666666667,-0.07515652477741241,-0.35163524746894836,0.10332247614860535,2.6758816242218018,0.8804105807143804,0.6176907455677423,True,0.9616666666666667
69,0.0021047290551727297,0.051767019075845924,0.07784410392915889,test_030,1,0.13597019016742706,ITC,329,0.00303951367781155,0.9966666666666667,-0.045997679233551025,-0.35163524746894836,0.10332247614860535,2.9580936431884766,1.0,0.754850829489802,False,0.9866666666666667
70,0.0013894965289654542,0.04206140663305334,0.055385950433493494,test_030,0,0.0,ITC,329,0.0,,,-0.35163524746894836,0.10332247614860535,,,,,
71,0.0012486587244664308,0.03987281863461909,0.05579284762628629,test_030,0,0.0,ITC,329,0.0,,,-0.35163524746894836,0.10332247614860535,,,,,
72,0.0013642683518886108,0.04167781682448405,0.05006404132472392,test_030,0,0.0,ITC,329,0.0,,,-0.35163524746894836,0.10332247614860535,,,,,
73,0.00034520991827453613,0.020965088103366822,0.027087961094368104,test_030,0,0.0,ITC,329,0.0,,,-0.35163524746894836,0.10332247614860535,,,,,
74,0.0006050041173369141,0.0277545521837581,0.03071391391926096,test_030,0,0.0,ITC,329,0.0,,,-0.35163524746894836,0.10332247614860535,,,,,
75,0.28564916844375,0.6030752997622254,1.3462459227782482,test_030,10,0.2421875,micro,329,0.030395136778115502,0.9663333333333334,-0.02005133405327797,-0.35163524746894836,0.10332247614860535,3.2092137336730957,0.6027325482238357,0.8884532583406383,True,0.972
76,0.002621334244179989,0.057771847985488754,0.07069220853581593,test_030,0,0.0,ITC,329,0.0,,,-0.35163524746894836,0.10332247614860535,,,,,
0,0.0031375766799963227,0.0632051161189518,0.0936913706230096,test_033,1,0.20269446074962616,ITC,304,0.003289473684210526,0.5766666666666667,-0.32133200764656067,-0.336814284324646,0.10728036612272263,0.14431603252887726,1.0,0.0018214987168728512,False,1.0
1,0.016184731169177492,0.1435515229647688,0.27320140234289164,test_033,1,0.40625,micro,304,0.003289473684210526,1.0,-0.05268383026123047,-0.336814284324646,0.10728036612272263,2.6484851837158203,1.0,0.6134720815360809,False,1.0
2,0.0032265785654623717,0.06409529954483047,0.1267890479771415,test_033,0,0.0,ITC,304,0.0,,,-0.336814284324646,0.10728036612272263,,,,,
3,0.016609931939281862,0.1454249709659702,0.25388882121431383,test_033,1,0.140625,micro,304,0.003289473684210526,0.7966666666666666,-0.22210513055324554,-0.336814284324646,0.10728036612272263,1.069246530532837,1.0,0.099989732669591,False,1.0
4,0.0019466590628880616,0.049785171476918445,0.05639883857961642,test_033,0,0.0,ITC,304,0.0,,,-0.336814284324646,0.10728036612272263,,,,,
5,0.01386431592494568,0.13286306972346493,0.25851349224561937,test_033,1,0.515625,micro,304,0.003289473684210526,0.96,-0.13927891850471497,-0.336814284324646,0.10728036612272263,1.8413002490997314,1.0,0.2965165453458269,False,1.0
6,0.003978248125156128,0.07117065990783915,0.13792285228311543,test_033,0,0.0,ITC,304,0.0,,,-0.336814284324646,0.10728036612272263,,,,,
7,0.016645963628990477,0.14558261967918393,0.2646020070842245,test_033,0,0.0,micro,304,0.0,,,-0.336814284324646,0.10728036612272263,,,,,
0,0.06954346043015186,0.29756593201741754,0.332411171416729,test_038,2,0.53125,micro,312,0.00641025641025641,0.965,-0.06835643202066422,-0.308754026889801,0.1167382299900055,2.0592877864837646,0.8793057990928387,0.3692028411687765,False,1.0
1,0.11725773048106349,0.3863899317715042,0.7636475759391211,test_038,5,0.265625,micro,312,0.016025641025641024,0.952,-0.05644594505429268,-0.308754026889801,0.1167382299900055,2.1613149642944336,0.7197567440236824,0.40669334685366826,True,1.0
2,0.02281341576666797,0.17043163762813027,0.23485741977528293,test_038,0,0.0,micro,312,0.0,,,-0.308754026889801,0.1167382299900055,,,,,
3,0.10864789278005511,0.3719338564042162,0.7708627033066597,test_038,4,0.4765625,micro,312,0.01282051282051282,0.9383333333333334,-0.030275683850049973,-0.308754026889801,0.1167382299900055,2.3854939937591553,0.7586115981856775,0.49543604697453836,True,0.9108333333333334
4,0.010713161630372224,0.11679221308344723,0.3494130439632582,test_038,1,0.296875,micro,312,0.003205128205128205,0.5366666666666666,-0.301501989364624,-0.308754026889801,0.1167382299900055,0.06212221458554268,1.0,0.0003359888040114592,False,0.9966666666666667
0,0.12210671124620508,0.3942982290554018,0.8543102497307239,test_040,6,0.265625,micro,747,0.008032128514056224,0.9322222222222222,-0.07378117740154266,-0.3283538222312927,0.12188044935464859,2.088707685470581,0.7291804994221673,0.3297050190154898,True,0.9944444444444445
1,0.0006613569343745728,0.02901837007880567,0.03809000777434943,test_040,0,0.0,ITC,747,0.0,,,-0.3283538222312927,0.12188044935464859,,,,,
2,0.017552482954349854,0.1494941985689348,0.2710520293927535,test_040,0,0.0,micro,747,0.0,,,-0.3283538222312927,0.12188044935464859,,,,,
3,0.0009165033637250977,0.034160332632712884,0.04279509863429156,test_040,0,0.0,ITC,747,0.0,,,-0.3283538222312927,0.12188044935464859,,,,,
4,0.0023807274185368653,0.05505666439693198,0.0713658944288976,test_040,0,0.0,ITC,747,0.0,,,-0.3283538222312927,0.12188044935464859,,,,,
5,0.21590851713617285,0.5243121799681033,1.0467858515513693,test_040,5,0.890625,micro,747,0.006693440428380187,0.9853333333333333,0.04941493645310402,-0.3283538222312927,0.12188044935464859,3.0995025634765625,0.7567378997337084,0.7260294353346008,True,0.996
6,0.018090803667418946,0.15176932043531627,0.19057592998200634,test_040,1,0.078125,ITC,747,0.0013386880856760374,0.98,-0.0005212575197219849,-0.3283538222312927,0.12188044935464859,2.6897881031036377,1.0,0.5467721249070964,False,0.97
7,0.0486466480376565,0.24887514138691605,0.3371642929623775,test_040,2,0.5234375,micro,747,0.002677376171352075,0.99,0.08673085272312164,-0.3283538222312927,0.12188044935464859,3.405670642852783,0.8952327159476089,0.8765476308828454,True,1.0
8,0.10294503662102564,0.3620410081193833,0.4390473123728807,test_040,3,0.6875,micro,747,0.004016064257028112,0.9855555555555555,0.047393813729286194,-0.3283538222312927,0.12188044935464859,3.0829195976257324,0.8339477834745584,0.7182814089243293,True,0.9988888888888889
9,0.010716028373905884,0.11680783829932397,0.13475706608927135,test_040,0,0.0,ITC,747,0.0,,,-0.3283538222312927,0.12188044935464859,,,,,
10,0.05987203319368433,0.2761004170331787,0.3475403576697192,test_040,2,0.453125,micro,747,0.002677376171352075,0.9966666666666667,0.14675220847129822,-0.3283538222312927,0.12188044935464859,3.8981316089630127,0.8952327159476089,1.148373664375521,True,1.0
11,0.2332342443043213,0.5449431741334906,0.6737891151837103,test_040,6,0.7578125,micro,747,0.008032128514056224,0.9172222222222223,-0.09559016674757004,-0.3283538222312927,0.12188044935464859,1.909770131111145,0.7291804994221673,0.27563376808016304,True,0.9744444444444444
12,0.05874158273198071,0.2734814546814647,0.42007027372006456,test_040,2,0.3359375,micro,747,0.002677376171352075,0.995,0.13309922814369202,-0.3283538222312927,0.12188044935464859,3.786112070083618,0.8952327159476089,1.083320992622981,True,1.0
13,0.13269952916028588,0.4110453601424213,0.5893068240064098,test_040,5,0.421875,micro,747,0.006693440428380187,0.932,-0.00534993689507246,-0.3283538222312927,0.12188044935464859,2.650169849395752,0.7567378997337084,0.5307837841764937,True,0.976
14,12.551610991904191,3.99765024295835,5.49070270046654,test_040,229,1.0,macro,747,0.30655957161981257,0.9908005822416303,0.14715108275413513,-0.3283538222312927,0.12188044935464859,3.90140438079834,0.17870790998786723,1.1503027643013555,True,0.9970596797671033
15,0.03425252502276013,0.20883407137248672,0.26540874438035167,test_040,1,0.953125,micro,747,0.0013386880856760374,0.9966666666666667,0.14487695693969727,-0.3283538222312927,0.12188044935464859,3.8827455043792725,1.0,1.1393261878415732,True,1.0
16,0.010563891742922058,0.11597570742784725,0.12870128029344016,test_040,1,0.6824510097503662,ITC,747,0.0013386880856760374,0.9833333333333333,0.05291027948260307,-0.3283538222312927,0.12188044935464859,3.128180980682373,1.0,0.7395268920484864,False,1.0
17,0.06407864142571802,0.2856351873213959,0.37915456988915824,test_040,1,0.96875,micro,747,0.0013386880856760374,1.0,0.3019693195819855,-0.3283538222312927,0.12188044935464859,5.171651363372803,1.0,2.0212903799963726,True,1.0
18,0.010400782716427368,0.11507687800228737,0.12847837247797342,test_040,1,0.640625,ITC,747,0.0013386880856760374,0.9966666666666667,0.1630779355764389,-0.3283538222312927,0.12188044935464859,4.03208065032959,1.0,1.2286513143261841,True,1.0
19,0.001053901724355011,0.03663153493526277,0.04363147499083518,test_040,0,0.0,ITC,747,0.0,,,-0.3283538222312927,0.12188044935464859,,,,,
20,0.020266170016760378,0.16063526725369304,0.22116115390246352,test_040,1,0.125,micro,747,0.0013386880856760374,0.98,0.006559490226209164,-0.3283538222312927,0.12188044935464859,2.7478837966918945,1.0,0.5706462337379674,False,1.0
21,0.047453181105935306,0.2458033089841475,0.31872001626587426,test_040,2,0.484375,micro,747,0.002677376171352075,0.9666666666666667,-0.018290020525455475,-0.3283538222312927,0.12188044935464859,2.543999671936035,0.8952327159476089,0.4891075095023214,True,0.9983333333333333
22,0.10410049923575757,0.36406712602710933,0.5892355998560668,test_040,3,0.625,micro,747,0.004016064257028112,0.9422222222222222,-0.06761853396892548,-0.3283538222312927,0.12188044935464859,2.139270782470703,0.8339477834745584,0.34586112384569423,False,0.9866666666666667
23,0.007158054907206848,0.09546684540321496,0.1241526619465253,test_040,0,0.0,ITC,747,0.0,,,-0.3283538222312927,0.12188044935464859,,,,,
24,0.19099425771979103,0.49313430396411995,0.8162898856638356,test_040,5,0.75,micro,747,0.006693440428380187,0.9813333333333333,0.027043187990784645,-0.3283538222312927,0.12188044935464859,2.915947675704956,0.7567378997337084,0.6425836663879879,True,0.998
25,4.21817956080191,2.317488516391525,3.425057144945258,test_040,79,1.0,macro,747,0.10575635876840696,0.970337552742616,0.080159492790699,-0.3283538222312927,0.12188044935464859,3.3517541885375977,0.33957001175173507,0.8490134109942118,True,0.9960759493670887
26,0.05092023807362,0.25462454858607414,0.3578290676098271,test_040,2,0.484375,micro,747,0.002677376171352075,0.9666666666666667,-0.017993703484535217,-0.3283538222312927,0.12188044935464859,2.546430826187134,0.8952327159476089,0.49004278004448926,True,0.995
27,0.07507541571844592,0.30917468869581993,0.514313432950091,test_040,3,0.4375,micro,747,0.004016064257028112,0.9411111111111111,-0.05036434531211853,-0.3283538222312927,0.12188044935464859,2.280837297439575,0.8339477834745584,0.39315050803017676,True,0.9933333333333333
28,3.650230484117051,2.155833435072294,2.623165854443017,test_040,73,1.0,macro,747,0.09772423025435073,0.9795433789954338,0.1003890186548233,-0.3283538222312927,0.12188044935464859,3.517732620239258,0.3515088922053508,0.93518144404792,True,0.9970319634703196
29,0.007335600008616211,0.09664355133856455,0.1277857823443794,test_040,0,0.0,ITC,747,0.0,,,-0.3283538222312927,0.12188044935464859,,,,,
30,0.10035934850886769,0.35746537063797973,0.4101546282235224,test_040,3,0.5,micro,747,0.004016064257028112,0.9633333333333334,-0.04973767697811127,-0.3283538222312927,0.12188044935464859,2.2859787940979004,0.8339477834745584,0.3949249970215027,True,0.9866666666666667
31,0.08551639141400391,0.3299740160548408,0.5134571782329128,test_040,3,0.34375,micro,747,0.004016064257028112,0.9566666666666667,-0.023165889084339142,-0.3283538222312927,0.12188044935464859,2.5039942264556885,0.8339477834745584,0.473845625056183,True,0.9811111111111112
32,0.19287493469340822,0.4955562471000233,0.5669434546323023,test_040,6,0.4765625,micro,747,0.008032128514056224,0.9816666666666667,0.04190153256058693,-0.3283538222312927,0.12188044935464859,3.0378568172454834,0.7291804994221673,0.6974367531038462,True,0.9944444444444445
33,0.008448366358018981,0.10371496582190996,0.13898180959430256,test_040,0,0.0,ITC,747,0.0,,,-0.3283538222312927,0.12188044935464859,,,,,
34,0.0012063821669159546,0.039192007871257234,0.053702274297258185,test_040,0,0.0,ITC,747,0.0,,,-0.3283538222312927,0.12188044935464859,,,,,
35,0.09554698423622021,0.3487896195556037,0.765740540874514,test_040,0,0.0,micro,747,0.0,,,-0.3283538222312927,0.12188044935464859,,,,,
36,0.017211193876700684,0.14803368757117077,0.3768401926662167,test_040,0,0.0,micro,747,0.0,,,-0.3283538222312927,0.12188044935464859,,,,,
37,0.009091880590423096,0.10759248070258798,0.19680521586011582,test_040,0,0.0,ITC,747,0.0,,,-0.3283538222312927,0.12188044935464859,,,,,
38,0.05537643625798242,0.2655324245552119,0.6234866825668075,test_040,0,0.0,micro,747,0.0,,,-0.3283538222312927,0.12188044935464859,,,,,
39,0.006333810380087586,0.0898023264998272,0.2021074876863551,test_040,0,0.0,micro,747,0.0,,,-0.3283538222312927,0.12188044935464859,,,,,
40,0.021513995308417237,0.1655067055799359,0.4201916745221283,test_040,0,0.0,micro,747,0.0,,,-0.3283538222312927,0.12188044935464859,,,,,
41,0.010512576244559509,0.11569368086294357,0.1735669831194144,test_040,0,0.0,ITC,747,0.0,,,-0.3283538222312927,0.12188044935464859,,,,,
42,0.021441673164345337,0.16522828504263795,0.3523624347678728,test_040,0,0.0,micro,747,0.0,,,-0.3283538222312927,0.12188044935464859,,,,,
43,0.04613092119799805,0.24235451946343542,0.46518980681271427,test_040,0,0.0,micro,747,0.0,,,-0.3283538222312927,0.12188044935464859,,,,,
44,0.029689149429079104,0.19442581902271852,0.3338535054637995,test_040,0,0.0,micro,747,0.0,,,-0.3283538222312927,0.12188044935464859,,,,,
45,0.018104776915521974,0.1518279220612957,0.4650458126757819,test_040,0,0.0,micro,747,0.0,,,-0.3283538222312927,0.12188044935464859,,,,,
46,0.01817173934649756,0.15210843872902186,0.45476395549569665,test_040,0,0.0,micro,747,0.0,,,-0.3283538222312927,0.12188044935464859,,,,,
47,0.01811327760725537,0.15186356157526218,0.235771657787907,test_040,0,0.0,micro,747,0.0,,,-0.3283538222312927,0.12188044935464859,,,,,
48,0.03452451497392896,0.20966157904491614,0.5264756747605198,test_040,0,0.0,micro,747,0.0,,,-0.3283538222312927,0.12188044935464859,,,,,
49,0.013771844362010743,0.13241924650763603,0.2945310537708613,test_040,0,0.0,micro,747,0.0,,,-0.3283538222312927,0.12188044935464859,,,,,
50,0.010156409316527344,0.1137169379394259,0.19950014310523337,test_040,0,0.0,ITC,747,0.0,,,-0.3283538222312927,0.12188044935464859,,,,,
51,0.048466050895120606,0.24841274640568384,0.4678095767970209,test_040,0,0.0,micro,747,0.0,,,-0.3283538222312927,0.12188044935464859,,,,,
52,0.02482762131367163,0.17779625771729926,0.4873570636838231,test_040,0,0.0,micro,747,0.0,,,-0.3283538222312927,0.12188044935464859,,,,,
53,0.013776639080262451,0.13244229562543083,0.2869674682218564,test_040,0,0.0,micro,747,0.0,,,-0.3283538222312927,0.12188044935464859,,,,,
54,0.0016710312010039673,0.04612616400270614,0.05775056764181062,test_040,0,0.0,ITC,747,0.0,,,-0.3283538222312927,0.12188044935464859,,,,,
55,0.004630403979045044,0.0767828981884586,0.11179506490301418,test_040,0,0.0,ITC,747,0.0,,,-0.3283538222312927,0.12188044935464859,,,,,
56,0.005813009069947449,0.08603111659022718,0.10933052377904043,test_040,0,0.0,ITC,747,0.0,,,-0.3283538222312927,0.12188044935464859,,,,,
57,0.004249312516407349,0.07355537188967182,0.11541415311947334,test_040,0,0.0,ITC,747,0.0,,,-0.3283538222312927,0.12188044935464859,,,,,
58,0.00027789919406707764,0.018810429110901073,0.02191872338336057,test_040,0,0.0,ITC,747,0.0,,,-0.3283538222312927,0.12188044935464859,,,,,
59,0.0009917664175810546,0.03553528136942953,0.044930650301183386,test_040,0,0.0,ITC,747,0.0,,,-0.3283538222312927,0.12188044935464859,,,,,
60,0.001081255955559082,0.0371038790505552,0.0489827527868063,test_040,0,0.0,ITC,747,0.0,,,-0.3283538222312927,0.12188044935464859,,,,,
61,0.0009374010711654968,0.034547592001252576,0.041932496665534405,test_040,0,0.0,ITC,747,0.0,,,-0.3283538222312927,0.12188044935464859,,,,,
62,0.0009389497036322022,0.03457611738153781,0.043011594880978485,test_040,0,0.0,ITC,747,0.0,,,-0.3283538222312927,0.12188044935464859,,,,,
63,0.011460442559831543,0.12079689013937153,0.2954536269495291,test_040,0,0.0,micro,747,0.0,,,-0.3283538222312927,0.12188044935464859,,,,,
64,0.0026399555307229615,0.05797668305499012,0.07864936670372866,test_040,0,0.0,ITC,747,0.0,,,-0.3283538222312927,0.12188044935464859,,,,,
65,0.018929716025244875,0.15524839134093693,0.24812426919633376,test_040,0,0.0,micro,747,0.0,,,-0.3283538222312927,0.12188044935464859,,,,,
66,0.0041804559294570925,0.07295698598768564,0.08994987736210787,test_040,0,0.0,ITC,747,0.0,,,-0.3283538222312927,0.12188044935464859,,,,,
67,0.009724771304406738,0.11127427100761618,0.16333349713465234,test_040,0,0.0,ITC,747,0.0,,,-0.3283538222312927,0.12188044935464859,,,,,
68,0.0035217856633134154,0.06696324943289413,0.07227011599878047,test_040,0,0.0,ITC,747,0.0,,,-0.3283538222312927,0.12188044935464859,,,,,
69,0.003422806233105652,0.06601554551737127,0.0743814207494508,test_040,0,0.0,ITC,747,0.0,,,-0.3283538222312927,0.12188044935464859,,,,,
70,0.0007996678154151306,0.03190875562033912,0.03977750267397662,test_040,0,0.0,ITC,747,0.0,,,-0.3283538222312927,0.12188044935464859,,,,,
71,0.004531670436167908,0.07595987100460495,0.08437700445619055,test_040,0,0.0,ITC,747,0.0,,,-0.3283538222312927,0.12188044935464859,,,,,
72,0.005272056928150818,0.08193040560754358,0.11810656218961756,test_040,0,0.0,ITC,747,0.0,,,-0.3283538222312927,0.12188044935464859,,,,,
73,0.02125037513492688,0.16448956794351952,0.3284767371206943,test_040,0,0.0,micro,747,0.0,,,-0.3283538222312927,0.12188044935464859,,,,,
74,0.016872952652254577,0.1465718613967039,0.25739231902793963,test_040,0,0.0,micro,747,0.0,,,-0.3283538222312927,0.12188044935464859,,,,,
75,0.007446666759032593,0.09737243241320989,0.24014611365638974,test_040,0,0.0,micro,747,0.0,,,-0.3283538222312927,0.12188044935464859,,,,,
76,0.010735178742363098,0.1169121640146011,0.2262131407719354,test_040,0,0.0,micro,747,0.0,,,-0.3283538222312927,0.12188044935464859,,,,,
77,0.044327223351956636,0.23756930289921538,0.29916924676541223,test_040,2,0.2578125,micro,747,0.002677376171352075,0.9816666666666667,0.025412768125534058,-0.3283538222312927,0.12188044935464859,2.9025704860687256,0.8952327159476089,0.6367013618252393,True,0.9966666666666667
0,0.016584028330926717,0.14531152976259032,0.2991286745057635,test_046,1,0.296875,micro,305,0.003278688524590164,0.9533333333333334,-0.08846689760684967,-0.3368099629878998,0.11545144021511078,2.1510608196258545,1.0,0.4044414736842945,False,0.9966666666666667
1,0.07611758273315611,0.3113132126741568,0.4633764617025854,test_046,4,0.328125,micro,305,0.013114754098360656,0.9983333333333333,0.1919356733560562,-0.3368099629878998,0.11545144021511078,4.57981014251709,0.7576540553630329,1.8333494537199864,True,1.0
2,0.002333139264916406,0.05450362534241091,0.0706447777521722,test_046,0,0.0,ITC,305,0.0,,,-0.3368099629878998,0.11545144021511078,,,,,
3,0.0009486748848764706,0.034754717356379125,0.07511095072804787,test_046,0,0.0,ITC,305,0.0,,,-0.3368099629878998,0.11545144021511078,,,,,
0,0.08086137474432493,0.32086741805007823,0.8861555157583377,test_048,3,0.484375,micro,317,0.00946372239747634,0.7511111111111111,-0.1398821622133255,-0.26448941230773926,0.14035598933696747,0.8877943158149719,0.8092323273073558,0.06843134143810194,False,1.0
1,0.0015072829129791226,0.043807901226931976,0.07061493234471998,test_048,0,0.0,ITC,317,0.0,,,-0.26448941230773926,0.14035598933696747,,,,,
2,0.0017718807242244688,0.04749766948637136,0.05875646067077848,test_048,0,0.0,ITC,317,0.0,,,-0.26448941230773926,0.14035598933696747,,,,,
3,0.005974592696904316,0.08721862006122591,0.16826476643529648,test_048,0,0.0,ITC,317,0.0,,,-0.26448941230773926,0.14035598933696747,,,,,
4,0.03187962822910378,0.20147060165877884,0.48679401522271204,test_048,2,0.2578125,micro,317,0.006309148264984227,0.575,-0.21402670443058014,-0.26448941230773926,0.14035598933696747,0.3595336973667145,0.8796389992786294,0.011223014788039238,False,0.9866666666666667
5,0.0053056559744872975,0.08219106397582163,0.13050022163801167,test_048,0,0.0,ITC,317,0.0,,,-0.26448941230773926,0.14035598933696747,,,,,
6,0.003482353853237755,0.06658731586948957,0.0967249893254065,test_048,1,0.2249678373336792,ITC,317,0.0031545741324921135,0.41333333333333333,-0.3110784590244293,-0.26448941230773926,0.14035598933696747,-0.3319348692893982,1.0,0.009566125780262159,False,0.9966666666666667
7,0.0015036677321722642,0.043755333603390206,0.06871037165159274,test_048,0,0.0,ITC,317,0.0,,,-0.26448941230773926,0.14035598933696747,,,,,
8,0.003577238492175247,0.06748838054944208,0.15310052519685807,test_048,1,0.1875,ITC,317,0.0031545741324921135,0.5133333333333333,-0.2455846071243286,-0.26448941230773926,0.14035598933696747,0.13469183444976807,1.0,0.0015751171820412371,False,0.9866666666666667
9,0.01785934938609366,0.15079532446868538,0.3001552127673394,test_048,2,0.078125,micro,317,0.006309148264984227,0.66,-0.167376309633255,-0.26448941230773926,0.14035598933696747,0.691905677318573,0.8796389992786294,0.04156464939871319,False,0.985
10,0.011601698047525772,0.12153905026857229,0.17403255718230515,test_048,1,0.609375,ITC,317,0.0031545741324921135,0.8233333333333334,-0.11644278466701508,-0.26448941230773926,0.14035598933696747,1.0547938346862793,1.0,0.09659741365436725,False,1.0
11,0.00039033995797646716,0.022293413161422807,0.03782563287726984,test_048,0,0.0,ITC,317,0.0,,,-0.26448941230773926,0.14035598933696747,,,,,
12,0.018919618462437563,0.15520697921703452,0.19352112393534537,test_048,1,0.4375,ITC,317,0.0031545741324921135,0.9666666666666667,-0.045292697846889496,-0.26448941230773926,0.14035598933696747,1.5617196559906006,1.0,0.21175637123823718,False,0.9933333333333333
13,8.930930871411324e-05,0.010663589619249686,0.011926425370083083,test_048,0,0.0,ITC,317,0.0,,,-0.26448941230773926,0.14035598933696747,,,,,
14,0.0025536185755701143,0.057020769484339186,0.12277201386314908,test_048,1,0.16496945917606354,ITC,317,0.0031545741324921135,0.4866666666666667,-0.26309946179389954,-0.26448941230773926,0.14035598933696747,0.00990303698927164,1.0,8.514656566616078e-06,False,0.9933333333333333
15,0.004269245070573715,0.07372768577691907,0.10181706518616113,test_048,0,0.0,ITC,317,0.0,,,-0.26448941230773926,0.14035598933696747,,,,,
16,0.01466023454062523,0.13662353513292055,0.18030653217576453,test_048,0,0.0,ITC,317,0.0,,,-0.26448941230773926,0.14035598933696747,,,,,
17,0.0057011229164452976,0.0851991499172029,0.2710521299565193,test_048,1,0.09375,micro,317,0.0031545741324921135,0.43333333333333335,-0.30044057965278625,-0.26448941230773926,0.14035598933696747,-0.2561427354812622,1.0,0.005696320541307948,False,0.99
18,0.003984820325889176,0.07122942381899883,0.12540052800280022,test_048,1,0.25742828845977783,ITC,317,0.0031545741324921135,0.9133333333333333,-0.08492442965507507,-0.26448941230773926,0.14035598933696747,1.2793538570404053,1.0,0.14210576562952854,False,0.9933333333333333
19,0.004603504411220272,0.07655954454363226,0.2600246961250432,test_048,0,0.0,micro,317,0.0,,,-0.26448941230773926,0.14035598933696747,,,,,
20,0.021716934211257317,0.1662854756982243,0.2370036395542031,test_048,2,0.234375,micro,317,0.006309148264984227,0.6066666666666667,-0.19444477558135986,-0.26448941230773926,0.14035598933696747,0.4990498721599579,0.8796389992786294,0.02162311363188893,False,0.9966666666666667
21,0.0006011984181393986,0.027667121285151947,0.05975043562738163,test_048,0,0.0,ITC,317,0.0,,,-0.26448941230773926,0.14035598933696747,,,,,
22,0.0017788931321789246,0.04759156523742418,0.09045054833696119,test_048,0,0.0,ITC,317,0.0,,,-0.26448941230773926,0.14035598933696747,,,,,
23,0.007749886578046326,0.09933509983072877,0.13340159828005982,test_048,1,0.015625,ITC,317,0.0031545741324921135,0.37333333333333335,-0.34657901525497437,-0.26448941230773926,0.14035598933696747,-0.5848671197891235,1.0,0.0296991997121806,False,0.99
0,0.018008499906011947,0.15142369108463138,0.2482127576102663,test_051,1,0.515625,micro,401,0.0024937655860349127,0.96,-0.16098126769065857,-0.3870777487754822,0.11289511620998383,2.0027127265930176,1.0,0.3345749145953336,False,1.0
1,0.0007039891929745273,0.02993905274990112,0.043115812652503416,test_051,0,0.0,ITC,401,0.0,,,-0.3870777487754822,0.11289511620998383,,,,,
2,0.001334849293764061,0.041225997951319586,0.06407747319739288,test_051,0,0.0,ITC,401,0.0,,,-0.3870777487754822,0.11289511620998383,,,,,
3,0.0063471898593925324,0.08989712524280512,0.12373091407778934,test_051,0,0.0,ITC,401,0.0,,,-0.3870777487754822,0.11289511620998383,,,,,
4,0.0010241195672745552,0.03611024136711117,0.04789849348963361,test_051,0,0.0,ITC,401,0.0,,,-0.3870777487754822,0.11289511620998383,,,,,
5,0.0011478648723642197,0.038229660572734685,0.0442359986707319,test_051,0,0.0,ITC,401,0.0,,,-0.3870777487754822,0.11289511620998383,,,,,
6,0.0014341331958285827,0.04273166387289838,0.07066501849653627,test_051,0,0.0,ITC,401,0.0,,,-0.3870777487754822,0.11289511620998383,,,,,
7,0.0015097271825860977,0.043843407151249354,0.06715130135355839,test_051,0,0.0,ITC,401,0.0,,,-0.3870777487754822,0.11289511620998383,,,,,
8,0.002205077813814331,0.05298671788067805,0.07558393811518424,test_051,0,0.0,ITC,401,0.0,,,-0.3870777487754822,0.11289511620998383,,,,,
9,0.021841985039541368,0.16676354244215935,0.2635956624430676,test_051,1,0.15625,micro,401,0.0024937655860349127,0.9433333333333334,-0.1816195249557495,-0.3870777487754822,0.11289511620998383,1.8199036121368408,1.0,0.2762821547683044,False,0.9933333333333333
10,0.005310435880482605,0.08222807891961811,0.11678041049322356,test_051,1,0.34306600689888,ITC,401,0.0024937655860349127,0.9133333333333333,-0.213944673538208,-0.3870777487754822,0.11289511620998383,1.5335745811462402,1.0,0.1961850292549086,False,1.0
11,0.004725780610239212,0.07756965097703633,0.08946593830570443,test_051,0,0.0,ITC,401,0.0,,,-0.3870777487754822,0.11289511620998383,,,,,
12,0.010710272154198945,0.11677646184742006,0.14461239521001237,test_051,1,0.15625,ITC,401,0.0024937655860349127,0.96,-0.16484421491622925,-0.3870777487754822,0.11289511620998383,1.9684956073760986,1.0,0.323239897624787,False,1.0
13,0.012027931880497833,0.12375151922958608,0.1688262502130519,test_051,0,0.0,ITC,401,0.0,,,-0.3870777487754822,0.11289511620998383,,,,,
14,0.00989809228672998,0.11226149169195422,0.14201619377028804,test_051,1,0.15625,ITC,401,0.0024937655860349127,0.92,-0.2101708948612213,-0.3870777487754822,0.11289511620998383,1.5670018196105957,1.0,0.20483070607332157,False,0.9766666666666667
15,0.009434798038673767,0.10960272788315624,0.17188351254047027,test_051,0,0.0,ITC,401,0.0,,,-0.3870777487754822,0.11289511620998383,,,,,
16,0.0031598556890248034,0.06342911964486624,0.10739071995554877,test_051,0,0.0,ITC,401,0.0,,,-0.3870777487754822,0.11289511620998383,,,,,
17,0.020512847915251008,0.1616099289673621,0.3295857966297196,test_051,1,0.4375,micro,401,0.0024937655860349127,0.9666666666666667,-0.15112903714179993,-0.3870777487754822,0.11289511620998383,2.0899815559387207,1.0,0.3643686197465938,False,1.0
18,0.001062789127751541,0.03678566494122205,0.056224096362612434,test_051,0,0.0,ITC,401,0.0,,,-0.3870777487754822,0.11289511620998383,,,,,
19,0.0019195320076104583,0.04943707171217277,0.07019251208068636,test_051,0,0.0,ITC,401,0.0,,,-0.3870777487754822,0.11289511620998383,,,,,
20,0.0017311643983450471,0.04694876963681338,0.07370683062897658,test_051,0,0.0,ITC,401,0.0,,,-0.3870777487754822,0.11289511620998383,,,,,
21,0.021805239861205444,0.16662320868871253,0.1989621922577846,test_051,1,0.421875,ITC,401,0.0024937655860349127,0.8133333333333334,-0.26665136218070984,-0.3870777487754822,0.11289511620998383,1.066710352897644,1.0,0.09491810973250848,False,0.9833333333333333
22,0.00863146956728952,0.1048328592677464,0.19206651953455298,test_051,1,0.21875,ITC,401,0.0024937655860349127,0.9833333333333333,-0.14139489829540253,-0.3870777487754822,0.11289511620998383,2.1762044429779053,1.0,0.3950530742541724,False,1.0
23,0.0005326678547911149,0.02604253783580423,0.041058558334877045,test_051,0,0.0,ITC,401,0.0,,,-0.3870777487754822,0.11289511620998383,,,,,
24,0.0020510930498641206,0.0511031582293937,0.09374074070941145,test_051,0,0.0,ITC,401,0.0,,,-0.3870777487754822,0.11289511620998383,,,,,
25,0.003347604157325455,0.0652863078541481,0.0824136389759001,test_051,0,0.0,ITC,401,0.0,,,-0.3870777487754822,0.11289511620998383,,,,,
26,0.003339602249709114,0.06520823297725648,0.12683791138003653,test_051,0,0.0,ITC,401,0.0,,,-0.3870777487754822,0.11289511620998383,,,,,
27,0.011029781990846421,0.1185055045158384,0.2001921146437552,test_051,1,0.015625,micro,401,0.0024937655860349127,0.5233333333333333,-0.40917760133743286,-0.3870777487754822,0.11289511620998383,-0.19575561583042145,1.0,0.003196572216378696,False,0.9733333333333334
28,0.0023721213583608397,0.05495706249769825,0.07985342672533917,test_051,0,0.0,ITC,401,0.0,,,-0.3870777487754822,0.11289511620998383,,,,,
29,0.006229566303006501,0.08906026141628773,0.14241767432650465,test_051,1,0.328125,ITC,401,0.0024937655860349127,0.8,-0.28117451071739197,-0.3870777487754822,0.11289511620998383,0.9380674958229065,1.0,0.07340476222541191,False,0.9833333333333333
30,0.00824640796762619,0.10246781312393072,0.2457922177353262,test_051,0,0.0,micro,401,0.0,,,-0.3870777487754822,0.11289511620998383,,,,,
31,0.0014940411044216996,0.043615045748107435,0.05716281875222766,test_051,0,0.0,ITC,401,0.0,,,-0.3870777487754822,0.11289511620998383,,,,,
32,0.002599437696946312,0.05753005188444855,0.08030885905851627,test_051,0,0.0,ITC,401,0.0,,,-0.3870777487754822,0.11289511620998383,,,,,
33,0.0021085397132257233,0.05181386054448684,0.07124526295079249,test_051,0,0.0,ITC,401,0.0,,,-0.3870777487754822,0.11289511620998383,,,,,
34,0.025681171505571716,0.1808266659428851,0.3611115438521785,test_051,2,0.140625,micro,401,0.004987531172069825,0.8683333333333333,-0.2256997674703598,-0.3870777487754822,0.11289511620998383,1.429450511932373,0.884359085561981,0.17044894189300014,False,0.9833333333333333
35,0.005625743836025665,0.08463403287435833,0.13504508018610337,test_051,0,0.0,ITC,401,0.0,,,-0.3870777487754822,0.11289511620998383,,,,,
36,0.0031656956581908187,0.06348770667306357,0.09728192753254072,test_051,0,0.0,ITC,401,0.0,,,-0.3870777487754822,0.11289511620998383,,,,,
37,0.016848481905465822,0.14646553666577652,0.2162194921387976,test_051,0,0.0,micro,401,0.0,,,-0.3870777487754822,0.11289511620998383,,,,,
38,0.006167405166349617,0.08861480771406254,0.12027687225664134,test_051,0,0.0,ITC,401,0.0,,,-0.3870777487754822,0.11289511620998383,,,,,
39,0.0015529859102284813,0.04446710102221005,0.056621999772350495,test_051,0,0.0,ITC,401,0.0,,,-0.3870777487754822,0.11289511620998383,,,,,
40,0.015026554580016633,0.1383199317249631,0.1963733251957894,test_051,1,0.03125,ITC,401,0.0024937655860349127,0.8033333333333333,-0.27793562412261963,-0.3870777487754822,0.11289511620998383,0.9667568206787109,1.0,0.07796336043063153,False,0.9833333333333333
41,0.001616310364489357,0.045364636807023524,0.06105242295051757,test_051,1,0.10441725701093674,ITC,401,0.0024937655860349127,0.8166666666666667,-0.2644822895526886,-0.3870777487754822,0.11289511620998383,1.0859235525131226,1.0,0.09836816404344265,False,1.0
42,0.004786685478880485,0.07806790146993964,0.10992105562498958,test_051,0,0.0,ITC,401,0.0,,,-0.3870777487754822,0.11289511620998383,,,,,
43,0.0026577140701184005,0.05817135594666664,0.06633925524856135,test_051,0,0.0,ITC,401,0.0,,,-0.3870777487754822,0.11289511620998383,,,,,
44,0.010412039865505188,0.11513913712600156,0.13197070263509247,test_051,0,0.0,ITC,401,0.0,,,-0.3870777487754822,0.11289511620998383,,,,,
45,0.0020224230448292082,0.05074474353921047,0.06804471908818292,test_051,0,0.0,ITC,401,0.0,,,-0.3870777487754822,0.11289511620998383,,,,,
46,0.0039016716387600173,0.07048235680679883,0.09990358093053094,test_051,1,0.25205668807029724,ITC,401,0.0024937655860349127,0.8333333333333334,-0.2522047758102417,-0.3870777487754822,0.11289511620998383,1.1946749687194824,1.0,0.11905717931240015,False,0.9966666666666667
47,0.02850588238677704,0.19051198574476644,0.46502589278068784,test_051,1,0.25,micro,401,0.0024937655860349127,1.0,-0.060853905975818634,-0.3870777487754822,0.11289511620998383,2.8896188735961914,1.0,0.6965257731392684,False,0.9933333333333333
48,0.0008144207374193,0.03220174978063498,0.0438581342198913,test_051,0,0.0,ITC,401,0.0,,,-0.3870777487754822,0.11289511620998383,,,,,
49,0.00612805230286599,0.08833163942899712,0.14703781764083518,test_051,0,0.0,ITC,401,0.0,,,-0.3870777487754822,0.11289511620998383,,,,,
50,0.004690386385462532,0.07727862205072189,0.09138227717758411,test_051,1,0.30300942063331604,ITC,401,0.0024937655860349127,0.9633333333333334,-0.15442588925361633,-0.3870777487754822,0.11289511620998383,2.060778856277466,1.0,0.3542573259758693,False,0.9933333333333333
51,0.007275106438118592,0.09624423727771947,0.12513978407377616,test_051,1,0.4699881076812744,ITC,401,0.0024937655860349127,0.7133333333333334,-0.3228006660938263,-0.3870777487754822,0.11289511620998383,0.5693522095680237,1.0,0.02704070942659163,False,0.9466666666666667
52,0.017912702080362306,0.1510203980983268,0.2372405481963895,test_051,2,0.109375,micro,401,0.004987531172069825,0.7666666666666667,-0.28917932510375977,-0.3870777487754822,0.11289511620998383,0.8671625852584839,0.884359085561981,0.06272737640973451,False,0.98
53,0.04874112675481421,0.24911669963930258,0.5867242219420193,test_051,2,0.28125,micro,401,0.004987531172069825,0.83,-0.2551805078983307,-0.3870777487754822,0.11289511620998383,1.1683166027069092,0.884359085561981,0.11386156723851078,False,0.9783333333333334
54,0.005464043354696457,0.08340884889115129,0.11767484277280152,test_051,1,0.35298940539360046,ITC,401,0.0024937655860349127,0.96,-0.15827208757400513,-0.3870777487754822,0.11289511620998383,2.026710033416748,1.0,0.34264097370058283,False,0.9466666666666667
55,0.001164906605140068,0.03851240262029265,0.08272445610239584,test_051,0,0.0,ITC,401,0.0,,,-0.3870777487754822,0.11289511620998383,,,,,
56,0.0028834590670239716,0.06059153496784909,0.0773291338421398,test_051,0,0.0,ITC,401,0.0,,,-0.3870777487754822,0.11289511620998383,,,,,
57,0.034592670458522094,0.20986842541407266,0.49958858546809987,test_051,2,0.21875,micro,401,0.004987531172069825,0.9816666666666667,-0.11346830427646637,-0.3870777487754822,0.11289511620998383,2.423572063446045,0.884359085561981,0.48996824703921316,True,0.9916666666666667
58,0.002314283727836426,0.05428293986160335,0.0838568574034037,test_051,0,0.0,ITC,401,0.0,,,-0.3870777487754822,0.11289511620998383,,,,,
59,0.004591551409331177,0.07646008648991265,0.09579664398740699,test_051,1,0.29662448167800903,ITC,401,0.0024937655860349127,0.9433333333333334,-0.18183711171150208,-0.3870777487754822,0.11289511620998383,1.8179762363433838,1.0,0.2756972693261389,False,1.0
60,0.0018910790375642854,0.049069304181397974,0.06637850929124144,test_051,0,0.0,ITC,401,0.0,,,-0.3870777487754822,0.11289511620998383,,,,,
61,0.0018996710923439484,0.04918065022712244,0.06431785828010306,test_051,0,0.0,ITC,401,0.0,,,-0.3870777487754822,0.11289511620998383,,,,,
62,0.0026282275285808717,0.05784775900543366,0.09701149220582064,test_051,0,0.0,ITC,401,0.0,,,-0.3870777487754822,0.11289511620998383,,,,,
63,0.005362229093148057,0.08262809527833422,0.1001510216469136,test_051,0,0.0,ITC,401,0.0,,,-0.3870777487754822,0.11289511620998383,,,,,
64,0.0012491821238965301,0.03988117449024441,0.04814221899746624,test_051,0,0.0,ITC,401,0.0,,,-0.3870777487754822,0.11289511620998383,,,,,
65,0.0019497524741750336,0.049824712267758024,0.05824753176299395,test_051,0,0.0,ITC,401,0.0,,,-0.3870777487754822,0.11289511620998383,,,,,
66,0.0007110243406922607,0.03008827525529892,0.04387277348196715,test_051,0,0.0,ITC,401,0.0,,,-0.3870777487754822,0.11289511620998383,,,,,
67,0.012790754067782044,0.12761541398311663,0.24792148683519347,test_051,0,0.0,micro,401,0.0,,,-0.3870777487754822,0.11289511620998383,,,,,
68,3.162319187041982,2.0065866146310762,3.530965624237731,test_051,63,1.0,macro,401,0.1571072319201995,0.9803174603174604,-0.00016235864313784987,-0.3870777487754822,0.11289511620998383,3.427211046218872,0.30878188379445726,0.9798007292651787,True,0.9961904761904762
69,0.0031770616820159456,0.06360157678552877,0.12227932936414465,test_051,0,0.0,ITC,401,0.0,,,-0.3870777487754822,0.11289511620998383,,,,,
70,0.00045899595235800937,0.02417461059491123,0.03442984824429404,test_051,0,0.0,ITC,401,0.0,,,-0.3870777487754822,0.11289511620998383,,,,,
71,0.008279624012233887,0.10267397288463613,0.19172152400489806,test_051,1,0.09375,ITC,401,0.0024937655860349127,0.9233333333333333,-0.20100733637809753,-0.3870777487754822,0.11289511620998383,1.6481705904006958,1.0,0.22660024826706654,False,0.9833333333333333
72,0.001588661213552147,0.044974951698490424,0.09360744540182891,test_051,1,0.10263106226921082,ITC,401,0.0024937655860349127,0.8533333333333334,-0.23679609596729279,-0.3870777487754822,0.11289511620998383,1.3311617374420166,1.0,0.14781472926711056,False,0.9933333333333333
73,0.0016522063494397202,0.0458656130469132,0.06013063843823976,test_051,0,0.0,ITC,401,0.0,,,-0.3870777487754822,0.11289511620998383,,,,,
74,0.0037502110217867432,0.06910077404805638,0.09788919538437324,test_051,0,0.0,ITC,401,0.0,,,-0.3870777487754822,0.11289511620998383,,,,,
75,0.005433756697226693,0.08317736412858101,0.10157465400507155,test_051,0,0.0,ITC,401,0.0,,,-0.3870777487754822,0.11289511620998383,,,,,
76,0.0027926715903809738,0.059630025191437695,0.07987250603208212,test_051,1,0.18041281402111053,ITC,401,0.0024937655860349127,0.9433333333333334,-0.18068251013755798,-0.3870777487754822,0.11289511620998383,1.8282034397125244,1.0,0.27880791839518104,False,1.0
77,0.0007851167498801995,0.031617110765871946,0.044809621689989754,test_051,0,0.0,ITC,401,0.0,,,-0.3870777487754822,0.11289511620998383,,,,,
78,0.0016500783500184404,0.045836066663216504,0.06848467980081484,test_051,0,0.0,ITC,401,0.0,,,-0.3870777487754822,0.11289511620998383,,,,,
79,0.002270123750370232,0.05376254579550595,0.06630483904524939,test_051,0,0.0,ITC,401,0.0,,,-0.3870777487754822,0.11289511620998383,,,,,
80,0.02871907231035608,0.19122305968071424,0.41503829731010017,test_051,2,0.0703125,micro,401,0.004987531172069825,0.9066666666666666,-0.1675417721271515,-0.3870777487754822,0.11289511620998383,1.9446011781692505,0.884359085561981,0.3154402800216609,False,0.9833333333333333
81,0.006396628729249237,0.09024655478780982,0.1341155221828915,test_051,1,0.265625,ITC,401,0.0024937655860349127,1.0,0.004577383399009705,-0.3870777487754822,0.11289511620998383,3.4691948890686035,1.0,1.0039531722301953,True,0.9933333333333333
82,0.00958512632827121,0.1104724485219598,0.16318708160995282,test_051,1,0.25,ITC,401,0.0024937655860349127,0.7133333333333334,-0.3236265778541565,-0.3870777487754822,0.11289511620998383,0.5620364546775818,1.0,0.026350267700045133,False,0.9833333333333333
83,0.003014717075893295,0.061955282238205484,0.07781790526618772,test_051,0,0.0,ITC,401,0.0,,,-0.3870777487754822,0.11289511620998383,,,,,
84,0.0017326139158723068,0.04696842081065813,0.0555685058959338,test_051,0,0.0,ITC,401,0.0,,,-0.3870777487754822,0.11289511620998383,,,,,
85,0.0022237526975333174,0.05321061804011405,0.07404056083007234,test_051,0,0.0,ITC,401,0.0,,,-0.3870777487754822,0.11289511620998383,,,,,
86,0.0019707242370408324,0.05009195574509365,0.05444652768532625,test_051,0,0.0,ITC,401,0.0,,,-0.3870777487754822,0.11289511620998383,,,,,
87,0.0015967869494064903,0.04508982466700629,0.04963935524782734,test_051,1,0.10315600037574768,ITC,401,0.0024937655860349127,0.6133333333333333,-0.37851402163505554,-0.3870777487754822,0.11289511620998383,0.07585560530424118,1.0,0.00047998914623133114,False,0.9566666666666667
88,0.0076763431443100895,0.0988626504312537,0.13524516355965913,test_051,0,0.0,ITC,401,0.0,,,-0.3870777487754822,0.11289511620998383,,,,,
89,0.005036065153842247,0.08007569733530093,0.11772926573601575,test_051,0,0.0,ITC,401,0.0,,,-0.3870777487754822,0.11289511620998383,,,,,
90,0.00808426464312442,0.1014554357032205,0.14879385245096277,test_051,1,0.3125,ITC,401,0.0024937655860349127,0.9066666666666666,-0.21801336109638214,-0.3870777487754822,0.11289511620998383,1.497534990310669,1.0,0.18707252911139513,False,0.9866666666666667
91,0.0060423208166575475,0.0877115830762668,0.18166830156227778,test_051,0,0.0,ITC,401,0.0,,,-0.3870777487754822,0.11289511620998383,,,,,
92,0.0028973562202513504,0.06073737329526542,0.07765534103228966,test_051,1,0.1871756762266159,ITC,401,0.0024937655860349127,0.74,-0.31281548738479614,-0.3870777487754822,0.11289511620998383,0.657798707485199,1.0,0.03609458826327774,False,0.9833333333333333
93,0.0034885946070394823,0.06664695498845011,0.09374270147659969,test_051,0,0.0,ITC,401,0.0,,,-0.3870777487754822,0.11289511620998383,,,,,
94,0.007280011383092469,0.09627667619457715,0.12505788081712063,test_051,0,0.0,ITC,401,0.0,,,-0.3870777487754822,0.11289511620998383,,,,,
95,0.01918481668792623,0.15629096987850177,0.3774805543210885,test_051,1,0.296875,micro,401,0.0024937655860349127,0.99,-0.11260956525802612,-0.3870777487754822,0.11289511620998383,2.431178569793701,1.0,0.49304865487599003,False,0.9833333333333333
96,0.0019707131121933746,0.05009181435896196,0.06388152692987094,test_051,0,0.0,ITC,401,0.0,,,-0.3870777487754822,0.11289511620998383,,,,,
97,0.0018724441294578668,0.04882693837353477,0.07094177183824024,test_051,0,0.0,ITC,401,0.0,,,-0.3870777487754822,0.11289511620998383,,,,,
98,0.003923343226792419,0.07067783063960696,0.12718638067186971,test_051,1,0.2534567415714264,ITC,401,0.0024937655860349127,0.99,-0.12415000051259995,-0.3870777487754822,0.11289511620998383,2.328955888748169,1.0,0.4524583280620229,False,0.9966666666666667
0,0.03141562685900098,0.19999904609653554,0.3012864728104499,test_052,2,0.4140625,micro,302,0.006622516556291391,0.9766666666666667,-0.09872258454561234,-0.3356930911540985,0.11003617942333221,2.153568983078003,0.878617277052848,0.4060869135324039,False,0.9983333333333333
0,0.1721234780603086,0.46813931563557026,0.940788055527651,test_061,5,0.296875,micro,349,0.014326647564469915,0.964,-0.01723835989832878,-0.33126598596572876,0.10031823813915253,3.130314588546753,0.7251207271543303,0.8367847187419957,True,1.0
1,0.004691147545507325,0.07728489221786637,0.1016771023592619,test_061,0,0.0,ITC,349,0.0,,,-0.33126598596572876,0.10031823813915253,,,,,
2,0.04601544185391943,0.24205098685374477,0.4049549796702986,test_061,1,0.484375,micro,349,0.0028653295128939827,1.0,0.11488644778728485,-0.33126598596572876,0.10031823813915253,4.447371482849121,1.0,1.6890580824000823,True,1.0
3,0.020873216673029663,0.16302332622642288,0.17702159048887983,test_061,1,0.171875,ITC,349,0.0028653295128939827,1.0,-0.03952139616012573,-0.33126598596572876,0.10031823813915253,2.908190965652466,1.0,0.7222434502154881,False,1.0
4,0.15997433856554882,0.45131547060178223,0.8246121852721802,test_061,5,0.40625,micro,349,0.014326647564469915,1.0,0.11116652190685272,-0.33126598596572876,0.10031823813915253,4.410290241241455,0.7251207271543303,1.6610094863423222,True,1.0
5,0.02927193455328003,0.19305487464484222,0.3072995539617532,test_061,1,0.578125,micro,349,0.0028653295128939827,1.0,0.19554103910923004,-0.33126598596572876,0.10031823813915253,5.251358509063721,1.0,2.3549468355926484,True,1.0
6,0.004017365694557007,0.07151970964686884,0.08339716429838868,test_061,1,0.25953078269958496,ITC,349,0.0028653295128939827,1.0,-0.04555409029126167,-0.33126598596572876,0.10031823813915253,2.848055362701416,1.0,0.6926831520424027,False,1.0
7,0.025363129140551513,0.17970347520283225,0.2342071501984245,test_061,2,0.15625,micro,349,0.0057306590257879654,1.0,0.0009595081210136414,-0.33126598596572876,0.10031823813915253,3.311715841293335,0.8816159408851099,0.9365778900071763,True,1.0
8,0.09044939293781397,0.33935784046595135,0.5867379268832174,test_061,2,0.4296875,micro,349,0.0057306590257879654,1.0,0.13871696591377258,-0.33126598596572876,0.10031823813915253,4.684920310974121,0.8816159408851099,1.8743132972414265,True,1.0
9,0.003896544167553955,0.0704360285786816,0.07810771527935655,test_061,1,0.2517254650592804,ITC,349,0.0028653295128939827,1.0,0.16139863431453705,-0.33126598596572876,0.10031823813915253,4.911017417907715,1.0,2.0595897368516667,True,1.0
10,0.027159108786013183,0.185957122224765,0.28002767993222294,test_061,1,0.625,micro,349,0.0028653295128939827,1.0,0.1369098722934723,-0.33126598596572876,0.10031823813915253,4.666906833648682,1.0,1.8599275707755998,True,1.0
11,0.0044313411863298345,0.07511430512657874,0.08412947583010014,test_061,0,0.0,ITC,349,0.0,,,-0.33126598596572876,0.10031823813915253,,,,,
12,0.007962801028525635,0.10069038264092885,0.12306696555128024,test_061,0,0.0,ITC,349,0.0,,,-0.33126598596572876,0.10031823813915253,,,,,
13,0.06383006507340527,0.2850806254281029,0.48422766746030155,test_061,2,0.5390625,micro,349,0.0057306590257879654,0.99,-0.08955729752779007,-0.33126598596572876,0.10031823813915253,2.409419298171997,0.8816159408851099,0.4957497902280194,True,1.0
14,0.061442294634408694,0.2796976210978532,0.5336262358085498,test_061,2,0.6015625,micro,349,0.0057306590257879654,1.0,0.1271616518497467,-0.33126598596572876,0.10031823813915253,4.569733619689941,0.8816159408851099,1.7832800034221823,True,1.0
15,0.12159454449718653,0.3934704340581097,0.6275439718618269,test_061,3,0.59375,micro,349,0.008595988538681949,1.0,0.0823865607380867,-0.33126598596572876,0.10031823813915253,4.123403072357178,0.8123657056197425,1.4519422752649143,True,1.0
16,0.006318286811013428,0.08969221049099481,0.11476880504336122,test_061,0,0.0,ITC,349,0.0,,,-0.33126598596572876,0.10031823813915253,,,,,
17,0.0038888195607487794,0.0703661768684712,0.08618209582143975,test_061,0,0.0,ITC,349,0.0,,,-0.33126598596572876,0.10031823813915253,,,,,
18,0.13183288947665112,0.4097009252837639,0.7165847976598887,test_061,4,0.8515625,micro,349,0.011461318051575931,1.0,0.08532889932394028,-0.33126598596572876,0.10031823813915253,4.152733325958252,0.7632318817702197,1.4726714125517848,True,1.0
19,0.006077930757785705,0.08796966403809278,0.11278071159163587,test_061,1,0.3926478922367096,ITC,349,0.0028653295128939827,1.0,0.08720023185014725,-0.33126598596572876,0.10031823813915253,4.171387195587158,1.0,1.485931459656877,True,1.0
20,0.030225299565204714,0.1961735116112396,0.25478429439275807,test_061,0,0.0,micro,349,0.0,,,-0.33126598596572876,0.10031823813915253,,,,,
21,0.004224759180668426,0.07334255555821577,0.0946420102368021,test_061,0,0.0,ITC,349,0.0,,,-0.33126598596572876,0.10031823813915253,,,,,
22,0.012771121835842163,0.12751743940349872,0.15039747478589277,test_061,0,0.0,ITC,349,0.0,,,-0.33126598596572876,0.10031823813915253,,,,,
23,0.33752021760237966,0.6555486924698782,1.6187582072372886,test_061,8,0.7578125,micro,349,0.022922636103151862,1.0,0.14020955562591553,-0.33126598596572876,0.10031823813915253,4.699799060821533,0.6448478226553297,1.886237394312858,True,1.0
24,0.0173873429940119,0.1487892895266653,0.2022767734346763,test_061,1,0.28125,micro,349,0.0028653295128939827,1.0,0.08518365025520325,-0.33126598596572876,0.10031823813915253,4.151285171508789,1.0,1.4716444822684926,True,1.0
25,0.014611287133678163,0.13639526596652513,0.18930178246666995,test_061,1,0.140625,ITC,349,0.0028653295128939827,1.0,-0.007750428281724453,-0.33126598596572876,0.10031823813915253,3.2248928546905518,1.0,0.8881132514186236,False,1.0
26,0.002535101325993027,0.05681365380051585,0.06962897945899532,test_061,0,0.0,ITC,349,0.0,,,-0.33126598596572876,0.10031823813915253,,,,,
27,0.010768782002302002,0.11709500029447549,0.14853397365536944,test_061,1,0.234375,ITC,349,0.0028653295128939827,1.0,0.052259087562561035,-0.33126598596572876,0.10031823813915253,3.8230841159820557,1.0,1.2481462526916658,True,1.0
28,0.012478770590040527,0.12604945134715081,0.18788926006108292,test_061,1,0.203125,ITC,349,0.0028653295128939827,1.0,-0.040128193795681,-0.33126598596572876,0.10031823813915253,2.90214204788208,1.0,0.7192421013777263,False,1.0
29,0.010512008472782868,0.11569055658150423,0.13273898994842387,test_061,1,0.6790992021560669,ITC,349,0.0028653295128939827,1.0,-0.04304676502943039,-0.33126598596572876,0.10031823813915253,2.873049020767212,1.0,0.7048940461713816,False,1.0
30,0.01899239900032123,0.1555052200300606,0.1734613250641191,test_061,1,0.09375,ITC,349,0.0028653295128939827,0.9666666666666667,-0.144451305270195,-0.33126598596572876,0.10031823813915253,1.8622205257415771,1.0,0.2961419887382676,False,1.0
31,0.016299267848446288,0.1440585727225986,0.1714289222279893,test_061,1,0.59375,ITC,349,0.0028653295128939827,1.0,0.07048092782497406,-0.33126598596572876,0.10031823813915253,4.004724502563477,1.0,1.3695662969242866,True,1.0
32,0.020412896589464723,0.16121571623230788,0.1865352202982154,test_061,1,0.046875,ITC,349,0.0028653295128939827,1.0,-0.05192173272371292,-0.33126598596572876,0.10031823813915253,2.784580945968628,1.0,0.6621516479796594,False,1.0
33,0.0012256386171954003,0.039503563826162644,0.0620477999041722,test_061,1,0.07917898893356323,ITC,349,0.0028653295128939827,1.0,0.09509292244911194,-0.33126598596572876,0.10031823813915253,4.250063896179199,1.0,1.5425124884555963,True,1.0
34,0.0015594330478807756,0.04455930681607026,0.050674470697399075,test_061,0,0.0,ITC,349,0.0,,,-0.33126598596572876,0.10031823813915253,,,,,
35,0.0036382533055206072,0.06806150147001062,0.0823675181256616,test_061,0,0.0,ITC,349,0.0,,,-0.33126598596572876,0.10031823813915253,,,,,
0,0.08976901813482568,0.3380790791831225,0.5056024853853441,test_064,4,0.34375,micro,304,0.013157894736842105,0.9975,0.09147201478481293,-0.3439446985721588,0.09946338087320328,4.377658367156982,0.7575148427601807,1.6760363759323555,True,0.9983333333333333
0,0.09614315512961835,0.34987607386993097,0.5278059408353336,test_065,3,0.609375,micro,304,0.009868421052631578,0.9566666666666667,-0.1480063647031784,-0.40052756667137146,0.08139678835868835,3.102348566055298,0.8078350593967065,0.8417456699517128,True,0.9966666666666667
1,0.0029556329925736315,0.06134516122620168,0.07954164147227463,test_065,0,0.0,ITC,304,0.0,,,-0.40052756667137146,0.08139678835868835,,,,,
2,0.001085894568017681,0.03718338211369722,0.050809442664177515,test_065,0,0.0,ITC,304,0.0,,,-0.40052756667137146,0.08139678835868835,,,,,
3,0.0007474917345120835,0.03085021937917885,0.04896807026982511,test_065,1,0.04828963428735733,ITC,304,0.003289473684210526,0.89,-0.29002824425697327,-0.40052756667137146,0.08139678835868835,1.3575390577316284,1.0,0.16117748500795046,False,0.9966666666666667
4,0.001786876940012189,0.047698242961338524,0.13584504388916174,test_065,0,0.0,ITC,304,0.0,,,-0.40052756667137146,0.08139678835868835,,,,,
5,0.0017668803384019432,0.04743060106796455,0.06323698789365965,test_065,0,0.0,ITC,304,0.0,,,-0.40052756667137146,0.08139678835868835,,,,,
0,0.027013826377448136,0.18545908443205686,0.27536025058908004,test_066,1,0.53125,micro,307,0.003257328990228013,0.83,-0.26804518699645996,-0.37008512020111084,0.10244198143482208,0.9960753321647644,1.0,0.08662410029716257,False,1.0
1,0.0009267278858018303,0.034350350673780644,0.04454161677919275,test_066,0,0.0,ITC,307,0.0,,,-0.37008512020111084,0.10244198143482208,,,,,
2,0.0012316451455196343,0.039600243741127306,0.047117641252062636,test_066,1,0.07956703007221222,ITC,307,0.003257328990228013,0.93,-0.17966964840888977,-0.37008512020111084,0.10244198143482208,1.8587640523910522,1.0,0.30164969934086766,False,0.9966666666666667
3,0.0008154211233564377,0.03222152106697922,0.04960236499298138,test_066,0,0.0,ITC,307,0.0,,,-0.37008512020111084,0.10244198143482208,,,,,
4,0.00025313149406416515,0.017952632906077848,0.02092726440509137,test_066,0,0.0,ITC,307,0.0,,,-0.37008512020111084,0.10244198143482208,,,,,
5,0.002220900035982399,0.05317647741921738,0.0801244727410839,test_066,0,0.0,ITC,307,0.0,,,-0.37008512020111084,0.10244198143482208,,,,,
6,0.0006311072253280792,0.028346969436886818,0.047146735013518855,test_066,0,0.0,ITC,307,0.0,,,-0.37008512020111084,0.10244198143482208,,,,,
7,0.008973251583712922,0.10688825361675958,0.15992021821520883,test_066,1,0.171875,ITC,307,0.003257328990228013,1.0,-0.03735477477312088,-0.37008512020111084,0.10244198143482208,3.247988224029541,1.0,0.9210501106720707,False,1.0
8,0.00046274098399248505,0.024273032768669284,0.028097765755641508,test_066,0,0.0,ITC,307,0.0,,,-0.37008512020111084,0.10244198143482208,,,,,
9,0.026556200569394166,0.18388149641242071,0.27558746611497537,test_066,1,0.8125,micro,307,0.003257328990228013,0.9033333333333333,-0.20217733085155487,-0.37008512020111084,0.10244198143482208,1.6390525102615356,1.0,0.23455251909975253,False,1.0
10,0.0004401627724754448,0.02367345872567003,0.025874949545460317,test_066,0,0.0,ITC,307,0.0,,,-0.37008512020111084,0.10244198143482208,,,,,
11,0.0023016012688345413,0.054133998112948986,0.061448500028809604,test_066,0,0.0,ITC,307,0.0,,,-0.37008512020111084,0.10244198143482208,,,,,
12,0.0003998880008930168,0.022564423684244165,0.028913569300391684,test_066,0,0.0,ITC,307,0.0,,,-0.37008512020111084,0.10244198143482208,,,,,
13,0.0004819114311459961,0.024770722460093868,0.03884752315463626,test_066,1,0.03113255463540554,ITC,307,0.003257328990228013,0.9266666666666666,-0.18195030093193054,-0.37008512020111084,0.10244198143482208,1.836501121520996,1.0,0.29446708887702305,False,0.88
14,0.0003931054432783127,0.02237224610164552,0.02746683260145065,test_066,0,0.0,ITC,307,0.0,,,-0.37008512020111084,0.10244198143482208,,,,,
15,0.01342935234839795,0.1307623128816644,0.24464990965736738,test_066,2,0.0625,micro,307,0.006514657980456026,0.9416666666666667,-0.10294140875339508,-0.37008512020111084,0.10244198143482208,2.6077563762664795,0.8789653206946215,0.59372918730235,True,0.8933333333333333
16,0.00033187829149134064,0.02055627798911851,0.027639046890223985,test_066,0,0.0,ITC,307,0.0,,,-0.37008512020111084,0.10244198143482208,,,,,
17,0.0002036495138467827,0.016102627558749995,0.02117309632528979,test_066,0,0.0,ITC,307,0.0,,,-0.37008512020111084,0.10244198143482208,,,,,
18,0.0030062010993204802,0.061867714674789416,0.08178412964753598,test_066,0,0.0,ITC,307,0.0,,,-0.37008512020111084,0.10244198143482208,,,,,
19,0.0037974839556093407,0.06953493181688698,0.11389945827673492,test_066,0,0.0,ITC,307,0.0,,,-0.37008512020111084,0.10244198143482208,,,,,
20,0.0006703314685188561,0.029214594534215283,0.03965481552724713,test_066,0,0.0,ITC,307,0.0,,,-0.37008512020111084,0.10244198143482208,,,,,
0,9.282957161497414,3.437939521006876,4.660673060144095,test_068,168,1.0,macro,487,0.34496919917864477,0.994563492063492,0.19339638948440552,-0.3788209557533264,0.1207602247595787,4.738458633422852,0.1719868645731246,1.814159009221066,True,0.9994246031746031
1,0.003525891136581665,0.06700226880880217,0.09112518556295714,test_068,0,0.0,ITC,487,0.0,,,-0.3788209557533264,0.1207602247595787,,,,,
2,0.0036443927715822375,0.0681189033479363,0.09180689128061126,test_068,0,0.0,ITC,487,0.0,,,-0.3788209557533264,0.1207602247595787,,,,,
3,0.01391510108785515,0.13310618683609135,0.22668358868106137,test_068,1,0.28125,micro,487,0.002053388090349076,0.9766666666666667,-0.08951907604932785,-0.3788209557533264,0.1207602247595787,2.395671844482422,1.0,0.463719992577409,False,1.0
4,0.005459980428991619,0.0833778327595062,0.13522500289269454,test_068,0,0.0,ITC,487,0.0,,,-0.3788209557533264,0.1207602247595787,,,,,
5,0.05464768268389829,0.2637794355541733,0.38588875478915396,test_068,2,0.234375,micro,487,0.004106776180698152,0.9983333333333333,0.12064005434513092,-0.3788209557533264,0.1207602247595787,4.135972499847412,0.887990045871755,1.3821540402329195,True,1.0
6,0.01875352527197342,0.15452420515720766,0.2509784515189788,test_068,0,0.0,micro,487,0.0,,,-0.3788209557533264,0.1207602247595787,,,,,
7,0.0064965470999162065,0.09094867053370187,0.12465486516105076,test_068,1,0.41969144344329834,ITC,487,0.002053388090349076,1.0,0.22467181086540222,-0.3788209557533264,0.1207602247595787,4.997446060180664,1.0,2.0178895589846437,True,1.0
8,0.0012715722200050564,0.04023699832861689,0.047494534938243155,test_068,0,0.0,ITC,487,0.0,,,-0.3788209557533264,0.1207602247595787,,,,,
9,0.007744611535247681,0.09930128732946743,0.17685809775353797,test_068,1,0.359375,ITC,487,0.002053388090349076,0.99,-0.0368577241897583,-0.3788209557533264,0.1207602247595787,2.831753969192505,1.0,0.6479062934730594,False,1.0
10,0.002145417952062504,0.05226500718980825,0.06178236172444365,test_068,0,0.0,ITC,487,0.0,,,-0.3788209557533264,0.1207602247595787,,,,,
11,0.011177781865728813,0.11929792074411653,0.15364383129690964,test_068,0,0.0,ITC,487,0.0,,,-0.3788209557533264,0.1207602247595787,,,,,
12,0.007855725350247117,0.10001110022649044,0.14803298304400514,test_068,1,0.078125,ITC,487,0.002053388090349076,0.99,-0.056604065001010895,-0.3788209557533264,0.1207602247595787,2.6682369709014893,1.0,0.5752411654772009,False,0.9966666666666667
13,0.0051669794556523365,0.0811098179616421,0.10502876838511296,test_068,0,0.0,ITC,487,0.0,,,-0.3788209557533264,0.1207602247595787,,,,,
14,0.0028765973790099222,0.060519398024409955,0.06686654807221498,test_068,0,0.0,ITC,487,0.0,,,-0.3788209557533264,0.1207602247595787,,,,,
15,0.001647644648627987,0.04580225237152017,0.058738696113602655,test_068,0,0.0,ITC,487,0.0,,,-0.3788209557533264,0.1207602247595787,,,,,
16,0.0052905474603439865,0.08207395591664964,0.10222333491566778,test_068,0,0.0,ITC,487,0.0,,,-0.3788209557533264,0.1207602247595787,,,,,
17,0.002652290705631157,0.05811197303949607,0.0740101530350511,test_068,0,0.0,ITC,487,0.0,,,-0.3788209557533264,0.1207602247595787,,,,,
18,0.0019626255010389976,0.04998892276723428,0.06632442284897773,test_068,0,0.0,ITC,487,0.0,,,-0.3788209557533264,0.1207602247595787,,,,,
19,0.0027267582736520577,0.05892212201667201,0.0742464182276726,test_068,1,0.17615467309951782,ITC,487,0.002053388090349076,1.0,0.10810576379299164,-0.3788209557533264,0.1207602247595787,4.032177925109863,1.0,1.3136526250631637,True,1.0
20,0.003122486472475628,0.06305294009526101,0.09104826068767048,test_068,1,0.20171959698200226,ITC,487,0.002053388090349076,0.9966666666666667,0.0390133410692215,-0.3788209557533264,0.1207602247595787,3.4600322246551514,1.0,0.9673005836157244,False,1.0
21,0.0035122355354452973,0.0668723947092747,0.08805288224876512,test_068,0,0.0,ITC,487,0.0,,,-0.3788209557533264,0.1207602247595787,,,,,
22,0.001430442503582245,0.04267664422176238,0.04831191413173043,test_068,0,0.0,ITC,487,0.0,,,-0.3788209557533264,0.1207602247595787,,,,,
23,0.001486219338332817,0.04350072681824375,0.0601109508159703,test_068,0,0.0,ITC,487,0.0,,,-0.3788209557533264,0.1207602247595787,,,,,
24,0.0005064025116186447,0.025392355214632338,0.032925964212598226,test_068,0,0.0,ITC,487,0.0,,,-0.3788209557533264,0.1207602247595787,,,,,
25,0.006059904735052002,0.08783911626374703,0.10747586726447013,test_068,1,0.3914833664894104,ITC,487,0.002053388090349076,0.99,-0.05772563815116882,-0.3788209557533264,0.1207602247595787,2.658949375152588,1.0,0.5712435376871502,False,1.0
26,0.019988919329128694,0.15953270055498878,0.24073601820330356,test_068,1,0.09375,micro,487,0.002053388090349076,0.9566666666666667,-0.12748165428638458,-0.3788209557533264,0.1207602247595787,2.0813088417053223,1.0,0.3500049778420662,False,0.9966666666666667
27,0.007417495310080696,0.09718152268658045,0.11184254684455464,test_068,1,0.4791867733001709,ITC,487,0.002053388090349076,0.9966666666666667,0.02260400727391243,-0.3788209557533264,0.1207602247595787,3.3241488933563232,1.0,0.892816276537474,False,1.0
28,0.008370937464312401,0.10323860036860069,0.1332753318188829,test_068,1,0.5407812595367432,ITC,487,0.002053388090349076,1.0,0.1920771300792694,-0.3788209557533264,0.1207602247595787,4.72753381729126,1.0,1.8058033358876229,True,1.0
29,0.001475973061444336,0.043350516361339346,0.050976948853308224,test_068,0,0.0,ITC,487,0.0,,,-0.3788209557533264,0.1207602247595787,,,,,
30,0.0045772502793928185,0.07634091997004627,0.1097025309163412,test_068,0,0.0,ITC,487,0.0,,,-0.3788209557533264,0.1207602247595787,,,,,
31,0.0014975378272444153,0.04366605525330132,0.05229344444444771,test_068,0,0.0,ITC,487,0.0,,,-0.3788209557533264,0.1207602247595787,,,,,
32,0.0009175439286792183,0.03417971933802325,0.041604835578602145,test_068,1,0.05927538499236107,ITC,487,0.002053388090349076,0.99,-0.05017737299203873,-0.3788209557533264,0.1207602247595787,2.7214555740356445,1.0,0.5984166394759775,False,0.9966666666666667
33,0.0009087976025755005,0.03401642317704255,0.03951692365056407,test_068,0,0.0,ITC,487,0.0,,,-0.3788209557533264,0.1207602247595787,,,,,
34,0.0022384306730070303,0.05338593870131624,0.06608749388203868,test_068,0,0.0,ITC,487,0.0,,,-0.3788209557533264,0.1207602247595787,,,,,
35,0.0013331017268237687,0.041199002848937426,0.0516357846773921,test_068,0,0.0,ITC,487,0.0,,,-0.3788209557533264,0.1207602247595787,,,,,
36,0.001348911576912655,0.04144258150835031,0.050480990733799594,test_068,0,0.0,ITC,487,0.0,,,-0.3788209557533264,0.1207602247595787,,,,,
37,0.0009220002502361297,0.034262620723703494,0.051416185458952754,test_068,1,0.059563275426626205,ITC,487,0.002053388090349076,0.87,-0.2412683069705963,-0.3788209557533264,0.1207602247595787,1.1390559673309326,1.0,0.10483137685353856,False,0.85
38,0.0013600545962912294,0.04161340282885804,0.0799072544965287,test_068,0,0.0,ITC,487,0.0,,,-0.3788209557533264,0.1207602247595787,,,,,
39,0.005683855547579727,0.08507002791665723,0.13869490358625064,test_068,1,0.078125,ITC,487,0.002053388090349076,0.84,-0.2622653543949127,-0.3788209557533264,0.1207602247595787,0.9651820659637451,1.0,0.07526960727025277,False,0.99
40,0.008990294925703766,0.10698971454414628,0.19172464890370608,test_068,2,0.0390625,ITC,487,0.004106776180698152,0.9033333333333333,-0.11997953057289124,-0.3788209557533264,0.1207602247595787,2.143432855606079,0.887990045871755,0.37121107915825735,False,0.8183333333333334
41,0.0007000390638027878,0.02985493960625429,0.037582510661812014,test_068,0,0.0,ITC,487,0.0,,,-0.3788209557533264,0.1207602247595787,,,,,
42,0.006032931080942024,0.08764340490257802,0.11024938935028863,test_068,1,0.38974082469940186,ITC,487,0.002053388090349076,1.0,0.24704071879386902,-0.3788209557533264,0.1207602247595787,5.182680130004883,1.0,2.1702510425950794,True,1.0
43,0.0006252257625623932,0.02821457363281672,0.0317503888579496,test_068,1,0.0403909794986248,ITC,487,0.002053388090349076,0.96,-0.11959341168403625,-0.3788209557533264,0.1207602247595787,2.14663028717041,1.0,0.37231940154340903,False,0.9966666666666667
44,0.001169327293982666,0.03858540853012819,0.04534109832250392,test_068,0,0.0,ITC,487,0.0,,,-0.3788209557533264,0.1207602247595787,,,,,
0,0.48591502919714685,0.7865661005630414,1.050821473700019,test_069,11,0.953125,micro,355,0.030985915492957747,0.9918181818181818,0.15006446838378906,-0.3075978457927704,0.14555907249450684,3.1441688537597656,0.5916472797776445,0.841757448962561,True,1.0
1,0.00024029584281779482,0.017491545658148148,0.01977359741889503,test_069,0,0.0,ITC,355,0.0,,,-0.3075978457927704,0.14555907249450684,,,,,
2,0.0012066488127596283,0.03919633892359456,0.049848243446217855,test_069,1,0.07795220613479614,ITC,355,0.0028169014084507044,0.75,-0.18617291748523712,-0.3075978457927704,0.14555907249450684,0.834196925163269,1.0,0.059253282623101075,False,0.9933333333333333
3,0.0004638041025092468,0.024300899660818612,0.032683500000000004,test_069,0,0.0,ITC,355,0.0,,,-0.3075978457927704,0.14555907249450684,,,,,
4,0.011522763497574372,0.12112488658299146,0.203461093730069,test_069,0,0.0,micro,355,0.0,,,-0.3075978457927704,0.14555907249450684,,,,,
5,0.0009024207119782333,0.03389686912502019,0.047382326130608984,test_069,0,0.0,ITC,355,0.0,,,-0.3075978457927704,0.14555907249450684,,,,,
6,0.07885512436111633,0.3168618983746427,0.7740381663706691,test_069,3,0.453125,micro,355,0.008450704225352112,0.9811111111111112,0.046189118176698685,-0.3075978457927704,0.14555907249450684,2.4305388927459717,0.812910379516373,0.5030143741103804,True,1.0
7,0.00986995979914856,0.11210184263080723,0.3487344529708444,test_069,2,0.1796875,micro,355,0.005633802816901409,0.825,-0.13192546367645264,-0.3075978457927704,0.14555907249450684,1.2068803310394287,0.8819595918524877,0.1240234090723138,False,0.915
8,0.20158149042164025,0.5066177307314508,1.0359806201546187,test_069,7,0.40625,micro,355,0.01971830985915493,0.940952380952381,0.025175316259264946,-0.3075978457927704,0.14555907249450684,2.286172389984131,0.668618679185393,0.44503400511595226,True,1.0
9,0.001751774639258606,0.047227415175597226,0.06646897027235467,test_069,0,0.0,ITC,355,0.0,,,-0.3075978457927704,0.14555907249450684,,,,,
10,0.03642996048380475,0.21536960393964494,0.3575208056282135,test_069,1,0.296875,micro,355,0.0028169014084507044,0.9666666666666667,-0.009557008743286133,-0.3075978457927704,0.14555907249450684,2.0475592613220215,1.0,0.3569835516702159,False,1.0
11,0.0005234118582669296,0.025815279896386385,0.030958568358646386,test_069,0,0.0,ITC,355,0.0,,,-0.3075978457927704,0.14555907249450684,,,,,
12,0.014618682846131012,0.13642978080916052,0.20756387063366885,test_069,2,0.2109375,micro,355,0.005633802816901409,0.975,0.007796749472618103,-0.3075978457927704,0.14555907249450684,2.166780710220337,0.8819595918524877,0.3997653669854576,False,1.0
13,0.0002135711880358944,0.01649021777367934,0.020072556823074145,test_069,0,0.0,ITC,355,0.0,,,-0.3075978457927704,0.14555907249450684,,,,,
14,0.46301516005862237,0.7678080564819041,1.1262480684457907,test_069,12,0.765625,micro,355,0.03380281690140845,0.9927777777777778,0.16867347061634064,-0.3075978457927704,0.14555907249450684,3.2720141410827637,0.5768295632213487,0.9116026724322572,True,1.0
15,0.0005316157082306185,0.026016804998339322,0.03739985153911882,test_069,0,0.0,ITC,355,0.0,,,-0.3075978457927704,0.14555907249450684,,,,,
16,0.0019733975421310015,0.05012591932448088,0.06857254048452077,test_069,1,0.12748588621616364,ITC,355,0.0028169014084507044,0.9633333333333334,-0.0317518413066864,-0.3075978457927704,0.14555907249450684,1.8950793743133545,1.0,0.30579477146938544,False,1.0
17,0.00043663428998485994,0.023578380873081256,0.030069446685560282,test_069,0,0.0,ITC,355,0.0,,,-0.3075978457927704,0.14555907249450684,,,,,
18,0.0013931943268792348,0.04211733740970965,0.054641283626261965,test_069,0,0.0,ITC,355,0.0,,,-0.3075978457927704,0.14555907249450684,,,,,
19,0.003629347894638851,0.06797815282173746,0.11964755158782606,test_069,1,0.23446397483348846,ITC,355,0.0028169014084507044,0.9633333333333334,-0.028292309492826462,-0.3075978457927704,0.14555907249450684,1.9188467264175415,1.0,0.31351318991612426,False,1.0
20,0.0038474681406519187,0.06999106074197399,0.11778740350777347,test_069,0,0.0,ITC,355,0.0,,,-0.3075978457927704,0.14555907249450684,,,,,
21,0.0009652519209504176,0.035057052306000445,0.05259996639807,test_069,0,0.0,ITC,355,0.0,,,-0.3075978457927704,0.14555907249450684,,,,,
22,0.07371433359963583,0.3063592736524492,0.7678518433168715,test_069,4,0.34375,micro,355,0.011267605633802818,0.9833333333333333,0.051417846232652664,-0.3075978457927704,0.14555907249450684,2.4664604663848877,0.7639191837049756,0.5179926093395871,True,1.0
23,0.009725726915975152,0.11127973809600165,0.32665241455861616,test_069,0,0.0,micro,355,0.0,,,-0.3075978457927704,0.14555907249450684,,,,,
24,0.16780454242639892,0.4622287087616697,0.8703581370500485,test_069,6,0.3671875,micro,355,0.016901408450704224,0.9233333333333333,-0.003076758235692978,-0.3075978457927704,0.14555907249450684,2.092078924179077,0.6948699713688609,0.37267595626562566,True,1.0
25,0.034791232646616946,0.21046988671958203,0.373583746780002,test_069,1,0.28125,micro,355,0.0028169014084507044,0.9266666666666666,-0.059170596301555634,-0.3075978457927704,0.14555907249450684,1.7067108154296875,1.0,0.24802481080381125,False,1.0
26,0.0027216000608983157,0.05886636410115171,0.06692532786807996,test_069,0,0.0,ITC,355,0.0,,,-0.3075978457927704,0.14555907249450684,,,,,
27,0.013879202082698364,0.13293437832653443,0.22090405191101276,test_069,1,0.28125,micro,355,0.0028169014084507044,0.9966666666666667,0.12727124989032745,-0.3075978457927704,0.14555907249450684,2.9875781536102295,1.0,0.7600003562536232,False,1.0
28,0.000992447713799286,0.035547484795569656,0.038047081314800134,test_069,0,0.0,ITC,355,0.0,,,-0.3075978457927704,0.14555907249450684,,,,,
29,0.0006097430919666825,0.027863040336996055,0.045977104777687905,test_069,0,0.0,ITC,355,0.0,,,-0.3075978457927704,0.14555907249450684,,,,,
30,0.0007246723805003815,0.030375673356000724,0.03338598038473635,test_069,0,0.0,ITC,355,0.0,,,-0.3075978457927704,0.14555907249450684,,,,,
31,0.016139901711870484,0.14335257621574943,0.26001242590999046,test_069,2,0.1953125,micro,355,0.005633802816901409,0.98,0.03317666053771973,-0.3075978457927704,0.14555907249450684,2.341142416000366,0.8819595918524877,0.46669259784089506,True,1.0
0,10.80160456167321,3.7085077962051067,4.964015062740875,test_071,201,1.0,macro,737,0.2727272727272727,0.9876782752902156,0.1976856142282486,-0.38928359746932983,0.08595110476016998,6.829105854034424,0.196783898275292,3.5316975348996897,True,0.9986567164179104
1,0.001919218587198332,0.04943303551484236,0.07169499657042995,test_071,0,0.0,ITC,737,0.0,,,-0.38928359746932983,0.08595110476016998,,,,,
2,0.0002685233930322211,0.018490392172560495,0.02422492036324684,test_071,1,0.01734721101820469,ITC,737,0.0013568521031207597,0.9866666666666667,-0.12108422815799713,-0.38928359746932983,0.08595110476016998,3.1203715801239014,1.0,0.7373410969328541,False,0.9866666666666667
3,0.0005113545059709263,0.025516206190981768,0.03754318537278783,test_071,0,0.0,ITC,737,0.0,,,-0.38928359746932983,0.08595110476016998,,,,,
4,0.00023726313944249583,0.01738081734689709,0.01996287390723936,test_071,0,0.0,ITC,737,0.0,,,-0.38928359746932983,0.08595110476016998,,,,,
5,0.0005774608712004018,0.027115420276100644,0.031681062538267725,test_071,0,0.0,ITC,737,0.0,,,-0.38928359746932983,0.08595110476016998,,,,,
6,0.0013359834856240512,0.04124350864087175,0.051807302244451084,test_071,0,0.0,ITC,737,0.0,,,-0.38928359746932983,0.08595110476016998,,,,,
7,0.000700919546075233,0.02987370890500218,0.03765118980107351,test_071,0,0.0,ITC,737,0.0,,,-0.38928359746932983,0.08595110476016998,,,,,
8,0.002439966341327634,0.05573743475978346,0.09483540648848078,test_071,0,0.0,ITC,737,0.0,,,-0.38928359746932983,0.08595110476016998,,,,,
9,0.004698675005905632,0.0773468734040218,0.15281825066682106,test_071,1,0.140625,ITC,737,0.0013568521031207597,0.99,-0.018283411860466003,-0.38928359746932983,0.08595110476016998,4.316409587860107,1.0,1.4109158434839648,True,0.9866666666666667
10,0.00023194027122297835,0.0171847468802335,0.02020555903577875,test_071,0,0.0,ITC,737,0.0,,,-0.38928359746932983,0.08595110476016998,,,,,
11,0.0007074763907604246,0.030013112429114697,0.03905895230215577,test_071,0,0.0,ITC,737,0.0,,,-0.38928359746932983,0.08595110476016998,,,,,
12,0.002587059910389925,0.057392917529146915,0.10882079448956497,test_071,0,0.0,ITC,737,0.0,,,-0.38928359746932983,0.08595110476016998,,,,,
13,0.03885559341893413,0.22242409508670205,0.33689946898384193,test_071,2,0.34375,micro,737,0.0027137042062415195,0.9833333333333333,-0.11221487820148468,-0.38928359746932983,0.08595110476016998,3.223562240600586,0.8950188635307804,0.7869151981542366,True,0.9933333333333333
14,0.015974058511176517,0.14261417526439382,0.2226445260885716,test_071,1,0.390625,micro,737,0.0013568521031207597,0.99,-0.0733126550912857,-0.38928359746932983,0.08595110476016998,3.676171064376831,1.0,1.0234043011035427,True,0.9866666666666667
15,0.0019442210227383972,0.04975398566804442,0.09682912029900469,test_071,0,0.0,ITC,737,0.0,,,-0.38928359746932983,0.08595110476016998,,,,,
16,0.004203863609424895,0.07316095535319964,0.11958594851852462,test_071,1,0.27157896757125854,ITC,737,0.0013568521031207597,0.9633333333333334,-0.19023951888084412,-0.38928359746932983,0.08595110476016998,2.3157827854156494,1.0,0.4061172677134336,False,1.0
17,0.0017810781574527184,0.04762078477233278,0.08297498097034953,test_071,0,0.0,ITC,737,0.0,,,-0.38928359746932983,0.08595110476016998,,,,,
18,0.003754370914915143,0.06913908818080763,0.1248166228284867,test_071,0,0.0,ITC,737,0.0,,,-0.38928359746932983,0.08595110476016998,,,,,
19,0.006998684098580295,0.09439810038036568,0.1792752465151768,test_071,1,0.0625,ITC,737,0.0013568521031207597,0.8833333333333333,-0.3121144473552704,-0.38928359746932983,0.08595110476016998,0.8978261351585388,1.0,0.061043622753382897,False,0.9833333333333333
20,0.02865029767533751,0.19099395793761023,0.6081997140766605,test_071,3,0.109375,micro,737,0.004070556309362279,0.7677777777777778,-0.29145482182502747,-0.38928359746932983,0.08595110476016998,1.1381909847259521,0.8336088354131967,0.09810386009733738,False,0.9888888888888889
21,0.007014568747939797,0.09450516556855698,0.21773092304276145,test_071,0,0.0,micro,737,0.0,,,-0.38928359746932983,0.08595110476016998,,,,,
22,0.00046660054674301746,0.024374049062645654,0.0330108570900604,test_071,1,0.030143437907099724,ITC,737,0.0013568521031207597,0.9633333333333334,-0.20757822692394257,-0.38928359746932983,0.08595110476016998,2.1140551567077637,1.0,0.338445264082713,False,0.9933333333333333
23,0.0010107172376910582,0.03587318156469738,0.05232264579032678,test_071,0,0.0,ITC,737,0.0,,,-0.38928359746932983,0.08595110476016998,,,,,
24,0.0008196135400877688,0.03230424694432801,0.048182659065141534,test_071,0,0.0,ITC,737,0.0,,,-0.38928359746932983,0.08595110476016998,,,,,
25,0.0024675581392026528,0.05605169579741483,0.09244823781423984,test_071,0,0.0,ITC,737,0.0,,,-0.38928359746932983,0.08595110476016998,,,,,
26,0.0007501780016218142,0.030905603007469258,0.04903323708159879,test_071,1,0.04846317321062088,ITC,737,0.0013568521031207597,0.9933333333333333,0.048320502042770386,-0.38928359746932983,0.08595110476016998,5.091314315795898,1.0,1.9629789020220838,True,1.0
27,0.0008049821237692366,0.03201460717840979,0.04302042374332821,test_071,1,0.0520036444067955,ITC,737,0.0013568521031207597,0.9866666666666667,-0.11194522678852081,-0.38928359746932983,0.08595110476016998,3.2266995906829834,1.0,0.7884476828267846,False,0.9933333333333333
28,0.032695314804907886,0.20403178119394474,0.6098611385852745,test_071,2,0.2578125,micro,737,0.0027137042062415195,0.99,-0.06896962970495224,-0.38928359746932983,0.08595110476016998,3.7266998291015625,0.8950188635307804,1.0517309154381003,True,0.9933333333333333
29,0.0028374344409637987,0.060106020795163424,0.16653369699340054,test_071,0,0.0,ITC,737,0.0,,,-0.38928359746932983,0.08595110476016998,,,,,
30,0.0018601281343696462,0.04866609393565376,0.09668429761534476,test_071,0,0.0,ITC,737,0.0,,,-0.38928359746932983,0.08595110476016998,,,,,
31,0.0011945304335077343,0.038999017748293154,0.07186195235570829,test_071,0,0.0,ITC,737,0.0,,,-0.38928359746932983,0.08595110476016998,,,,,
32,0.005598613798384324,0.08442971327561676,0.11005830777995748,test_071,0,0.0,ITC,737,0.0,,,-0.38928359746932983,0.08595110476016998,,,,,
33,10.30859109104832,3.622886394524029,4.911840420691398,test_071,194,1.0,macro,737,0.26322930800542743,0.9954295532646048,0.20766644179821014,-0.38928359746932983,0.08595110476016998,6.945228576660156,0.20215251276017904,3.6528252837890154,True,0.9987628865979381
34,0.001521587173920742,0.04401528098964845,0.049242430690823395,test_071,0,0.0,ITC,737,0.0,,,-0.38928359746932983,0.08595110476016998,,,,,
35,0.00026061741446046637,0.01821615761179342,0.024051148242787618,test_071,0,0.0,ITC,737,0.0,,,-0.38928359746932983,0.08595110476016998,,,,,
36,0.0004489013984944153,0.02390730039653175,0.037665106355964505,test_071,0,0.0,ITC,737,0.0,,,-0.38928359746932983,0.08595110476016998,,,,,
37,0.0017848093586287652,0.04767063934141797,0.06480388527539589,test_071,0,0.0,ITC,737,0.0,,,-0.38928359746932983,0.08595110476016998,,,,,
38,0.0046052786795514455,0.07657429679292284,0.14033222714969065,test_071,0,0.0,ITC,737,0.0,,,-0.38928359746932983,0.08595110476016998,,,,,
39,0.001908959608796608,0.04930073897237249,0.07046136589899667,test_071,1,0.12332305312156677,ITC,737,0.0013568521031207597,0.9966666666666667,0.1772764027118683,-0.38928359746932983,0.08595110476016998,6.5916547775268555,1.0,3.2903698834128785,True,1.0
40,0.0002791660872040157,0.018853257060177632,0.02392533091895191,test_071,0,0.0,ITC,737,0.0,,,-0.38928359746932983,0.08595110476016998,,,,,
41,0.0010448856479561806,0.03647450790215041,0.04211161782190243,test_071,0,0.0,ITC,737,0.0,,,-0.38928359746932983,0.08595110476016998,,,,,
42,0.0002945220512653599,0.01936484243332677,0.022659532432729928,test_071,0,0.0,ITC,737,0.0,,,-0.38928359746932983,0.08595110476016998,,,,,
43,0.00036956162674022484,0.021691944988458504,0.028609518991100782,test_071,0,0.0,ITC,737,0.0,,,-0.38928359746932983,0.08595110476016998,,,,,
44,0.0004323197424034081,0.023461598240480937,0.035020190414689824,test_071,0,0.0,ITC,737,0.0,,,-0.38928359746932983,0.08595110476016998,,,,,
45,0.0007255931672844772,0.03039496527348292,0.05040317340455856,test_071,0,0.0,ITC,737,0.0,,,-0.38928359746932983,0.08595110476016998,,,,,
46,0.0008005595574903717,0.03192654203812909,0.0530319080656559,test_071,0,0.0,ITC,737,0.0,,,-0.38928359746932983,0.08595110476016998,,,,,
47,0.0038062120122573624,0.06961479476125798,0.15574584827516905,test_071,1,0.03125,ITC,737,0.0013568521031207597,0.92,-0.27610594034194946,-0.38928359746932983,0.08595110476016998,1.316767930984497,1.0,0.13130289307623746,False,0.9866666666666667
48,0.0014576825510260964,0.04308107551625026,0.04687134897456605,test_071,1,0.09416954964399338,ITC,737,0.0013568521031207597,0.9633333333333334,-0.19107095897197723,-0.38928359746932983,0.08595110476016998,2.3061091899871826,1.0,0.40273145037830843,False,0.9866666666666667
49,0.03589654309027625,0.21378703932144597,0.30766439107139637,test_071,2,0.140625,micro,737,0.0027137042062415195,0.9733333333333334,-0.1671077311038971,-0.38928359746932983,0.08595110476016998,2.5849099159240723,0.8950188635307804,0.5059954810557626,True,0.99
50,0.0010856163920944977,0.03717861913556538,0.052219563575349806,test_071,1,0.07013324648141861,ITC,737,0.0013568521031207597,0.43666666666666665,-0.41184958815574646,-0.38928359746932983,0.08595110476016998,-0.26254451274871826,1.0,0.005219894252070734,False,0.94
51,0.003041079688273453,0.06222558089564646,0.11870490229383064,test_071,0,0.0,ITC,737,0.0,,,-0.38928359746932983,0.08595110476016998,,,,,
52,0.001155979386286606,0.03836454961965266,0.06989713214510587,test_071,0,0.0,ITC,737,0.0,,,-0.38928359746932983,0.08595110476016998,,,,,
53,0.01521300947597699,0.13917544776017307,0.22194626887295665,test_071,2,0.0234375,micro,737,0.0027137042062415195,0.9466666666666667,-0.2229297012090683,-0.38928359746932983,0.08595110476016998,1.9354480504989624,0.8950188635307804,0.2836735547747567,False,0.985
54,0.0030203904151713183,0.06201355107664113,0.12607594306532396,test_071,0,0.0,ITC,737,0.0,,,-0.38928359746932983,0.08595110476016998,,,,,
55,0.004659377756297607,0.07702274997153445,0.13059834228383513,test_071,1,0.203125,ITC,737,0.0013568521031207597,0.9566666666666667,-0.22767212986946106,-0.38928359746932983,0.08595110476016998,1.8802721500396729,1.0,0.26773012460743717,False,0.9933333333333333
56,0.0008563431834255639,0.033020145441863595,0.06083316194889538,test_071,0,0.0,ITC,737,0.0,,,-0.38928359746932983,0.08595110476016998,,,,,
57,0.002015497997128235,0.05065779063755333,0.09181374703191837,test_071,0,0.0,ITC,737,0.0,,,-0.38928359746932983,0.08595110476016998,,,,,
58,0.006359568457426666,0.08998474341490356,0.13429141911570722,test_071,0,0.0,ITC,737,0.0,,,-0.38928359746932983,0.08595110476016998,,,,,
59,0.03627208657427728,0.21490243134135828,0.49511770849990683,test_071,3,0.046875,micro,737,0.004070556309362279,0.9722222222222222,-0.166154682636261,-0.38928359746932983,0.08595110476016998,2.5959982872009277,0.8336088354131967,0.5103458838558159,True,0.9933333333333333
60,0.003051015295214493,0.06232714757999855,0.09374929256778997,test_071,0,0.0,ITC,737,0.0,,,-0.38928359746932983,0.08595110476016998,,,,,
61,0.004301022104404473,0.07400156367339694,0.1372863979606137,test_071,1,0.171875,ITC,737,0.0013568521031207597,0.9866666666666667,-0.1110207587480545,-0.38928359746932983,0.08595110476016998,3.237455129623413,1.0,0.793712699282943,False,1.0
62,0.0010584101836668893,0.03670980387301313,0.0514063749982951,test_071,0,0.0,ITC,737,0.0,,,-0.38928359746932983,0.08595110476016998,,,,,
63,0.005319217332028496,0.08229603790085735,0.1306043065335181,test_071,0,0.0,ITC,737,0.0,,,-0.38928359746932983,0.08595110476016998,,,,,
64,0.04131060941433692,0.22934319593884284,0.5214272318519656,test_071,3,0.40625,micro,737,0.004070556309362279,0.8155555555555556,-0.32254424691200256,-0.38928359746932983,0.08595110476016998,0.7764804363250732,0.8336088354131967,0.045657996367516336,False,0.9844444444444445
65,0.0022493521243841857,0.053516016993046034,0.13406651906148875,test_071,1,0.03125,ITC,737,0.0013568521031207597,0.96,-0.21488352119922638,-0.38928359746932983,0.08595110476016998,2.0290615558624268,1.0,0.3117785680936748,False,0.9866666666666667
66,0.00030301188034702494,0.019641962951354727,0.02955482770505956,test_071,0,0.0,ITC,737,0.0,,,-0.38928359746932983,0.08595110476016998,,,,,
67,0.0016208131514535255,0.045427782237937295,0.06519524128100372,test_071,1,0.10470815002918243,ITC,737,0.0013568521031207597,0.8866666666666667,-0.30658993124961853,-0.38928359746932983,0.08595110476016998,0.9621012806892395,1.0,0.07009667189730846,False,0.9833333333333333
68,0.0030404912679077452,0.06221956057159272,0.10730794236522721,test_071,0,0.0,ITC,737,0.0,,,-0.38928359746932983,0.08595110476016998,,,,,
69,0.01619805403042424,0.14361059480168212,0.2804012248280141,test_071,2,0.0703125,micro,737,0.0027137042062415195,0.9883333333333333,-0.07488811016082764,-0.38928359746932983,0.08595110476016998,3.657841205596924,0.8950188635307804,1.0132240951453795,True,0.9983333333333333
70,0.0019520448895184756,0.049853994287650666,0.06856044574508227,test_071,0,0.0,ITC,737,0.0,,,-0.38928359746932983,0.08595110476016998,,,,,
71,7.754087588994313e-05,0.00993620196636909,0.012300900036725253,test_071,0,0.0,ITC,737,0.0,,,-0.38928359746932983,0.08595110476016998,,,,,
72,0.008448011792925722,0.10371278941934804,0.1776380278016225,test_071,1,0.40625,ITC,737,0.0013568521031207597,0.9933333333333333,0.08600738644599915,-0.38928359746932983,0.08595110476016998,5.529783248901367,1.0,2.31564526509398,True,0.9966666666666667
73,0.12233015046147293,0.39465882111128564,0.635800527338407,test_071,3,0.609375,micro,737,0.004070556309362279,0.9555555555555556,0.02326207421720028,-0.38928359746932983,0.08595110476016998,4.799771785736084,0.8336088354131967,1.7446045074539027,True,0.9955555555555555
74,0.0006025925129472813,0.02769918079737764,0.03626669936199771,test_071,0,0.0,ITC,737,0.0,,,-0.38928359746932983,0.08595110476016998,,,,,
75,0.001625633744075838,0.04549528731872388,0.05616617646461383,test_071,1,0.10501956939697266,ITC,737,0.0013568521031207597,0.99,-0.03353877738118172,-0.38928359746932983,0.08595110476016998,4.138920783996582,1.0,1.2972690054201281,True,1.0
76,0.08601067996822045,0.3309262742743447,0.6279100108989385,test_071,2,0.90625,micro,737,0.0027137042062415195,0.9966666666666667,0.11783740669488907,-0.38928359746932983,0.08595110476016998,5.900110721588135,0.8950188635307804,2.6361865298438505,True,0.9983333333333333
77,0.0018564232061794167,0.04861760419715961,0.0868209930921096,test_071,0,0.0,ITC,737,0.0,,,-0.38928359746932983,0.08595110476016998,,,,,
0,3.945363044556674,2.241292539287604,4.315007480370126,test_073,76,1.0,macro,1076,0.07063197026022305,0.9880701754385965,0.15393926203250885,-0.3419782221317291,0.12388990819454193,4.0028886795043945,0.37964048431815217,1.1476224469375589,True,0.9955263157894737
1,0.12141711501057642,0.3931832552883238,0.4837268791325523,test_073,3,0.71875,micro,1076,0.0027881040892193307,0.9922222222222222,0.057521551847457886,-0.3419782221317291,0.12388990819454193,3.224635362625122,0.8426283648128715,0.7447546677434352,True,0.99
2,0.5725443964612446,0.8538068673247969,1.8065302713544815,test_073,15,0.859375,micro,1076,0.013940520446096654,0.9353333333333333,0.03985161706805229,-0.3419782221317291,0.12388990819454193,3.0820090770721436,0.6120830863516467,0.6803303351941562,True,0.9931111111111111
3,0.0011941824091728946,0.03899333618691835,0.048978020463788144,test_073,0,0.0,ITC,1076,0.0,,,-0.3419782221317291,0.12388990819454193,,,,,
4,0.06837606630704787,0.2950578104974802,0.6749869971084241,test_073,4,0.2890625,micro,1076,0.0037174721189591076,0.7983333333333333,-0.1831197440624237,-0.3419782221317291,0.12388990819454193,1.2822551727294922,0.8014191059844954,0.11776084915678331,False,0.9841666666666666
5,9.242718400304671,3.4304802241259504,4.533501123608594,test_073,164,1.0,macro,1076,0.1524163568773234,0.9838617886178862,0.073508620262146,-0.3419782221317291,0.12388990819454193,3.353677749633789,0.26946537257868663,0.8055540180107322,True,0.9923983739837399
6,2.8320386186543396,1.8989111515518178,2.8453642497397444,test_073,57,1.0,macro,1076,0.05297397769516728,0.9794736842105263,0.10412681847810745,-0.3419782221317291,0.12388990819454193,3.600818157196045,0.4208497431465283,0.9286549734202227,True,0.9757894736842105
7,3.5145207685572166,2.11537864774136,2.734990602093351,test_073,68,1.0,macro,1076,0.06319702602230483,0.9913235294117647,0.11796730011701584,-0.3419782221317291,0.12388990819454193,3.712534189224243,0.39557309334917207,0.9871722369285694,True,0.995735294117647
8,0.0031679502039908295,0.06351030999351956,0.11737748258761692,test_073,1,0.2046566605567932,ITC,1076,0.0009293680297397769,0.8366666666666667,-0.18489566445350647,-0.3419782221317291,0.12388990819454193,1.2679204940795898,1.0,0.11514260545077475,False,0.9833333333333333
9,0.0006088369276624431,0.0278423284334282,0.05165414204184824,test_073,0,0.0,ITC,1076,0.0,,,-0.3419782221317291,0.12388990819454193,,,,,
10,0.012566434227627777,0.12649142656689882,0.27509971731932215,test_073,2,0.1484375,micro,1076,0.0018587360594795538,0.78,-0.24390316009521484,-0.3419782221317291,0.12388990819454193,0.791630744934082,0.9007095529922478,0.04488459540072664,False,0.9783333333333334
11,0.00019904613191137506,0.015919591903567575,0.022174308962525688,test_073,0,0.0,ITC,1076,0.0,,,-0.3419782221317291,0.12388990819454193,,,,,
12,3.979854527835719,2.251068228005035,4.306749363455273,test_073,75,1.0,macro,1076,0.06970260223048327,0.992,0.15592095255851746,-0.3419782221317291,0.12388990819454193,4.018884181976318,0.38153780789042185,1.1568125473615245,True,0.9978222222222223
13,0.12041685902701044,0.39156034881738094,0.47610995322361,test_073,3,0.3125,micro,1076,0.0027881040892193307,0.9833333333333333,0.02540966309607029,-0.3419782221317291,0.12388990819454193,2.9654383659362793,0.8426283648128715,0.629839383376419,True,0.9955555555555555
14,0.00043613682920724107,0.02356494553064074,0.030896255884710254,test_073,0,0.0,ITC,1076,0.0,,,-0.3419782221317291,0.12388990819454193,,,,,
15,0.06282943180190496,0.2828372626501438,0.5482310439123478,test_073,3,0.28125,micro,1076,0.0027881040892193307,0.8088888888888889,-0.19785521924495697,-0.3419782221317291,0.12388990819454193,1.1633150577545166,0.8426283648128715,0.09692743236868356,False,0.9866666666666667
16,0.5085942526514124,0.8047125665110523,1.751839311606357,test_073,12,0.7265625,micro,1076,0.011152416356877323,0.9147222222222222,0.011231488548219204,-0.3419782221317291,0.12388990819454193,2.850996494293213,0.6440474707973669,0.5821640399934594,True,0.9938888888888889
17,2.9482054625885232,1.9374652980045683,2.768868697269954,test_073,58,1.0,macro,1076,0.05390334572490706,0.985,0.12431694567203522,-0.3419782221317291,0.12388990819454193,3.763786554336548,0.41835844843086584,1.0146166435568655,True,0.9772988505747127
18,3.580379517456141,2.135106738967623,2.771800303758226,test_073,68,1.0,macro,1076,0.06319702602230483,0.9895098039215686,0.10234344750642776,-0.3419782221317291,0.12388990819454193,3.586423397064209,0.39557309334917207,0.9212449653192665,True,0.9951470588235294
19,0.004860203205272003,0.07866513151581775,0.12965795896470747,test_073,0,0.0,ITC,1076,0.0,,,-0.3419782221317291,0.12388990819454193,,,,,
20,0.015497483929727234,0.14047067090046378,0.26783397614517734,test_073,1,0.125,micro,1076,0.0009293680297397769,0.7933333333333333,-0.2225569188594818,-0.3419782221317291,0.12388990819454193,0.9639308452606201,1.0,0.06654934181079704,False,0.9733333333333334
21,9.410031545545161,3.4613905126398903,4.600212811231441,test_073,166,1.0,macro,1076,0.15427509293680297,0.9843373493975903,0.06953637301921844,-0.3419782221317291,0.12388990819454193,3.321614980697632,0.2677290381617647,0.790224681784481,True,0.9904417670682731
22,0.0006838929048989754,0.029508634175122023,0.03504425586878673,test_073,0,0.0,ITC,1076,0.0,,,-0.3419782221317291,0.12388990819454193,,,,,
23,0.0005026229386257706,0.02529741887128657,0.04112799607222068,test_073,0,0.0,ITC,1076,0.0,,,-0.3419782221317291,0.12388990819454193,,,,,
0,0.011631357405328765,0.12169430638864237,0.2101909265501249,test_074,1,0.265625,micro,306,0.0032679738562091504,0.9966666666666667,0.07999511808156967,-0.3163056969642639,0.12877888977527618,3.077374219894409,1.0,0.8272989673937335,False,1.0
1,0.15950010960968886,0.4506460328735279,1.1190683042604823,test_074,5,0.75,micro,306,0.016339869281045753,0.9906666666666667,0.05527114123106003,-0.3163056969642639,0.12877888977527618,2.8853862285614014,0.7188059784618032,0.7272936052904918,True,1.0
2,0.004153191300713562,0.07271868673813199,0.08959409815408294,test_074,0,0.0,ITC,306,0.0,,,-0.3163056969642639,0.12877888977527618,,,,,
0,0.9080695945256759,1.075262813046985,1.232119098132041,test_075,19,0.953125,micro,468,0.0405982905982906,0.9996491228070176,0.20233722031116486,-0.3173668086528778,0.11415593326091766,4.5525803565979,0.5211101631407227,1.6854594433740797,True,0.9991228070175439
1,0.2471929787152914,0.5610132580262132,0.9674751354014222,test_075,6,0.6171875,micro,468,0.01282051282051282,0.9861111111111112,0.08692445605993271,-0.3173668086528778,0.11415593326091766,3.5415704250335693,0.7085844176154058,1.0199874563718867,True,0.9944444444444445
2,0.2365448578518944,0.548797109249666,0.9616510555156368,test_075,7,0.453125,micro,468,0.014957264957264958,0.9795238095238096,0.015141538344323635,-0.3173668086528778,0.11415593326091766,2.9127557277679443,0.6835130222030543,0.6899397964919266,True,0.9961904761904762
3,0.01480909275646051,0.1373154125332498,0.17475797069813356,test_075,1,0.171875,ITC,468,0.002136752136752137,0.6266666666666667,-0.28109705448150635,-0.3173668086528778,0.11415593326091766,0.3177211582660675,1.0,0.008209096115609507,False,0.9933333333333333
4,0.03484043767663111,0.2106186672775412,0.29228832042394376,test_075,2,0.2421875,micro,468,0.004273504273504274,0.7433333333333333,-0.17579367756843567,-0.3173668086528778,0.11415593326091766,1.2401732206344604,0.8872650638826308,0.12507420898632954,False,0.9966666666666667
5,0.012262997743041962,0.12495492652728453,0.1602757706766684,test_075,1,0.21875,ITC,468,0.002136752136752137,0.9966666666666667,0.08192130923271179,-0.3173668086528778,0.11415593326091766,3.4977431297302246,1.0,0.9948987628104096,False,0.9933333333333333
6,0.0026201975034013825,0.05775932025523661,0.08257746405042964,test_075,1,0.1692706048488617,ITC,468,0.002136752136752137,0.9966666666666667,0.07518927752971649,-0.3173668086528778,0.11415593326091766,3.4387705326080322,1.0,0.9616332236587105,False,0.9966666666666667
7,0.01687877699419501,0.1465971566428735,0.2414038290132042,test_075,0,0.0,micro,468,0.0,,,-0.3173668086528778,0.11415593326091766,,,,,
8,1.4618490282599064,1.3642888225054046,1.9959836606177384,test_075,30,1.0,micro,468,0.0641025641025641,0.9942222222222222,0.17901013791561127,-0.3173668086528778,0.11415593326091766,4.348236083984375,0.44682200216915435,1.5375501777099039,True,0.9951111111111111
9,0.003529016579446312,0.06703195851962751,0.07628497902757721,test_075,0,0.0,ITC,468,0.0,,,-0.3173668086528778,0.11415593326091766,,,,,
10,0.0011903371910091018,0.0389305071012665,0.04877566228724446,test_075,0,0.0,ITC,468,0.0,,,-0.3173668086528778,0.11415593326091766,,,,,
11,0.002444437257038704,0.05578847712821734,0.07397681416261497,test_075,0,0.0,ITC,468,0.0,,,-0.3173668086528778,0.11415593326091766,,,,,
12,0.003914527710976227,0.07059838157193513,0.08919962417031974,test_075,0,0.0,ITC,468,0.0,,,-0.3173668086528778,0.11415593326091766,,,,,
13,0.0009022151185441589,0.03389300763857268,0.04137975611239058,test_075,1,0.05828510969877243,ITC,468,0.002136752136752137,0.9933333333333333,0.021132400259375572,-0.3173668086528778,0.11415593326091766,2.965235471725464,1.0,0.7150253509981427,False,0.9933333333333333
14,0.0011844376556597671,0.03883391380558268,0.047248474990776126,test_075,0,0.0,ITC,468,0.0,,,-0.3173668086528778,0.11415593326091766,,,,,
15,0.12654522517230204,0.4014005292557429,0.8492620933889939,test_075,4,0.40625,micro,468,0.008547008547008548,0.7391666666666666,-0.1396457552909851,-0.3173668086528778,0.11415593326091766,1.5568270683288574,0.7745301277652618,0.1970987247580571,False,0.9858333333333333
16,0.08139026392894144,0.32191505493027217,0.42030185233255446,test_075,2,0.875,micro,468,0.004273504273504274,0.9933333333333333,0.045372337102890015,-0.3173668086528778,0.11415593326091766,3.1775758266448975,0.8872650638826308,0.8210978448715452,True,0.9983333333333333
17,0.002753732849051136,0.059212849610942815,0.07596616858839204,test_075,0,0.0,ITC,468,0.0,,,-0.3173668086528778,0.11415593326091766,,,,,
18,0.0030696034525167617,0.06251672178225538,0.09883878888936319,test_075,0,0.0,ITC,468,0.0,,,-0.3173668086528778,0.11415593326091766,,,,,
19,0.0017838113117297745,0.047657309013835976,0.06916886335324174,test_075,0,0.0,ITC,468,0.0,,,-0.3173668086528778,0.11415593326091766,,,,,
20,0.0032442038695598033,0.06427012259134393,0.09120017752844727,test_075,0,0.0,ITC,468,0.0,,,-0.3173668086528778,0.11415593326091766,,,,,
21,0.03815095844205739,0.220398069315444,0.38388001430134394,test_075,3,0.046875,micro,468,0.00641025641025641,0.9744444444444444,0.06998853385448456,-0.3173668086528778,0.11415593326091766,3.39321231842041,0.8213193537327749,0.9363218027427098,True,0.9522222222222222
22,0.0019579288620085716,0.049929074224219584,0.08177458200164486,test_075,0,0.0,ITC,468,0.0,,,-0.3173668086528778,0.11415593326091766,,,,,
23,0.0014848116103327474,0.04348012027073466,0.06293131395664137,test_075,0,0.0,ITC,468,0.0,,,-0.3173668086528778,0.11415593326091766,,,,,
24,0.008045312580832678,0.10121072140673376,0.13695478903140385,test_075,0,0.0,ITC,468,0.0,,,-0.3173668086528778,0.11415593326091766,,,,,
25,0.06407840830128236,0.28563466773639123,0.5551074494441401,test_075,3,0.171875,micro,468,0.00641025641025641,0.9677777777777777,-0.05147324502468109,-0.3173668086528778,0.11415593326091766,2.329213857650757,0.8213193537327749,0.4411860754225955,True,0.9944444444444445
26,0.007626189711138966,0.09853916133129285,0.131691932597445,test_075,0,0.0,ITC,468,0.0,,,-0.3173668086528778,0.11415593326091766,,,,,
27,0.0027450202399885884,0.05911910284038381,0.08074659167930877,test_075,0,0.0,ITC,468,0.0,,,-0.3173668086528778,0.11415593326091766,,,,,
28,0.008000669304677582,0.10092952265350448,0.11636350813792205,test_075,1,0.516861081123352,ITC,468,0.002136752136752137,0.9933333333333333,0.012763267382979393,-0.3173668086528778,0.11415593326091766,2.8919222354888916,1.0,0.6801055005575886,False,1.0
29,0.051400228143507115,0.25582181900831386,0.39412660669070815,test_075,2,0.3359375,micro,468,0.004273504273504274,0.9983333333333333,0.09959006309509277,-0.3173668086528778,0.11415593326091766,3.6525204181671143,0.8872650638826308,1.0848966574313748,True,0.9966666666666667
30,2.438035185819997,1.761874799763525,3.8297173112816205,test_075,56,0.828125,macro,468,0.11965811965811966,0.990297619047619,0.13477592170238495,-0.3173668086528778,0.11415593326091766,3.9607465267181396,0.34530821385094684,1.2757252939992982,True,0.9927976190476191
31,0.004926347388715141,0.07919861303340434,0.12367034932129044,test_075,1,0.3182530403137207,ITC,468,0.002136752136752137,0.9966666666666667,0.08278034627437592,-0.3173668086528778,0.11415593326091766,3.505268096923828,1.0,0.9991841740055847,False,0.9966666666666667
32,0.6233652055660326,0.8908946237006016,1.2883589787509877,test_075,16,0.6015625,micro,468,0.03418803418803419,0.9816666666666667,0.1319240927696228,-0.3173668086528778,0.11415593326091766,3.935764789581299,0.5490602555305235,1.2596832034730399,True,0.9970833333333333
33,0.007054439288724667,0.09477336687243752,0.11077049118447566,test_075,0,0.0,ITC,468,0.0,,,-0.3173668086528778,0.11415593326091766,,,,,
34,0.07688966726856583,0.31288810291838665,0.44804207976960275,test_075,3,0.046875,micro,468,0.00641025641025641,0.99,0.014602112583816051,-0.3173668086528778,0.11415593326091766,2.9080305099487305,0.8213193537327749,0.6877031026091139,True,0.9588888888888889
35,0.008808722298391183,0.10590379393063341,0.18766948311260545,test_075,0,0.0,ITC,468,0.0,,,-0.3173668086528778,0.11415593326091766,,,,,
36,0.0025623349397304496,0.057118002172007014,0.08881121618039375,test_075,0,0.0,ITC,468,0.0,,,-0.3173668086528778,0.11415593326091766,,,,,
37,0.011062113554668717,0.11867906481833715,0.1360666363573832,test_075,0,0.0,ITC,468,0.0,,,-0.3173668086528778,0.11415593326091766,,,,,
38,0.002203191844473175,0.05296405366870297,0.06988250499098615,test_075,0,0.0,ITC,468,0.0,,,-0.3173668086528778,0.11415593326091766,,,,,
39,0.006701161788436157,0.0923698229115176,0.14862524492240625,test_075,0,0.0,ITC,468,0.0,,,-0.3173668086528778,0.11415593326091766,,,,,
40,0.004428212805251244,0.07508778633139022,0.09026535755068377,test_075,0,0.0,ITC,468,0.0,,,-0.3173668086528778,0.11415593326091766,,,,,
41,0.006398240937421509,0.09025792695530095,0.25288703122811285,test_075,2,0.078125,micro,468,0.004273504273504274,0.965,-0.09728169441223145,-0.3173668086528778,0.11415593326091766,1.9279340505599976,0.8872650638826308,0.302264688083094,False,0.99
42,0.012009393475960556,0.12365611461580642,0.2000054538839081,test_075,0,0.0,micro,468,0.0,,,-0.3173668086528778,0.11415593326091766,,,,,
43,0.0630238697323451,0.2832745721123929,0.44909207548763475,test_075,4,0.125,micro,468,0.008547008547008548,0.9983333333333333,0.12634308636188507,-0.3173668086528778,0.11415593326091766,3.886875629425049,0.7745301277652618,1.2285825860604491,True,0.9958333333333333
44,0.008472973979986084,0.1038659016849628,0.12742109449426756,test_075,0,0.0,ITC,468,0.0,,,-0.3173668086528778,0.11415593326091766,,,,,
45,0.002591687285486664,0.05744422285547042,0.079934844386603,test_075,0,0.0,ITC,468,0.0,,,-0.3173668086528778,0.11415593326091766,,,,,
46,0.0026686068070091514,0.05829044275036421,0.06605797376719216,test_075,0,0.0,ITC,468,0.0,,,-0.3173668086528778,0.11415593326091766,,,,,
47,0.007128982932699875,0.09527278196660122,0.10608098615294044,test_075,0,0.0,ITC,468,0.0,,,-0.3173668086528778,0.11415593326091766,,,,,
48,0.010219211041038437,0.11406797803697727,0.15636252252378124,test_075,1,0.078125,ITC,468,0.002136752136752137,0.82,-0.2087182253599167,-0.3173668086528778,0.11415593326091766,0.9517558813095093,1.0,0.07366381462913976,False,0.92
49,0.006213073578344192,0.08894229013409216,0.10190168222304818,test_075,1,0.40137842297554016,ITC,468,0.002136752136752137,0.9933333333333333,0.003501296043395996,-0.3173668086528778,0.11415593326091766,2.8107879161834717,1.0,0.6424794216641468,False,0.99
50,0.013730252424527389,0.13221913759401138,0.161349473309081,test_075,1,0.125,ITC,468,0.002136752136752137,0.9933333333333333,-0.018180541694164276,-0.3173668086528778,0.11415593326091766,2.6208560466766357,1.0,0.5585851700627755,False,0.9933333333333333
51,0.0053688472002077865,0.08267906969085474,0.14682132594160155,test_075,0,0.0,ITC,468,0.0,,,-0.3173668086528778,0.11415593326091766,,,,,
52,0.004164223689939949,0.0728152063456152,0.08446781970680141,test_075,0,0.0,ITC,468,0.0,,,-0.3173668086528778,0.11415593326091766,,,,,
0,0.12303953959690503,0.3958014747076966,1.290074211757646,test_079,7,0.125,micro,331,0.021148036253776436,0.8671428571428571,-0.12384168803691864,-0.3182361423969269,0.12935730814933777,1.5027713775634766,0.6646207431214545,0.19461183546408317,True,0.9776190476190476
1,0.00015171659343319701,0.013898617425904404,0.02072418156796846,test_079,0,0.0,ITC,331,0.0,,,-0.3182361423969269,0.12935730814933777,,,,,
2,0.27727557210710707,0.5941701971622565,1.0526149504481046,test_079,12,0.2421875,micro,331,0.03625377643504532,0.8416666666666667,-0.14953956007957458,-0.3182361423969269,0.12935730814933777,1.3041132688522339,0.5717242412127599,0.14655952429494637,True,0.9872222222222222
3,0.0007627971507460786,0.03116445887451307,0.05607108212625723,test_079,0,0.0,ITC,331,0.0,,,-0.3182361423969269,0.12935730814933777,,,,,
4,0.025469339086390458,0.18007934279939294,0.3759578198617932,test_079,1,0.03125,micro,331,0.0030211480362537764,0.96,-0.06345012784004211,-0.3182361423969269,0.12935730814933777,1.9696298837661743,1.0,0.3343125413890439,False,0.68
5,0.004883574671257393,0.0788540448620864,0.11724170090700749,test_079,0,0.0,ITC,331,0.0,,,-0.3182361423969269,0.12935730814933777,,,,,
6,0.017479003972106964,0.14918096078209703,0.3401807330258432,test_079,2,0.3046875,micro,331,0.006042296072507553,0.6416666666666667,-0.2790161371231079,-0.3182361423969269,0.12935730814933777,0.30319127440452576,0.8805354982929144,0.007921671269682299,False,0.985
7,0.0001176462946570015,0.012238950716824518,0.0151875,test_079,0,0.0,ITC,331,0.0,,,-0.3182361423969269,0.12935730814933777,,,,,
8,0.00034794793857424164,0.02104806582329611,0.02764421153671222,test_079,0,0.0,ITC,331,0.0,,,-0.3182361423969269,0.12935730814933777,,,,,
9,0.0406529826984394,0.22751040675777323,0.8420080627722137,test_079,3,0.328125,micro,331,0.00906344410876133,0.8744444444444445,-0.1395232081413269,-0.3182361423969269,0.12935730814933777,1.3815449476242065,0.8106532446269309,0.16448013629004363,False,0.9822222222222222
10,0.0012607081013609133,0.04006474022155517,0.1072269109251319,test_079,0,0.0,ITC,331,0.0,,,-0.3182361423969269,0.12935730814933777,,,,,
11,0.027552612281144966,0.18729942743401398,0.2492042725045298,test_079,2,0.0703125,micro,331,0.006042296072507553,0.8383333333333334,-0.16345784068107605,-0.3182361423969269,0.12935730814933777,1.1965175867080688,0.8805354982929144,0.12337341662808302,False,0.95
12,0.0006008440307715912,0.027658965638585636,0.035174414770233024,test_079,0,0.0,ITC,331,0.0,,,-0.3182361423969269,0.12935730814933777,,,,,
13,0.05286056022445166,0.25943044469496346,0.9602244974602339,test_079,4,0.46875,micro,331,0.012084592145015106,0.6575,-0.27620819211006165,-0.3182361423969269,0.12935730814933777,0.3248981535434723,0.761070996585829,0.009096575021971844,False,0.6366666666666667
0,0.01882739974988672,0.15482825932656055,0.27528222295777666,test_082,1,0.015625,micro,452,0.0022123893805309734,1.0,0.1269393265247345,-0.34463661909103394,0.1166822612285614,4.041539192199707,1.0,1.335859352974617,True,0.9966666666666667
1,0.028881757414118133,0.19176390604361182,0.2762407177200711,test_082,2,0.3046875,micro,452,0.004424778761061947,0.8933333333333333,-0.09749040007591248,-0.34463661909103394,0.1166822612285614,2.1181130409240723,0.8866236156589078,0.36691495584545863,False,0.9716666666666667
2,0.035497024741880726,0.2125940159595397,0.3493025879392224,test_082,1,0.25,micro,452,0.0022123893805309734,0.86,-0.2131889909505844,-0.34463661909103394,0.1166822612285614,1.126543402671814,1.0,0.10379179034607708,False,0.9633333333333334
3,0.01496159327096013,0.13802062238966303,0.3051176880580162,test_082,1,0.046875,micro,452,0.0022123893805309734,0.88,-0.2035921961069107,-0.34463661909103394,0.1166822612285614,1.20879065990448,1.0,0.11950039407449253,False,0.9666666666666667
4,0.035729756151549504,0.2132897992307585,0.3299808925221277,test_082,2,0.515625,micro,452,0.004424778761061947,0.995,0.05098017305135727,-0.34463661909103394,0.1166822612285614,3.39054799079895,0.8866236156589078,0.9401711881452645,True,0.9916666666666667
5,0.002577683688228527,0.05728881920297664,0.07309616108250828,test_082,0,0.0,ITC,452,0.0,,,-0.34463661909103394,0.1166822612285614,,,,,
6,0.002625072872629961,0.05781303130993909,0.08383553034608995,test_082,1,0.16958557069301605,ITC,452,0.0022123893805309734,1.0,0.15115584433078766,-0.34463661909103394,0.1166822612285614,4.249081611633301,1.0,1.4765810530582486,True,1.0
7,0.0048385678142153325,0.07848984571867715,0.08663258992356868,test_082,0,0.0,ITC,452,0.0,,,-0.34463661909103394,0.1166822612285614,,,,,
8,0.00466762714762009,0.07709090390201227,0.09690134760241172,test_082,0,0.0,ITC,452,0.0,,,-0.34463661909103394,0.1166822612285614,,,,,
9,0.012127859124372689,0.12426451557113347,0.1714663700509638,test_082,1,0.03125,ITC,452,0.0022123893805309734,0.3566666666666667,-0.41239646077156067,-0.34463661909103394,0.1166822612285614,-0.5807210206985474,1.0,0.02758050663752503,False,0.8766666666666667
10,0.0024449200186093026,0.055793985799618175,0.0629557616823115,test_082,1,0.15794728696346283,ITC,452,0.0022123893805309734,0.71,-0.2800869345664978,-0.34463661909103394,0.1166822612285614,0.5532090663909912,1.0,0.025029128284322293,False,0.9933333333333333
11,0.006394324164433938,0.09023029639767852,0.1377987140161197,test_082,0,0.0,ITC,452,0.0,,,-0.34463661909103394,0.1166822612285614,,,,,
12,0.005912409639198189,0.08676355085691508,0.11842406090367573,test_082,1,0.3819548785686493,ITC,452,0.0022123893805309734,1.0,0.06212262809276581,-0.34463661909103394,0.1166822612285614,3.486042022705078,1.0,0.9938764092247265,False,1.0
13,0.007137392717751732,0.09532896020909008,0.14398016630875327,test_082,0,0.0,ITC,452,0.0,,,-0.34463661909103394,0.1166822612285614,,,,,
14,0.007504921086589943,0.09775255652699372,0.11799251539080774,test_082,0,0.0,ITC,452,0.0,,,-0.34463661909103394,0.1166822612285614,,,,,
15,0.004001195575378956,0.07137562912361509,0.0961906376330358,test_082,1,0.25848618149757385,ITC,452,0.0022123893805309734,1.0,0.1339518427848816,-0.34463661909103394,0.1166822612285614,4.1016387939453125,1.0,1.3758844752753259,True,1.0
16,0.009275425640035126,0.1086730818516857,0.15904482959293395,test_082,0,0.0,ITC,452,0.0,,,-0.34463661909103394,0.1166822612285614,,,,,
17,0.006110665242102699,0.08820623918342638,0.11377618434671039,test_082,1,0.39476263523101807,ITC,452,0.0022123893805309734,0.81,-0.23636576533317566,-0.34463661909103394,0.1166822612285614,0.9279118776321411,1.0,0.07041750186909727,False,0.99
18,0.0017505179890994855,0.04721047264634978,0.05360485276688531,test_082,0,0.0,ITC,452,0.0,,,-0.34463661909103394,0.1166822612285614,,,,,
19,0.0017580549127586861,0.04731199675283517,0.058333505716888875,test_082,0,0.0,ITC,452,0.0,,,-0.34463661909103394,0.1166822612285614,,,,,
20,0.0043014902384269985,0.07400559082162332,0.11737736656928868,test_082,0,0.0,ITC,452,0.0,,,-0.34463661909103394,0.1166822612285614,,,,,
21,0.0018970449883971062,0.04914664482310928,0.08137224763092371,test_082,0,0.0,ITC,452,0.0,,,-0.34463661909103394,0.1166822612285614,,,,,
22,0.0009499630084337082,0.034778304564388705,0.06252227796324056,test_082,0,0.0,ITC,452,0.0,,,-0.34463661909103394,0.1166822612285614,,,,,
23,0.006130528817169136,0.08834948624727948,0.18101529021189114,test_082,1,0.015625,ITC,452,0.0022123893805309734,0.6433333333333333,-0.3002207279205322,-0.34463661909103394,0.1166822612285614,0.38065674901008606,1.0,0.01185043287373698,False,0.99
24,0.01336804189766002,0.13046347986995144,0.3358758424316759,test_082,1,0.421875,micro,452,0.0022123893805309734,0.79,-0.2446477860212326,-0.34463661909103394,0.1166822612285614,0.8569325804710388,1.0,0.060056560504172685,False,0.9933333333333333
25,0.00085319048662183,0.032959306223868716,0.04348685309286141,test_082,0,0.0,ITC,452,0.0,,,-0.34463661909103394,0.1166822612285614,,,,,
26,0.0018960676443734094,0.04913398319197287,0.0898843767179188,test_082,0,0.0,ITC,452,0.0,,,-0.34463661909103394,0.1166822612285614,,,,,
27,0.0013114693011241551,0.0408633647158119,0.052782437565486486,test_082,0,0.0,ITC,452,0.0,,,-0.34463661909103394,0.1166822612285614,,,,,
28,0.0011931351977035732,0.03897623527140091,0.05027028514957722,test_082,0,0.0,ITC,452,0.0,,,-0.34463661909103394,0.1166822612285614,,,,,
29,0.009093555540410409,0.10760239084841966,0.1542835748826459,test_082,0,0.0,ITC,452,0.0,,,-0.34463661909103394,0.1166822612285614,,,,,
30,0.03202816118618724,0.2019394002353316,0.3278289755421262,test_082,1,0.359375,micro,452,0.0022123893805309734,0.9866666666666667,-0.03583239018917084,-0.34463661909103394,0.1166822612285614,2.6465394496917725,1.0,0.5728275409768713,False,1.0
31,0.0007849994135767994,0.03161474807680576,0.046651292707136284,test_082,0,0.0,ITC,452,0.0,,,-0.34463661909103394,0.1166822612285614,,,,,
32,0.005932959659565388,0.08691420399380714,0.11201746515610858,test_082,1,0.38328245282173157,ITC,452,0.0022123893805309734,0.9833333333333333,-0.07473495602607727,-0.34463661909103394,0.1166822612285614,2.313133716583252,1.0,0.4375912448020873,False,1.0
33,0.004897447886735939,0.0789659693644791,0.1235753559164657,test_082,0,0.0,ITC,452,0.0,,,-0.34463661909103394,0.1166822612285614,,,,,
34,0.0016442157673722038,0.04575456846147018,0.05954289247518296,test_082,0,0.0,ITC,452,0.0,,,-0.34463661909103394,0.1166822612285614,,,,,
35,0.0008096293185764179,0.03210688500911414,0.04886183982121345,test_082,0,0.0,ITC,452,0.0,,,-0.34463661909103394,0.1166822612285614,,,,,
36,0.0009372160911808548,0.0345441831464225,0.06258037783806496,test_082,0,0.0,ITC,452,0.0,,,-0.34463661909103394,0.1166822612285614,,,,,
37,0.002519836122648594,0.05664234279766607,0.1448201521762856,test_082,0,0.0,ITC,452,0.0,,,-0.34463661909103394,0.1166822612285614,,,,,
38,0.000572934897456276,0.02700894977595604,0.03412746094983976,test_082,0,0.0,ITC,452,0.0,,,-0.34463661909103394,0.1166822612285614,,,,,
39,0.7777697336300687,0.9951317408041699,1.1308521533976916,test_082,17,1.0,micro,452,0.03761061946902655,0.8562745098039216,-0.13206516206264496,-0.34463661909103394,0.1166822612285614,1.821797490119934,0.5365782419304689,0.2714359364276251,True,0.9962745098039215
40,0.0021098950540582697,0.05183051049399497,0.102784305891848,test_082,0,0.0,ITC,452,0.0,,,-0.34463661909103394,0.1166822612285614,,,,,
41,0.0012242700974236336,0.039481503282886035,0.07668780744213458,test_082,1,0.07909058034420013,ITC,452,0.0022123893805309734,0.9266666666666666,-0.15760096907615662,-0.34463661909103394,0.1166822612285614,1.6029484272003174,1.0,0.21013879890093345,False,1.0
42,0.00044898882635227203,0.023909628371347427,0.03218741162706315,test_082,0,0.0,ITC,452,0.0,,,-0.34463661909103394,0.1166822612285614,,,,,
43,0.0004033401231868286,0.02266161059633278,0.03129144912871218,test_082,0,0.0,ITC,452,0.0,,,-0.34463661909103394,0.1166822612285614,,,,,
44,0.0015627188885293695,0.04460622698884287,0.06936219579464475,test_082,0,0.0,ITC,452,0.0,,,-0.34463661909103394,0.1166822612285614,,,,,
45,0.00033319987856630516,0.020597166351019595,0.027732101237073207,test_082,0,0.0,ITC,452,0.0,,,-0.34463661909103394,0.1166822612285614,,,,,
46,0.0023120875217113837,0.054257177069321004,0.09789158305628373,test_082,1,0.14936602115631104,ITC,452,0.0022123893805309734,0.9866666666666667,-0.05586059391498566,-0.34463661909103394,0.1166822612285614,2.4748923778533936,1.0,0.500933161210296,False,1.0
47,0.0020904330936887512,0.05159091083231215,0.08048406638661783,test_082,0,0.0,ITC,452,0.0,,,-0.34463661909103394,0.1166822612285614,,,,,
48,0.0007672091544679299,0.03125445623509384,0.05138405883804923,test_082,0,0.0,ITC,452,0.0,,,-0.34463661909103394,0.1166822612285614,,,,,
49,0.00034362195622390367,0.02091681292892225,0.039656676827490224,test_082,0,0.0,ITC,452,0.0,,,-0.34463661909103394,0.1166822612285614,,,,,
50,0.0008913716994528123,0.033688717648511154,0.048822802457611024,test_082,0,0.0,ITC,452,0.0,,,-0.34463661909103394,0.1166822612285614,,,,,
51,0.0008841160648405151,0.033551326887182584,0.06953678594555252,test_082,0,0.0,ITC,452,0.0,,,-0.34463661909103394,0.1166822612285614,,,,,
52,0.000568680724297863,0.02690848911597739,0.04370710590109822,test_082,0,0.0,ITC,452,0.0,,,-0.34463661909103394,0.1166822612285614,,,,,
53,0.004400794589730744,0.07485496443056892,0.10405271688127728,test_082,0,0.0,ITC,452,0.0,,,-0.34463661909103394,0.1166822612285614,,,,,
54,0.00045642016701435474,0.02410668383783435,0.03758356943415688,test_082,0,0.0,ITC,452,0.0,,,-0.34463661909103394,0.1166822612285614,,,,,
55,0.0015753730193555603,0.044786462530013824,0.05124371320067288,test_082,0,0.0,ITC,452,0.0,,,-0.34463661909103394,0.1166822612285614,,,,,
56,0.0009107756496940498,0.034053422347428225,0.03929769073368053,test_082,0,0.0,ITC,452,0.0,,,-0.34463661909103394,0.1166822612285614,,,,,
57,0.0008655689398176041,0.033197539108648755,0.0467841541168426,test_082,0,0.0,ITC,452,0.0,,,-0.34463661909103394,0.1166822612285614,,,,,
58,0.0021785497198913728,0.05266702624543565,0.10563345723671651,test_082,0,0.0,ITC,452,0.0,,,-0.34463661909103394,0.1166822612285614,,,,,
59,0.0234314991996622,0.17272495874493712,0.2457669564164034,test_082,2,0.125,micro,452,0.004424778761061947,0.6233333333333333,-0.307174950838089,-0.34463661909103394,0.1166822612285614,0.32105711102485657,0.8866236156589078,0.008430080719575097,False,0.9983333333333333
60,0.005472401054252289,0.08347261483219756,0.1938221059212389,test_082,1,0.1875,ITC,452,0.0022123893805309734,0.5466666666666666,-0.3318406045436859,-0.34463661909103394,0.1166822612285614,0.10966546833515167,1.0,0.0009835737769327568,False,0.9933333333333333
61,0.0020974008565421563,0.051676819868398206,0.06556209866411426,test_082,0,0.0,ITC,452,0.0,,,-0.34463661909103394,0.1166822612285614,,,,,
62,0.00048674986208773613,0.024894761955168248,0.0367621210218434,test_082,0,0.0,ITC,452,0.0,,,-0.34463661909103394,0.1166822612285614,,,,,
63,0.002208792755561119,0.05303133302590993,0.07944321683444142,test_082,1,0.1426929384469986,ITC,452,0.0022123893805309734,0.69,-0.2849644720554352,-0.34463661909103394,0.1166822612285614,0.511407196521759,1.0,0.02138950905208995,False,0.9966666666666667
64,0.0013189069372993012,0.04097907354241931,0.06073872873570195,test_082,0,0.0,ITC,452,0.0,,,-0.34463661909103394,0.1166822612285614,,,,,
65,0.0015541013336387215,0.044483067278622716,0.05876935262197435,test_082,0,0.0,ITC,452,0.0,,,-0.34463661909103394,0.1166822612285614,,,,,
66,0.0015168271612376403,0.04394638010366886,0.08490800445851979,test_082,0,0.0,ITC,452,0.0,,,-0.34463661909103394,0.1166822612285614,,,,,
67,0.0020607934719706305,0.051223859109257676,0.07356815752776191,test_082,0,0.0,ITC,452,0.0,,,-0.34463661909103394,0.1166822612285614,,,,,
68,0.0022242508824745788,0.05321657806528635,0.06966769946866926,test_082,1,0.14369156956672668,ITC,452,0.0022123893805309734,0.52,-0.3420983850955963,-0.34463661909103394,0.1166822612285614,0.021753383800387383,1.0,3.87008755810023e-05,False,0.99
69,0.002157677835125771,0.05241412733682292,0.08330674940211634,test_082,0,0.0,ITC,452,0.0,,,-0.34463661909103394,0.1166822612285614,,,,,
70,0.00042635078352788546,0.0232990703144251,0.03250650957333352,test_082,0,0.0,ITC,452,0.0,,,-0.34463661909103394,0.1166822612285614,,,,,
71,0.0010776783208026695,0.03704244396027003,0.0577008068332017,test_082,0,0.0,ITC,452,0.0,,,-0.34463661909103394,0.1166822612285614,,,,,
72,0.00033074558388665774,0.02052116850111157,0.02921761966125233,test_082,0,0.0,ITC,452,0.0,,,-0.34463661909103394,0.1166822612285614,,,,,
73,0.0017756272627804414,0.04754785849732785,0.07706161851216319,test_082,1,0.11470948904752731,ITC,452,0.0022123893805309734,0.48333333333333334,-0.35994166135787964,-0.34463661909103394,0.1166822612285614,-0.13116854429244995,1.0,0.0014071051214075822,False,1.0
74,0.0013238708664000092,0.04105611695257228,0.11247372468429379,test_082,0,0.0,ITC,452,0.0,,,-0.34463661909103394,0.1166822612285614,,,,,
75,0.00613263828854306,0.0883646851549305,0.1188428140424976,test_082,0,0.0,ITC,452,0.0,,,-0.34463661909103394,0.1166822612285614,,,,,
76,0.0006430155317436848,0.02861315786303511,0.04850585742449858,test_082,0,0.0,ITC,452,0.0,,,-0.34463661909103394,0.1166822612285614,,,,,
77,0.0008171173494906235,0.03225501700605108,0.040729868589542514,test_082,0,0.0,ITC,452,0.0,,,-0.34463661909103394,0.1166822612285614,,,,,
78,0.0004999813459845887,0.025230854550282112,0.04171825070241657,test_082,0,0.0,ITC,452,0.0,,,-0.34463661909103394,0.1166822612285614,,,,,
79,0.0008796059503618126,0.03346564028649406,0.054721867076460005,test_082,0,0.0,ITC,452,0.0,,,-0.34463661909103394,0.1166822612285614,,,,,
80,0.0010473314457148475,0.03651717148313643,0.060350563254422375,test_082,0,0.0,ITC,452,0.0,,,-0.34463661909103394,0.1166822612285614,,,,,
81,0.0005411323817601128,0.026248640867551607,0.048600000000000004,test_082,0,0.0,ITC,452,0.0,,,-0.34463661909103394,0.1166822612285614,,,,,
82,0.0009467998616436768,0.034720354617925636,0.04475928915659202,test_082,0,0.0,ITC,452,0.0,,,-0.34463661909103394,0.1166822612285614,,,,,
83,0.0008651953958309899,0.033190374988764565,0.05025454399487136,test_082,0,0.0,ITC,452,0.0,,,-0.34463661909103394,0.1166822612285614,,,,,
84,0.0010991746255871544,0.03741006014252091,0.08141854199717673,test_082,0,0.0,ITC,452,0.0,,,-0.34463661909103394,0.1166822612285614,,,,,
85,0.0020526242796527483,0.0511222300309504,0.0935109179739883,test_082,0,0.0,ITC,452,0.0,,,-0.34463661909103394,0.1166822612285614,,,,,
86,0.0031172358710938913,0.06299990461376671,0.07570428727083162,test_082,0,0.0,ITC,452,0.0,,,-0.34463661909103394,0.1166822612285614,,,,,
87,0.0007136331230524865,0.030143422378742603,0.053984220390190164,test_082,0,0.0,ITC,452,0.0,,,-0.34463661909103394,0.1166822612285614,,,,,
88,0.0020317060763455352,0.05086107076814106,0.07288010332942718,test_082,1,0.13125275075435638,ITC,452,0.0022123893805309734,0.22333333333333333,-0.44408512115478516,-0.34463661909103394,0.1166822612285614,-0.852301836013794,1.0,0.05940923966155681,False,0.99
89,0.0008801339188452416,0.03347568236999046,0.0609147534167482,test_082,1,0.056858617812395096,ITC,452,0.0022123893805309734,0.31333333333333335,-0.42337989807128906,-0.34463661909103394,0.1166822612285614,-0.674852192401886,1.0,0.037246414533289474,False,0.9833333333333333
90,0.008704507244394562,0.10527546172302858,0.2645487676664702,test_082,0,0.0,micro,452,0.0,,,-0.34463661909103394,0.1166822612285614,,,,,
91,0.000885873151017334,0.03358465017674614,0.047579873540952236,test_082,1,0.057229384779930115,ITC,452,0.0022123893805309734,0.19333333333333333,-0.4514918327331543,-0.34463661909103394,0.1166822612285614,-0.9157794117927551,1.0,0.0685881197611174,False,0.9733333333333334
92,0.004247945568007896,0.073543540036295,0.12681952094314977,test_082,1,0.27442675828933716,ITC,452,0.0022123893805309734,0.6666666666666666,-0.2926083505153656,-0.34463661909103394,0.1166822612285614,0.4458969831466675,1.0,0.016260586806031478,False,0.9966666666666667
93,0.004074520591291786,0.07202666688574726,0.14541174538466844,test_082,1,0.21875,ITC,452,0.0022123893805309734,0.7633333333333333,-0.2610022723674774,-0.34463661909103394,0.1166822612285614,0.7167699933052063,1.0,0.04201716806587776,False,0.9933333333333333
94,0.0033582902576305847,0.06539042711830302,0.11051782612578329,test_082,0,0.0,ITC,452,0.0,,,-0.34463661909103394,0.1166822612285614,,,,,
95,0.0025873174851400223,0.05739577455584172,0.07693202803010263,test_082,0,0.0,ITC,452,0.0,,,-0.34463661909103394,0.1166822612285614,,,,,
96,0.001814542631749134,0.048066073631521135,0.07308088756351938,test_082,0,0.0,ITC,452,0.0,,,-0.34463661909103394,0.1166822612285614,,,,,
97,0.0005809209206068955,0.02719653449395079,0.04608325197353813,test_082,1,0.03752879053354263,ITC,452,0.0022123893805309734,0.49,-0.3558328151702881,-0.34463661909103394,0.1166822612285614,-0.09595456719398499,1.0,0.0007530060194949193,False,0.9933333333333333
98,0.006750060543209565,0.09270622424072146,0.1359314339421787,test_082,0,0.0,ITC,452,0.0,,,-0.34463661909103394,0.1166822612285614,,,,,
99,0.0010343763078898315,0.03629061613340958,0.05347846993484806,test_082,0,0.0,ITC,452,0.0,,,-0.34463661909103394,0.1166822612285614,,,,,
100,0.0016691902820240708,0.04610074917786788,0.09055687700555931,test_082,0,0.0,ITC,452,0.0,,,-0.34463661909103394,0.1166822612285614,,,,,
101,0.001251547594030529,0.03991891642865346,0.06368039050786103,test_082,0,0.0,ITC,452,0.0,,,-0.34463661909103394,0.1166822612285614,,,,,
102,0.0015017259011760407,0.043727071737430394,0.06998916777794977,test_082,1,0.09701484441757202,ITC,452,0.0022123893805309734,0.41333333333333333,-0.38789308071136475,-0.34463661909103394,0.1166822612285614,-0.37072011828422546,1.0,0.011239822586299499,False,0.9933333333333333
103,0.0014432292691791229,0.04286696370910923,0.05681688728895152,test_082,0,0.0,ITC,452,0.0,,,-0.34463661909103394,0.1166822612285614,,,,,
104,0.0023211546607275584,0.054363461106561796,0.06872212775406203,test_082,0,0.0,ITC,452,0.0,,,-0.34463661909103394,0.1166822612285614,,,,,
105,0.0014983298279486732,0.043677600529338646,0.08286620668282095,test_082,0,0.0,ITC,452,0.0,,,-0.34463661909103394,0.1166822612285614,,,,,
106,0.0036040320957604066,0.06774065385584122,0.10201261846580549,test_082,0,0.0,ITC,452,0.0,,,-0.34463661909103394,0.1166822612285614,,,,,
107,0.0010189830602271768,0.0360195714535375,0.044881272240323594,test_082,1,0.0658285841345787,ITC,452,0.0022123893805309734,0.69,-0.2859152853488922,-0.34463661909103394,0.1166822612285614,0.503258466720581,1.0,0.020713301483141565,False,0.9833333333333333
108,0.002342623672604004,0.054614293901799525,0.09017447154491676,test_082,0,0.0,ITC,452,0.0,,,-0.34463661909103394,0.1166822612285614,,,,,
109,0.007822861214649444,0.09980168461236824,0.2093523582049114,test_082,1,0.171875,micro,452,0.0022123893805309734,1.0,-0.007964327931404114,-0.34463661909103394,0.1166822612285614,2.8853769302368164,1.0,0.6808826321563297,False,0.9933333333333333
110,0.0020621135240518115,0.05124026233886737,0.06312138648375583,test_082,0,0.0,ITC,452,0.0,,,-0.34463661909103394,0.1166822612285614,,,,,
111,0.0016967709838841515,0.046480059326989794,0.07095693620957713,test_082,0,0.0,ITC,452,0.0,,,-0.34463661909103394,0.1166822612285614,,,,,
112,0.003550718028733532,0.0672377468866084,0.09251636069960595,test_082,0,0.0,ITC,452,0.0,,,-0.34463661909103394,0.1166822612285614,,,,,
113,0.0025557636125326426,0.057044713150928864,0.08163321222864522,test_082,1,0.16510803997516632,ITC,452,0.0022123893805309734,1.0,0.0025652796030044556,-0.34463661909103394,0.1166822612285614,2.975618362426758,1.0,0.7241384470409513,False,1.0
114,0.0017067978820154114,0.04661719165986131,0.07201227461822465,test_082,0,0.0,ITC,452,0.0,,,-0.34463661909103394,0.1166822612285614,,,,,
115,0.0025845430088224184,0.057364992494565045,0.06410365678110491,test_082,0,0.0,ITC,452,0.0,,,-0.34463661909103394,0.1166822612285614,,,,,
116,0.011479852066865158,0.12089913820719489,0.23054042499302363,test_082,0,0.0,micro,452,0.0,,,-0.34463661909103394,0.1166822612285614,,,,,
117,0.002439699544282173,0.05573438738384426,0.08438759307211115,test_082,0,0.0,ITC,452,0.0,,,-0.34463661909103394,0.1166822612285614,,,,,
118,0.023006940385605194,0.1711529909242517,0.3509760369999177,test_082,1,0.171875,micro,452,0.0022123893805309734,0.9866666666666667,-0.06587305665016174,-0.34463661909103394,0.1166822612285614,2.389082670211792,1.0,0.46679855422766964,False,0.99
119,0.014983520207444138,0.13812172330034217,0.3299985852958312,test_082,1,0.546875,micro,452,0.0022123893805309734,1.0,0.04867151007056236,-0.34463661909103394,0.1166822612285614,3.3707621097564697,1.0,0.929230279425621,False,0.9966666666666667
120,0.0004997403079233399,0.025224771993937294,0.03154117505593292,test_082,0,0.0,ITC,452,0.0,,,-0.34463661909103394,0.1166822612285614,,,,,
121,0.0008875364197796631,0.03361616377661399,0.04406860070319054,test_082,0,0.0,ITC,452,0.0,,,-0.34463661909103394,0.1166822612285614,,,,,
122,0.003512936683303734,0.06687906924691087,0.10280704845564187,test_082,0,0.0,ITC,452,0.0,,,-0.34463661909103394,0.1166822612285614,,,,,
123,0.001544300985678154,0.044342587700075826,0.0650505364420525,test_082,1,0.09976529330015182,ITC,452,0.0022123893805309734,0.9766666666666667,-0.09792503714561462,-0.34463661909103394,0.1166822612285614,2.1143879890441895,1.0,0.36562552948549026,False,0.99
124,0.0009908564389372102,0.03551897522747972,0.043229899100110665,test_082,0,0.0,ITC,452,0.0,,,-0.34463661909103394,0.1166822612285614,,,,,
125,0.0007280536682765809,0.030446456626990914,0.03848728750311734,test_082,0,0.0,ITC,452,0.0,,,-0.34463661909103394,0.1166822612285614,,,,,
126,0.00582447781322747,0.08611594207365905,0.11334439213450309,test_082,0,0.0,ITC,452,0.0,,,-0.34463661909103394,0.1166822612285614,,,,,
127,0.0031588401432642516,0.06341892608599527,0.0782321940011547,test_082,1,0.204068124294281,ITC,452,0.0022123893805309734,0.8866666666666667,-0.20159293711185455,-0.34463661909103394,0.1166822612285614,1.2259248495101929,1.0,0.12291215771767766,False,0.97
128,0.0035139728988272325,0.06688893222286095,0.08777633632788634,test_082,0,0.0,ITC,452,0.0,,,-0.34463661909103394,0.1166822612285614,,,,,
129,0.002516405824770035,0.05660377555162828,0.0736975435296624,test_082,0,0.0,ITC,452,0.0,,,-0.34463661909103394,0.1166822612285614,,,,,
130,0.003140880177184319,0.06323838112148239,0.11159342280242347,test_082,1,0.20290787518024445,ITC,452,0.0022123893805309734,0.9133333333333333,-0.1791515201330185,-0.34463661909103394,0.1166822612285614,1.4182541370391846,1.0,0.1645035461496593,False,0.99
131,0.002224331306733238,0.05321754015665509,0.057050816315369235,test_082,0,0.0,ITC,452,0.0,,,-0.34463661909103394,0.1166822612285614,,,,,
132,0.02840779943889093,0.19018394681071613,0.4287795308802269,test_082,2,0.21875,micro,452,0.004424778761061947,0.8566666666666667,-0.2142917662858963,-0.34463661909103394,0.1166822612285614,1.117092251777649,0.8866236156589078,0.10205757040316925,False,0.9933333333333333
133,0.010450581609846315,0.1153520427696813,0.22261133336801747,test_082,0,0.0,micro,452,0.0,,,-0.34463661909103394,0.1166822612285614,,,,,
134,0.0021189315109938355,0.05194138419779339,0.05875589756143633,test_082,1,0.13688771426677704,ITC,452,0.0022123893805309734,0.5133333333333333,-0.3470418453216553,-0.34463661909103394,0.1166822612285614,-0.020613469183444977,1.0,3.4751161352363274e-05,False,0.9633333333333334
135,0.002476185520069542,0.05614959772120496,0.07678953795928192,test_082,0,0.0,ITC,452,0.0,,,-0.34463661909103394,0.1166822612285614,,,,,
136,0.000707940964924118,0.030022965074744962,0.04131332748351578,test_082,1,0.04573456570506096,ITC,452,0.0022123893805309734,1.0,-0.0003295252099633217,-0.34463661909103394,0.1166822612285614,2.9508092403411865,1.0,0.7121138224690862,False,0.9966666666666667
137,0.000773231467695591,0.031376884515573494,0.03525028892434784,test_082,0,0.0,ITC,452,0.0,,,-0.34463661909103394,0.1166822612285614,,,,,
138,0.0035590482132808227,0.06731657245261503,0.10981810806573529,test_082,0,0.0,ITC,452,0.0,,,-0.34463661909103394,0.1166822612285614,,,,,
139,0.0014943922754994277,0.04362017125725935,0.06330336561550262,test_082,0,0.0,ITC,452,0.0,,,-0.34463661909103394,0.1166822612285614,,,,,
140,0.002504446795758087,0.05646911277897382,0.07064760189260655,test_082,0,0.0,ITC,452,0.0,,,-0.34463661909103394,0.1166822612285614,,,,,
141,0.0010653308323813476,0.03682962590108076,0.053507047558759555,test_082,0,0.0,ITC,452,0.0,,,-0.34463661909103394,0.1166822612285614,,,,,
142,0.008484054741620591,0.10393379622013814,0.14825775595314858,test_082,1,0.21875,ITC,452,0.0022123893805309734,0.88,-0.20350228250026703,-0.34463661909103394,0.1166822612285614,1.2095612287521362,1.0,0.1196527986788909,False,0.9733333333333334
143,0.0018790826208836518,0.048913416367430906,0.0683506955075139,test_082,0,0.0,ITC,452,0.0,,,-0.34463661909103394,0.1166822612285614,,,,,
144,0.0011182854567761994,0.03773387424940198,0.043335088776344594,test_082,0,0.0,ITC,452,0.0,,,-0.34463661909103394,0.1166822612285614,,,,,
145,0.0038744301260385133,0.07023587153147226,0.11022407410475263,test_082,0,0.0,ITC,452,0.0,,,-0.34463661909103394,0.1166822612285614,,,,,
146,0.0015825311036431046,0.044888096216388826,0.05506335513584964,test_082,0,0.0,ITC,452,0.0,,,-0.34463661909103394,0.1166822612285614,,,,,
147,0.003001113603501732,0.061815342094184426,0.07871968856766313,test_082,1,0.193878635764122,ITC,452,0.0022123893805309734,0.9133333333333333,-0.18139015138149261,-0.34463661909103394,0.1166822612285614,1.3990684747695923,1.0,0.16008295324470295,False,0.9933333333333333
148,0.001979438074075882,0.05020257794444249,0.09308052512555573,test_082,0,0.0,ITC,452,0.0,,,-0.34463661909103394,0.1166822612285614,,,,,
149,0.001364008752892914,0.041673851316480826,0.05244863134219691,test_082,1,0.08811800926923752,ITC,452,0.0022123893805309734,0.9766666666666667,-0.0918721854686737,-0.34463661909103394,0.1166822612285614,2.166262626647949,1.0,0.38378620523421186,False,0.99
150,0.0016599208414366379,0.045972566346106816,0.09619270943787789,test_082,0,0.0,ITC,452,0.0,,,-0.34463661909103394,0.1166822612285614,,,,,
151,0.0021146021099626463,0.05188829374516813,0.08829409555229296,test_082,0,0.0,ITC,452,0.0,,,-0.34463661909103394,0.1166822612285614,,,,,
152,1.7905080535398195,1.5098826639622305,2.4440064807542727,test_082,47,0.609375,macro,452,0.10398230088495575,0.9639716312056738,-0.028697267174720764,-0.34463661909103394,0.1166822612285614,2.7076897621154785,0.37024079949545036,0.5996045944333147,True,0.9966666666666667
153,0.008086056378781585,0.10146667799047492,0.17229068555601615,test_082,0,0.0,ITC,452,0.0,,,-0.34463661909103394,0.1166822612285614,,,,,
154,0.0015717476699328805,0.04473490010834822,0.05550239685921028,test_082,0,0.0,ITC,452,0.0,,,-0.34463661909103394,0.1166822612285614,,,,,
155,0.006516704681535828,0.09108965968699291,0.15771893786496435,test_082,1,0.171875,ITC,452,0.0022123893805309734,0.92,-0.17094889283180237,-0.34463661909103394,0.1166822612285614,1.4885529279708862,1.0,0.1812156532016114,False,0.99
156,0.006705521228447617,0.09239986361527062,0.18505768240422388,test_082,1,0.21875,ITC,452,0.0022123893805309734,0.9,-0.19332221150398254,-0.34463661909103394,0.1166822612285614,1.2968072891235352,1.0,0.13753652019003718,False,0.99
157,0.0014296361186042976,0.04266461344942294,0.06412918159257737,test_082,0,0.0,ITC,452,0.0,,,-0.34463661909103394,0.1166822612285614,,,,,
158,0.008390110875809327,0.10335676538956222,0.1602182410117368,test_082,0,0.0,ITC,452,0.0,,,-0.34463661909103394,0.1166822612285614,,,,,
159,0.0015377818579549256,0.044248894593249696,0.06572566723843005,test_082,0,0.0,ITC,452,0.0,,,-0.34463661909103394,0.1166822612285614,,,,,
160,0.00204515292688694,0.051029105239493604,0.06608035892205344,test_082,0,0.0,ITC,452,0.0,,,-0.34463661909103394,0.1166822612285614,,,,,
161,0.0009950244244866142,0.035593601183832244,0.04669015552899996,test_082,0,0.0,ITC,452,0.0,,,-0.34463661909103394,0.1166822612285614,,,,,
162,0.014897523982392883,0.13772478590661552,0.4158640126635611,test_082,1,0.296875,micro,452,0.0022123893805309734,0.9133333333333333,-0.1781141608953476,-0.34463661909103394,0.1166822612285614,1.4271446466445923,1.0,0.1665724339715521,False,0.99
163,0.009932489221236053,0.11245638289636344,0.29882765922659593,test_082,1,0.140625,micro,452,0.0022123893805309734,0.9866666666666667,-0.04273172467947006,-0.34463661909103394,0.1166822612285614,2.5874102115631104,1.0,0.5475171431862665,False,0.9966666666666667
164,0.002108425725211281,0.051812459992514506,0.07733253089903369,test_082,0,0.0,ITC,452,0.0,,,-0.34463661909103394,0.1166822612285614,,,,,
165,0.0014920217648553542,0.04358556082717516,0.06814250225585994,test_082,0,0.0,ITC,452,0.0,,,-0.34463661909103394,0.1166822612285614,,,,,
166,0.0008313495719598427,0.032534706860795945,0.04263699444262543,test_082,1,0.05370703712105751,ITC,452,0.0022123893805309734,0.61,-0.311150461435318,-0.34463661909103394,0.1166822612285614,0.286985844373703,1.0,0.006735783153937795,False,0.9666666666666667
167,0.0006657812070092468,0.029115270235834677,0.03647935068295487,test_082,0,0.0,ITC,452,0.0,,,-0.34463661909103394,0.1166822612285614,,,,,
168,0.0008199444942617569,0.03231076839974473,0.043982738420166825,test_082,0,0.0,ITC,452,0.0,,,-0.34463661909103394,0.1166822612285614,,,,,
169,0.0022778540529495394,0.05385400502609455,0.06382919032414622,test_082,0,0.0,ITC,452,0.0,,,-0.34463661909103394,0.1166822612285614,,,,,
170,0.011599301037093201,0.12152649411430681,0.2623240525059398,test_082,1,0.21875,micro,452,0.0022123893805309734,1.0,0.1253117024898529,-0.34463661909103394,0.1166822612285614,4.027590274810791,1.0,1.3266541295900016,True,1.0
171,0.0008046746112642517,0.0320084916187258,0.04688083449213054,test_082,0,0.0,ITC,452,0.0,,,-0.34463661909103394,0.1166822612285614,,,,,
172,0.0010653574993083573,0.03683008685028538,0.04521997523631027,test_082,0,0.0,ITC,452,0.0,,,-0.34463661909103394,0.1166822612285614,,,,,
173,0.0006022018730504608,0.027690201131111904,0.04656795598907043,test_082,0,0.0,ITC,452,0.0,,,-0.34463661909103394,0.1166822612285614,,,,,
174,0.00709613022153756,0.09505300422738838,0.17268895953880323,test_082,0,0.0,ITC,452,0.0,,,-0.34463661909103394,0.1166822612285614,,,,,
175,0.007163750112797379,0.09550481627758155,0.21070762081660926,test_082,0,0.0,micro,452,0.0,,,-0.34463661909103394,0.1166822612285614,,,,,
176,0.0017408950891909677,0.047080531759881264,0.07707809675706652,test_082,0,0.0,ITC,452,0.0,,,-0.34463661909103394,0.1166822612285614,,,,,
177,0.0012139147214348031,0.039314173363647884,0.04667257694671204,test_082,0,0.0,ITC,452,0.0,,,-0.34463661909103394,0.1166822612285614,,,,,
178,0.001835281349243454,0.04833997093060432,0.06726767735293554,test_082,0,0.0,ITC,452,0.0,,,-0.34463661909103394,0.1166822612285614,,,,,
179,0.003870632460414379,0.07020144095198579,0.0854965763158847,test_082,0,0.0,ITC,452,0.0,,,-0.34463661909103394,0.1166822612285614,,,,,
180,0.01377912763371928,0.13245425699162877,0.27254832889739933,test_082,0,0.0,micro,452,0.0,,,-0.34463661909103394,0.1166822612285614,,,,,
181,0.0026137249302860184,0.05768793582977567,0.06987321633420482,test_082,0,0.0,ITC,452,0.0,,,-0.34463661909103394,0.1166822612285614,,,,,
182,0.0021661200317589,0.05251656579669331,0.06692693891500688,test_082,0,0.0,ITC,452,0.0,,,-0.34463661909103394,0.1166822612285614,,,,,
183,0.0024913801308192214,0.05632160956086479,0.08343862091560225,test_082,0,0.0,ITC,452,0.0,,,-0.34463661909103394,0.1166822612285614,,,,,
184,0.004005663558789002,0.07141546923429642,0.09010531465066521,test_082,0,0.0,ITC,452,0.0,,,-0.34463661909103394,0.1166822612285614,,,,,
185,0.028997487987652636,0.19214772547147727,0.359787045308659,test_082,1,0.109375,micro,452,0.0022123893805309734,0.6333333333333333,-0.30165958404541016,-0.34463661909103394,0.1166822612285614,0.3683253526687622,1.0,0.011095078336431523,False,0.9933333333333333
186,0.002487300855836912,0.05627548142224259,0.08888653018877495,test_082,0,0.0,ITC,452,0.0,,,-0.34463661909103394,0.1166822612285614,,,,,
187,0.019535450265095067,0.15771273823545787,0.3305678418601769,test_082,1,0.5,micro,452,0.0022123893805309734,0.5766666666666667,-0.3217969238758087,-0.34463661909103394,0.1166822612285614,0.1957426518201828,1.0,0.0031335604807844904,False,0.9666666666666667
188,0.049457868022796406,0.25094165330792945,0.4151857726334082,test_082,2,0.71875,micro,452,0.004424778761061947,0.545,-0.33493825793266296,-0.34463661909103394,0.1166822612285614,0.08311770111322403,0.8866236156589078,0.0005650074730035136,False,0.9883333333333333
189,0.005581074947019928,0.08429736250130532,0.10046935241510539,test_082,1,0.3605498969554901,ITC,452,0.0022123893805309734,0.47,-0.36812686920166016,-0.34463661909103394,0.1166822612285614,-0.20131808519363403,1.0,0.00331461222826793,False,0.99
190,0.0049632690578859905,0.07949484534019095,0.0916579725306521,test_082,0,0.0,ITC,452,0.0,,,-0.34463661909103394,0.1166822612285614,,,,,
191,0.004095383215412521,0.07221082924816655,0.08523023294764667,test_082,0,0.0,ITC,452,0.0,,,-0.34463661909103394,0.1166822612285614,,,,,
192,0.004305646971860401,0.07404133973829667,0.08686197726753735,test_082,0,0.0,ITC,452,0.0,,,-0.34463661909103394,0.1166822612285614,,,,,
193,0.042831660479317794,0.23352722301465764,0.40822914278555245,test_082,3,0.0625,micro,452,0.00663716814159292,0.25333333333333335,-0.43780460953712463,-0.34463661909103394,0.1166822612285614,-0.7984760403633118,0.8203026823520196,0.05214238884852932,False,0.9611111111111111
194,0.0020594129064001867,0.05120669830565814,0.05830913219231968,test_082,0,0.0,ITC,452,0.0,,,-0.34463661909103394,0.1166822612285614,,,,,
195,0.00408602553380008,0.07212828356776461,0.08766560767387485,test_082,0,0.0,ITC,452,0.0,,,-0.34463661909103394,0.1166822612285614,,,,,
196,0.9950603322262225,1.1255888078635712,1.821906818420144,test_082,25,0.6875,micro,452,0.05530973451327434,0.6154666666666667,-0.3056223690509796,-0.34463661909103394,0.1166822612285614,0.3343631625175476,0.47349637580334086,0.009143321582657401,True,0.9276
197,0.009375354334996628,0.1092569077231364,0.15150451959707995,test_082,1,0.234375,ITC,452,0.0022123893805309734,1.0,-0.008125588297843933,-0.34463661909103394,0.1166822612285614,2.8839945793151855,1.0,0.6802303823509859,False,0.9966666666666667
198,0.000879714482835577,0.03346770484545511,0.038635075302450125,test_082,0,0.0,ITC,452,0.0,,,-0.34463661909103394,0.1166822612285614,,,,,
199,0.0012250394684293784,0.03949390706255368,0.04809627996774589,test_082,1,0.07914028316736221,ITC,452,0.0022123893805309734,1.0,0.000758245587348938,-0.34463661909103394,0.1166822612285614,2.9601316452026367,1.0,0.7166204505883002,False,0.99
200,0.003153659003927147,0.06336689478276608,0.08909552166888912,test_082,0,0.0,ITC,452,0.0,,,-0.34463661909103394,0.1166822612285614,,,,,
201,0.000563140841517334,0.02677710194691178,0.036342240059591316,test_082,0,0.0,ITC,452,0.0,,,-0.34463661909103394,0.1166822612285614,,,,,
202,0.000629285192774746,0.028306020425999424,0.03622781543134698,test_082,0,0.0,ITC,452,0.0,,,-0.34463661909103394,0.1166822612285614,,,,,
0,0.175270469618428,0.47239950565436184,0.8025245335534863,test_084,4,0.75,micro,317,0.012618296529968454,0.9825,-0.006253600120544434,-0.3348507881164551,0.10384685546159744,3.164247751235962,0.759277998557259,0.8693032304022766,True,0.9975
1,0.010588208366378677,0.11610911075350215,0.1822519469946368,test_084,1,0.28125,ITC,317,0.0031545741324921135,0.9966666666666667,0.016053110361099243,-0.3348507881164551,0.10384685546159744,3.379051685333252,1.0,0.9913340025997813,False,1.0
2,0.0010421539471590958,0.03642679806440308,0.049068460881320566,test_084,0,0.0,ITC,317,0.0,,,-0.3348507881164551,0.10384685546159744,,,,,
3,0.0005038213568939896,0.025327559595814897,0.044306200114946126,test_084,1,0.03254798427224159,ITC,317,0.0031545741324921135,0.44333333333333336,-0.35980308055877686,-0.3348507881164551,0.10384685546159744,-0.24027970433235168,1.0,0.005012616865244057,False,1.0
4,0.0002407178374883137,0.017506897778111728,0.025844381187863023,test_084,0,0.0,ITC,317,0.0,,,-0.3348507881164551,0.10384685546159744,,,,,
5,0.0007630763290498237,0.031170161337368416,0.04864402381074164,test_084,1,0.049296434968709946,ITC,317,0.0031545741324921135,0.5366666666666666,-0.3378196060657501,-0.3348507881164551,0.10384685546159744,-0.028588423505425453,1.0,7.095953279085906e-05,False,1.0
6,0.0005125338824999085,0.025545614246197505,0.03589699061486905,test_084,0,0.0,ITC,317,0.0,,,-0.3348507881164551,0.10384685546159744,,,,,
7,0.0008065848724536209,0.03204646245364873,0.061158120590028175,test_084,0,0.0,ITC,317,0.0,,,-0.3348507881164551,0.10384685546159744,,,,,
8,0.00026655229791561127,0.018422402841274107,0.02291748046089839,test_084,0,0.0,ITC,317,0.0,,,-0.3348507881164551,0.10384685546159744,,,,,
9,0.00030113248898752215,0.01958095485882747,0.026645292685028594,test_084,0,0.0,ITC,317,0.0,,,-0.3348507881164551,0.10384685546159744,,,,,
10,0.0005325454828206024,0.026039546234473274,0.045701871312891364,test_084,0,0.0,ITC,317,0.0,,,-0.3348507881164551,0.10384685546159744,,,,,
11,0.004095517626987225,0.07221201422782811,0.08704855060750781,test_084,1,0.2645795941352844,ITC,317,0.0031545741324921135,0.44333333333333336,-0.3603858947753906,-0.3348507881164551,0.10384685546159744,-0.24589195847511292,1.0,0.00524951263424823,False,0.99
12,0.006939556481591263,0.09399849857995184,0.14320964020973115,test_084,1,0.109375,ITC,317,0.0031545741324921135,0.43666666666666665,-0.3635706305503845,-0.3348507881164551,0.10384685546159744,-0.27655959129333496,1.0,0.006640607058387235,False,0.8666666666666667
13,0.00046123373880553435,0.024233469326806173,0.04867617382184435,test_084,0,0.0,ITC,317,0.0,,,-0.3348507881164551,0.10384685546159744,,,,,
14,0.0008100488541483764,0.03211520254130618,0.04723391575387341,test_084,0,0.0,ITC,317,0.0,,,-0.3348507881164551,0.10384685546159744,,,,,
15,0.0007211378580193062,0.030301505540744865,0.03811237193333587,test_084,0,0.0,ITC,317,0.0,,,-0.3348507881164551,0.10384685546159744,,,,,
16,0.00039286403940447235,0.0223653757105524,0.02741556016491514,test_084,1,0.02537989430129528,ITC,317,0.0031545741324921135,0.06666666666666667,-0.47631675004959106,-0.3348507881164551,0.10384685546159744,-1.362255573272705,1.0,0.16111928278845578,False,0.056666666666666664
17,0.00029259779492868805,0.019301478782868302,0.030849929426210346,test_084,0,0.0,ITC,317,0.0,,,-0.3348507881164551,0.10384685546159744,,,,,
18,0.0008555720790898361,0.03300527540361479,0.046482011380469604,test_084,0,0.0,ITC,317,0.0,,,-0.3348507881164551,0.10384685546159744,,,,,
19,0.0001697431512579174,0.014701145963139834,0.01990419513730151,test_084,0,0.0,ITC,317,0.0,,,-0.3348507881164551,0.10384685546159744,,,,,
20,0.000600824493811306,0.027658515957405268,0.03579335949083778,test_084,0,0.0,ITC,317,0.0,,,-0.3348507881164551,0.10384685546159744,,,,,
21,9.105313902745056e-05,0.010767193565735625,0.012467312879408598,test_084,0,0.0,ITC,317,0.0,,,-0.3348507881164551,0.10384685546159744,,,,,
22,0.0006550753050703125,0.0288802317025846,0.037440920492811496,test_084,0,0.0,ITC,317,0.0,,,-0.3348507881164551,0.10384685546159744,,,,,
23,0.0004375524590633812,0.02360315855506653,0.03827942803827458,test_084,1,0.028266865760087967,ITC,317,0.0031545741324921135,0.37,-0.38086801767349243,-0.3348507881164551,0.10384685546159744,-0.4431258738040924,1.0,0.017048436294342047,False,0.9833333333333333
24,0.000937089839434433,0.03454185635627368,0.07625891911239129,test_084,1,0.060538094490766525,ITC,317,0.0031545741324921135,0.12666666666666668,-0.4491473138332367,-0.3348507881164551,0.10384685546159744,-1.10062575340271,1.0,0.10517431071217094,False,0.9566666666666667
25,0.0002708775846814156,0.01857126954730683,0.020362449110346088,test_084,0,0.0,ITC,317,0.0,,,-0.3348507881164551,0.10384685546159744,,,,,
26,0.00020949861210929488,0.016332235532978547,0.021291869775248405,test_084,0,0.0,ITC,317,0.0,,,-0.3348507881164551,0.10384685546159744,,,,,
27,0.003788389288970398,0.06945161663754298,0.148396831834668,test_084,1,0.15625,ITC,317,0.0031545741324921135,0.5266666666666666,-0.34047093987464905,-0.3348507881164551,0.10384685546159744,-0.05411961302161217,1.0,0.0002542960992054826,False,0.9833333333333333
28,0.00041251761461693574,0.022917978528441435,0.04041441406849789,test_084,0,0.0,ITC,317,0.0,,,-0.3348507881164551,0.10384685546159744,,,,,
29,0.0003399112645706978,0.02080356853408445,0.03179743380411385,test_084,0,0.0,ITC,317,0.0,,,-0.3348507881164551,0.10384685546159744,,,,,
30,0.0002119319320319996,0.016426810909463425,0.028767124815013055,test_084,1,0.01369127631187439,ITC,317,0.0031545741324921135,0.43666666666666665,-0.36199361085891724,-0.3348507881164551,0.10384685546159744,-0.2613735496997833,1.0,0.00593135073014712,False,0.9566666666666667
31,0.0009425637851710969,0.03464259639107755,0.04381573850796215,test_084,0,0.0,ITC,317,0.0,,,-0.3348507881164551,0.10384685546159744,,,,,
32,0.00019315060338123894,0.01568205937734106,0.026387997370700755,test_084,0,0.0,ITC,317,0.0,,,-0.3348507881164551,0.10384685546159744,,,,,
33,8.418502924543762e-05,0.01035314968065165,0.01624241651751807,test_084,0,0.0,ITC,317,0.0,,,-0.3348507881164551,0.10384685546159744,,,,,
34,0.00037986516580088426,0.021992256609203727,0.04174818874554163,test_084,1,0.024540137499570847,ITC,317,0.0031545741324921135,0.8033333333333333,-0.2323816418647766,-0.3348507881164551,0.10384685546159744,0.9867332577705383,1.0,0.08453369758857147,False,0.9966666666666667
35,0.0003418529423941612,0.02086290211692318,0.02879122321640772,test_084,1,0.022084463387727737,ITC,317,0.0031545741324921135,0.2,-0.4269198179244995,-0.3348507881164551,0.10384685546159744,-0.8865846395492554,1.0,0.06824498436925702,False,0.9733333333333334
36,0.0005899487374725266,0.02740704402004353,0.046932705512413846,test_084,0,0.0,ITC,317,0.0,,,-0.3348507881164551,0.10384685546159744,,,,,
37,0.0005713627827044449,0.02697186848049692,0.04429677354737763,test_084,0,0.0,ITC,317,0.0,,,-0.3348507881164551,0.10384685546159744,,,,,
38,0.00020424048611572266,0.016125974809557127,0.023148118066409477,test_084,0,0.0,ITC,317,0.0,,,-0.3348507881164551,0.10384685546159744,,,,,
39,0.000285778573161335,0.019075234740023584,0.02410653465336717,test_084,1,0.018461933359503746,ITC,317,0.0031545741324921135,0.15333333333333332,-0.43830201029777527,-0.3348507881164551,0.10384685546159744,-0.9961902499198914,1.0,0.08616182850496064,False,0.99
0,85.10784104212861,10.409739131307395,15.560229660979033,test_090,1465,1.0,macro,2611,0.5610877058598238,0.9210557451649601,-0.005384861491620541,-0.33222827315330505,0.11574556678533554,2.8238093852996826,0.0734513996686381,0.5067626965630938,True,0.9709692832764505
1,0.00670278229406694,0.09238099088317196,0.11063676987687841,test_090,0,0.0,ITC,2611,0.0,,,-0.33222827315330505,0.11574556678533554,,,,,
2,2.1852443570392177,1.6680346310228984,2.4026730064245636,test_090,42,1.0,macro,2611,0.0160857908847185,0.9961904761904762,0.19805613160133362,-0.33222827315330505,0.11574556678533554,4.581466197967529,0.5249221418441307,1.3339601538556585,True,0.984920634920635
3,0.20233995933636914,0.5075699338092929,0.8023300483192749,test_090,5,0.9375,micro,2611,0.0019149751053236309,1.0,0.1467714011669159,-0.33222827315330505,0.11574556678533554,4.138384819030762,0.7954318079549219,1.0884177816616805,True,0.9966666666666667
4,0.010733677573629639,0.11690398944083229,0.31310607681777874,test_090,1,0.15625,micro,2611,0.00038299502106472615,0.9933333333333333,0.011301513761281967,-0.33222827315330505,0.11574556678533554,2.9679737091064453,1.0,0.5598271837974591,False,0.98
5,0.003506926532443726,0.06682183431774612,0.09493082949875123,test_090,0,0.0,ITC,2611,0.0,,,-0.33222827315330505,0.11574556678533554,,,,,
6,44.466350923050996,7.524381463303109,13.932548541734072,test_090,763,1.0,macro,2611,0.29222520107238603,0.834089121887287,-0.09142927080392838,-0.33222827315330505,0.11574556678533554,2.080416679382324,0.15636890052934485,0.2750644962530796,True,0.9649672346002621
7,0.01038487510900525,0.11498884144090402,0.16214806614711752,test_090,1,0.03125,ITC,2611,0.00038299502106472615,0.79,-0.22636906802654266,-0.33222827315330505,0.11574556678533554,0.9145854115486145,1.0,0.05315968798133611,False,0.9566666666666667
8,0.0046735499920341796,0.07713979948220388,0.11058001958423593,test_090,1,0.3019217550754547,ITC,2611,0.00038299502106472615,0.9866666666666667,-0.01935792714357376,-0.33222827315330505,0.11574556678533554,2.703087091445923,1.0,0.4643591001206705,False,0.99
9,0.004586188387703247,0.07641542000688717,0.11070617031584103,test_090,0,0.0,ITC,2611,0.0,,,-0.33222827315330505,0.11574556678533554,,,,,
10,0.006060657919751587,0.08784457484978836,0.1541872989643851,test_090,1,0.046875,ITC,2611,0.00038299502106472615,0.9966666666666667,0.029502257704734802,-0.33222827315330505,0.11574556678533554,3.1252212524414062,1.0,0.6207195467413551,False,0.9633333333333334
11,0.002888802876282715,0.060647655016726185,0.0743768161786581,test_090,1,0.18662311136722565,ITC,2611,0.00038299502106472615,0.99,-0.016232259571552277,-0.33222827315330505,0.11574556678533554,2.7300918102264404,1.0,0.4736836429555744,False,0.9733333333333334
12,0.0030728319968671876,0.0625495900285431,0.07389088367456197,test_090,1,0.19851180911064148,ITC,2611,0.00038299502106472615,0.75,-0.2518908977508545,-0.33222827315330505,0.11574556678533554,0.694085955619812,1.0,0.030616842311365747,False,0.49333333333333335
13,0.0022106934839987184,0.053054145597827874,0.07550264570861077,test_090,0,0.0,ITC,2611,0.0,,,-0.33222827315330505,0.11574556678533554,,,,,
14,0.39479619717689063,0.7089923344837219,1.2113838313100924,test_090,9,0.921875,micro,2611,0.0034469551895825352,0.99,0.14733904600143433,-0.33222827315330505,0.11574556678533554,4.143289089202881,0.720720969830462,1.0909990098368925,True,0.9922222222222222
15,0.006946511792625549,0.09404559273214239,0.11574993363610347,test_090,0,0.0,ITC,2611,0.0,,,-0.33222827315330505,0.11574556678533554,,,,,
16,0.015515399585180237,0.1405518420520308,0.25879402365383875,test_090,2,0.0859375,micro,2611,0.0007659900421294523,0.92,-0.15052086114883423,-0.33222827315330505,0.11574556678533554,1.569886565208435,0.9118972751587289,0.15662837041970082,False,0.97
17,0.005306762350793518,0.0821996330864198,0.1304419099431879,test_090,0,0.0,ITC,2611,0.0,,,-0.33222827315330505,0.11574556678533554,,,,,
18,0.0013925913971956788,0.042108222909160276,0.052829210620046,test_090,1,0.08996451646089554,ITC,2611,0.00038299502106472615,0.8633333333333333,-0.18981462717056274,-0.33222827315330505,0.11574556678533554,1.2304025888442993,1.0,0.09621180364073108,False,0.9933333333333333
19,0.00036648197453430177,0.021601373623214286,0.03613843844163719,test_090,1,0.023675553500652313,ITC,2611,0.00038299502106472615,0.94,-0.1433919221162796,-0.33222827315330505,0.11574556678533554,1.6314780712127686,1.0,0.1691594893088129,False,0.9866666666666667
20,0.0010026416889478455,0.035729582247326225,0.0540922477470218,test_090,0,0.0,ITC,2611,0.0,,,-0.33222827315330505,0.11574556678533554,,,,,
21,0.0010199868479511109,0.0360373083057146,0.04049378277279118,test_090,1,0.06589342653751373,ITC,2611,0.00038299502106472615,0.4766666666666667,-0.36876702308654785,-0.33222827315330505,0.11574556678533554,-0.3156816363334656,1.0,0.006333335895437604,False,0.93
22,0.002270302559294678,0.0537646630883839,0.06388311605301308,test_090,0,0.0,ITC,2611,0.0,,,-0.33222827315330505,0.11574556678533554,,,,,
23,0.008656111009802034,0.10498239300614827,0.23361236947559091,test_090,1,0.203125,micro,2611,0.00038299502106472615,0.9966666666666667,0.03192795068025589,-0.33222827315330505,0.11574556678533554,3.1461784839630127,1.0,0.6290723505041257,False,1.0
24,0.0009273156054021606,0.03436124123555578,0.039785614657734725,test_090,0,0.0,ITC,2611,0.0,,,-0.33222827315330505,0.11574556678533554,,,,,
25,0.009708263468801147,0.11117978664840739,0.21089767726947814,test_090,1,0.078125,micro,2611,0.00038299502106472615,0.81,-0.21607357263565063,-0.33222827315330505,0.11574556678533554,1.0035347938537598,1.0,0.06400276744486118,False,0.9733333333333334
26,0.0020735638694813234,0.051382326895126916,0.061765259925735255,test_090,0,0.0,ITC,2611,0.0,,,-0.33222827315330505,0.11574556678533554,,,,,
27,0.006393942253835816,0.09022760178757294,0.10118028575137596,test_090,0,0.0,ITC,2611,0.0,,,-0.33222827315330505,0.11574556678533554,,,,,
28,0.00371099343958374,0.06873851611382643,0.13358901517714694,test_090,0,0.0,ITC,2611,0.0,,,-0.33222827315330505,0.11574556678533554,,,,,
29,0.000688038948,0.029597945822498903,0.05009573335125458,test_090,0,0.0,ITC,2611,0.0,,,-0.33222827315330505,0.11574556678533554,,,,,
30,0.004939486212440231,0.07930415611021287,0.09743379921146182,test_090,0,0.0,ITC,2611,0.0,,,-0.33222827315330505,0.11574556678533554,,,,,
31,0.004722826768169128,0.07754540479078499,0.13201429212833482,test_090,1,0.09375,ITC,2611,0.00038299502106472615,1.0,0.0774257481098175,-0.33222827315330505,0.11574556678533554,3.5392632484436035,1.0,0.7960853220441844,False,0.9966666666666667
32,0.0009217172653640442,0.034257362293770584,0.0394470793451337,test_090,0,0.0,ITC,2611,0.0,,,-0.33222827315330505,0.11574556678533554,,,,,
33,0.028487950624757813,0.19045205507923624,0.35076476744957,test_090,1,0.375,micro,2611,0.00038299502106472615,0.9833333333333333,-0.0488986037671566,-0.33222827315330505,0.11574556678533554,2.447866201400757,1.0,0.3808107814607821,False,0.9833333333333333
34,0.0019431243311459655,0.049739951133390824,0.06609871540204423,test_090,0,0.0,ITC,2611,0.0,,,-0.33222827315330505,0.11574556678533554,,,,,
35,0.004652748071629761,0.0769679338198011,0.10137810846336881,test_090,1,0.30057790875434875,ITC,2611,0.00038299502106472615,0.9733333333333334,-0.09760856628417969,-0.33222827315330505,0.11574556678533554,2.0270297527313232,1.0,0.26112841363412354,False,0.97
36,0.0018264360989904786,0.048223341518050196,0.06443254192371162,test_090,0,0.0,ITC,2611,0.0,,,-0.33222827315330505,0.11574556678533554,,,,,
37,0.0021090998524938356,0.05182074233345418,0.05678061358639016,test_090,0,0.0,ITC,2611,0.0,,,-0.33222827315330505,0.11574556678533554,,,,,
38,0.03757968058328668,0.21874170932210613,0.33959495415744045,test_090,3,0.046875,micro,2611,0.0011489850631941786,0.9344444444444444,-0.0190097838640213,-0.33222827315330505,0.11574556678533554,2.706094741821289,0.860360484915231,0.46539303411556543,True,0.9077777777777778
39,0.0009970224291147767,0.035629319159041536,0.038516015494327226,test_090,0,0.0,ITC,2611,0.0,,,-0.33222827315330505,0.11574556678533554,,,,,
40,0.0012826828058400879,0.040412404924075655,0.051001808656695326,test_090,0,0.0,ITC,2611,0.0,,,-0.33222827315330505,0.11574556678533554,,,,,
41,0.0009460457813339539,0.03470652532196596,0.05570333598359969,test_090,0,0.0,ITC,2611,0.0,,,-0.33222827315330505,0.11574556678533554,,,,,
42,0.0031720481168318482,0.06355137370783588,0.09908468358724358,test_090,1,0.2049213945865631,ITC,2611,0.00038299502106472615,0.7866666666666666,-0.227658212184906,-0.33222827315330505,0.11574556678533554,0.9034476280212402,1.0,0.05187281871781385,False,0.9566666666666667
43,0.0017063624839400026,0.04661124534063567,0.07214790224313142,test_090,0,0.0,ITC,2611,0.0,,,-0.33222827315330505,0.11574556678533554,,,,,
44,0.0007609468093889008,0.031126637614011552,0.043783289226179446,test_090,0,0.0,ITC,2611,0.0,,,-0.33222827315330505,0.11574556678533554,,,,,
45,0.039168003503535644,0.22331648158841072,0.31077296924107395,test_090,2,0.4140625,micro,2611,0.0007659900421294523,0.97,-0.08690433204174042,-0.33222827315330505,0.11574556678533554,2.1195104122161865,0.9118972751587289,0.28549926372728274,False,0.97
46,0.00117332885124646,0.03865137374512935,0.05820274714265613,test_090,1,0.07579966634511948,ITC,2611,0.00038299502106472615,0.63,-0.3043511211872101,-0.33222827315330505,0.11574556678533554,0.24084855616092682,1.0,0.0036865656999864327,False,0.9266666666666666
47,0.004643225007586304,0.07688912598516195,0.12277113421487634,test_090,0,0.0,ITC,2611,0.0,,,-0.33222827315330505,0.11574556678533554,,,,,
48,0.0031261869094378054,0.06309029083250145,0.08852137702645269,test_090,1,0.20195865631103516,ITC,2611,0.00038299502106472615,0.95,-0.13670974969863892,-0.33222827315330505,0.11574556678533554,1.6892095804214478,1.0,0.18134306657527255,False,0.97
49,0.008879150505885865,0.10632631634618547,0.2158549317539444,test_090,1,0.265625,micro,2611,0.00038299502106472615,0.8966666666666666,-0.16850335896015167,-0.33222827315330505,0.11574556678533554,1.4145243167877197,1.0,0.1271612297439033,False,0.97
50,0.0020232807338968505,0.05075550256374428,0.13221284541634837,test_090,1,0.015625,ITC,2611,0.00038299502106472615,0.8,-0.2213895320892334,-0.33222827315330505,0.11574556678533554,0.9576067924499512,1.0,0.05827849388905496,False,0.9066666666666666
51,0.005609511277098266,0.08451184286618862,0.14079465981863376,test_090,1,0.203125,ITC,2611,0.00038299502106472615,0.8733333333333333,-0.1818753331899643,-0.33222827315330505,0.11574556678533554,1.2989952564239502,1.0,0.10723807613303785,False,0.97
0,0.005281370900564667,0.08200274556996548,0.1528409105351934,test_092,1,0.046875,ITC,315,0.0031746031746031746,0.97,-0.08175287395715714,-0.3550557792186737,0.11994011700153351,2.2786614894866943,1.0,0.45130227027691294,False,0.9966666666666667
1,0.6207467997343161,0.8890215816781558,1.259255428789654,test_092,13,0.953125,micro,315,0.04126984126984127,0.9997435897435898,0.33408406376838684,-0.3550557792186737,0.11994011700153351,5.745699405670166,0.5541213438749099,2.8694171923623024,True,1.0
2,0.029660879086013673,0.19433322974705267,0.3112870076666003,test_092,1,0.75,micro,315,0.0031746031746031746,1.0,0.2377883493900299,-0.3550557792186737,0.11994011700153351,4.942834377288818,1.0,2.123537868640957,True,1.0
0,5.4858128526564,2.6428684906779867,3.925863752901051,test_094,113,1.0,macro,417,0.2709832134292566,0.9946312684365781,0.19701308012008667,-0.35703665018081665,0.0983055979013443,5.635993480682373,0.21642296414871376,2.632518527542563,True,0.9815929203539823
1,0.0016100963769516792,0.045277349502479615,0.08134207001448572,test_094,0,0.0,ITC,417,0.0,,,-0.35703665018081665,0.0983055979013443,,,,,
2,0.01471326929509694,0.13687043617543956,0.2255380060208087,test_094,1,0.109375,micro,417,0.002398081534772182,1.0,0.15292750298976898,-0.35703665018081665,0.0983055979013443,5.187539577484131,1.0,2.2302488211365796,True,1.0
3,0.0013524469657208405,0.04149685480747734,0.05487114617538038,test_094,0,0.0,ITC,417,0.0,,,-0.35703665018081665,0.0983055979013443,,,,,
4,0.0004601368758792343,0.02420463729041062,0.029303930495832967,test_094,0,0.0,ITC,417,0.0,,,-0.35703665018081665,0.0983055979013443,,,,,
5,0.0016982929779184857,0.046500900830326465,0.06313954063025116,test_094,0,0.0,ITC,417,0.0,,,-0.35703665018081665,0.0983055979013443,,,,,
6,0.0014367395688713951,0.04277047620231518,0.05633837896583014,test_094,0,0.0,ITC,417,0.0,,,-0.35703665018081665,0.0983055979013443,,,,,
7,0.04641489662751041,0.24309932507298532,0.49701251259990475,test_094,2,0.359375,micro,417,0.004796163069544364,0.9866666666666667,-0.10077212750911713,-0.35703665018081665,0.0983055979013443,2.6068150997161865,0.8851090213072939,0.5631848041185624,True,0.6216666666666667
8,0.0014195834631219179,0.042514348193273724,0.05937428851246529,test_094,1,0.09170826524496078,ITC,417,0.002398081534772182,1.0,0.025667548179626465,-0.35703665018081665,0.0983055979013443,3.893005132675171,1.0,1.2560311924828187,True,0.5566666666666666
9,0.000662525840306511,0.029044002811030423,0.04626576332003595,test_094,0,0.0,ITC,417,0.0,,,-0.35703665018081665,0.0983055979013443,,,,,
10,0.0017983279510111313,0.04785083344759975,0.07508216236713353,test_094,0,0.0,ITC,417,0.0,,,-0.35703665018081665,0.0983055979013443,,,,,
11,0.00014607175498810386,0.013637607371519376,0.017974741118428974,test_094,0,0.0,ITC,417,0.0,,,-0.35703665018081665,0.0983055979013443,,,,,
12,0.0013650634376724587,0.041689959821480965,0.05557827974474747,test_094,0,0.0,ITC,417,0.0,,,-0.35703665018081665,0.0983055979013443,,,,,
0,0.023516186978171896,0.1730368145857827,0.2875619255666755,test_097,2,0.328125,micro,302,0.006622516556291391,0.495,-0.3019871711730957,-0.31467506289482117,0.1106853112578392,0.1146303117275238,0.878617277052848,0.001150536407064519,False,0.9983333333333333
0,0.0003513829100240135,0.021151704810409292,0.04116257336167196,test_099,1,0.022700119763612747,ITC,302,0.0033112582781456954,0.9633333333333334,-0.10406406223773956,-0.3311361074447632,0.10638062655925751,2.134524345397949,1.0,0.3989363813978892,False,1.0
1,0.0014967433232918016,0.04365447041865756,0.07527129200230759,test_099,0,0.0,ITC,302,0.0,,,-0.3311361074447632,0.10638062655925751,,,,,
2,0.003109587504453232,0.06292256970661786,0.09061051394404722,test_099,0,0.0,ITC,302,0.0,,,-0.3311361074447632,0.10638062655925751,,,,,
3,0.0009356583095700417,0.034515462623361026,0.04499492427704722,test_099,0,0.0,ITC,302,0.0,,,-0.3311361074447632,0.10638062655925751,,,,,
4,0.00025031083390687753,0.017852329041496844,0.0253560202736937,test_099,0,0.0,ITC,302,0.0,,,-0.3311361074447632,0.10638062655925751,,,,,
5,0.0024503417047285537,0.05585581399079389,0.10979337230278692,test_099,0,0.0,ITC,302,0.0,,,-0.3311361074447632,0.10638062655925751,,,,,
6,0.00016264085237694168,0.01439030106828054,0.018340464238944445,test_099,0,0.0,ITC,302,0.0,,,-0.3311361074447632,0.10638062655925751,,,,,
7,0.0002643115087188549,0.018344804851223105,0.022082978296003218,test_099,0,0.0,ITC,302,0.0,,,-0.3311361074447632,0.10638062655925751,,,,,
8,0.0005582751697012424,0.026661170696489597,0.04220491706263706,test_099,0,0.0,ITC,302,0.0,,,-0.3311361074447632,0.10638062655925751,,,,,
9,0.0014302498798263704,0.04267377070107174,0.07851720087296211,test_099,0,0.0,ITC,302,0.0,,,-0.3311361074447632,0.10638062655925751,,,,,
10,0.000194172376402874,0.015723483969252487,0.02638630459899983,test_099,0,0.0,ITC,302,0.0,,,-0.3311361074447632,0.10638062655925751,,,,,
11,0.0018986980308504182,0.049168052802501104,0.08664577463250109,test_099,1,0.12266013026237488,ITC,302,0.0033112582781456954,0.6633333333333333,-0.326501727104187,-0.3311361074447632,0.10638062655925751,0.04356413707137108,1.0,0.00016617269015073218,False,0.8266666666666667
12,7.72520961882534e-05,0.009917682379496168,0.011204183342382538,test_099,0,0.0,ITC,302,0.0,,,-0.3311361074447632,0.10638062655925751,,,,,
13,0.00021356871328217697,0.016490122233296923,0.025496227032296277,test_099,0,0.0,ITC,302,0.0,,,-0.3311361074447632,0.10638062655925751,,,,,
0,0.0073861160767198794,0.0969757447555,0.12295318699286668,test_102,0,0.0,ITC,325,0.0,,,-0.39533939957618713,0.07059372961521149,,,,,
1,0.0005641797344105759,0.02680179001838733,0.029368034026749396,test_102,0,0.0,ITC,325,0.0,,,-0.39533939957618713,0.07059372961521149,,,,,
2,0.0036815869528882142,0.06846562711169968,0.12129876124904478,test_102,1,0.2378387451171875,ITC,325,0.003076923076923077,1.0,0.056119270622730255,-0.39533939957618713,0.07059372961521149,6.395166397094727,1.0,3.5355627078320233,True,0.9966666666666667
3,0.000899376800270691,0.03383965289009363,0.05169484634126749,test_102,1,0.058101750910282135,ITC,325,0.003076923076923077,0.9966666666666667,-0.02481786534190178,-0.39533939957618713,0.07059372961521149,5.2486467361450195,1.0,2.3814942267799712,True,0.9966666666666667
4,0.00040600840888449096,0.022736445669601417,0.029242548610828163,test_102,0,0.0,ITC,325,0.0,,,-0.39533939957618713,0.07059372961521149,,,,,
5,0.00031778733485258103,0.020115153530368617,0.024306764387685007,test_102,0,0.0,ITC,325,0.0,,,-0.39533939957618713,0.07059372961521149,,,,,
6,0.005020933745326904,0.0799553087421057,0.13864315292606222,test_102,0,0.0,ITC,325,0.0,,,-0.39533939957618713,0.07059372961521149,,,,,
7,0.00018088714181936646,0.015176055551378789,0.020357474236421168,test_102,0,0.0,ITC,325,0.0,,,-0.39533939957618713,0.07059372961521149,,,,,
8,0.06501622180812451,0.2877172651325895,0.4662462482462997,test_102,2,0.1875,micro,325,0.006153846153846154,0.9966666666666667,0.06125812977552414,-0.39533939957618713,0.07059372961521149,6.46796178817749,0.8801576536791618,3.6165105595803224,True,1.0
9,0.0003975330122808838,0.02249788326873687,0.0326657230146762,test_102,1,0.025681519880890846,ITC,325,0.003076923076923077,0.9966666666666667,-0.00035241618752479553,-0.39533939957618713,0.07059372961521149,5.595213413238525,1.0,2.7063761570222646,True,0.9966666666666667
10,9.736810795970535e-05,0.01113431297612652,0.01357101230472812,test_102,0,0.0,ITC,325,0.0,,,-0.39533939957618713,0.07059372961521149,,,,,
11,0.0004257781250896912,0.02328341783646442,0.035271805492812565,test_102,0,0.0,ITC,325,0.0,,,-0.39533939957618713,0.07059372961521149,,,,,
12,0.00023751420634942247,0.017390010924679494,0.023703722776380092,test_102,0,0.0,ITC,325,0.0,,,-0.39533939957618713,0.07059372961521149,,,,,
13,0.0032104433901717225,0.0639348377686239,0.1479219393671293,test_102,1,0.140625,ITC,325,0.003076923076923077,0.9966666666666667,-0.0410396084189415,-0.39533939957618713,0.07059372961521149,5.018856525421143,1.0,2.1775313074569995,True,1.0
14,0.00033912008559324646,0.020779343189602856,0.025191852946690633,test_102,0,0.0,ITC,325,0.0,,,-0.39533939957618713,0.07059372961521149,,,,,
15,0.0016836157821616975,0.046299526908905826,0.09424352894622721,test_102,0,0.0,ITC,325,0.0,,,-0.39533939957618713,0.07059372961521149,,,,,
16,0.000862751424657486,0.033143464380636346,0.06207459806121322,test_102,0,0.0,ITC,325,0.0,,,-0.39533939957618713,0.07059372961521149,,,,,
17,0.00011089335682476426,0.01188250003819553,0.015519045796635465,test_102,0,0.0,ITC,325,0.0,,,-0.39533939957618713,0.07059372961521149,,,,,
18,0.006500409932665833,0.09097570545623361,0.13633595185060837,test_102,0,0.0,ITC,325,0.0,,,-0.39533939957618713,0.07059372961521149,,,,,
19,0.0006755256196566697,0.0293275626745319,0.03350593354603474,test_102,0,0.0,ITC,325,0.0,,,-0.39533939957618713,0.07059372961521149,,,,,
20,0.006101469147390381,0.08813984229302303,0.17102996254033273,test_102,0,0.0,ITC,325,0.0,,,-0.39533939957618713,0.07059372961521149,,,,,
21,0.00026721363324541854,0.018445242333469773,0.027510838073792166,test_102,0,0.0,ITC,325,0.0,,,-0.39533939957618713,0.07059372961521149,,,,,
22,0.0029889297921129455,0.06168973664845111,0.08615023649251859,test_102,1,0.19309154152870178,ITC,325,0.003076923076923077,1.0,0.07979676127433777,-0.39533939957618713,0.07059372961521149,6.730571746826172,1.0,3.916144991516456,True,1.0
23,0.00011050462778628159,0.011861655111059915,0.014413105367723826,test_102,0,0.0,ITC,325,0.0,,,-0.39533939957618713,0.07059372961521149,,,,,
24,0.0004471908768366394,0.023861707994885885,0.025839392962821263,test_102,0,0.0,ITC,325,0.0,,,-0.39533939957618713,0.07059372961521149,,,,,
25,0.00045921857049385073,0.024180472361588035,0.040568365863566,test_102,0,0.0,ITC,325,0.0,,,-0.39533939957618713,0.07059372961521149,,,,,
26,0.00018870064558937073,0.015500358837183146,0.01939195260337461,test_102,0,0.0,ITC,325,0.0,,,-0.39533939957618713,0.07059372961521149,,,,,
27,0.0001823072968042946,0.015235513105406008,0.01745933495522845,test_102,0,0.0,ITC,325,0.0,,,-0.39533939957618713,0.07059372961521149,,,,,
28,0.00019621590645310593,0.01580600681393469,0.01871089548548729,test_102,0,0.0,ITC,325,0.0,,,-0.39533939957618713,0.07059372961521149,,,,,
29,0.0001450229109336777,0.013588557873938052,0.02070065243519058,test_102,0,0.0,ITC,325,0.0,,,-0.39533939957618713,0.07059372961521149,,,,,
30,0.00024468872629936983,0.0176507043053595,0.0305405204742422,test_102,0,0.0,ITC,325,0.0,,,-0.39533939957618713,0.07059372961521149,,,,,
31,0.00014377053373142623,0.013529757163915858,0.01752489362149237,test_102,0,0.0,ITC,325,0.0,,,-0.39533939957618713,0.07059372961521149,,,,,
32,0.00022419639056833648,0.0168954345980947,0.028994853624031834,test_102,1,0.014483587816357613,ITC,325,0.003076923076923077,0.94,-0.2616238594055176,-0.39533939957618713,0.07059372961521149,1.8941560983657837,1.0,0.31016042254678794,False,0.9933333333333333
33,0.0002806994748139,0.01890496420307241,0.022946244051711567,test_102,0,0.0,ITC,325,0.0,,,-0.39533939957618713,0.07059372961521149,,,,,
34,0.0013041010447759095,0.04074841126398831,0.047614361869509285,test_102,0,0.0,ITC,325,0.0,,,-0.39533939957618713,0.07059372961521149,,,,,
35,0.0014113028382968904,0.042390170833774374,0.05435367301834679,test_102,0,0.0,ITC,325,0.0,,,-0.39533939957618713,0.07059372961521149,,,,,
36,0.0004184838765256119,0.023083115483540695,0.03305124875890207,test_102,0,0.0,ITC,325,0.0,,,-0.39533939957618713,0.07059372961521149,,,,,
37,0.0005805765003933105,0.027188471068537723,0.038428037941382116,test_102,1,0.03750653937458992,ITC,325,0.003076923076923077,0.9933333333333333,-0.07559698820114136,-0.39533939957618713,0.07059372961521149,4.529331684112549,1.0,1.7734669408215407,True,0.9933333333333333
38,0.00010976413818019868,0.011821845935589064,0.013268560720955577,test_102,0,0.0,ITC,325,0.0,,,-0.39533939957618713,0.07059372961521149,,,,,
39,0.00011087395918411445,0.011881460739932903,0.01645033240045704,test_102,0,0.0,ITC,325,0.0,,,-0.39533939957618713,0.07059372961521149,,,,,
40,0.0002526024480779457,0.017933862550765553,0.022174951205875273,test_102,0,0.0,ITC,325,0.0,,,-0.39533939957618713,0.07059372961521149,,,,,
41,0.0004002106572846909,0.022573525092003686,0.024673282377443047,test_102,0,0.0,ITC,325,0.0,,,-0.39533939957618713,0.07059372961521149,,,,,
42,0.0006323080520126953,0.028373924936057435,0.03496931652834136,test_102,0,0.0,ITC,325,0.0,,,-0.39533939957618713,0.07059372961521149,,,,,
43,0.00011690783864456177,0.012200478812398047,0.01687346999047518,test_102,0,0.0,ITC,325,0.0,,,-0.39533939957618713,0.07059372961521149,,,,,
44,0.00015415147583068084,0.014009702170528448,0.017907957900001624,test_102,0,0.0,ITC,325,0.0,,,-0.39533939957618713,0.07059372961521149,,,,,
45,0.00039962951352610015,0.022557129690293186,0.02762924054726291,test_102,0,0.0,ITC,325,0.0,,,-0.39533939957618713,0.07059372961521149,,,,,
46,0.06638547828320178,0.29073117505064683,0.49075007173846263,test_102,3,0.296875,micro,325,0.009230769230769232,0.9977777777777778,0.045064132660627365,-0.39533939957618713,0.07059372961521149,6.238564491271973,0.8100543750830335,3.364528290953859,True,0.9977777777777778
47,0.0009138573101525345,0.03411098452890965,0.0427138769250896,test_102,0,0.0,ITC,325,0.0,,,-0.39533939957618713,0.07059372961521149,,,,,
48,0.000326165493558815,0.020378586911931486,0.025608734943249542,test_102,0,0.0,ITC,325,0.0,,,-0.39533939957618713,0.07059372961521149,,,,,
49,0.0004018315494514389,0.022619191388813506,0.028640440068206856,test_102,0,0.0,ITC,325,0.0,,,-0.39533939957618713,0.07059372961521149,,,,,
50,0.00022472174542892076,0.016915218379968087,0.019146319962942162,test_102,0,0.0,ITC,325,0.0,,,-0.39533939957618713,0.07059372961521149,,,,,
51,0.007601361284105942,0.0983786246129846,0.12649961791745018,test_102,0,0.0,ITC,325,0.0,,,-0.39533939957618713,0.07059372961521149,,,,,
52,0.0006332906676571312,0.028395963117541778,0.03287864843176736,test_102,1,0.04091199114918709,ITC,325,0.003076923076923077,0.9966666666666667,-0.011489268392324448,-0.39533939957618713,0.07059372961521149,5.437453746795654,1.0,2.5559125938720793,True,0.9966666666666667
53,0.00020923493432572747,0.016321954310791982,0.0185245543426912,test_102,0,0.0,ITC,325,0.0,,,-0.39533939957618713,0.07059372961521149,,,,,
54,0.005495754909424851,0.08365053782763224,0.17851004808193496,test_102,0,0.0,ITC,325,0.0,,,-0.39533939957618713,0.07059372961521149,,,,,
55,0.0006561368994054852,0.028903623424805777,0.03252184099831087,test_102,0,0.0,ITC,325,0.0,,,-0.39533939957618713,0.07059372961521149,,,,,
56,0.0004816317960270195,0.02476353465689866,0.029799124112966195,test_102,1,0.03111448884010315,ITC,325,0.003076923076923077,1.0,0.15037164092063904,-0.39533939957618713,0.07059372961521149,7.730304718017578,1.0,5.165924725385142,True,1.0
57,0.06842170109176501,0.2951562561560982,0.46362984393388146,test_102,3,0.328125,micro,325,0.009230769230769232,0.9977777777777778,0.02169925905764103,-0.39533939957618713,0.07059372961521149,5.90758752822876,0.8100543750830335,3.016999070987339,True,1.0
58,0.0004121593011835098,0.022908023070471507,0.03909021089348842,test_102,0,0.0,ITC,325,0.0,,,-0.39533939957618713,0.07059372961521149,,,,,
59,0.0002240640402935257,0.016890446905125093,0.020421180251599797,test_102,0,0.0,ITC,325,0.0,,,-0.39533939957618713,0.07059372961521149,,,,,
60,8.193202125488663e-05,0.010213671692481776,0.01351095346990828,test_102,0,0.0,ITC,325,0.0,,,-0.39533939957618713,0.07059372961521149,,,,,
61,0.00013484099172022819,0.013102857814595302,0.015088336237842854,test_102,0,0.0,ITC,325,0.0,,,-0.39533939957618713,0.07059372961521149,,,,,
62,0.0003083517119569702,0.019814277512702823,0.03755217427171796,test_102,0,0.0,ITC,325,0.0,,,-0.39533939957618713,0.07059372961521149,,,,,
63,0.0011598538281799163,0.0384287881691725,0.05286257522517295,test_102,0,0.0,ITC,325,0.0,,,-0.39533939957618713,0.07059372961521149,,,,,
64,0.00018079032852589416,0.0151719937906931,0.01790856560357335,test_102,0,0.0,ITC,325,0.0,,,-0.39533939957618713,0.07059372961521149,,,,,
65,0.0003236142575287628,0.02029873074666812,0.031291467016272514,test_102,0,0.0,ITC,325,0.0,,,-0.39533939957618713,0.07059372961521149,,,,,
66,0.00030291324260830305,0.019638765722744585,0.027011762087831098,test_102,0,0.0,ITC,325,0.0,,,-0.39533939957618713,0.07059372961521149,,,,,
67,0.00010110842671613502,0.011346155613287714,0.01396124943531367,test_102,0,0.0,ITC,325,0.0,,,-0.39533939957618713,0.07059372961521149,,,,,
68,0.00010936826971432114,0.011800508715285742,0.013915330871021358,test_102,0,0.0,ITC,325,0.0,,,-0.39533939957618713,0.07059372961521149,,,,,
69,0.0031984967550886,0.06381577040423397,0.11317109342162952,test_102,1,0.20663003623485565,ITC,325,0.003076923076923077,1.0,0.1462114304304123,-0.39533939957618713,0.07059372961521149,7.671372890472412,1.0,5.087460302609817,True,0.9966666666666667
70,0.022694987749649415,0.16998869335968708,0.32921506005623163,test_102,2,0.28125,micro,325,0.006153846153846154,0.9966666666666667,0.006379064172506332,-0.39533939957618713,0.07059372961521149,5.690568923950195,0.8801576536791618,2.799408147497286,True,0.9983333333333333
71,0.00023105144485035324,0.01715178814152231,0.023278292129840627,test_102,0,0.0,ITC,325,0.0,,,-0.39533939957618713,0.07059372961521149,,,,,
72,0.005747341060519958,0.08554380115083815,0.14712899454243686,test_102,0,0.0,ITC,325,0.0,,,-0.39533939957618713,0.07059372961521149,,,,,
73,0.00026816460429865267,0.018478035033284834,0.02412296961695339,test_102,0,0.0,ITC,325,0.0,,,-0.39533939957618713,0.07059372961521149,,,,,
74,0.0013960318875951463,0.04216020641549818,0.06762145766735968,test_102,0,0.0,ITC,325,0.0,,,-0.39533939957618713,0.07059372961521149,,,,,
75,0.00022321187558167649,0.016858297270041702,0.020298230991831204,test_102,0,0.0,ITC,325,0.0,,,-0.39533939957618713,0.07059372961521149,,,,,
76,0.00020179315054759598,0.01602906794339257,0.017892784866839703,test_102,0,0.0,ITC,325,0.0,,,-0.39533939957618713,0.07059372961521149,,,,,
77,0.0002553635270725193,0.018031609494212654,0.020921129532046202,test_102,0,0.0,ITC,325,0.0,,,-0.39533939957618713,0.07059372961521149,,,,,
78,0.0005708176918716145,0.026958999575751895,0.0399233274705166,test_102,1,0.036876097321510315,ITC,325,0.003076923076923077,1.0,0.07757237553596497,-0.39533939957618713,0.07059372961521149,6.699061870574951,1.0,3.879563137808605,True,0.9966666666666667
79,0.0002670728844293375,0.018440383883800152,0.023548168900782606,test_102,0,0.0,ITC,325,0.0,,,-0.39533939957618713,0.07059372961521149,,,,,
80,0.0007825976574917165,0.0315663473518169,0.03663334595874014,test_102,0,0.0,ITC,325,0.0,,,-0.39533939957618713,0.07059372961521149,,,,,
81,0.0005935689577476597,0.027491007066521866,0.03534572686514367,test_102,0,0.0,ITC,325,0.0,,,-0.39533939957618713,0.07059372961521149,,,,,
82,0.00025213969909157756,0.017917428266384133,0.019677143248471227,test_102,0,0.0,ITC,325,0.0,,,-0.39533939957618713,0.07059372961521149,,,,,
83,0.0006955251339708367,0.029758529952416856,0.03879433307507335,test_102,0,0.0,ITC,325,0.0,,,-0.39533939957618713,0.07059372961521149,,,,,
84,0.00022092480180035877,0.016771708143924844,0.019559225031515096,test_102,0,0.0,ITC,325,0.0,,,-0.39533939957618713,0.07059372961521149,,,,,
85,0.06861241112880048,0.29556731062283553,0.4846682280344957,test_102,4,0.2109375,micro,325,0.012307692307692308,0.9966666666666667,0.020980585366487503,-0.39533939957618713,0.07059372961521149,5.897407531738281,0.7603153073583236,3.0066102016411724,True,0.9983333333333333
86,0.0006523872501754303,0.028820916803675583,0.05393147111541894,test_102,0,0.0,ITC,325,0.0,,,-0.39533939957618713,0.07059372961521149,,,,,
87,0.00013230199593941975,0.012978911089820293,0.016540781245869163,test_102,0,0.0,ITC,325,0.0,,,-0.39533939957618713,0.07059372961521149,,,,,
88,0.0007069198985244656,0.030001306134258856,0.038909938711232835,test_102,0,0.0,ITC,325,0.0,,,-0.39533939957618713,0.07059372961521149,,,,,
0,1.6829362798451664,1.4638241092318256,2.613632445666103,test_104,37,0.875,macro,371,0.09973045822102426,0.9970270270270271,0.1401585191488266,-0.35345250368118286,0.11879124492406845,4.155281066894531,0.3896560877346383,1.459243663601509,True,1.0
1,0.01960856365436911,0.15800759051450466,0.2512731920863226,test_104,0,0.0,micro,371,0.0,,,-0.35345250368118286,0.11879124492406845,,,,,
2,0.002483912340446354,0.05623713557349777,0.07487274750240586,test_104,0,0.0,ITC,371,0.0,,,-0.35345250368118286,0.11879124492406845,,,,,
3,1.2317687196674547,1.2523324813516594,2.576784477666885,test_104,26,0.953125,macro,371,0.07008086253369272,0.9919230769230769,0.17684315145015717,-0.35345250368118286,0.11879124492406845,4.464097023010254,0.4492925522923151,1.6842022990393026,True,0.9988461538461538
4,0.005080036275602463,0.0804245178710211,0.10471310591703012,test_104,0,0.0,ITC,371,0.0,,,-0.35345250368118286,0.11879124492406845,,,,,
5,0.026844302945193695,0.18487625066695618,0.3017907885525635,test_104,1,0.09375,micro,371,0.0026954177897574125,1.0,0.1548151820898056,-0.35345250368118286,0.11879124492406845,4.278663158416748,1.0,1.5471884013985482,True,1.0
6,0.15222453653526197,0.44024799783267393,0.8264799848556977,test_104,4,0.6328125,micro,371,0.01078167115902965,0.985,0.0002928897738456726,-0.35345250368118286,0.11879124492406845,2.977874279022217,0.7656783276754898,0.7494449249552702,True,0.9975
7,0.005974712709338562,0.08721949604280926,0.16988521547052746,test_104,1,0.015625,ITC,371,0.0026954177897574125,0.9833333333333333,-0.07118508964776993,-0.35345250368118286,0.11879124492406845,2.3761634826660156,1.0,0.47717715154129403,False,0.9933333333333333
8,0.035881676473763675,0.2137427645975163,0.5480865404012399,test_104,2,0.2265625,micro,371,0.005390835579514825,0.93,-0.16800841689109802,-0.35345250368118286,0.11879124492406845,1.5610922574996948,0.8828391638377449,0.20596059859316534,False,0.9933333333333333
0,314.5696261152565,20.013057925826814,25.26766817888165,test_105,5248,1.0,macro,5630,0.9321492007104796,0.9874847560975609,0.18805764615535736,-0.3041067123413086,0.1447698473930359,3.3996331691741943,0.00813611523323942,0.6691574068237651,True,0.9792886178861788
1,0.042461471018495546,0.2325158575847561,0.36466174387167405,test_105,1,0.609375,micro,5630,0.00017761989342806393,0.9966666666666667,0.20413270592689514,-0.3041067123413086,0.1447698473930359,3.510671615600586,1.0,0.7135831552816172,False,0.97
2,0.915625524609683,1.0797271072367904,1.3792086118110611,test_105,17,1.0,micro,5630,0.003019538188277087,0.9807843137254902,0.1114988774061203,-0.3041067123413086,0.1447698473930359,2.870802164077759,0.6719247654351554,0.4771673324794497,True,0.9666666666666667
3,1.1834172687092497,1.2275070934390135,1.5646723257448123,test_105,25,0.90625,micro,5630,0.004440497335701598,0.9694666666666667,0.08791474252939224,-0.3041067123413086,0.1447698473930359,2.7078943252563477,0.6272665298946902,0.42454878078456504,True,0.9549333333333333
4,0.01729209842893455,0.14838121016884936,0.209175933853669,test_105,1,0.296875,micro,5630,0.00017761989342806393,0.9833333333333333,0.10066238045692444,-0.3041067123413086,0.1447698473930359,2.7959489822387695,1.0,0.4526084511346847,False,0.9866666666666667
5,0.03115309640090038,0.19916162852962677,0.2654122554798652,test_105,2,0.140625,micro,5630,0.00035523978685612787,0.9683333333333334,0.042231760919094086,-0.3041067123413086,0.1447698473930359,2.392338514328003,0.9197362160081466,0.331367138784091,False,0.975
6,0.17301469626308608,0.46934971300993056,0.6271027566623515,test_105,5,0.875,micro,5630,0.0008880994671403197,0.966,0.04397786408662796,-0.3041067123413086,0.1447698473930359,2.4043996334075928,0.8136332649473451,0.3347167761314588,True,0.984
7,0.005548159217317961,0.08404841292954982,0.09960486826141432,test_105,0,0.0,ITC,5630,0.0,,,-0.3041067123413086,0.1447698473930359,,,,,
8,0.013154823079391328,0.12941885855112395,0.19667149116378202,test_105,1,0.21875,ITC,5630,0.00017761989342806393,0.9566666666666667,-0.001037992537021637,-0.3041067123413086,0.1447698473930359,2.093451976776123,1.0,0.2537407266433249,False,0.9966666666666667
9,0.001669020277773963,0.04609840147582859,0.06377803812980562,test_105,0,0.0,ITC,5630,0.0,,,-0.3041067123413086,0.1447698473930359,,,,,
10,1.2671244049352148,1.2701782947533495,1.5700718720522868,test_105,27,0.984375,micro,5630,0.0047957371225577266,0.9895061728395061,0.2081948071718216,-0.3041067123413086,0.1447698473930359,3.5387306213378906,0.6183547366207881,0.7250353505277267,True,0.9803703703703703
11,0.0024810350507429124,0.05620455442826575,0.09834692757782003,test_105,0,0.0,ITC,5630,0.0,,,-0.3041067123413086,0.1447698473930359,,,,,
12,0.003555198268216919,0.06728015327321832,0.09162463279721637,test_105,0,0.0,ITC,5630,0.0,,,-0.3041067123413086,0.1447698473930359,,,,,
13,0.012613771161534589,0.12672944508323952,0.21735091146545568,test_105,2,0.09375,micro,5630,0.00035523978685612787,0.9683333333333334,0.06984418630599976,-0.3041067123413086,0.1447698473930359,2.583071708679199,0.9197362160081466,0.3863110219785222,False,0.9633333333333334
14,0.008167891569285811,0.10197883379958628,0.11751927278372434,test_105,0,0.0,ITC,5630,0.0,,,-0.3041067123413086,0.1447698473930359,,,,,
15,0.04507965060233217,0.2395771145367053,0.29597431159882537,test_105,1,0.578125,micro,5630,0.00017761989342806393,0.9833333333333333,0.10382375121116638,-0.3041067123413086,0.1447698473930359,2.81778621673584,1.0,0.4597060873241717,False,0.9733333333333334
16,0.0027936515814777434,0.05964048681683768,0.08050594351067557,test_105,0,0.0,ITC,5630,0.0,,,-0.3041067123413086,0.1447698473930359,,,,,
17,1.7968797867093431,1.5125668254902396,2.974623675019354,test_105,0,0.0,macro,5630,0.0,,,-0.3041067123413086,0.1447698473930359,,,,,
18,0.0237964101541794,0.17406473057756008,0.20474321633111148,test_105,0,0.0,micro,5630,0.0,,,-0.3041067123413086,0.1447698473930359,,,,,
19,3.5202650852197883,2.117106684712023,4.814686339110781,test_105,0,0.0,macro,5630,0.0,,,-0.3041067123413086,0.1447698473930359,,,,,
20,1.2957152738466253,1.2844282484354173,2.8798984352798342,test_105,0,0.0,macro,5630,0.0,,,-0.3041067123413086,0.1447698473930359,,,,,
21,0.2511456178218283,0.5654807972846609,1.145564925702244,test_105,0,0.0,micro,5630,0.0,,,-0.3041067123413086,0.1447698473930359,,,,,
22,0.9882975733359411,1.1217573500258957,2.2500121077608517,test_105,0,0.0,macro,5630,0.0,,,-0.3041067123413086,0.1447698473930359,,,,,
23,0.23993835067868774,0.5527196363280739,1.1664851097192124,test_105,0,0.0,micro,5630,0.0,,,-0.3041067123413086,0.1447698473930359,,,,,
24,0.9295409206100632,1.0879008496045313,3.296102226220959,test_105,0,0.0,macro,5630,0.0,,,-0.3041067123413086,0.1447698473930359,,,,,
25,0.3173980260912424,0.6357072582881627,1.0239264756959003,test_105,0,0.0,micro,5630,0.0,,,-0.3041067123413086,0.1447698473930359,,,,,
26,3.5362576644880854,2.1219102475833043,3.8184800577424367,test_105,0,0.0,macro,5630,0.0,,,-0.3041067123413086,0.1447698473930359,,,,,
27,1.350714566923946,1.3114050481286845,2.328646055170865,test_105,0,0.0,macro,5630,0.0,,,-0.3041067123413086,0.1447698473930359,,,,,
0,0.008895222847457817,0.10642250461540081,0.12359411785221315,test_108,1,0.5746512413024902,ITC,318,0.0031446540880503146,0.9966666666666667,-0.12550170719623566,-0.44981062412261963,0.08890482038259506,3.6478216648101807,1.0,1.1546758276076072,True,0.9333333333333333
1,0.08226250571525812,0.3236354049322616,0.5293772149960744,test_108,3,0.390625,micro,318,0.009433962264150943,1.0,0.04640721157193184,-0.44981062412261963,0.08890482038259506,5.581450462341309,0.8093366032883185,2.7032550730690423,True,1.0
2,0.008735363836079934,0.10546189204516682,0.15191232792667764,test_108,0,0.0,ITC,318,0.0,,,-0.44981062412261963,0.08890482038259506,,,,,
3,0.5519336843270066,0.8382981527812875,1.08670045192478,test_108,14,0.8828125,micro,318,0.0440251572327044,0.9378571428571428,0.05310964584350586,-0.44981062412261963,0.08890482038259506,5.656839370727539,0.5419934404781515,2.7767742371965185,True,0.9771428571428571
0,0.0010843914420517044,0.03715763805723688,0.05609325652388616,test_110,0,0.0,ITC,302,0.0,,,-0.33158621191978455,0.10254058241844177,,,,,
1,0.032643042691301145,0.20386861655253058,0.5075355450390945,test_110,2,0.03125,micro,302,0.006622516556291391,1.0,0.106350377202034,-0.33158621191978455,0.10254058241844177,4.2708611488342285,0.878617277052848,1.5971007857313289,True,1.0
2,0.0010424833519371186,0.03643255451398383,0.0424126544667653,test_110,0,0.0,ITC,302,0.0,,,-0.33158621191978455,0.10254058241844177,,,,,
3,0.00397403840611148,0.07113299410932618,0.08508038131678783,test_110,0,0.0,ITC,302,0.0,,,-0.33158621191978455,0.10254058241844177,,,,,
4,0.006053667712358505,0.08779390139446645,0.12722218010026345,test_110,0,0.0,ITC,302,0.0,,,-0.33158621191978455,0.10254058241844177,,,,,
0,0.12046381609179667,0.39163668668522306,0.5084897332568994,test_113,1,1.0,micro,1760,0.0005681818181818182,0.9866666666666667,-0.02116914466023445,-0.33598342537879944,0.1317635029554367,2.38923716545105,1.0,0.381935063461036,False,0.99
1,0.09503168531599827,0.347847811186382,0.5299275963799267,test_113,2,1.0,micro,1760,0.0011363636363636363,0.93,-0.09833936393260956,-0.33598342537879944,0.1317635029554367,1.8035651445388794,0.9072473206931819,0.21763797392190884,False,0.9933333333333333
2,0.015929773037803893,0.14241635078314532,0.19385018660412148,test_113,0,0.0,ITC,1760,0.0,,,-0.33598342537879944,0.1317635029554367,,,,,
3,0.07708841643554984,0.31329222819398844,0.34288932390042415,test_113,0,0.0,micro,1760,0.0,,,-0.33598342537879944,0.1317635029554367,,,,,
4,0.02926011833263834,0.19301590541907532,0.20353208430872338,test_113,0,0.0,micro,1760,0.0,,,-0.33598342537879944,0.1317635029554367,,,,,
5,0.01817965241030903,0.15214155368716784,0.17359800845332912,test_113,0,0.0,ITC,1760,0.0,,,-0.33598342537879944,0.1317635029554367,,,,,
6,0.053962754962078266,0.2621211810605386,0.39551480262899585,test_113,0,0.0,micro,1760,0.0,,,-0.33598342537879944,0.1317635029554367,,,,,
7,0.6811767379677782,0.9312900513450562,2.1167803686208058,test_113,6,1.0,macro,1760,0.003409090909090909,0.7438888888888889,-0.22570931911468506,-0.33598342537879944,0.1317635029554367,0.8369093537330627,0.7602378021504603,0.046862758668160934,False,0.8322222222222222
8,0.03629187034363271,0.21496103012851997,0.23840469045681267,test_113,0,0.0,micro,1760,0.0,,,-0.33598342537879944,0.1317635029554367,,,,,
9,0.0459383247681438,0.24184807568737748,0.318663166845607,test_113,0,0.0,micro,1760,0.0,,,-0.33598342537879944,0.1317635029554367,,,,,
10,0.011882184362396507,0.12299945938107613,0.16727487285797007,test_113,0,0.0,ITC,1760,0.0,,,-0.33598342537879944,0.1317635029554367,,,,,
11,0.6101490645385472,0.8813999756941483,1.0395321219018794,test_113,7,1.0,micro,1760,0.003977272727272727,0.8866666666666667,-0.14245548844337463,-0.33598342537879944,0.1317635029554367,1.4687522649765015,0.739610309213974,0.14433381991130798,False,0.9552380952380952
12,0.6124884088111919,0.8830880266373937,1.0209743657167896,test_113,5,1.0,micro,1760,0.002840909090909091,0.8766666666666667,-0.14018514752388,-0.33598342537879944,0.1317635029554367,1.4859826564788818,0.7846349480414215,0.14774013389574334,False,0.826
13,0.19064209526831524,0.4926794643445038,0.6030527811439655,test_113,1,1.0,micro,1760,0.0005681818181818182,0.9966666666666667,0.05136231333017349,-0.33598342537879944,0.1317635029554367,2.939704179763794,1.0,0.5782002389326424,False,0.9933333333333333
14,0.04209566552604973,0.2315121292928542,0.29184440766471254,test_113,0,0.0,micro,1760,0.0,,,-0.33598342537879944,0.1317635029554367,,,,,
15,0.16583247310006302,0.45950458382069526,0.7212606514664222,test_113,0,0.0,micro,1760,0.0,,,-0.33598342537879944,0.1317635029554367,,,,,
16,0.13307138086901907,0.411620874586007,0.45967079371835384,test_113,1,1.0,micro,1760,0.0005681818181818182,0.9966666666666667,0.040396250784397125,-0.33598342537879944,0.1317635029554367,2.8564789295196533,1.0,0.545925093068977,False,0.99
17,0.05042111495821381,0.2533735531866644,0.5092741618580594,test_113,0,0.0,micro,1760,0.0,,,-0.33598342537879944,0.1317635029554367,,,,,
18,0.014341196308489563,0.13512874697405747,0.20584100994821222,test_113,0,0.0,micro,1760,0.0,,,-0.33598342537879944,0.1317635029554367,,,,,
19,0.010446671626016075,0.11533046182646825,0.14172563925584505,test_113,0,0.0,ITC,1760,0.0,,,-0.33598342537879944,0.1317635029554367,,,,,
20,0.007014558307414169,0.09450509523750701,0.11072910494242362,test_113,0,0.0,ITC,1760,0.0,,,-0.33598342537879944,0.1317635029554367,,,,,
21,0.004355015045943191,0.07446460484291509,0.12057179476524968,test_113,0,0.0,ITC,1760,0.0,,,-0.33598342537879944,0.1317635029554367,,,,,
22,0.13261088072006255,0.41090804007094023,0.5598098373769888,test_113,1,1.0,micro,1760,0.0005681818181818182,0.94,-0.10086607187986374,-0.33598342537879944,0.1317635029554367,1.7843890190124512,1.0,0.21303457345733157,False,0.95
23,0.04216475943346825,0.23170204812417342,0.33451240191578735,test_113,0,0.0,micro,1760,0.0,,,-0.33598342537879944,0.1317635029554367,,,,,
24,0.13450271567240563,0.4138286800940418,0.5317685101940505,test_113,1,1.0,micro,1760,0.0005681818181818182,0.8133333333333334,-0.1993637979030609,-0.33598342537879944,0.1317635029554367,1.036854863166809,1.0,0.07192948403182423,False,0.9333333333333333
25,0.15591779701845473,0.44555662366514853,0.5507826505636969,test_113,1,1.0,micro,1760,0.0005681818181818182,0.9966666666666667,0.03305920958518982,-0.33598342537879944,0.1317635029554367,2.800795555114746,1.0,0.5248483353454527,False,0.9933333333333333
26,0.02468881733888205,0.17729855766082186,0.21738041634299984,test_113,0,0.0,micro,1760,0.0,,,-0.33598342537879944,0.1317635029554367,,,,,
27,69.1333275007898,9.382072608604801,12.839435979513059,test_113,1176,1.0,macro,1760,0.6681818181818182,0.9844416099773242,0.12357518821954727,-0.33598342537879944,0.1317635029554367,3.487753391265869,0.05395306196477224,0.8138840665722855,True,0.9925255102040816
28,12.030669754432857,3.9138120140079775,5.557267375648943,test_113,237,1.0,macro,1760,0.13465909090909092,0.9818565400843882,0.10818913578987122,-0.33598342537879944,0.1317635029554367,3.370983362197876,0.2682979273011142,0.7602986600520731,True,0.9884669479606188
29,0.08223713601375916,0.3235854966133099,0.6676317946356375,test_113,5,0.234375,micro,1760,0.002840909090909091,0.996,0.0682913139462471,-0.33598342537879944,0.1317635029554367,3.0681843757629395,0.7846349480414215,0.6298453321374713,True,0.9926666666666667
30,0.0008431383277120228,0.03276457020204633,0.03654867695634854,test_113,0,0.0,ITC,1760,0.0,,,-0.33598342537879944,0.1317635029554367,,,,,
31,0.04924219652300501,0.2503939134298402,0.4701438140996161,test_113,4,0.21875,micro,1760,0.0022727272727272726,0.9291666666666667,-0.06420043110847473,-0.33598342537879944,0.1317635029554367,2.062657594680786,0.814494641386364,0.28465924125523057,False,0.98
32,0.08394180500705027,0.3269220481879809,0.6516615406112147,test_113,2,0.6640625,micro,1760,0.0011363636363636363,0.96,-0.02242502197623253,-0.33598342537879944,0.1317635029554367,2.3797059059143066,0.9072473206931819,0.3788938742525802,False,0.9916666666666667
33,0.07227451938471735,0.3033525608221401,0.7104297772665465,test_113,4,0.34375,micro,1760,0.0022727272727272726,0.9691666666666666,-0.008282050490379333,-0.33598342537879944,0.1317635029554367,2.487042188644409,0.814494641386364,0.4138446182708785,True,0.9875
34,0.14457292814450776,0.4290407547212065,0.7800725601725499,test_113,6,0.4765625,micro,1760,0.003409090909090909,0.9172222222222223,-0.06869093328714371,-0.33598342537879944,0.1317635029554367,2.0285775661468506,0.7602378021504603,0.27533044947118723,True,0.9722222222222222
0,33.34105426737026,6.515454608573132,9.042939989845756,test_114,600,1.0,macro,2035,0.29484029484029484,0.9888111111111111,0.1715003401041031,-0.2640652060508728,0.14036941528320312,3.102994441986084,0.16031519924578846,0.6319412673126603,True,0.9899166666666667
1,30.059868663174363,6.186551017448973,8.422103482959143,test_114,527,1.0,macro,2035,0.25896805896805897,0.9919165085388995,0.20499570667743683,-0.2640652060508728,0.14036941528320312,3.3416175842285156,0.17734392473777716,0.732872147147883,True,0.9979696394686907
2,0.00019587533126999188,0.015792283483114584,0.018284807541385662,test_114,0,0.0,ITC,2035,0.0,,,-0.2640652060508728,0.14036941528320312,,,,,
3,0.0007921706524761258,0.03175882555938206,0.053253190571149266,test_114,0,0.0,ITC,2035,0.0,,,-0.2640652060508728,0.14036941528320312,,,,,
4,0.00016226065779239703,0.014373471607653442,0.017024509636579022,test_114,0,0.0,ITC,2035,0.0,,,-0.2640652060508728,0.14036941528320312,,,,,
5,0.0006146487698046398,0.02797490160551217,0.04743308239752849,test_114,0,0.0,ITC,2035,0.0,,,-0.2640652060508728,0.14036941528320312,,,,,
6,0.00018149077860357,0.015201356397467947,0.02043676361484509,test_114,0,0.0,ITC,2035,0.0,,,-0.2640652060508728,0.14036941528320312,,,,,
7,0.00031900124547551824,0.020153535683824778,0.030737033716202306,test_114,0,0.0,ITC,2035,0.0,,,-0.2640652060508728,0.14036941528320312,,,,,
8,0.00014207220580793095,0.013449607824855353,0.015588035745918992,test_114,1,0.009178182110190392,ITC,2035,0.0004914004914004914,0.9833333333333333,0.02295564115047455,-0.2640652060508728,0.14036941528320312,2.0447535514831543,1.0,0.2744079338280328,False,0.9833333333333333
9,0.0007724263561633087,0.03136054498988836,0.04807686915259036,test_114,0,0.0,ITC,2035,0.0,,,-0.2640652060508728,0.14036941528320312,,,,,
10,0.000510219278815125,0.025487866962020825,0.02985230624081006,test_114,0,0.0,ITC,2035,0.0,,,-0.2640652060508728,0.14036941528320312,,,,,
11,0.0009180774385532784,0.03418965486657039,0.05059076956612539,test_114,1,0.05930985137820244,ITC,2035,0.0004914004914004914,0.8066666666666666,-0.14168789982795715,-0.2640652060508728,0.14036941528320312,0.8718231320381165,1.0,0.049885174680616255,False,0.9766666666666667
12,0.000584302460160819,0.027275575124326833,0.03117710200613662,test_114,0,0.0,ITC,2035,0.0,,,-0.2640652060508728,0.14036941528320312,,,,,
13,0.00022127161015747548,0.016784867118321802,0.02080251055488023,test_114,0,0.0,ITC,2035,0.0,,,-0.2640652060508728,0.14036941528320312,,,,,
14,0.000596112357526886,0.027549842589541903,0.03512815500419148,test_114,0,0.0,ITC,2035,0.0,,,-0.2640652060508728,0.14036941528320312,,,,,
15,0.00028943092283071806,0.019196741817747654,0.021808111567704545,test_114,0,0.0,ITC,2035,0.0,,,-0.2640652060508728,0.14036941528320312,,,,,
16,0.0006013034467018076,0.027669537884220143,0.03278016028305508,test_114,0,0.0,ITC,2035,0.0,,,-0.2640652060508728,0.14036941528320312,,,,,
17,0.0012571405750493316,0.04000801286547373,0.06643714347783233,test_114,0,0.0,ITC,2035,0.0,,,-0.2640652060508728,0.14036941528320312,,,,,
18,0.0012049566302173662,0.03916884516147464,0.04334590301484701,test_114,0,0.0,ITC,2035,0.0,,,-0.2640652060508728,0.14036941528320312,,,,,
19,0.00025188347535901165,0.01790832212945754,0.020844032084152427,test_114,0,0.0,ITC,2035,0.0,,,-0.2640652060508728,0.14036941528320312,,,,,
20,0.0003063841483594165,0.019750959813923323,0.02212278459152909,test_114,0,0.0,ITC,2035,0.0,,,-0.2640652060508728,0.14036941528320312,,,,,
21,0.00033952655355780315,0.02079179247870265,0.024091106609772994,test_114,0,0.0,ITC,2035,0.0,,,-0.2640652060508728,0.14036941528320312,,,,,
22,0.0007315432455055719,0.030519334672656245,0.042728967613756254,test_114,0,0.0,ITC,2035,0.0,,,-0.2640652060508728,0.14036941528320312,,,,,
23,0.00034710839847953084,0.02102265775904249,0.02538622469831026,test_114,0,0.0,ITC,2035,0.0,,,-0.2640652060508728,0.14036941528320312,,,,,
24,0.0002857918372747464,0.01907567741341638,0.022034339485676076,test_114,0,0.0,ITC,2035,0.0,,,-0.2640652060508728,0.14036941528320312,,,,,
25,0.0015045974264028626,0.043768858132271146,0.06920669067150151,test_114,1,0.09720035642385483,ITC,2035,0.0004914004914004914,0.9633333333333334,-0.020363204181194305,-0.2640652060508728,0.14036941528320312,1.736147403717041,1.0,0.19782806898249394,False,0.98
26,0.00013765427593335916,0.013238839360768704,0.015930348645671045,test_114,0,0.0,ITC,2035,0.0,,,-0.2640652060508728,0.14036941528320312,,,,,
27,0.0006464997564012595,0.028690574332204177,0.03636086791992936,test_114,0,0.0,ITC,2035,0.0,,,-0.2640652060508728,0.14036941528320312,,,,,
28,0.00036172542454106286,0.021460734257284775,0.02425011933087364,test_114,0,0.0,ITC,2035,0.0,,,-0.2640652060508728,0.14036941528320312,,,,,
29,0.00035116992800339844,0.021145293548582553,0.024993866182592885,test_114,0,0.0,ITC,2035,0.0,,,-0.2640652060508728,0.14036941528320312,,,,,
30,0.0003003634543987141,0.019555935874657072,0.020905313398827688,test_114,0,0.0,ITC,2035,0.0,,,-0.2640652060508728,0.14036941528320312,,,,,
31,0.0027010165169268695,0.05864333756134726,0.06575698298387841,test_114,0,0.0,ITC,2035,0.0,,,-0.2640652060508728,0.14036941528320312,,,,,
32,0.001167848822101586,0.03856100754093596,0.05015944181775784,test_114,0,0.0,ITC,2035,0.0,,,-0.2640652060508728,0.14036941528320312,,,,,
33,0.0010171802620897708,0.03598769419977853,0.0434106044193947,test_114,0,0.0,ITC,2035,0.0,,,-0.2640652060508728,0.14036941528320312,,,,,
34,0.00021438705815253497,0.016521685153737937,0.019820065323121198,test_114,0,0.0,ITC,2035,0.0,,,-0.2640652060508728,0.14036941528320312,,,,,
35,0.00020949869275024797,0.016332238676309424,0.018689234328903927,test_114,0,0.0,ITC,2035,0.0,,,-0.2640652060508728,0.14036941528320312,,,,,
36,0.00031261479757378866,0.01995077749212611,0.022176572932004892,test_114,0,0.0,ITC,2035,0.0,,,-0.2640652060508728,0.14036941528320312,,,,,
37,0.00018308334127125692,0.015267905884200609,0.01918809197608977,test_114,0,0.0,ITC,2035,0.0,,,-0.2640652060508728,0.14036941528320312,,,,,
38,0.0005040257250304541,0.025332695961397117,0.033741811763113354,test_114,0,0.0,ITC,2035,0.0,,,-0.2640652060508728,0.14036941528320312,,,,,
39,0.0009488954978006802,0.03475875820021457,0.0507729977056678,test_114,0,0.0,ITC,2035,0.0,,,-0.2640652060508728,0.14036941528320312,,,,,
40,0.00026456485302878667,0.018353594553201222,0.02069605984294125,test_114,0,0.0,ITC,2035,0.0,,,-0.2640652060508728,0.14036941528320312,,,,,
41,0.001082487040142757,0.03712499570603447,0.05946413252286355,test_114,0,0.0,ITC,2035,0.0,,,-0.2640652060508728,0.14036941528320312,,,,,
42,0.000449730185213768,0.023929359713022794,0.031902014327873505,test_114,0,0.0,ITC,2035,0.0,,,-0.2640652060508728,0.14036941528320312,,,,,
43,0.00024434867569072367,0.017638435208178104,0.01987572157627744,test_114,0,0.0,ITC,2035,0.0,,,-0.2640652060508728,0.14036941528320312,,,,,
44,0.00042309636589089135,0.023209976826486067,0.02703518273355567,test_114,0,0.0,ITC,2035,0.0,,,-0.2640652060508728,0.14036941528320312,,,,,
45,0.00018671601246449232,0.01541863193363974,0.017398743155165514,test_114,0,0.0,ITC,2035,0.0,,,-0.2640652060508728,0.14036941528320312,,,,,
46,0.0002670340853327973,0.0184390443688902,0.021000936013107357,test_114,0,0.0,ITC,2035,0.0,,,-0.2640652060508728,0.14036941528320312,,,,,
47,0.00020646498157421138,0.01621355541339723,0.017967381623081806,test_114,1,0.013338099233806133,ITC,2035,0.0004914004914004914,0.9966666666666667,0.07343783974647522,-0.2640652060508728,0.14036941528320312,2.4043915271759033,1.0,0.3794242629759565,False,0.9866666666666667
48,0.00025301315305727075,0.017948435915439747,0.022961374691663844,test_114,0,0.0,ITC,2035,0.0,,,-0.2640652060508728,0.14036941528320312,,,,,
49,0.00023210567403948569,0.01719087323973052,0.02068533636646084,test_114,0,0.0,ITC,2035,0.0,,,-0.2640652060508728,0.14036941528320312,,,,,
50,0.00018428966328908836,0.015318122828388448,0.019615368140625093,test_114,0,0.0,ITC,2035,0.0,,,-0.2640652060508728,0.14036941528320312,,,,,
51,0.00017314348411696852,0.014847664156053264,0.01767277116798152,test_114,0,0.0,ITC,2035,0.0,,,-0.2640652060508728,0.14036941528320312,,,,,
52,0.00016349879123725677,0.01442820593558583,0.01608324707710643,test_114,0,0.0,ITC,2035,0.0,,,-0.2640652060508728,0.14036941528320312,,,,,
53,0.0225741876298911,0.1695356846821597,0.26283971338874923,test_114,2,0.2109375,micro,2035,0.0009828009828009828,0.9566666666666667,-0.028584705665707588,-0.2640652060508728,0.14036941528320312,1.677577018737793,0.9090149206616287,0.18470542763952433,False,0.99
54,0.009770691084163194,0.11153667678278682,0.17347027701741113,test_114,0,0.0,ITC,2035,0.0,,,-0.2640652060508728,0.14036941528320312,,,,,
55,0.00021455553847446443,0.016528175825772026,0.0193162303202883,test_114,0,0.0,ITC,2035,0.0,,,-0.2640652060508728,0.14036941528320312,,,,,
56,0.005288074707783623,0.0820547733740332,0.09917360043760762,test_114,0,0.0,ITC,2035,0.0,,,-0.2640652060508728,0.14036941528320312,,,,,
57,0.0016428081793112184,0.04573497937370714,0.08147308229593332,test_114,0,0.0,ITC,2035,0.0,,,-0.2640652060508728,0.14036941528320312,,,,,
58,0.0003062039079735832,0.019745149388759074,0.023522937625645685,test_114,0,0.0,ITC,2035,0.0,,,-0.2640652060508728,0.14036941528320312,,,,,
59,0.00030897569926280593,0.019834315684278184,0.023941868901705396,test_114,0,0.0,ITC,2035,0.0,,,-0.2640652060508728,0.14036941528320312,,,,,
60,0.00019147235927857018,0.015613781718636078,0.02031178860499607,test_114,0,0.0,ITC,2035,0.0,,,-0.2640652060508728,0.14036941528320312,,,,,
61,0.00042185685625635913,0.023175953736648113,0.02816355929363144,test_114,1,0.02725289575755596,ITC,2035,0.0004914004914004914,1.0,0.191274031996727,-0.2640652060508728,0.14036941528320312,3.243863821029663,1.0,0.6906212695140729,False,0.9966666666666667
62,0.0003502093956192856,0.021116355069951718,0.028517353280932092,test_114,0,0.0,ITC,2035,0.0,,,-0.2640652060508728,0.14036941528320312,,,,,
63,0.00038996535101594926,0.022282713164918564,0.024998174617252452,test_114,0,0.0,ITC,2035,0.0,,,-0.2640652060508728,0.14036941528320312,,,,,
64,0.00038273309732445146,0.022075119809243694,0.028068884198785737,test_114,0,0.0,ITC,2035,0.0,,,-0.2640652060508728,0.14036941528320312,,,,,
65,0.00021719159437088014,0.016629399470127704,0.023417180696460444,test_114,0,0.0,ITC,2035,0.0,,,-0.2640652060508728,0.14036941528320312,,,,,
66,0.0005052066160832577,0.025362354816913967,0.033006512074905694,test_114,0,0.0,ITC,2035,0.0,,,-0.2640652060508728,0.14036941528320312,,,,,
67,0.004860316089316303,0.0786660450564923,0.20551076777846644,test_114,0,0.0,micro,2035,0.0,,,-0.2640652060508728,0.14036941528320312,,,,,
68,0.0013972544989376736,0.04217866382552393,0.06006557300970583,test_114,0,0.0,ITC,2035,0.0,,,-0.2640652060508728,0.14036941528320312,,,,,
69,0.004470927516410031,0.07544906702894225,0.10263816516017467,test_114,0,0.0,ITC,2035,0.0,,,-0.2640652060508728,0.14036941528320312,,,,,
70,0.0005488050150205307,0.0264340736072425,0.04067097565488379,test_114,0,0.0,ITC,2035,0.0,,,-0.2640652060508728,0.14036941528320312,,,,,
71,0.0008899254037343559,0.03366137572796138,0.043137221794446796,test_114,0,0.0,ITC,2035,0.0,,,-0.2640652060508728,0.14036941528320312,,,,,
72,0.004818902854437481,0.07833018368743273,0.09840032885254184,test_114,1,0.31131190061569214,ITC,2035,0.0004914004914004914,0.9633333333333334,-0.023819468915462494,-0.2640652060508728,0.14036941528320312,1.7115247249603271,1.0,0.19225651967332516,False,0.9733333333333334
73,0.005809608223248694,0.08600594705750775,0.10118151746839284,test_114,1,0.3753136694431305,ITC,2035,0.0004914004914004914,0.9633333333333334,-0.020320385694503784,-0.2640652060508728,0.14036941528320312,1.7364524602890015,1.0,0.19789759539982346,False,0.9733333333333334
74,0.00955364631016261,0.11029088937220612,0.16096624294498893,test_114,0,0.0,ITC,2035,0.0,,,-0.2640652060508728,0.14036941528320312,,,,,
75,0.0007744011136997395,0.03140060702358251,0.038257631787125615,test_114,1,0.05002804100513458,ITC,2035,0.0004914004914004914,0.98,0.003523368388414383,-0.2640652060508728,0.14036941528320312,1.906316876411438,1.0,0.23850907423515594,False,0.9833333333333333
76,0.008872445919287864,0.10628616562357225,0.12566523494300363,test_114,0,0.0,ITC,2035,0.0,,,-0.2640652060508728,0.14036941528320312,,,,,
77,0.0006177132209656563,0.028044552059877926,0.03690455051239133,test_114,0,0.0,ITC,2035,0.0,,,-0.2640652060508728,0.14036941528320312,,,,,
78,0.0002241080567386551,0.016892105852539738,0.020670133242116688,test_114,0,0.0,ITC,2035,0.0,,,-0.2640652060508728,0.14036941528320312,,,,,
79,0.0011899539674050713,0.03892423984761467,0.059963153117095554,test_114,0,0.0,ITC,2035,0.0,,,-0.2640652060508728,0.14036941528320312,,,,,
80,0.03583051974527399,0.21359034305908334,0.6170284594206391,test_114,3,0.0625,micro,2035,0.0014742014742014742,0.5966666666666667,-0.22642183303833008,-0.2640652060508728,0.14036941528320312,0.26817360520362854,0.8557920611235422,0.004720051991194924,False,0.8422222222222222
81,0.015603163248634347,0.14094880088571032,0.17998556707645072,test_114,0,0.0,ITC,2035,0.0,,,-0.2640652060508728,0.14036941528320312,,,,,
82,0.0008211510268569375,0.032334531998996656,0.058271777910836896,test_114,0,0.0,ITC,2035,0.0,,,-0.2640652060508728,0.14036941528320312,,,,,
83,0.040056554500483406,0.2258353143683572,0.25200560548521894,test_114,0,0.0,micro,2035,0.0,,,-0.2640652060508728,0.14036941528320312,,,,,
84,0.056123856104773384,0.2673183738459133,0.3731271153239556,test_114,0,0.0,micro,2035,0.0,,,-0.2640652060508728,0.14036941528320312,,,,,
85,0.03662805582069894,0.21595436813753233,0.28094988576040886,test_114,0,0.0,micro,2035,0.0,,,-0.2640652060508728,0.14036941528320312,,,,,
86,0.11096206729391163,0.3758740374702309,0.7974984657613928,test_114,0,0.0,micro,2035,0.0,,,-0.2640652060508728,0.14036941528320312,,,,,
87,0.02921229093662567,0.19285809294095074,0.48531124757266814,test_114,0,0.0,micro,2035,0.0,,,-0.2640652060508728,0.14036941528320312,,,,,
88,0.04084613672309191,0.2280502500009587,0.4546534186497469,test_114,0,0.0,micro,2035,0.0,,,-0.2640652060508728,0.14036941528320312,,,,,
89,34.15407628967336,6.594415860856345,8.82164178729454,test_114,595,1.0,macro,2035,0.29238329238329236,0.9839327731092437,0.1757221519947052,-0.2640652060508728,0.14036941528320312,3.133071184158325,0.1614136468504951,0.644251214543134,True,0.9935182072829132
90,0.006482912326896389,0.09085318012956692,0.09491721989714859,test_114,0,0.0,ITC,2035,0.0,,,-0.2640652060508728,0.14036941528320312,,,,,
91,0.011116011024527138,0.11896783101385006,0.1302728196466475,test_114,0,0.0,ITC,2035,0.0,,,-0.2640652060508728,0.14036941528320312,,,,,
92,0.004332367710149981,0.07427073374416521,0.08856860233411437,test_114,0,0.0,ITC,2035,0.0,,,-0.2640652060508728,0.14036941528320312,,,,,
93,0.005740636565375107,0.0854938915185654,0.09848272133542499,test_114,0,0.0,ITC,2035,0.0,,,-0.2640652060508728,0.14036941528320312,,,,,
94,0.0043424989688245815,0.07435752423312064,0.08374619617651782,test_114,0,0.0,ITC,2035,0.0,,,-0.2640652060508728,0.14036941528320312,,,,,
95,0.070199894352375,0.29896702414425985,1.1241152221834543,test_114,0,0.0,micro,2035,0.0,,,-0.2640652060508728,0.14036941528320312,,,,,
0,0.0035782997114905688,0.06749839031846772,0.1035662643721556,test_116,0,0.0,ITC,301,0.0,,,-0.33740556240081787,0.08963094651699066,,,,,
1,0.010833789626296051,0.1174479006689422,0.1415226226907703,test_116,1,0.03125,ITC,301,0.0033222591362126247,0.38666666666666666,-0.37049534916877747,-0.33740556240081787,0.08963094651699066,-0.3691781461238861,1.0,0.011940587902892617,False,0.7033333333333334
2,0.0025407174564840832,0.05687654997971022,0.060864127644491804,test_116,0,0.0,ITC,301,0.0,,,-0.33740556240081787,0.08963094651699066,,,,,
3,0.004402097769607155,0.07486604677725603,0.10541673271259518,test_116,0,0.0,ITC,301,0.0,,,-0.33740556240081787,0.08963094651699066,,,,,
4,0.0011486047560368843,0.03824197950756531,0.06092977511043935,test_116,0,0.0,ITC,301,0.0,,,-0.33740556240081787,0.08963094651699066,,,,,
0,0.047749971747929124,0.24657078555548742,0.30129395829708494,test_117,2,0.28125,micro,302,0.006622516556291391,0.9966666666666667,-0.06899163126945496,-0.38659778237342834,0.10381465405225754,3.0593576431274414,0.878617277052848,0.8195244558843,True,0.9933333333333333
1,0.0007953713713052902,0.03182292071284674,0.038912070367046775,test_117,0,0.0,ITC,302,0.0,,,-0.38659778237342834,0.10381465405225754,,,,,
0,0.03037782577758838,0.19666786484604118,0.33123629848983943,test_121,2,0.234375,micro,337,0.005934718100890208,0.96,-0.12503759562969208,-0.3270319700241089,0.0957159772515297,2.110351800918579,0.8809042433149693,0.3826049196321898,False,0.9933333333333333
1,0.004649479328890503,0.07694089253428306,0.10959105391440967,test_121,1,0.30036675930023193,ITC,337,0.002967359050445104,0.83,-0.23832206428050995,-0.3270319700241089,0.0957159772515297,0.9268035292625427,1.0,0.07379317375134903,False,0.9933333333333333
2,0.002468835576087891,0.0560662026975621,0.0728197190139051,test_121,0,0.0,ITC,337,0.0,,,-0.3270319700241089,0.0957159772515297,,,,,
3,0.001401947823692505,0.04224944270378838,0.04726084504111199,test_121,0,0.0,ITC,337,0.0,,,-0.3270319700241089,0.0957159772515297,,,,,
4,0.33766490531229787,0.6556891872776857,1.1796746593535994,test_121,8,0.84375,micro,337,0.02373887240356083,0.9370833333333334,0.03414153307676315,-0.3270319700241089,0.0957159772515297,3.773387908935547,0.6427127299449079,1.2232176484157888,True,0.9279166666666666
5,0.02992073052483545,0.19518262553717475,0.3701430248650513,test_121,1,0.125,micro,337,0.002967359050445104,0.8233333333333334,-0.24789878726005554,-0.3270319700241089,0.0957159772515297,0.8267499804496765,1.0,0.05872042875960866,False,0.97
6,0.34547986539123926,0.6632334630625227,1.8673435866954855,test_121,12,0.34375,micro,337,0.03560830860534125,0.9911111111111112,0.016308439895510674,-0.3270319700241089,0.0957159772515297,3.5870749950408936,0.5730461782891539,1.1054058141460728,True,0.9947222222222222
7,0.4730860984768023,0.7761133478076112,1.1851523546198608,test_121,12,0.640625,micro,337,0.03560830860534125,0.9352777777777778,0.024276673793792725,-0.3270319700241089,0.0957159772515297,3.6703238487243652,0.5730461782891539,1.1573097252842113,True,0.9522222222222222
8,0.016328294149539277,0.14418678791505554,0.1873148478141898,test_121,1,0.015625,ITC,337,0.002967359050445104,0.97,-0.10944973677396774,-0.3270319700241089,0.0957159772515297,2.273206949234009,1.0,0.4439343816818207,False,0.9766666666666667
9,0.0007102646110107422,0.03007219629433166,0.040320872242024755,test_121,0,0.0,ITC,337,0.0,,,-0.3270319700241089,0.0957159772515297,,,,,
0,0.017332674942181915,0.14855519900840317,0.19148434692227453,test_122,1,0.390625,ITC,322,0.003105590062111801,1.0,0.19905132055282593,-0.301311731338501,0.12823690474033356,3.901864767074585,1.0,1.3182451087725702,True,1.0
1,0.028724972432435925,0.19124270135721472,0.23529970803360511,test_122,1,0.265625,micro,322,0.003105590062111801,0.97,-0.07283645123243332,-0.301311731338501,0.12823690474033356,1.781665563583374,1.0,0.27485529875546333,False,1.0
2,0.01394857627168685,0.13326619564565598,0.2137890658628493,test_122,2,0.125,micro,322,0.006211180124223602,0.915,-0.05810610577464104,-0.301311731338501,0.12823690474033356,1.896533727645874,0.8799651929516896,0.3114389188259687,False,0.9933333333333333
3,0.006823715815276289,0.09321064755726415,0.12666677101005946,test_122,1,0.44082728028297424,ITC,322,0.003105590062111801,0.9833333333333333,-0.03072410821914673,-0.301311731338501,0.12823690474033356,2.110060453414917,1.0,0.3855152284943202,False,1.0
4,0.028463427460110668,0.19037006440329224,0.32808990337214194,test_122,1,0.421875,micro,322,0.003105590062111801,0.9866666666666667,-0.024827025830745697,-0.301311731338501,0.12823690474033356,2.156046152114868,1.0,0.4025018196985441,False,1.0
5,0.001805680445769745,0.047948553145106015,0.0621302366643768,test_122,1,0.11665099114179611,ITC,322,0.003105590062111801,0.99,0.016911722719669342,-0.301311731338501,0.12823690474033356,2.481527805328369,1.0,0.5331998684269494,False,1.0
6,0.0013948117929951007,0.04214177894090754,0.05031971196604782,test_122,0,0.0,ITC,322,0.0,,,-0.301311731338501,0.12823690474033356,,,,,
7,0.0034042724601719408,0.06583657279463881,0.0792473823130108,test_122,1,0.21992360055446625,ITC,322,0.003105590062111801,0.9933333333333333,0.09506064653396606,-0.301311731338501,0.12823690474033356,3.0909383296966553,1.0,0.8272417072248365,False,1.0
8,0.004725001679155565,0.07756325796948521,0.10316319918975667,test_122,0,0.0,ITC,322,0.0,,,-0.301311731338501,0.12823690474033356,,,,,
9,0.0057107843576330065,0.08527131097616207,0.12364462617834195,test_122,1,0.3689294159412384,ITC,322,0.003105590062111801,0.98,-0.042645927518606186,-0.301311731338501,0.12823690474033356,2.0170931816101074,1.0,0.35229271669047013,False,0.9966666666666667
10,0.018588275468070455,0.1538418908957434,0.22300251970562932,test_122,2,0.1015625,micro,322,0.006211180124223602,0.9933333333333333,0.10665582865476608,-0.301311731338501,0.12823690474033356,3.181358575820923,0.8799651929516896,0.8763487786128288,True,1.0
11,0.0040435634810666934,0.07175252557047095,0.08450677581278472,test_122,0,0.0,ITC,322,0.0,,,-0.301311731338501,0.12823690474033356,,,,,
12,0.010735309166814255,0.11691287421043844,0.1640624393606774,test_122,0,0.0,ITC,322,0.0,,,-0.301311731338501,0.12823690474033356,,,,,
13,0.011659744708523318,0.12184271847102088,0.16371429578403524,test_122,1,0.21875,ITC,322,0.003105590062111801,0.98,-0.043466031551361084,-0.301311731338501,0.12823690474033356,2.010698080062866,1.0,0.3500624020135353,False,1.0
14,0.005619679475354917,0.08458840426889748,0.10075280816061655,test_122,0,0.0,ITC,322,0.0,,,-0.301311731338501,0.12823690474033356,,,,,
15,0.003391825638525912,0.06571610557403554,0.09207996141717213,test_122,0,0.0,ITC,322,0.0,,,-0.301311731338501,0.12823690474033356,,,,,
16,0.003364987955438565,0.06545560123031416,0.07927710059969253,test_122,0,0.0,ITC,322,0.0,,,-0.301311731338501,0.12823690474033356,,,,,
17,0.0017282894003904784,0.04690976880484256,0.06324916999361407,test_122,0,0.0,ITC,322,0.0,,,-0.301311731338501,0.12823690474033356,,,,,
18,0.0017276675436220014,0.04690132873059136,0.06077679568162489,test_122,0,0.0,ITC,322,0.0,,,-0.301311731338501,0.12823690474033356,,,,,
19,0.004451850431897142,0.07528792743287435,0.09893172529506075,test_122,0,0.0,ITC,322,0.0,,,-0.301311731338501,0.12823690474033356,,,,,
20,0.007798623234142388,0.0996469542745814,0.13334506762039197,test_122,0,0.0,ITC,322,0.0,,,-0.301311731338501,0.12823690474033356,,,,,
21,0.25744293517049566,0.5725264409368059,1.2198167831652604,test_122,9,0.328125,micro,322,0.027950310559006212,0.9437037037037037,0.12049800902605057,-0.301311731338501,0.12823690474033356,3.2893006801605225,0.6194986640942571,0.9368259058015252,True,0.9885185185185185
22,0.045061051753120744,0.2395276873754495,0.3173613569100998,test_122,1,0.46875,micro,322,0.003105590062111801,1.0,0.16269637644290924,-0.301311731338501,0.12823690474033356,3.618366241455078,1.0,1.1336442452751037,True,1.0
