slide_id,split,seed,gt_label,pred_label,score,tumor_patch_pct
normal_001,val,0,Normal,Normal,0.04390321671962738,0.0
normal_002,val,0,Normal,Normal,0.012640818953514099,0.0
normal_003,val,0,Normal,Normal,0.053207557648420334,0.0
normal_004,val,0,Normal,Normal,0.028792519122362137,0.0
normal_005,val,0,Normal,Normal,0.01703578047454357,0.0
normal_006,val,0,Normal,Normal,0.3805152475833893,0.0
normal_007,val,0,Normal,Tumor,0.9233226776123047,0.0
normal_008,val,0,Normal,Normal,0.040406908839941025,0.0
normal_009,val,0,Normal,Normal,0.42556512355804443,0.0
normal_010,val,0,Normal,Normal,0.3365679979324341,0.0
normal_011,val,0,Normal,Tumor,0.687475323677063,0.0
normal_012,val,0,Normal,Normal,0.07159329950809479,0.0
normal_013,val,0,Normal,Normal,0.013742255046963692,0.0
normal_014,val,0,Normal,Normal,0.07152143865823746,0.0
normal_015,val,0,Normal,Normal,0.4154466986656189,0.0
normal_016,val,0,Normal,Normal,0.04413655027747154,0.0
normal_017,val,0,Normal,Normal,0.09022336453199387,0.0
normal_018,val,0,Normal,Normal,0.05038595199584961,0.0
normal_019,val,0,Normal,Normal,0.007761453744024038,0.0
normal_020,val,0,Normal,Normal,0.008610133081674576,0.0
normal_021,val,0,Normal,Normal,0.007126460317522287,0.0
normal_022,val,0,Normal,Tumor,0.8786008954048157,0.0
normal_023,val,0,Normal,Normal,0.005882744211703539,0.0
normal_024,val,0,Normal,Normal,0.0247153602540493,0.0
normal_025,val,0,Normal,Normal,0.21460330486297607,0.0
normal_026,val,0,Normal,Normal,0.058151811361312866,0.0
normal_027,val,0,Normal,Normal,0.001230756868608296,0.0
normal_028,val,0,Normal,Normal,0.3455701172351837,0.0
normal_029,val,0,Normal,Normal,0.35935381054878235,0.0
normal_030,val,0,Normal,Normal,0.014137825928628445,0.0
normal_031,val,0,Normal,Normal,0.12524791061878204,0.0
normal_032,val,0,Normal,Normal,0.3253059685230255,0.0
normal_033,val,0,Normal,Normal,0.10091521590948105,0.0
normal_034,val,0,Normal,Normal,0.4147898256778717,0.0
normal_035,val,0,Normal,Tumor,0.8730281591415405,0.0
normal_036,val,0,Normal,Normal,0.13235917687416077,0.0
normal_037,val,0,Normal,Normal,0.23737093806266785,0.0
normal_038,val,0,Normal,Normal,0.01810215413570404,0.0
normal_039,val,0,Normal,Normal,0.40954291820526123,0.0
normal_040,val,0,Normal,Normal,0.45235756039619446,0.0
normal_041,val,0,Normal,Normal,0.09842642396688461,0.0
normal_042,val,0,Normal,Normal,0.00597002636641264,0.0
normal_043,val,0,Normal,Tumor,0.6815804243087769,0.0
normal_044,val,0,Normal,Normal,0.1453937292098999,0.0
normal_045,val,0,Normal,Normal,1.5405839803861454e-05,0.0
normal_047,val,0,Normal,Normal,0.38996046781539917,0.0
normal_048,val,0,Normal,Tumor,0.6909283995628357,0.0
normal_049,val,0,Normal,Tumor,0.5161903500556946,0.0
normal_050,val,0,Normal,Normal,0.19734156131744385,0.0
normal_051,val,0,Normal,Normal,0.008895760402083397,0.0
normal_052,val,0,Normal,Normal,0.20878906548023224,0.0
normal_053,val,0,Normal,Tumor,0.8716993927955627,0.0
normal_054,val,0,Normal,Normal,0.030282190069556236,0.0
normal_055,val,0,Normal,Normal,0.4069975018501282,0.0
normal_056,val,0,Normal,Normal,0.13280557096004486,0.0
normal_057,val,0,Normal,Normal,0.0854821428656578,0.0
normal_058,val,0,Normal,Normal,0.0929635539650917,0.0
normal_059,val,0,Normal,Normal,0.0024376900400966406,0.0
normal_060,val,0,Normal,Tumor,0.6477906107902527,0.0
normal_061,val,0,Normal,Normal,0.14164139330387115,0.0
normal_062,val,0,Normal,Normal,0.059021104127168655,0.0
normal_063,val,0,Normal,Tumor,0.6902637481689453,0.0
normal_064,val,0,Normal,Tumor,0.7091265320777893,0.0
normal_065,val,0,Normal,Normal,0.13066725432872772,0.0
normal_066,val,0,Normal,Normal,0.05991506576538086,0.0
normal_067,val,0,Normal,Normal,0.02527078613638878,0.0
normal_068,val,0,Normal,Normal,0.442221999168396,0.0
normal_069,val,0,Normal,Normal,0.05631784349679947,0.0
normal_070,val,0,Normal,Normal,0.09314488619565964,0.0
normal_071,val,0,Normal,Normal,0.09217608720064163,0.0
normal_072,val,0,Normal,Normal,0.01831533946096897,0.0
normal_073,val,0,Normal,Normal,0.030062368139624596,0.0
normal_074,val,0,Normal,Normal,0.1303190290927887,0.0
normal_075,val,0,Normal,Normal,0.020543327555060387,0.0
normal_076,val,0,Normal,Normal,0.06355667859315872,0.0
normal_077,val,0,Normal,Normal,0.06189536675810814,0.0
normal_078,val,0,Normal,Normal,0.10933665931224823,0.0
normal_079,val,0,Normal,Normal,0.38832348585128784,0.0
normal_080,val,0,Normal,Normal,0.05311545357108116,0.0
normal_081,val,0,Normal,Normal,0.03247851878404617,0.0
normal_082,val,0,Normal,Normal,0.14156709611415863,0.0
normal_083,val,0,Normal,Tumor,0.708512008190155,0.0
normal_084,val,0,Normal,Normal,0.11560600996017456,0.0
normal_085,val,0,Normal,Normal,0.070660799741745,0.0
normal_087,val,0,Normal,Normal,0.2662622332572937,0.0
normal_088,val,0,Normal,Normal,0.16958974301815033,0.0
normal_089,val,0,Normal,Normal,0.14349333941936493,0.0
normal_090,val,0,Normal,Normal,0.08221662789583206,0.0
normal_091,val,0,Normal,Normal,0.3319956064224243,0.0
normal_092,val,0,Normal,Normal,0.07325755059719086,0.0
normal_093,val,0,Normal,Normal,0.08114203065633774,0.0
normal_094,val,0,Normal,Normal,0.45492759346961975,0.0
normal_095,val,0,Normal,Normal,0.011052682064473629,0.0
normal_096,val,0,Normal,Tumor,0.7731671333312988,0.0
normal_097,val,0,Normal,Normal,0.10772887617349625,0.0
normal_098,val,0,Normal,Normal,0.30233797430992126,0.0
normal_099,val,0,Normal,Normal,0.042718805372714996,0.0
normal_100,val,0,Normal,Normal,0.09127019345760345,0.0
normal_101,val,0,Normal,Normal,0.0006677375640720129,0.0
normal_102,val,0,Normal,Normal,0.001462607178837061,0.0
normal_104,val,0,Normal,Normal,0.03014237992465496,0.0
normal_105,val,0,Normal,Normal,0.024849770590662956,0.0
normal_106,val,0,Normal,Normal,0.003016370115801692,0.0
normal_107,val,0,Normal,Normal,0.0055925180204212666,0.0
normal_109,val,0,Normal,Normal,0.025209929794073105,0.0
normal_110,val,0,Normal,Normal,0.01525141391903162,0.0
normal_111,val,0,Normal,Normal,0.01201745867729187,0.0
normal_112,val,0,Normal,Normal,0.026199745014309883,0.0
normal_114,val,0,Normal,Normal,0.13386350870132446,0.0
normal_115,val,0,Normal,Normal,0.006648033391684294,0.0
normal_116,val,0,Normal,Normal,0.02394409291446209,0.0
normal_117,val,0,Normal,Normal,0.08801779896020889,0.0
normal_118,val,0,Normal,Normal,0.08933807164430618,0.0
normal_119,val,0,Normal,Normal,0.005184870213270187,0.0
normal_121,val,0,Normal,Normal,0.005466126836836338,0.0
normal_122,val,0,Normal,Normal,0.004418401047587395,0.0
normal_123,val,0,Normal,Normal,0.027398863807320595,0.0
normal_125,val,0,Normal,Normal,0.15625497698783875,0.0
normal_126,val,0,Normal,Normal,0.02142821066081524,0.0
normal_128,val,0,Normal,Normal,0.021575333550572395,0.0
normal_129,val,0,Normal,Normal,0.022187305614352226,0.0
normal_130,val,0,Normal,Normal,0.013405992649495602,0.0
normal_131,val,0,Normal,Normal,0.01754174381494522,0.0
normal_132,val,0,Normal,Normal,0.014211272820830345,0.0
normal_133,val,0,Normal,Normal,0.020896147936582565,0.0
normal_134,val,0,Normal,Normal,7.748636562610045e-05,0.0
normal_135,val,0,Normal,Normal,0.025097591802477837,0.0
normal_136,val,0,Normal,Normal,0.006315023172646761,0.0
normal_137,val,0,Normal,Normal,0.06892280280590057,0.0
normal_138,val,0,Normal,Normal,0.00021700392244383693,0.0
normal_139,val,0,Normal,Normal,0.0028313985094428062,0.0
normal_140,val,0,Normal,Normal,0.008074142038822174,0.0
normal_141,val,0,Normal,Normal,0.002987456973642111,0.0
normal_142,val,0,Normal,Normal,0.009360508993268013,0.0
normal_143,val,0,Normal,Normal,0.04573022201657295,0.0
normal_144,val,0,Normal,Tumor,0.6006642580032349,0.0
normal_145,val,0,Normal,Normal,0.04291614890098572,0.0
normal_146,val,0,Normal,Normal,0.016628900542855263,0.0
normal_147,val,0,Normal,Normal,0.0058809793554246426,0.0
normal_148,val,0,Normal,Normal,0.011212542653083801,0.0
normal_149,val,0,Normal,Normal,0.007935786619782448,0.0
normal_150,val,0,Normal,Normal,0.005632774904370308,0.0
normal_151,val,0,Normal,Normal,0.23779277503490448,0.0
normal_152,val,0,Normal,Normal,0.02581789717078209,0.0
normal_153,val,0,Normal,Normal,0.034096624702215195,0.0
normal_154,val,0,Normal,Normal,0.002906081499531865,0.0
normal_157,val,0,Normal,Normal,0.012927833013236523,0.0
normal_158,val,0,Normal,Normal,0.00043192083830945194,0.0
normal_159,val,0,Normal,Normal,0.003375433152541518,0.0
normal_160,val,0,Normal,Normal,0.00926617905497551,0.0
tumor_001,val,0,Tumor,Tumor,0.9997856020927429,0.1692307692307692
tumor_002,val,0,Tumor,Tumor,0.605841875076294,0.0375798571965426
tumor_003,val,0,Tumor,Tumor,0.9937072396278381,0.2224340641881156
tumor_004,val,0,Tumor,Normal,0.13868162035942078,0.667302192564347
tumor_005,val,0,Tumor,Tumor,0.6574443578720093,0.2349256068911511
tumor_006,val,0,Tumor,Normal,0.21165940165519714,0.0356760613628255
tumor_007,val,0,Tumor,Tumor,0.7969478964805603,0.1017639077340569
tumor_008,val,0,Tumor,Tumor,0.7782487869262695,0.0
tumor_009,val,0,Tumor,Tumor,1.0,16.618437370814387
tumor_010,val,0,Tumor,Normal,0.44130218029022217,0.0
tumor_011,val,0,Tumor,Tumor,0.9999998807907104,4.91358024691358
tumor_012,val,0,Tumor,Normal,0.06985185295343399,0.0544959128065395
tumor_013,val,0,Tumor,Tumor,0.7245348691940308,0.3076923076923077
tumor_014,val,0,Tumor,Tumor,0.9999380111694336,1.6724053123462863
tumor_015,val,0,Tumor,Tumor,0.9999351501464844,0.1716604244694132
tumor_016,val,0,Tumor,Tumor,0.9999998807907104,9.478970495919649
tumor_017,val,0,Tumor,Normal,0.09064406156539917,0.0
tumor_018,val,0,Tumor,Tumor,0.9999996423721313,0.9770603228547152
tumor_019,val,0,Tumor,Tumor,0.99998939037323,0.2582311168495804
tumor_020,val,0,Tumor,Tumor,1.0,1.3857218031924223
tumor_021,val,0,Tumor,Tumor,0.9999415874481201,0.630297761356227
tumor_022,val,0,Tumor,Tumor,0.999890923500061,0.0998253057149987
tumor_023,val,0,Tumor,Tumor,0.9736498594284058,0.05
tumor_024,val,0,Tumor,Normal,0.2003369778394699,0.0239520958083832
tumor_025,val,0,Tumor,Tumor,0.9999978542327881,2.24848659556068
tumor_026,val,0,Tumor,Tumor,0.9999933242797852,10.99199542595769
tumor_027,val,0,Tumor,Tumor,0.713510274887085,0.0447127207690588
tumor_028,val,0,Tumor,Tumor,0.673434317111969,0.0347101700798333
tumor_029,val,0,Tumor,Tumor,0.9999982118606567,0.9448515233320478
tumor_030,val,0,Tumor,Normal,0.10898420959711075,0.0
tumor_031,val,0,Tumor,Tumor,0.9999996423721313,8.194343727338651
tumor_032,val,0,Tumor,Tumor,0.89341801404953,0.0844059928254906
tumor_033,val,0,Tumor,Tumor,1.0,1.970350910114468
tumor_034,val,0,Tumor,Tumor,1.0,4.166666666666667
tumor_035,val,0,Tumor,Normal,0.08551189303398132,0.0507614213197969
tumor_036,val,0,Tumor,Tumor,0.9996685981750488,1.5802269043760129
tumor_037,val,0,Tumor,Tumor,0.9999741315841675,0.5393180236604036
tumor_038,val,0,Tumor,Tumor,1.0,3.099510603588907
tumor_039,val,0,Tumor,Tumor,1.0,5.697674418604652
tumor_040,val,0,Tumor,Tumor,0.8372213244438171,0.0212675457252233
tumor_041,val,0,Tumor,Tumor,0.863741934299469,0.045526974732529
tumor_042,val,0,Tumor,Tumor,0.9999011754989624,0.8340113913751017
tumor_043,val,0,Tumor,Normal,0.11133019626140594,0.0
tumor_044,val,0,Tumor,Tumor,1.0,27.64403570462537
tumor_045,val,0,Tumor,Tumor,0.9693314433097839,0.2795899347623485
tumor_047,val,0,Tumor,Tumor,1.0,13.118527042577677
tumor_048,val,0,Tumor,Normal,0.38615041971206665,0.037821482602118
tumor_049,val,0,Tumor,Normal,0.06384571641683578,0.0899820035992801
tumor_050,val,0,Tumor,Normal,0.45631322264671326,0.155902004454343
tumor_052,val,0,Tumor,Tumor,0.9999587535858154,1.4260768335273577
tumor_053,val,0,Tumor,Tumor,0.6706869006156921,0.0315059861373661
tumor_054,val,0,Tumor,Tumor,0.9999985694885254,24.94393651888908
tumor_055,val,0,Tumor,Tumor,0.9999998807907104,11.261816687217427
tumor_056,val,0,Tumor,Tumor,0.9999860525131226,0.8527131782945736
tumor_057,val,0,Tumor,Tumor,0.5463549494743347,0.0851788756388415
tumor_058,val,0,Tumor,Tumor,1.0,21.57115260785576
tumor_059,val,0,Tumor,Normal,0.03569867089390755,0.0873362445414847
tumor_061,val,0,Tumor,Tumor,0.9999942779541016,2.5535207634769157
tumor_062,val,0,Tumor,Tumor,0.9999998807907104,0.8601553829078802
tumor_064,val,0,Tumor,Tumor,0.9999914169311523,4.073383084577115
tumor_065,val,0,Tumor,Normal,0.3626219630241394,0.0973709834469328
tumor_067,val,0,Tumor,Normal,0.3127957582473755,0.0
tumor_068,val,0,Tumor,Tumor,1.0,4.937486755668574
tumor_069,val,0,Tumor,Tumor,0.9444180130958557,0.2581477896095515
tumor_070,val,0,Tumor,Normal,0.3731110692024231,0.0269832703723691
tumor_071,val,0,Tumor,Tumor,0.9999990463256836,1.3419713095788988
tumor_072,val,0,Tumor,Tumor,1.0,1.9753086419753083
tumor_073,val,0,Tumor,Tumor,0.9999912977218628,0.1549053356282272
tumor_074,val,0,Tumor,Tumor,0.9999998807907104,0.1306457633445315
tumor_075,val,0,Tumor,Tumor,0.9994574189186096,1.4255383682135274
tumor_076,val,0,Tumor,Tumor,1.0,39.84681154257214
tumor_077,val,0,Tumor,Tumor,0.9974017143249512,0.1979805979014056
tumor_078,val,0,Tumor,Tumor,1.0,19.859961807765757
tumor_080,val,0,Tumor,Tumor,0.5324757099151611,0.0646725949878739
tumor_081,val,0,Tumor,Normal,0.014608192257583141,0.0
tumor_082,val,0,Tumor,Tumor,0.9953293800354004,8.661997788426097
tumor_083,val,0,Tumor,Tumor,0.9867836236953735,0.6153846153846154
tumor_084,val,0,Tumor,Tumor,0.9999598264694214,1.4640638864241349
tumor_085,val,0,Tumor,Tumor,1.0,15.891741845940318
tumor_086,val,0,Tumor,Normal,0.004317695740610361,0.028604118993135
tumor_087,val,0,Tumor,Normal,0.1898053139448166,0.0828271673108779
tumor_088,val,0,Tumor,Tumor,0.9999992847442627,3.5076795350767958
tumor_089,val,0,Tumor,Tumor,1.0,17.817324185248715
tumor_090,val,0,Tumor,Tumor,1.0,3.051126992853216
tumor_091,val,0,Tumor,Tumor,0.9999978542327881,3.3682634730538923
tumor_092,val,0,Tumor,Tumor,0.8325515389442444,0.1994813484939158
tumor_093,val,0,Tumor,Normal,0.017180483788251877,0.1205545509342977
tumor_094,val,0,Tumor,Tumor,0.815102219581604,1.1533107973752237
tumor_096,val,0,Tumor,Tumor,0.9361840486526489,0.6086266207991532
tumor_097,val,0,Tumor,Tumor,0.998251736164093,0.0172532781228433
tumor_098,val,0,Tumor,Normal,0.010976559482514858,0.0344827586206896
tumor_099,val,0,Tumor,Tumor,0.9999991655349731,0.3459409594095941
tumor_100,val,0,Tumor,Tumor,0.9720308780670166,0.1020929045431342
tumor_101,val,0,Tumor,Tumor,0.9999997615814209,5.8042605742513125
tumor_102,val,0,Tumor,Tumor,0.9999973773956299,3.227802413117459
tumor_103,val,0,Tumor,Normal,0.06673119962215424,0.078354554358472
tumor_104,val,0,Tumor,Tumor,0.9999997615814209,1.4397120575884823
tumor_106,val,0,Tumor,Tumor,0.999996542930603,0.975531744762514
tumor_107,val,0,Tumor,Tumor,0.9895708560943604,0.1149425287356321
tumor_108,val,0,Tumor,Tumor,0.999994158744812,0.9541397353031702
tumor_109,val,0,Tumor,Tumor,1.0,2.2341745966073643
test_001,val,0,Tumor,Tumor,0.999998927116394,2.2790697674418605
test_002,val,0,Tumor,Tumor,0.9998619556427002,1.0288653901114604
test_003,val,0,Normal,Normal,0.03638956695795059,0.0
test_004,val,0,Tumor,Normal,0.04096860811114311,0.0
test_005,val,0,Normal,Normal,0.041148051619529724,0.0
test_006,val,0,Normal,Tumor,0.7562693357467651,0.0
test_007,val,0,Normal,Tumor,0.5032312273979187,0.0
test_008,val,0,Tumor,Normal,0.39712268114089966,0.0152091254752851
test_009,val,0,Normal,Normal,0.11742142587900162,0.0
test_010,val,0,Tumor,Normal,0.18223804235458374,0.0220312844238819
test_011,val,0,Tumor,Normal,0.0018231666181236506,0.0
test_012,val,0,Normal,Normal,0.0034970829728990793,0.0
test_013,val,0,Tumor,Normal,0.03151801973581314,0.08130081300813
test_014,val,0,Normal,Normal,0.0027093144599348307,0.0
test_015,val,0,Normal,Normal,0.060847364366054535,0.0
test_016,val,0,Tumor,Tumor,1.0,10.554649265905384
test_017,val,0,Normal,Tumor,0.6742169857025146,0.0
test_018,val,0,Normal,Normal,0.01654398813843727,0.0
test_019,val,0,Normal,Normal,0.01623615249991417,0.0
test_020,val,0,Normal,Normal,0.24751117825508118,0.0
test_022,val,0,Normal,Normal,0.0188224446028471,0.0
test_023,val,0,Normal,Tumor,0.6934494376182556,0.0
test_025,val,0,Normal,Normal,0.42128026485443115,0.0
test_026,val,0,Tumor,Tumor,0.9999924898147583,4.99304105775922
test_028,val,0,Normal,Normal,0.004343920387327671,0.0
test_029,val,0,Tumor,Tumor,0.6261286735534668,0.0895656068069861
test_032,val,0,Normal,Normal,0.32738956809043884,0.0
test_033,val,0,Tumor,Normal,0.09591420739889145,0.0189089533894298
test_035,val,0,Normal,Normal,0.45290666818618774,0.0
test_036,val,0,Normal,Normal,0.0828811377286911,0.0
test_037,val,0,Normal,Normal,0.0038279620930552483,0.0
test_038,val,0,Tumor,Tumor,0.6797996759414673,0.2326483132997285
test_039,val,0,Normal,Normal,0.012563605792820454,0.0
test_040,val,0,Tumor,Tumor,1.0,20.407040704070408
test_041,val,0,Normal,Normal,0.005917036905884743,0.0
test_042,val,0,Normal,Normal,0.1794665902853012,0.0
test_043,val,0,Normal,Normal,0.015589859336614609,0.0
test_044,val,0,Normal,Normal,0.001416997634805739,0.0
test_045,val,0,Normal,Tumor,0.7528645396232605,0.0
test_046,val,0,Tumor,Normal,0.03202396631240845,0.0552181115405853
test_047,val,0,Normal,Normal,0.0025017333682626486,0.0
test_048,val,0,Tumor,Normal,0.11568375676870346,0.0978665100802505
test_050,val,0,Normal,Normal,0.11061583459377289,0.0
test_051,val,0,Tumor,Tumor,0.9999934434890747,3.020318506315212
test_053,val,0,Normal,Normal,0.21406549215316772,0.0
test_054,val,0,Normal,Normal,0.056980885565280914,0.0
test_055,val,0,Normal,Normal,0.011984596960246563,0.0
test_056,val,0,Normal,Normal,0.10459449142217636,0.0
test_058,val,0,Normal,Normal,0.00540849007666111,0.0
test_059,val,0,Normal,Normal,0.17118237912654877,0.0
test_060,val,0,Normal,Normal,0.00946985837072134,0.0
test_061,val,0,Tumor,Tumor,0.9999974966049194,0.6552262090483619
test_062,val,0,Normal,Normal,0.005874590016901493,0.0
test_063,val,0,Normal,Normal,0.0031195119954645634,0.0
test_064,val,0,Tumor,Tumor,0.9988800883293152,0.0720980533525594
test_065,val,0,Tumor,Normal,0.02793911285698414,0.1262626262626262
test_066,val,0,Tumor,Normal,0.020490290597081184,0.0517866390471258
test_067,val,0,Normal,Normal,0.019885392859578133,0.0
test_068,val,0,Tumor,Tumor,1.0,3.155339805825242
test_069,val,0,Tumor,Tumor,0.9988251328468323,0.2094789211835559
test_070,val,0,Normal,Normal,0.03314768895506859,0.0
test_072,val,0,Normal,Normal,0.02835456281900406,0.0
test_073,val,0,Tumor,Tumor,0.9999885559082031,13.865284974093264
test_074,val,0,Tumor,Tumor,0.9744362831115723,0.1355748373101952
test_075,val,0,Tumor,Tumor,1.0,3.189493433395872
test_076,val,0,Normal,Normal,0.4031241238117218,0.0
test_077,val,0,Normal,Normal,0.009041249752044678,0.0
test_078,val,0,Normal,Normal,0.005270160268992186,0.0
test_079,val,0,Tumor,Normal,0.16512535512447357,0.4285714285714285
test_080,val,0,Normal,Normal,0.007777135353535414,0.0
test_081,val,0,Normal,Normal,0.375244677066803,0.0
test_082,val,0,Tumor,Tumor,0.9999899864196777,1.7209729233593392
test_083,val,0,Normal,Tumor,0.6178340315818787,0.0
test_084,val,0,Tumor,Normal,0.01671658083796501,0.2335084646818447
test_085,val,0,Normal,Tumor,0.9077205657958984,0.0
test_086,val,0,Normal,Normal,0.028478682041168213,0.0
test_087,val,0,Normal,Normal,0.05279279500246048,0.0
test_088,val,0,Normal,Normal,0.0386408232152462,0.0
test_089,val,0,Normal,Normal,0.0006051749805919826,0.0
test_090,val,0,Tumor,Tumor,1.0,34.18817118127905
test_091,val,0,Normal,Tumor,0.7772985100746155,0.0
test_092,val,0,Tumor,Tumor,0.9997770190238953,0.2054895053574049
test_094,val,0,Tumor,Tumor,1.0,1.955614150736102
test_095,val,0,Normal,Normal,0.11780466884374619,0.0
test_096,val,0,Normal,Tumor,0.6792454123497009,0.0
test_099,val,0,Tumor,Normal,0.039576686918735504,0.0
test_100,val,0,Normal,Normal,0.005396461114287376,0.0
test_101,val,0,Normal,Normal,0.006336039397865534,0.0
test_102,val,0,Tumor,Tumor,0.9999737739562988,0.121334681496461
test_103,val,0,Normal,Normal,0.053608011454343796,0.0
test_104,val,0,Tumor,Tumor,0.9999967813491821,1.3926084627745046
test_105,val,0,Tumor,Tumor,1.0,68.18663838812301
test_106,val,0,Normal,Normal,0.043831415474414825,0.0
test_107,val,0,Normal,Normal,0.0917334109544754,0.0
test_108,val,0,Tumor,Tumor,0.9999996423721313,0.5213270142180095
test_109,val,0,Normal,Normal,0.012743346393108368,0.0
test_110,val,0,Tumor,Normal,0.006510595325380564,0.0
test_111,val,0,Normal,Normal,0.061768822371959686,0.0
test_113,val,0,Tumor,Tumor,1.0,24.304783092324804
test_114,val,0,Tumor,Tumor,1.0,32.49844752639205
test_115,val,0,Normal,Normal,0.0333176925778389,0.0
test_116,val,0,Tumor,Normal,0.007409948389977217,0.0
test_117,val,0,Tumor,Normal,0.015112506225705147,0.0
test_118,val,0,Normal,Normal,0.23186464607715607,0.0
test_119,val,0,Normal,Normal,0.006955214310437441,0.0
test_120,val,0,Normal,Normal,0.03852199763059616,0.0
test_121,val,0,Tumor,Tumor,0.999859094619751,0.5915100904662491
test_122,val,0,Tumor,Tumor,0.9993537068367004,0.2521613832853026
test_123,val,0,Normal,Tumor,0.659684419631958,0.0
test_124,val,0,Normal,Normal,0.05549706518650055,0.0
test_125,val,0,Normal,Normal,0.009703774005174637,0.0
test_126,val,0,Normal,Normal,0.17444933950901031,0.0
test_127,val,0,Normal,Normal,0.05298176035284996,0.0
test_128,val,0,Normal,Normal,0.006075828801840544,0.0
test_129,val,0,Normal,Normal,0.03320368379354477,0.0
test_130,val,0,Normal,Normal,0.07123010605573654,0.0
normal_001,val,1,Normal,Normal,0.02591855265200138,0.0
normal_002,val,1,Normal,Normal,1.3344411854632199e-05,0.0
normal_003,val,1,Normal,Normal,0.053632061928510666,0.0
normal_004,val,1,Normal,Normal,0.0026296675205230713,0.0
normal_006,val,1,Normal,Normal,0.014144971035420895,0.0
normal_007,val,1,Normal,Tumor,0.9669798016548157,0.0
normal_008,val,1,Normal,Normal,0.0001968157448573038,0.0
normal_009,val,1,Normal,Normal,0.09270823001861572,0.0
normal_010,val,1,Normal,Normal,0.06510429829359055,0.0
normal_011,val,1,Normal,Normal,0.2587983310222626,0.0
normal_012,val,1,Normal,Normal,0.07003374397754669,0.0
normal_013,val,1,Normal,Normal,0.0006533539853990078,0.0
normal_014,val,1,Normal,Normal,0.006919614039361477,0.0
normal_015,val,1,Normal,Normal,0.10029159486293793,0.0
normal_016,val,1,Normal,Normal,2.8732312784995884e-05,0.0
normal_017,val,1,Normal,Tumor,0.6995930671691895,0.0
normal_018,val,1,Normal,Normal,0.019549304619431496,0.0
normal_019,val,1,Normal,Normal,0.016581447795033455,0.0
normal_020,val,1,Normal,Normal,0.0003513769479468465,0.0
normal_021,val,1,Normal,Normal,0.0007874479051679373,0.0
normal_022,val,1,Normal,Normal,0.08207743614912033,0.0
normal_023,val,1,Normal,Normal,0.000316457764711231,0.0
normal_024,val,1,Normal,Normal,0.00020019242947455496,0.0
normal_025,val,1,Normal,Normal,0.11031334102153778,0.0
normal_026,val,1,Normal,Normal,0.0032606201712042093,0.0
normal_027,val,1,Normal,Normal,5.710416007786989e-05,0.0
normal_029,val,1,Normal,Normal,0.15589788556098938,0.0
normal_030,val,1,Normal,Normal,0.0002693240239750594,0.0
normal_031,val,1,Normal,Normal,0.008935108780860901,0.0
normal_032,val,1,Normal,Tumor,0.8906346559524536,0.0
normal_033,val,1,Normal,Normal,0.01291950698941946,0.0
normal_034,val,1,Normal,Tumor,0.5159607529640198,0.0
normal_036,val,1,Normal,Normal,0.17695726454257965,0.0
normal_037,val,1,Normal,Normal,0.008480430580675602,0.0
normal_038,val,1,Normal,Normal,7.719864515820518e-05,0.0
normal_039,val,1,Normal,Tumor,0.5028173923492432,0.0
normal_040,val,1,Normal,Normal,0.08692159503698349,0.0
normal_041,val,1,Normal,Normal,0.017702478915452957,0.0
normal_042,val,1,Normal,Normal,0.0008521605632267892,0.0
normal_043,val,1,Normal,Normal,0.0006186535465531051,0.0
normal_044,val,1,Normal,Normal,0.0005207477370277047,0.0
normal_045,val,1,Normal,Normal,2.2187225567904534e-06,0.0
normal_046,val,1,Normal,Tumor,0.9820127487182617,0.0
normal_047,val,1,Normal,Normal,0.2485698014497757,0.0
normal_048,val,1,Normal,Tumor,0.7746984362602234,0.0
normal_049,val,1,Normal,Normal,0.035235028713941574,0.0
normal_050,val,1,Normal,Normal,0.12599599361419678,0.0
normal_051,val,1,Normal,Normal,0.00227913330309093,0.0
normal_052,val,1,Normal,Normal,0.42656558752059937,0.0
normal_053,val,1,Normal,Tumor,0.827543318271637,0.0
normal_054,val,1,Normal,Normal,0.00911822821944952,0.0
normal_055,val,1,Normal,Normal,0.054647862911224365,0.0
normal_056,val,1,Normal,Normal,0.009291300550103188,0.0
normal_057,val,1,Normal,Normal,0.1663043349981308,0.0
normal_058,val,1,Normal,Normal,0.02876112423837185,0.0
normal_059,val,1,Normal,Normal,5.4735286539653316e-05,0.0
normal_060,val,1,Normal,Tumor,0.9531905651092529,0.0
normal_061,val,1,Normal,Normal,0.0220990851521492,0.0
normal_062,val,1,Normal,Normal,0.0180179625749588,0.0
normal_063,val,1,Normal,Tumor,0.7924888730049133,0.0
normal_064,val,1,Normal,Normal,0.2165757119655609,0.0
normal_065,val,1,Normal,Normal,0.03324199467897415,0.0
normal_066,val,1,Normal,Normal,0.022400323301553726,0.0
normal_067,val,1,Normal,Normal,0.001749773626215756,0.0
normal_068,val,1,Normal,Normal,0.01539580151438713,0.0
normal_069,val,1,Normal,Normal,0.008693115785717964,0.0
normal_070,val,1,Normal,Normal,0.12911845743656158,0.0
normal_071,val,1,Normal,Normal,0.007670896593481302,0.0
normal_072,val,1,Normal,Normal,0.00012032025551889092,0.0
normal_073,val,1,Normal,Normal,0.02761639468371868,0.0
normal_074,val,1,Normal,Normal,0.25337061285972595,0.0
normal_075,val,1,Normal,Normal,0.005303205456584692,0.0
normal_076,val,1,Normal,Normal,0.17610321938991547,0.0
normal_077,val,1,Normal,Normal,0.005835065618157387,0.0
normal_078,val,1,Normal,Normal,0.03896480053663254,0.0
normal_079,val,1,Normal,Normal,0.05010456591844559,0.0
normal_080,val,1,Normal,Normal,0.062212832272052765,0.0
normal_081,val,1,Normal,Normal,0.0004025787056889385,0.0
normal_082,val,1,Normal,Normal,0.06619095802307129,0.0
normal_083,val,1,Normal,Normal,0.2839506268501282,0.0
normal_084,val,1,Normal,Normal,0.003443534020334482,0.0
normal_085,val,1,Normal,Normal,0.008839798159897327,0.0
normal_087,val,1,Normal,Normal,0.28250035643577576,0.0
normal_088,val,1,Normal,Normal,0.3766346573829651,0.0
normal_089,val,1,Normal,Tumor,0.540660560131073,0.0
normal_091,val,1,Normal,Normal,0.0677991658449173,0.0
normal_092,val,1,Normal,Normal,0.0014127930626273155,0.0
normal_093,val,1,Normal,Normal,0.00047004796215333045,0.0
normal_094,val,1,Normal,Normal,0.001611029845662415,0.0
normal_096,val,1,Normal,Tumor,0.9750721454620361,0.0
normal_098,val,1,Normal,Tumor,0.718265950679779,0.0
normal_099,val,1,Normal,Normal,0.02457367070019245,0.0
normal_100,val,1,Normal,Normal,0.04779588803648949,0.0
normal_101,val,1,Normal,Normal,0.17081020772457123,0.0
normal_102,val,1,Normal,Normal,4.19113439420471e-06,0.0
normal_103,val,1,Normal,Normal,0.0015224548988044262,0.0
normal_104,val,1,Normal,Normal,0.00864792987704277,0.0
normal_105,val,1,Normal,Normal,0.044471513479948044,0.0
normal_106,val,1,Normal,Normal,0.06178249046206474,0.0
normal_107,val,1,Normal,Normal,0.18788857758045197,0.0
normal_108,val,1,Normal,Normal,0.0020325002260506153,0.0
normal_109,val,1,Normal,Normal,0.006352403666824102,0.0
normal_110,val,1,Normal,Normal,0.0019184520933777094,0.0
normal_111,val,1,Normal,Normal,0.07500661164522171,0.0
normal_112,val,1,Normal,Normal,0.3366735279560089,0.0
normal_113,val,1,Normal,Normal,0.1699848771095276,0.0
normal_114,val,1,Normal,Tumor,0.6057531833648682,0.0
normal_115,val,1,Normal,Normal,1.1535205885593314e-05,0.0
normal_116,val,1,Normal,Normal,0.05146854743361473,0.0
normal_117,val,1,Normal,Tumor,0.9991299510002136,0.0
normal_118,val,1,Normal,Normal,0.2259373962879181,0.0
normal_119,val,1,Normal,Normal,0.012578088790178299,0.0
normal_120,val,1,Normal,Normal,0.24015609920024872,0.0
normal_121,val,1,Normal,Normal,0.04002479836344719,0.0
normal_122,val,1,Normal,Normal,0.009557710960507393,0.0
normal_123,val,1,Normal,Normal,0.014192098751664162,0.0
normal_124,val,1,Normal,Normal,0.1422070562839508,0.0
normal_126,val,1,Normal,Normal,0.3805985152721405,0.0
normal_127,val,1,Normal,Normal,7.237605314003304e-05,0.0
normal_128,val,1,Normal,Normal,0.07381165027618408,0.0
normal_129,val,1,Normal,Normal,0.017521075904369354,0.0
normal_130,val,1,Normal,Normal,0.36440059542655945,0.0
normal_131,val,1,Normal,Normal,0.06035227328538895,0.0
normal_132,val,1,Normal,Normal,0.0007759490981698036,0.0
normal_133,val,1,Normal,Normal,0.0841461643576622,0.0
normal_134,val,1,Normal,Normal,5.084624262963189e-06,0.0
normal_135,val,1,Normal,Normal,0.18338191509246826,0.0
normal_136,val,1,Normal,Normal,0.06081148982048035,0.0
normal_137,val,1,Normal,Normal,0.43987661600112915,0.0
normal_138,val,1,Normal,Normal,5.337229958968237e-05,0.0
normal_139,val,1,Normal,Normal,0.001847455045208335,0.0
normal_140,val,1,Normal,Normal,0.0017836169572547078,0.0
normal_141,val,1,Normal,Normal,0.00012895127292722464,0.0
normal_142,val,1,Normal,Normal,0.04394454509019852,0.0
normal_143,val,1,Normal,Normal,0.47942590713500977,0.0
normal_144,val,1,Normal,Tumor,0.9649850130081177,0.0
normal_145,val,1,Normal,Normal,0.03730855882167816,0.0
normal_146,val,1,Normal,Normal,0.09353885054588318,0.0
normal_147,val,1,Normal,Normal,0.05662664398550987,0.0
normal_148,val,1,Normal,Normal,0.01002616249024868,0.0
normal_149,val,1,Normal,Normal,0.09842660278081894,0.0
normal_150,val,1,Normal,Normal,0.02202640101313591,0.0
normal_151,val,1,Normal,Tumor,0.8132440447807312,0.0
normal_152,val,1,Normal,Normal,0.025708088651299477,0.0
normal_153,val,1,Normal,Tumor,0.629047691822052,0.0
normal_154,val,1,Normal,Normal,0.26683464646339417,0.0
normal_155,val,1,Normal,Normal,0.24880875647068024,0.0
normal_156,val,1,Normal,Normal,0.08122050017118454,0.0
normal_157,val,1,Normal,Tumor,0.6680500507354736,0.0
normal_158,val,1,Normal,Normal,0.012844759970903397,0.0
normal_159,val,1,Normal,Normal,0.03217700123786926,0.0
normal_160,val,1,Normal,Normal,0.14560532569885254,0.0
tumor_001,val,1,Tumor,Tumor,0.9948413968086243,0.1692307692307692
tumor_002,val,1,Tumor,Normal,0.0497523657977581,0.0375798571965426
tumor_003,val,1,Tumor,Tumor,0.9945665597915649,0.2224340641881156
tumor_004,val,1,Tumor,Normal,0.06890781968832016,0.667302192564347
tumor_006,val,1,Tumor,Normal,0.3028523921966553,0.0356760613628255
tumor_007,val,1,Tumor,Tumor,0.9537603855133057,0.1017639077340569
tumor_008,val,1,Tumor,Tumor,0.611814558506012,0.0
tumor_009,val,1,Tumor,Tumor,1.0,16.618437370814387
tumor_010,val,1,Tumor,Normal,0.2620556354522705,0.0
tumor_011,val,1,Tumor,Tumor,0.9999997615814209,4.91358024691358
tumor_012,val,1,Tumor,Normal,0.05148416385054588,0.0544959128065395
tumor_013,val,1,Tumor,Tumor,0.7119861841201782,0.3076923076923077
tumor_014,val,1,Tumor,Tumor,0.9999240636825562,1.6724053123462863
tumor_015,val,1,Tumor,Tumor,0.9999995231628418,0.1716604244694132
tumor_016,val,1,Tumor,Tumor,0.9999998807907104,9.478970495919649
tumor_017,val,1,Tumor,Normal,0.018757270649075508,0.0
tumor_018,val,1,Tumor,Tumor,1.0,0.9770603228547152
tumor_019,val,1,Tumor,Tumor,0.9996458292007446,0.2582311168495804
tumor_020,val,1,Tumor,Tumor,1.0,1.3857218031924223
tumor_021,val,1,Tumor,Tumor,0.9999805688858032,0.630297761356227
tumor_022,val,1,Tumor,Tumor,0.9998679161071777,0.0998253057149987
tumor_023,val,1,Tumor,Tumor,0.9931360483169556,0.05
tumor_024,val,1,Tumor,Tumor,0.5092031359672546,0.0239520958083832
tumor_025,val,1,Tumor,Tumor,0.9999973773956299,2.24848659556068
tumor_026,val,1,Tumor,Tumor,0.9999992847442627,10.99199542595769
tumor_027,val,1,Tumor,Tumor,0.7480849027633667,0.0447127207690588
tumor_028,val,1,Tumor,Tumor,0.5533511638641357,0.0347101700798333
tumor_029,val,1,Tumor,Tumor,0.9999934434890747,0.9448515233320478
tumor_030,val,1,Tumor,Normal,0.01574762351810932,0.0
tumor_031,val,1,Tumor,Tumor,0.9999998807907104,8.194343727338651
tumor_033,val,1,Tumor,Tumor,1.0,1.970350910114468
tumor_034,val,1,Tumor,Tumor,1.0,4.166666666666667
tumor_035,val,1,Tumor,Normal,0.03146319463849068,0.0507614213197969
tumor_036,val,1,Tumor,Tumor,0.9998854398727417,1.5802269043760129
tumor_037,val,1,Tumor,Tumor,0.9999969005584717,0.5393180236604036
tumor_038,val,1,Tumor,Tumor,1.0,3.099510603588907
tumor_039,val,1,Tumor,Tumor,1.0,5.697674418604652
tumor_040,val,1,Tumor,Tumor,0.5204493999481201,0.0212675457252233
tumor_042,val,1,Tumor,Tumor,0.9999465942382812,0.8340113913751017
tumor_043,val,1,Tumor,Normal,0.13939696550369263,0.0
tumor_044,val,1,Tumor,Tumor,1.0,27.64403570462537
tumor_045,val,1,Tumor,Tumor,0.9999250173568726,0.2795899347623485
tumor_046,val,1,Tumor,Tumor,1.0,14.24847958297133
tumor_047,val,1,Tumor,Tumor,1.0,13.118527042577677
tumor_048,val,1,Tumor,Normal,0.2577975392341614,0.037821482602118
tumor_049,val,1,Tumor,Normal,0.014681503176689148,0.0899820035992801
tumor_050,val,1,Tumor,Normal,0.2881295680999756,0.155902004454343
tumor_052,val,1,Tumor,Tumor,0.9999983310699463,1.4260768335273577
tumor_053,val,1,Tumor,Tumor,0.8303198218345642,0.0315059861373661
tumor_054,val,1,Tumor,Tumor,0.9999920129776001,24.94393651888908
tumor_055,val,1,Tumor,Tumor,1.0,11.261816687217427
tumor_056,val,1,Tumor,Tumor,0.9999932050704956,0.8527131782945736
tumor_057,val,1,Tumor,Normal,0.0765928253531456,0.0851788756388415
tumor_058,val,1,Tumor,Tumor,1.0,21.57115260785576
tumor_059,val,1,Tumor,Normal,0.3093089461326599,0.0873362445414847
tumor_060,val,1,Tumor,Normal,0.3291087746620178,0.0
tumor_061,val,1,Tumor,Tumor,0.999988317489624,2.5535207634769157
tumor_062,val,1,Tumor,Tumor,1.0,0.8601553829078802
tumor_063,val,1,Tumor,Normal,0.2021433413028717,0.0132643586682583
tumor_064,val,1,Tumor,Tumor,0.9999935626983643,4.073383084577115
tumor_065,val,1,Tumor,Normal,0.4973098635673523,0.0973709834469328
tumor_066,val,1,Tumor,Normal,0.016738995909690857,0.0
tumor_067,val,1,Tumor,Tumor,0.7661107778549194,0.0
tumor_069,val,1,Tumor,Tumor,0.5939938426017761,0.2581477896095515
tumor_070,val,1,Tumor,Normal,0.012892123311758041,0.0269832703723691
tumor_071,val,1,Tumor,Tumor,1.0,1.3419713095788988
tumor_072,val,1,Tumor,Tumor,1.0,1.9753086419753083
tumor_073,val,1,Tumor,Tumor,1.0,0.1549053356282272
tumor_074,val,1,Tumor,Tumor,0.9999998807907104,0.1306457633445315
tumor_075,val,1,Tumor,Tumor,0.9999179840087891,1.4255383682135274
tumor_076,val,1,Tumor,Tumor,1.0,39.84681154257214
tumor_077,val,1,Tumor,Tumor,0.9999769926071167,0.1979805979014056
tumor_078,val,1,Tumor,Tumor,1.0,19.859961807765757
tumor_079,val,1,Tumor,Tumor,1.0,0.4898359049718344
tumor_080,val,1,Tumor,Tumor,0.6504113674163818,0.0646725949878739
tumor_081,val,1,Tumor,Normal,0.45740512013435364,0.0
tumor_083,val,1,Tumor,Tumor,0.9997001886367798,0.6153846153846154
tumor_085,val,1,Tumor,Tumor,1.0,15.891741845940318
tumor_086,val,1,Tumor,Normal,0.013769419863820076,0.028604118993135
tumor_087,val,1,Tumor,Tumor,0.9672926068305969,0.0828271673108779
tumor_088,val,1,Tumor,Tumor,1.0,3.5076795350767958
tumor_089,val,1,Tumor,Tumor,1.0,17.817324185248715
tumor_090,val,1,Tumor,Tumor,1.0,3.051126992853216
tumor_091,val,1,Tumor,Tumor,1.0,3.3682634730538923
tumor_092,val,1,Tumor,Tumor,0.9671947956085205,0.1994813484939158
tumor_093,val,1,Tumor,Normal,0.39562687277793884,0.1205545509342977
tumor_095,val,1,Tumor,Tumor,1.0,9.094804499196572
tumor_097,val,1,Tumor,Tumor,0.9230061769485474,0.0172532781228433
tumor_098,val,1,Tumor,Normal,0.02480247989296913,0.0344827586206896
tumor_099,val,1,Tumor,Tumor,1.0,0.3459409594095941
tumor_100,val,1,Tumor,Tumor,0.9999995231628418,0.1020929045431342
tumor_101,val,1,Tumor,Tumor,1.0,5.8042605742513125
tumor_102,val,1,Tumor,Tumor,1.0,3.227802413117459
tumor_103,val,1,Tumor,Tumor,0.5289943218231201,0.078354554358472
tumor_104,val,1,Tumor,Tumor,1.0,1.4397120575884823
tumor_105,val,1,Tumor,Tumor,0.9999957084655762,1.9146482122260668
tumor_106,val,1,Tumor,Tumor,1.0,0.975531744762514
tumor_107,val,1,Tumor,Tumor,0.9999356269836426,0.1149425287356321
tumor_108,val,1,Tumor,Tumor,0.9999996423721313,0.9541397353031702
tumor_109,val,1,Tumor,Tumor,1.0,2.2341745966073643
tumor_111,val,1,Tumor,Tumor,0.9996235370635986,0.2079482439926062
test_001,val,1,Tumor,Tumor,1.0,2.2790697674418605
test_002,val,1,Tumor,Tumor,0.9997530579566956,1.0288653901114604
test_003,val,1,Normal,Normal,0.01102584507316351,0.0
test_004,val,1,Tumor,Normal,0.0755440965294838,0.0
test_005,val,1,Normal,Normal,0.0063753859139978886,0.0
test_006,val,1,Normal,Tumor,0.80223149061203,0.0
test_007,val,1,Normal,Normal,0.023833632469177246,0.0
test_008,val,1,Tumor,Tumor,0.7665868997573853,0.0152091254752851
test_009,val,1,Normal,Normal,0.0007798828301019967,0.0
test_010,val,1,Tumor,Tumor,0.7757482528686523,0.0220312844238819
test_011,val,1,Tumor,Normal,0.0006341003463603556,0.0
test_012,val,1,Normal,Normal,0.0010185324354097247,0.0
test_014,val,1,Normal,Normal,0.016907745972275734,0.0
test_015,val,1,Normal,Normal,0.3517232835292816,0.0
test_016,val,1,Tumor,Tumor,1.0,10.554649265905384
test_017,val,1,Normal,Normal,0.1648559868335724,0.0
test_018,val,1,Normal,Normal,0.006060385145246983,0.0
test_020,val,1,Normal,Normal,0.4518061876296997,0.0
test_021,val,1,Tumor,Tumor,1.0,52.2167487684729
test_022,val,1,Normal,Normal,0.24097980558872223,0.0
test_023,val,1,Normal,Tumor,0.8273114562034607,0.0
test_024,val,1,Normal,Normal,0.0691225677728653,0.0
test_026,val,1,Tumor,Tumor,0.9999953508377075,4.99304105775922
test_028,val,1,Normal,Normal,0.0553094819188118,0.0
test_029,val,1,Tumor,Normal,0.04460299760103226,0.0895656068069861
test_030,val,1,Tumor,Tumor,0.9851539134979248,0.2566923359002567
test_031,val,1,Normal,Normal,0.24905741214752197,0.0
test_032,val,1,Normal,Normal,0.13188502192497253,0.0
test_033,val,1,Tumor,Tumor,0.6328035593032837,0.0189089533894298
test_034,val,1,Normal,Normal,0.0017688358202576637,0.0
test_035,val,1,Normal,Normal,0.42471835017204285,0.0
test_036,val,1,Normal,Normal,0.020542914047837257,0.0
test_037,val,1,Normal,Normal,0.0024715859908610582,0.0
test_039,val,1,Normal,Normal,8.379531209357083e-05,0.0
test_040,val,1,Tumor,Tumor,1.0,20.407040704070408
test_041,val,1,Normal,Normal,0.04490499198436737,0.0
test_042,val,1,Normal,Tumor,0.6891949772834778,0.0
test_043,val,1,Normal,Normal,0.028563925996422768,0.0
test_044,val,1,Normal,Normal,0.041899196803569794,0.0
test_045,val,1,Normal,Tumor,0.9083835482597351,0.0
test_046,val,1,Tumor,Tumor,0.6511423587799072,0.0552181115405853
test_047,val,1,Normal,Normal,0.049812279641628265,0.0
test_048,val,1,Tumor,Tumor,0.9341148138046265,0.0978665100802505
test_050,val,1,Normal,Normal,0.1923653483390808,0.0
test_051,val,1,Tumor,Tumor,0.9999963045120239,3.020318506315212
test_052,val,1,Tumor,Normal,0.06659111380577087,0.0487567040468064
test_053,val,1,Normal,Normal,0.07726026326417923,0.0
test_054,val,1,Normal,Normal,0.018492048606276512,0.0
test_055,val,1,Normal,Normal,0.0029297086875885725,0.0
test_057,val,1,Normal,Normal,0.01729259081184864,0.0
test_058,val,1,Normal,Normal,0.32471567392349243,0.0
test_059,val,1,Normal,Normal,0.03334292396903038,0.0
test_060,val,1,Normal,Normal,0.0008405356202274561,0.0
test_061,val,1,Tumor,Tumor,0.9999986886978149,0.6552262090483619
test_062,val,1,Normal,Normal,0.1635206788778305,0.0
test_063,val,1,Normal,Normal,0.028790844604372978,0.0
test_065,val,1,Tumor,Normal,0.00032434030435979366,0.1262626262626262
test_066,val,1,Tumor,Normal,0.3434222936630249,0.0517866390471258
test_067,val,1,Normal,Normal,0.0690888836979866,0.0
test_068,val,1,Tumor,Tumor,1.0,3.155339805825242
test_069,val,1,Tumor,Tumor,0.9999932050704956,0.2094789211835559
test_070,val,1,Normal,Normal,0.002854034537449479,0.0
test_071,val,1,Tumor,Tumor,1.0,4.893403920446416
test_072,val,1,Normal,Normal,0.0005149887874722481,0.0
test_073,val,1,Tumor,Tumor,0.9999998807907104,13.865284974093264
test_074,val,1,Tumor,Tumor,0.9348006248474121,0.1355748373101952
test_076,val,1,Normal,Normal,0.3143817186355591,0.0
test_077,val,1,Normal,Normal,0.41775354743003845,0.0
test_078,val,1,Normal,Normal,0.0038264242466539145,0.0
test_079,val,1,Tumor,Tumor,0.9526308178901672,0.4285714285714285
test_080,val,1,Normal,Normal,0.018556790426373482,0.0
test_082,val,1,Tumor,Tumor,0.9999746084213257,1.7209729233593392
test_083,val,1,Normal,Tumor,0.72763991355896,0.0
test_084,val,1,Tumor,Normal,0.34363341331481934,0.2335084646818447
test_085,val,1,Normal,Normal,0.31225675344467163,0.0
test_086,val,1,Normal,Tumor,0.6145132184028625,0.0
test_087,val,1,Normal,Normal,0.040203794836997986,0.0
test_088,val,1,Normal,Normal,0.010618756525218487,0.0
test_090,val,1,Tumor,Tumor,1.0,34.18817118127905
test_092,val,1,Tumor,Tumor,1.0,0.2054895053574049
test_093,val,1,Normal,Normal,0.07703480869531631,0.0
test_094,val,1,Tumor,Tumor,1.0,1.955614150736102
test_095,val,1,Normal,Normal,0.48298534750938416,0.0
test_096,val,1,Normal,Tumor,0.8338146209716797,0.0
test_097,val,1,Tumor,Normal,0.20027825236320496,0.0
test_098,val,1,Normal,Normal,0.2538187503814697,0.0
test_099,val,1,Tumor,Normal,0.21339310705661774,0.0
test_100,val,1,Normal,Normal,0.015170970000326633,0.0
test_101,val,1,Normal,Normal,0.012154352851212025,0.0
test_102,val,1,Tumor,Tumor,0.9999899864196777,0.121334681496461
test_103,val,1,Normal,Normal,0.008355971425771713,0.0
test_104,val,1,Tumor,Tumor,0.9999998807907104,1.3926084627745046
test_105,val,1,Tumor,Tumor,1.0,68.18663838812301
test_106,val,1,Normal,Normal,0.00241673132404685,0.0
test_107,val,1,Normal,Normal,0.00578312948346138,0.0
test_108,val,1,Tumor,Tumor,0.9999699592590332,0.5213270142180095
test_109,val,1,Normal,Normal,0.007643801160156727,0.0
test_110,val,1,Tumor,Normal,0.29014432430267334,0.0
test_111,val,1,Normal,Normal,1.1047842463085544e-06,0.0
test_112,val,1,Normal,Tumor,0.5396981835365295,0.0
test_113,val,1,Tumor,Tumor,1.0,24.304783092324804
test_114,val,1,Tumor,Tumor,1.0,32.49844752639205
test_115,val,1,Normal,Normal,0.006472253706306219,0.0
test_116,val,1,Tumor,Normal,0.033925145864486694,0.0
test_117,val,1,Tumor,Normal,0.04316628351807594,0.0
test_118,val,1,Normal,Normal,0.029394179582595825,0.0
test_119,val,1,Normal,Normal,0.0006977235316298902,0.0
test_120,val,1,Normal,Normal,0.23510921001434326,0.0
test_121,val,1,Tumor,Tumor,0.9999377727508545,0.5915100904662491
test_124,val,1,Normal,Normal,0.013312220573425293,0.0
test_126,val,1,Normal,Normal,0.4109528362751007,0.0
test_127,val,1,Normal,Normal,0.33174777030944824,0.0
test_129,val,1,Normal,Normal,0.003700796514749527,0.0
test_130,val,1,Normal,Normal,0.00951225496828556,0.0
normal_001,val,2,Normal,Normal,0.020646221935749054,0.0
normal_002,val,2,Normal,Normal,0.0009728085715323687,0.0
normal_003,val,2,Normal,Normal,0.014406182803213596,0.0
normal_004,val,2,Normal,Normal,0.03320789709687233,0.0
normal_005,val,2,Normal,Normal,0.00516804214566946,0.0
normal_006,val,2,Normal,Tumor,0.5031046271324158,0.0
normal_007,val,2,Normal,Tumor,0.9268984198570251,0.0
normal_008,val,2,Normal,Normal,0.03357970714569092,0.0
normal_009,val,2,Normal,Normal,0.11760389059782028,0.0
normal_010,val,2,Normal,Normal,0.17838658392429352,0.0
normal_012,val,2,Normal,Normal,0.02891995944082737,0.0
normal_013,val,2,Normal,Normal,0.0064691295847296715,0.0
normal_014,val,2,Normal,Normal,0.008065019734203815,0.0
normal_015,val,2,Normal,Tumor,0.5825332403182983,0.0
normal_016,val,2,Normal,Normal,0.05111376568675041,0.0
normal_017,val,2,Normal,Normal,0.05598539113998413,0.0
normal_018,val,2,Normal,Normal,0.006973945535719395,0.0
normal_019,val,2,Normal,Normal,0.005952293984591961,0.0
normal_020,val,2,Normal,Normal,0.004667321685701609,0.0
normal_021,val,2,Normal,Normal,0.014475581236183643,0.0
normal_022,val,2,Normal,Tumor,0.8142353296279907,0.0
normal_023,val,2,Normal,Normal,0.0029742491897195578,0.0
normal_024,val,2,Normal,Normal,0.024350076913833618,0.0
normal_026,val,2,Normal,Normal,0.03703988716006279,0.0
normal_027,val,2,Normal,Normal,0.00029672219534404576,0.0
normal_028,val,2,Normal,Normal,0.0649176687002182,0.0
normal_029,val,2,Normal,Tumor,0.5042921304702759,0.0
normal_030,val,2,Normal,Normal,0.010575557127594948,0.0
normal_031,val,2,Normal,Normal,0.14474733173847198,0.0
normal_032,val,2,Normal,Normal,0.1684832125902176,0.0
normal_033,val,2,Normal,Normal,0.004508615471422672,0.0
normal_034,val,2,Normal,Normal,0.4107327163219452,0.0
normal_035,val,2,Normal,Tumor,0.9205535650253296,0.0
normal_037,val,2,Normal,Normal,0.0534595251083374,0.0
normal_038,val,2,Normal,Normal,0.0030453132931143045,0.0
normal_039,val,2,Normal,Normal,0.3855702877044678,0.0
normal_040,val,2,Normal,Normal,0.061837635934352875,0.0
normal_041,val,2,Normal,Normal,0.03130009025335312,0.0
normal_043,val,2,Normal,Tumor,0.5498629808425903,0.0
normal_044,val,2,Normal,Normal,0.024020150303840637,0.0
normal_045,val,2,Normal,Normal,0.0005530104972422123,0.0
normal_046,val,2,Normal,Tumor,0.9792320728302002,0.0
normal_047,val,2,Normal,Normal,0.13723307847976685,0.0
normal_048,val,2,Normal,Tumor,0.7945098280906677,0.0
normal_049,val,2,Normal,Normal,0.1693187952041626,0.0
normal_050,val,2,Normal,Normal,0.02139037661254406,0.0
normal_051,val,2,Normal,Normal,0.10611411929130554,0.0
normal_052,val,2,Normal,Normal,0.259236216545105,0.0
normal_053,val,2,Normal,Tumor,0.7001498937606812,0.0
normal_056,val,2,Normal,Normal,0.004194012843072414,0.0
normal_057,val,2,Normal,Normal,0.039582572877407074,0.0
normal_058,val,2,Normal,Normal,0.005690707825124264,0.0
normal_059,val,2,Normal,Normal,0.00023332885757554322,0.0
normal_060,val,2,Normal,Normal,0.4010274112224579,0.0
normal_061,val,2,Normal,Normal,0.007664198987185955,0.0
normal_062,val,2,Normal,Normal,0.004391512833535671,0.0
normal_063,val,2,Normal,Normal,0.2918601632118225,0.0
normal_064,val,2,Normal,Normal,0.4219026565551758,0.0
normal_065,val,2,Normal,Normal,0.0051651606336236,0.0
normal_066,val,2,Normal,Normal,0.01920364610850811,0.0
normal_067,val,2,Normal,Normal,0.011539983563125134,0.0
normal_068,val,2,Normal,Normal,0.24677275121212006,0.0
normal_069,val,2,Normal,Normal,0.0031880142632871866,0.0
normal_070,val,2,Normal,Normal,0.019975965842604637,0.0
normal_071,val,2,Normal,Normal,0.009712301194667816,0.0
normal_072,val,2,Normal,Normal,0.005610269960016012,0.0
normal_073,val,2,Normal,Normal,0.011769870296120644,0.0
normal_074,val,2,Normal,Normal,0.060486942529678345,0.0
normal_075,val,2,Normal,Normal,0.0021930888760834932,0.0
normal_076,val,2,Normal,Normal,0.013612931594252586,0.0
normal_077,val,2,Normal,Normal,0.020661458373069763,0.0
normal_078,val,2,Normal,Normal,0.011617083102464676,0.0
normal_079,val,2,Normal,Normal,0.21702298521995544,0.0
normal_080,val,2,Normal,Normal,0.017134537920355797,0.0
normal_081,val,2,Normal,Normal,0.0029894530307501554,0.0
normal_082,val,2,Normal,Normal,0.017101798206567764,0.0
normal_083,val,2,Normal,Normal,0.41611456871032715,0.0
normal_084,val,2,Normal,Normal,0.007944443263113499,0.0
normal_087,val,2,Normal,Normal,0.07173529267311096,0.0
normal_088,val,2,Normal,Normal,0.04114020988345146,0.0
normal_089,val,2,Normal,Normal,0.08321808278560638,0.0
normal_090,val,2,Normal,Normal,0.030347099527716637,0.0
normal_091,val,2,Normal,Normal,0.007300057914108038,0.0
normal_092,val,2,Normal,Normal,0.006647860165685415,0.0
normal_093,val,2,Normal,Normal,0.013277322985231876,0.0
normal_094,val,2,Normal,Normal,0.0951208621263504,0.0
normal_095,val,2,Normal,Normal,0.007563348859548569,0.0
normal_096,val,2,Normal,Tumor,0.8788589239120483,0.0
normal_097,val,2,Normal,Normal,0.01758747547864914,0.0
normal_098,val,2,Normal,Normal,0.09790673106908798,0.0
normal_099,val,2,Normal,Normal,0.00483575789257884,0.0
normal_100,val,2,Normal,Normal,0.013037781231105328,0.0
normal_101,val,2,Normal,Normal,0.007884860038757324,0.0
normal_102,val,2,Normal,Normal,0.0017975252121686935,0.0
normal_103,val,2,Normal,Normal,0.02304167114198208,0.0
normal_104,val,2,Normal,Normal,0.021912189200520515,0.0
normal_105,val,2,Normal,Normal,0.02536294423043728,0.0
normal_106,val,2,Normal,Normal,0.009822187013924122,0.0
normal_107,val,2,Normal,Normal,0.022687962278723717,0.0
normal_108,val,2,Normal,Normal,0.006805561948567629,0.0
normal_109,val,2,Normal,Normal,0.007869339548051357,0.0
normal_110,val,2,Normal,Normal,0.012135360389947891,0.0
normal_111,val,2,Normal,Normal,0.016662586480379105,0.0
normal_112,val,2,Normal,Normal,0.043754901736974716,0.0
normal_113,val,2,Normal,Normal,0.038356583565473557,0.0
normal_115,val,2,Normal,Normal,0.12014301866292953,0.0
normal_116,val,2,Normal,Normal,0.02932436391711235,0.0
normal_117,val,2,Normal,Tumor,0.9715843796730042,0.0
normal_118,val,2,Normal,Normal,0.06510287523269653,0.0
normal_119,val,2,Normal,Normal,0.01113665010780096,0.0
normal_121,val,2,Normal,Normal,0.02631579339504242,0.0
normal_122,val,2,Normal,Normal,0.003333909669891,0.0
normal_123,val,2,Normal,Normal,0.09245800226926804,0.0
normal_124,val,2,Normal,Normal,0.23626720905303955,0.0
normal_125,val,2,Normal,Tumor,0.9534918665885925,0.0
normal_126,val,2,Normal,Normal,0.016874441877007484,0.0
normal_127,val,2,Normal,Normal,0.0014387845294550061,0.0
normal_128,val,2,Normal,Normal,0.015059750527143478,0.0
normal_129,val,2,Normal,Normal,0.06650903820991516,0.0
normal_130,val,2,Normal,Normal,0.04273371398448944,0.0
normal_131,val,2,Normal,Normal,0.023484058678150177,0.0
normal_132,val,2,Normal,Normal,0.012237977236509323,0.0
normal_133,val,2,Normal,Normal,0.040904704481363297,0.0
normal_134,val,2,Normal,Normal,0.0002882723056245595,0.0
normal_135,val,2,Normal,Normal,0.03643474355340004,0.0
normal_136,val,2,Normal,Normal,0.04451260715723038,0.0
normal_137,val,2,Normal,Tumor,0.5455799698829651,0.0
normal_138,val,2,Normal,Normal,0.0005458512459881604,0.0
normal_139,val,2,Normal,Normal,0.011022180318832397,0.0
normal_140,val,2,Normal,Normal,0.007948368787765503,0.0
normal_141,val,2,Normal,Normal,0.02930980548262596,0.0
normal_142,val,2,Normal,Normal,0.04311959072947502,0.0
normal_143,val,2,Normal,Normal,0.0680987685918808,0.0
normal_144,val,2,Normal,Tumor,0.7727969288825989,0.0
normal_145,val,2,Normal,Normal,0.08179380744695663,0.0
normal_146,val,2,Normal,Normal,0.013404750265181065,0.0
normal_147,val,2,Normal,Normal,0.010124866850674152,0.0
normal_148,val,2,Normal,Normal,0.02223326452076435,0.0
normal_149,val,2,Normal,Normal,0.040263209491968155,0.0
normal_150,val,2,Normal,Normal,0.007349923253059387,0.0
normal_151,val,2,Normal,Normal,0.39780259132385254,0.0
normal_152,val,2,Normal,Normal,0.04720229655504227,0.0
normal_153,val,2,Normal,Normal,0.0979282557964325,0.0
normal_154,val,2,Normal,Normal,0.03437619283795357,0.0
normal_156,val,2,Normal,Normal,0.02800644561648369,0.0
normal_157,val,2,Normal,Normal,0.061487335711717606,0.0
normal_160,val,2,Normal,Normal,0.027853472158312798,0.0
tumor_001,val,2,Tumor,Tumor,0.9994509816169739,0.1692307692307692
tumor_003,val,2,Tumor,Tumor,0.8514937162399292,0.2224340641881156
tumor_004,val,2,Tumor,Normal,0.03527287393808365,0.667302192564347
tumor_005,val,2,Tumor,Tumor,0.7818063497543335,0.2349256068911511
tumor_006,val,2,Tumor,Normal,0.023255350068211555,0.0356760613628255
tumor_007,val,2,Tumor,Normal,0.2119372934103012,0.1017639077340569
tumor_008,val,2,Tumor,Normal,0.36473602056503296,0.0
tumor_009,val,2,Tumor,Tumor,0.9999998807907104,16.618437370814387
tumor_010,val,2,Tumor,Normal,0.147763192653656,0.0
tumor_011,val,2,Tumor,Tumor,0.9999994039535522,4.91358024691358
tumor_012,val,2,Tumor,Normal,0.003385468851774931,0.0544959128065395
tumor_013,val,2,Tumor,Tumor,0.6644929051399231,0.3076923076923077
tumor_014,val,2,Tumor,Tumor,0.9988973140716553,1.6724053123462863
tumor_015,val,2,Tumor,Tumor,0.9998007416725159,0.1716604244694132
tumor_017,val,2,Tumor,Normal,0.015599534846842289,0.0
tumor_018,val,2,Tumor,Tumor,0.9999992847442627,0.9770603228547152
tumor_019,val,2,Tumor,Tumor,0.9970232844352722,0.2582311168495804
tumor_020,val,2,Tumor,Tumor,1.0,1.3857218031924223
tumor_022,val,2,Tumor,Tumor,0.9984068274497986,0.0998253057149987
tumor_023,val,2,Tumor,Tumor,0.9201731085777283,0.05
tumor_024,val,2,Tumor,Normal,0.05095566809177399,0.0239520958083832
tumor_025,val,2,Tumor,Tumor,0.9999939203262329,2.24848659556068
tumor_026,val,2,Tumor,Tumor,0.9999992847442627,10.99199542595769
tumor_027,val,2,Tumor,Normal,0.2388470619916916,0.0447127207690588
tumor_028,val,2,Tumor,Normal,0.4273761808872223,0.0347101700798333
tumor_029,val,2,Tumor,Tumor,0.9999978542327881,0.9448515233320478
tumor_030,val,2,Tumor,Normal,0.004915074910968542,0.0
tumor_031,val,2,Tumor,Tumor,0.9999994039535522,8.194343727338651
tumor_032,val,2,Tumor,Tumor,0.7768065333366394,0.0844059928254906
tumor_034,val,2,Tumor,Tumor,0.9999995231628418,4.166666666666667
tumor_035,val,2,Tumor,Normal,0.16405870020389557,0.0507614213197969
tumor_036,val,2,Tumor,Tumor,0.9997019171714783,1.5802269043760129
tumor_038,val,2,Tumor,Tumor,1.0,3.099510603588907
tumor_039,val,2,Tumor,Tumor,1.0,5.697674418604652
tumor_040,val,2,Tumor,Normal,0.4091375768184662,0.0212675457252233
tumor_041,val,2,Tumor,Normal,0.4533904194831848,0.045526974732529
tumor_042,val,2,Tumor,Tumor,0.9996402263641357,0.8340113913751017
tumor_043,val,2,Tumor,Normal,0.02000526152551174,0.0
tumor_044,val,2,Tumor,Tumor,0.9999998807907104,27.64403570462537
tumor_045,val,2,Tumor,Tumor,0.9724608659744263,0.2795899347623485
tumor_046,val,2,Tumor,Tumor,1.0,14.24847958297133
tumor_047,val,2,Tumor,Tumor,1.0,13.118527042577677
tumor_048,val,2,Tumor,Normal,0.4209507703781128,0.037821482602118
tumor_049,val,2,Tumor,Normal,0.020300446078181267,0.0899820035992801
tumor_050,val,2,Tumor,Normal,0.23652984201908112,0.155902004454343
tumor_051,val,2,Tumor,Tumor,0.9999970197677612,1.7123954076668613
tumor_052,val,2,Tumor,Tumor,0.9999693632125854,1.4260768335273577
tumor_054,val,2,Tumor,Tumor,0.9999948740005493,24.94393651888908
tumor_055,val,2,Tumor,Tumor,0.9999997615814209,11.261816687217427
tumor_056,val,2,Tumor,Tumor,0.999957799911499,0.8527131782945736
tumor_057,val,2,Tumor,Normal,0.03488223999738693,0.0851788756388415
tumor_058,val,2,Tumor,Tumor,1.0,21.57115260785576
tumor_059,val,2,Tumor,Normal,0.04087279364466667,0.0873362445414847
tumor_060,val,2,Tumor,Tumor,0.5952730178833008,0.0
tumor_061,val,2,Tumor,Tumor,0.99997878074646,2.5535207634769157
tumor_062,val,2,Tumor,Tumor,0.9999998807907104,0.8601553829078802
tumor_063,val,2,Tumor,Normal,0.14680106937885284,0.0132643586682583
tumor_065,val,2,Tumor,Normal,0.014876900240778923,0.0973709834469328
tumor_066,val,2,Tumor,Normal,0.16379636526107788,0.0
tumor_067,val,2,Tumor,Normal,0.157104954123497,0.0
tumor_068,val,2,Tumor,Tumor,1.0,4.937486755668574
tumor_069,val,2,Tumor,Tumor,0.8497307896614075,0.2581477896095515
tumor_070,val,2,Tumor,Normal,0.060409169644117355,0.0269832703723691
tumor_072,val,2,Tumor,Tumor,0.9999998807907104,1.9753086419753083
tumor_073,val,2,Tumor,Tumor,0.9999994039535522,0.1549053356282272
tumor_074,val,2,Tumor,Tumor,0.9999997615814209,0.1306457633445315
tumor_075,val,2,Tumor,Tumor,0.9995846152305603,1.4255383682135274
tumor_076,val,2,Tumor,Tumor,1.0,39.84681154257214
tumor_077,val,2,Tumor,Tumor,0.9997485280036926,0.1979805979014056
tumor_078,val,2,Tumor,Tumor,1.0,19.859961807765757
tumor_079,val,2,Tumor,Tumor,1.0,0.4898359049718344
tumor_080,val,2,Tumor,Tumor,0.9590533971786499,0.0646725949878739
tumor_082,val,2,Tumor,Tumor,0.9983083009719849,8.661997788426097
tumor_083,val,2,Tumor,Tumor,0.9999992847442627,0.6153846153846154
tumor_084,val,2,Tumor,Tumor,0.9999749660491943,1.4640638864241349
tumor_085,val,2,Tumor,Tumor,1.0,15.891741845940318
tumor_086,val,2,Tumor,Normal,0.05542135238647461,0.028604118993135
tumor_088,val,2,Tumor,Tumor,1.0,3.5076795350767958
tumor_090,val,2,Tumor,Tumor,1.0,3.051126992853216
tumor_091,val,2,Tumor,Tumor,0.9999996423721313,3.3682634730538923
tumor_092,val,2,Tumor,Tumor,0.8969497680664062,0.1994813484939158
tumor_093,val,2,Tumor,Normal,0.044166743755340576,0.1205545509342977
tumor_095,val,2,Tumor,Tumor,1.0,9.094804499196572
tumor_096,val,2,Tumor,Tumor,0.9609199166297913,0.6086266207991532
tumor_097,val,2,Tumor,Tumor,0.9981380701065063,0.0172532781228433
tumor_098,val,2,Tumor,Normal,0.021651392802596092,0.0344827586206896
tumor_099,val,2,Tumor,Tumor,0.9999991655349731,0.3459409594095941
tumor_100,val,2,Tumor,Tumor,0.9985040426254272,0.1020929045431342
tumor_101,val,2,Tumor,Tumor,1.0,5.8042605742513125
tumor_102,val,2,Tumor,Tumor,1.0,3.227802413117459
tumor_103,val,2,Tumor,Normal,0.07708267122507095,0.078354554358472
tumor_104,val,2,Tumor,Tumor,0.9999998807907104,1.4397120575884823
tumor_105,val,2,Tumor,Tumor,0.9995346069335938,1.9146482122260668
tumor_106,val,2,Tumor,Tumor,0.9999998807907104,0.975531744762514
tumor_107,val,2,Tumor,Tumor,0.9998617172241211,0.1149425287356321
tumor_108,val,2,Tumor,Tumor,0.9999992847442627,0.9541397353031702
tumor_109,val,2,Tumor,Tumor,1.0,2.2341745966073643
tumor_110,val,2,Tumor,Tumor,1.0,30.696969696969692
test_001,val,2,Tumor,Tumor,1.0,2.2790697674418605
test_002,val,2,Tumor,Tumor,0.9999673366546631,1.0288653901114604
test_003,val,2,Normal,Normal,0.007287925109267235,0.0
test_004,val,2,Tumor,Normal,0.022777805104851723,0.0
test_005,val,2,Normal,Normal,0.012296494096517563,0.0
test_006,val,2,Normal,Normal,0.2868972420692444,0.0
test_007,val,2,Normal,Normal,0.2107275277376175,0.0
test_008,val,2,Tumor,Tumor,0.7516518235206604,0.0152091254752851
test_009,val,2,Normal,Normal,0.027169834822416306,0.0
test_010,val,2,Tumor,Normal,0.30355727672576904,0.0220312844238819
test_011,val,2,Tumor,Normal,0.0010751723311841488,0.0
test_012,val,2,Normal,Normal,0.003929962404072285,0.0
test_013,val,2,Tumor,Normal,0.02329324744641781,0.08130081300813
test_014,val,2,Normal,Normal,0.01334123220294714,0.0
test_015,val,2,Normal,Normal,0.019280405715107918,0.0
test_016,val,2,Tumor,Tumor,1.0,10.554649265905384
test_017,val,2,Normal,Normal,0.2660711109638214,0.0
test_018,val,2,Normal,Normal,0.003074491396546364,0.0
test_019,val,2,Normal,Normal,0.009794734418392181,0.0
test_020,val,2,Normal,Normal,0.25323721766471863,0.0
test_021,val,2,Tumor,Tumor,1.0,52.2167487684729
test_022,val,2,Normal,Normal,0.02988573908805847,0.0
test_023,val,2,Normal,Tumor,0.8310138583183289,0.0
test_024,val,2,Normal,Normal,0.10312573611736298,0.0
test_025,val,2,Normal,Normal,0.31350821256637573,0.0
test_026,val,2,Tumor,Tumor,0.9999991655349731,4.99304105775922
test_027,val,2,Tumor,Tumor,0.9999241828918457,1.5288394718554552
test_028,val,2,Normal,Normal,0.02289876900613308,0.0
test_029,val,2,Tumor,Normal,0.028392983600497246,0.0895656068069861
test_030,val,2,Tumor,Tumor,0.9925522804260254,0.2566923359002567
test_031,val,2,Normal,Normal,0.041669752448797226,0.0
test_032,val,2,Normal,Normal,0.08838409185409546,0.0
test_033,val,2,Tumor,Normal,0.15679852664470673,0.0189089533894298
test_034,val,2,Normal,Normal,0.009265162982046604,0.0
test_035,val,2,Normal,Normal,0.15619726479053497,0.0
test_036,val,2,Normal,Normal,0.05279899388551712,0.0
test_037,val,2,Normal,Normal,0.012383668683469296,0.0
test_038,val,2,Tumor,Tumor,0.8420219421386719,0.2326483132997285
test_039,val,2,Normal,Normal,0.003536428790539503,0.0
test_040,val,2,Tumor,Tumor,1.0,20.407040704070408
test_041,val,2,Normal,Normal,0.013641550205647945,0.0
test_042,val,2,Normal,Normal,0.22635838389396667,0.0
test_043,val,2,Normal,Normal,0.006340717431157827,0.0
test_044,val,2,Normal,Normal,0.00702643534168601,0.0
test_045,val,2,Normal,Tumor,0.8530675172805786,0.0
test_046,val,2,Tumor,Tumor,0.7481920719146729,0.0552181115405853
test_047,val,2,Normal,Normal,0.007728122640401125,0.0
test_048,val,2,Tumor,Normal,0.2784402370452881,0.0978665100802505
test_050,val,2,Normal,Normal,0.023347703740000725,0.0
test_051,val,2,Tumor,Tumor,0.999504566192627,3.020318506315212
test_052,val,2,Tumor,Normal,0.2565042972564697,0.0487567040468064
test_053,val,2,Normal,Normal,0.012517531402409077,0.0
test_054,val,2,Normal,Normal,0.04488002508878708,0.0
test_055,val,2,Normal,Normal,0.01921909861266613,0.0
test_056,val,2,Normal,Normal,0.007622498087584972,0.0
test_057,val,2,Normal,Normal,0.029909569770097733,0.0
test_058,val,2,Normal,Normal,0.03499551862478256,0.0
test_059,val,2,Normal,Normal,0.013057579286396503,0.0
test_061,val,2,Tumor,Tumor,0.9998917579650879,0.6552262090483619
test_062,val,2,Normal,Normal,0.10160570591688156,0.0
test_063,val,2,Normal,Normal,0.0038356685545295477,0.0
test_064,val,2,Tumor,Tumor,0.996183454990387,0.0720980533525594
test_065,val,2,Tumor,Normal,0.012449061498045921,0.1262626262626262
test_066,val,2,Tumor,Normal,0.03784332796931267,0.0517866390471258
test_067,val,2,Normal,Normal,0.00405427860096097,0.0
test_068,val,2,Tumor,Tumor,1.0,3.155339805825242
test_069,val,2,Tumor,Tumor,0.999860405921936,0.2094789211835559
test_070,val,2,Normal,Normal,0.003566473489627242,0.0
test_071,val,2,Tumor,Tumor,1.0,4.893403920446416
test_072,val,2,Normal,Normal,0.009930725209414959,0.0
test_073,val,2,Tumor,Tumor,0.9999991655349731,13.865284974093264
test_074,val,2,Tumor,Tumor,0.5499966144561768,0.1355748373101952
test_076,val,2,Normal,Normal,0.11862125247716904,0.0
test_078,val,2,Normal,Normal,0.016542568802833557,0.0
test_079,val,2,Tumor,Tumor,0.8094344735145569,0.4285714285714285
test_080,val,2,Normal,Normal,0.015378289856016636,0.0
test_082,val,2,Tumor,Tumor,0.9997842907905579,1.7209729233593392
test_083,val,2,Normal,Normal,0.4889594316482544,0.0
test_084,val,2,Tumor,Normal,0.09586688876152039,0.2335084646818447
test_085,val,2,Normal,Tumor,0.8721670508384705,0.0
test_086,val,2,Normal,Normal,0.23929353058338165,0.0
test_087,val,2,Normal,Normal,0.008099141530692577,0.0
test_088,val,2,Normal,Normal,0.015295104123651981,0.0
test_089,val,2,Normal,Normal,0.0017017096979543567,0.0
test_090,val,2,Tumor,Tumor,1.0,34.18817118127905
test_091,val,2,Normal,Tumor,0.8155108690261841,0.0
test_092,val,2,Tumor,Tumor,1.0,0.2054895053574049
test_093,val,2,Normal,Normal,0.34304144978523254,0.0
test_094,val,2,Tumor,Tumor,1.0,1.955614150736102
test_095,val,2,Normal,Normal,0.1343945413827896,0.0
test_096,val,2,Normal,Normal,0.2875114381313324,0.0
test_097,val,2,Tumor,Normal,0.016409756615757942,0.0
test_098,val,2,Normal,Normal,0.24671514332294464,0.0
test_099,val,2,Tumor,Normal,0.10531400889158249,0.0
test_100,val,2,Normal,Normal,0.003653776366263628,0.0
test_101,val,2,Normal,Normal,0.01630052737891674,0.0
test_102,val,2,Tumor,Tumor,0.9999737739562988,0.121334681496461
test_103,val,2,Normal,Normal,0.005776129197329283,0.0
test_104,val,2,Tumor,Tumor,0.9999995231628418,1.3926084627745046
test_105,val,2,Tumor,Tumor,1.0,68.18663838812301
test_106,val,2,Normal,Normal,0.0013093138113617897,0.0
test_107,val,2,Normal,Normal,0.009585530497133732,0.0
test_109,val,2,Normal,Normal,0.011310026049613953,0.0
test_110,val,2,Tumor,Normal,0.06266455352306366,0.0
test_112,val,2,Normal,Normal,0.4035436511039734,0.0
test_113,val,2,Tumor,Tumor,1.0,24.304783092324804
test_115,val,2,Normal,Normal,0.0065869782119989395,0.0
test_116,val,2,Tumor,Normal,0.053588856011629105,0.0
test_117,val,2,Tumor,Normal,0.003712804988026619,0.0
test_118,val,2,Normal,Normal,0.08359790593385696,0.0
test_119,val,2,Normal,Normal,0.027507927268743515,0.0
test_120,val,2,Normal,Normal,0.14729034900665283,0.0
test_121,val,2,Tumor,Tumor,0.9996192455291748,0.5915100904662491
test_122,val,2,Tumor,Tumor,0.9999338388442993,0.2521613832853026
test_123,val,2,Normal,Normal,0.15211549401283264,0.0
test_124,val,2,Normal,Normal,0.012775897048413754,0.0
test_125,val,2,Normal,Normal,0.018976863473653793,0.0
test_126,val,2,Normal,Normal,0.05364132672548294,0.0
test_127,val,2,Normal,Normal,0.08354224264621735,0.0
test_128,val,2,Normal,Normal,0.009328313171863556,0.0
test_129,val,2,Normal,Normal,0.00473796296864748,0.0
test_130,val,2,Normal,Normal,0.028102071955800056,0.0
normal_001,val,3,Normal,Normal,0.12887516617774963,0.0
normal_002,val,3,Normal,Normal,0.04063759371638298,0.0
normal_003,val,3,Normal,Normal,0.13470593094825745,0.0
normal_004,val,3,Normal,Normal,0.05067870020866394,0.0
normal_005,val,3,Normal,Normal,0.07373537123203278,0.0
normal_006,val,3,Normal,Normal,0.3791702687740326,0.0
normal_008,val,3,Normal,Tumor,0.6711035370826721,0.0
normal_009,val,3,Normal,Normal,0.40210503339767456,0.0
normal_010,val,3,Normal,Normal,0.31593504548072815,0.0
normal_011,val,3,Normal,Normal,0.4222421646118164,0.0
normal_012,val,3,Normal,Normal,0.15260890126228333,0.0
normal_013,val,3,Normal,Normal,0.1616819053888321,0.0
normal_014,val,3,Normal,Normal,0.1075868159532547,0.0
normal_016,val,3,Normal,Normal,0.4172506332397461,0.0
normal_017,val,3,Normal,Tumor,0.5841636657714844,0.0
normal_018,val,3,Normal,Normal,0.11013432592153549,0.0
normal_019,val,3,Normal,Normal,0.08689972013235092,0.0
normal_020,val,3,Normal,Normal,0.08485425263643265,0.0
normal_021,val,3,Normal,Normal,0.09205988794565201,0.0
normal_022,val,3,Normal,Tumor,0.8645880222320557,0.0
normal_023,val,3,Normal,Normal,0.0165464635938406,0.0
normal_024,val,3,Normal,Normal,0.15875300765037537,0.0
normal_025,val,3,Normal,Normal,0.4745248854160309,0.0
normal_026,val,3,Normal,Normal,0.1245688796043396,0.0
normal_027,val,3,Normal,Tumor,0.7367168664932251,0.0
normal_028,val,3,Normal,Normal,0.47460001707077026,0.0
normal_029,val,3,Normal,Tumor,0.7257435321807861,0.0
normal_030,val,3,Normal,Normal,0.2583840787410736,0.0
normal_031,val,3,Normal,Tumor,0.6122204661369324,0.0
normal_032,val,3,Normal,Tumor,0.7390806674957275,0.0
normal_033,val,3,Normal,Normal,0.09190543740987778,0.0
normal_034,val,3,Normal,Tumor,0.7756688594818115,0.0
normal_035,val,3,Normal,Tumor,0.9680334329605103,0.0
normal_036,val,3,Normal,Normal,0.35353997349739075,0.0
normal_037,val,3,Normal,Normal,0.3757118582725525,0.0
normal_038,val,3,Normal,Normal,0.03195536136627197,0.0
normal_039,val,3,Normal,Normal,0.42170435190200806,0.0
normal_040,val,3,Normal,Normal,0.3309803605079651,0.0
normal_042,val,3,Normal,Normal,0.07706841081380844,0.0
normal_043,val,3,Normal,Tumor,0.865656316280365,0.0
normal_045,val,3,Normal,Normal,0.044000111520290375,0.0
normal_046,val,3,Normal,Tumor,0.9669443964958191,0.0
normal_047,val,3,Normal,Tumor,0.5011327266693115,0.0
normal_048,val,3,Normal,Tumor,0.7542274594306946,0.0
normal_049,val,3,Normal,Tumor,0.8804258704185486,0.0
normal_050,val,3,Normal,Tumor,0.5999652147293091,0.0
normal_051,val,3,Normal,Normal,0.22595906257629395,0.0
normal_052,val,3,Normal,Tumor,0.5055334568023682,0.0
normal_053,val,3,Normal,Tumor,0.870176374912262,0.0
normal_054,val,3,Normal,Normal,0.08691772818565369,0.0
normal_055,val,3,Normal,Tumor,0.6416997909545898,0.0
normal_056,val,3,Normal,Normal,0.08202163875102997,0.0
normal_057,val,3,Normal,Normal,0.22579830884933472,0.0
normal_058,val,3,Normal,Normal,0.07382814586162567,0.0
normal_059,val,3,Normal,Normal,0.008471125736832619,0.0
normal_060,val,3,Normal,Tumor,0.8518052697181702,0.0
normal_061,val,3,Normal,Normal,0.1381693333387375,0.0
normal_063,val,3,Normal,Tumor,0.9427576661109924,0.0
normal_064,val,3,Normal,Tumor,0.9569157958030701,0.0
normal_065,val,3,Normal,Normal,0.09209807217121124,0.0
normal_066,val,3,Normal,Normal,0.16639330983161926,0.0
normal_067,val,3,Normal,Normal,0.037653762847185135,0.0
normal_068,val,3,Normal,Normal,0.48319995403289795,0.0
normal_069,val,3,Normal,Normal,0.03936338052153587,0.0
normal_070,val,3,Normal,Normal,0.14459346234798431,0.0
normal_071,val,3,Normal,Normal,0.03912448137998581,0.0
normal_072,val,3,Normal,Normal,0.011940333060920238,0.0
normal_073,val,3,Normal,Normal,0.07998568564653397,0.0
normal_074,val,3,Normal,Normal,0.2566289007663727,0.0
normal_075,val,3,Normal,Normal,0.05869446322321892,0.0
normal_076,val,3,Normal,Normal,0.1530652791261673,0.0
normal_077,val,3,Normal,Normal,0.3348084092140198,0.0
normal_078,val,3,Normal,Normal,0.13800860941410065,0.0
normal_079,val,3,Normal,Tumor,0.5255887508392334,0.0
normal_080,val,3,Normal,Normal,0.25303763151168823,0.0
normal_081,val,3,Normal,Normal,0.03679632768034935,0.0
normal_082,val,3,Normal,Normal,0.4592355489730835,0.0
normal_083,val,3,Normal,Tumor,0.664630651473999,0.0
normal_085,val,3,Normal,Normal,0.11585097759962082,0.0
normal_087,val,3,Normal,Tumor,0.6010384559631348,0.0
normal_088,val,3,Normal,Tumor,0.5380188226699829,0.0
normal_089,val,3,Normal,Normal,0.47710877656936646,0.0
normal_090,val,3,Normal,Normal,0.4781285524368286,0.0
normal_091,val,3,Normal,Normal,0.08085091412067413,0.0
normal_092,val,3,Normal,Normal,0.12296240776777267,0.0
normal_093,val,3,Normal,Normal,0.06798552721738815,0.0
normal_094,val,3,Normal,Tumor,0.6115632057189941,0.0
normal_095,val,3,Normal,Normal,0.12648025155067444,0.0
normal_096,val,3,Normal,Tumor,0.9824924468994141,0.0
normal_097,val,3,Normal,Normal,0.14756478369235992,0.0
normal_098,val,3,Normal,Tumor,0.6952836513519287,0.0
normal_099,val,3,Normal,Normal,0.060020335018634796,0.0
normal_100,val,3,Normal,Normal,0.4906109869480133,0.0
normal_101,val,3,Normal,Normal,0.09971737116575241,0.0
normal_102,val,3,Normal,Normal,0.455205500125885,0.0
normal_103,val,3,Normal,Tumor,0.6231077313423157,0.0
normal_104,val,3,Normal,Normal,0.27237433195114136,0.0
normal_105,val,3,Normal,Normal,0.20107775926589966,0.0
normal_106,val,3,Normal,Normal,0.0800812765955925,0.0
normal_107,val,3,Normal,Normal,0.3362744152545929,0.0
normal_108,val,3,Normal,Normal,0.10416802018880844,0.0
normal_109,val,3,Normal,Normal,0.33039534091949463,0.0
normal_110,val,3,Normal,Normal,0.326368510723114,0.0
normal_111,val,3,Normal,Normal,0.4406852126121521,0.0
normal_112,val,3,Normal,Normal,0.36545854806900024,0.0
normal_113,val,3,Normal,Normal,0.474979430437088,0.0
normal_114,val,3,Normal,Tumor,0.7902417182922363,0.0
normal_115,val,3,Normal,Normal,0.3823391795158386,0.0
normal_116,val,3,Normal,Normal,0.2573942244052887,0.0
normal_117,val,3,Normal,Tumor,0.9993919134140015,0.0
normal_118,val,3,Normal,Tumor,0.5046258568763733,0.0
normal_119,val,3,Normal,Normal,0.35211116075515747,0.0
normal_120,val,3,Normal,Tumor,0.5638267993927002,0.0
normal_121,val,3,Normal,Normal,0.35699769854545593,0.0
normal_122,val,3,Normal,Normal,0.03679773211479187,0.0
normal_123,val,3,Normal,Normal,0.3484340012073517,0.0
normal_124,val,3,Normal,Tumor,0.807284414768219,0.0
normal_125,val,3,Normal,Tumor,0.9800238013267517,0.0
normal_126,val,3,Normal,Normal,0.2313167303800583,0.0
normal_127,val,3,Normal,Normal,0.010876057669520378,0.0
normal_128,val,3,Normal,Normal,0.2690463364124298,0.0
normal_129,val,3,Normal,Tumor,0.5488027930259705,0.0
normal_130,val,3,Normal,Normal,0.47726938128471375,0.0
normal_131,val,3,Normal,Normal,0.24117831885814667,0.0
normal_132,val,3,Normal,Normal,0.15448211133480072,0.0
normal_133,val,3,Normal,Normal,0.3888039290904999,0.0
normal_136,val,3,Normal,Normal,0.1669633686542511,0.0
normal_137,val,3,Normal,Tumor,0.9150060415267944,0.0
normal_138,val,3,Normal,Normal,0.008181662298738956,0.0
normal_139,val,3,Normal,Normal,0.347171813249588,0.0
normal_140,val,3,Normal,Normal,0.08352458477020264,0.0
normal_141,val,3,Normal,Normal,0.07696287333965302,0.0
normal_142,val,3,Normal,Normal,0.3613235652446747,0.0
normal_143,val,3,Normal,Tumor,0.755542516708374,0.0
normal_144,val,3,Normal,Tumor,0.9872072339057922,0.0
normal_145,val,3,Normal,Normal,0.4374534785747528,0.0
normal_146,val,3,Normal,Normal,0.29306453466415405,0.0
normal_147,val,3,Normal,Normal,0.3993266820907593,0.0
normal_148,val,3,Normal,Normal,0.24198654294013977,0.0
normal_149,val,3,Normal,Normal,0.37351325154304504,0.0
normal_150,val,3,Normal,Normal,0.09827639907598495,0.0
normal_151,val,3,Normal,Tumor,0.7937237024307251,0.0
normal_152,val,3,Normal,Tumor,0.5054244995117188,0.0
normal_153,val,3,Normal,Tumor,0.6132268309593201,0.0
normal_154,val,3,Normal,Normal,0.4932357966899872,0.0
normal_155,val,3,Normal,Normal,0.1921779364347458,0.0
normal_157,val,3,Normal,Tumor,0.6180521249771118,0.0
normal_158,val,3,Normal,Normal,0.15546073019504547,0.0
normal_159,val,3,Normal,Normal,0.22695212066173553,0.0
normal_160,val,3,Normal,Normal,0.22363650798797607,0.0
tumor_001,val,3,Tumor,Tumor,0.9499323964118958,0.1692307692307692
tumor_002,val,3,Tumor,Normal,0.39506760239601135,0.0375798571965426
tumor_004,val,3,Tumor,Normal,0.047681063413619995,0.667302192564347
tumor_005,val,3,Tumor,Tumor,0.7300745844841003,0.2349256068911511
tumor_006,val,3,Tumor,Normal,0.09661459922790527,0.0356760613628255
tumor_007,val,3,Tumor,Tumor,0.5915522575378418,0.1017639077340569
tumor_008,val,3,Tumor,Tumor,0.6506365537643433,0.0
tumor_009,val,3,Tumor,Tumor,0.9999997615814209,16.618437370814387
tumor_010,val,3,Tumor,Normal,0.3171975612640381,0.0
tumor_011,val,3,Tumor,Tumor,0.9999979734420776,4.91358024691358
tumor_012,val,3,Tumor,Normal,0.043312303721904755,0.0544959128065395
tumor_013,val,3,Tumor,Normal,0.31433144211769104,0.3076923076923077
tumor_015,val,3,Tumor,Tumor,0.7030571699142456,0.1716604244694132
tumor_016,val,3,Tumor,Tumor,0.999982476234436,9.478970495919649
tumor_018,val,3,Tumor,Tumor,0.9978512525558472,0.9770603228547152
tumor_019,val,3,Tumor,Tumor,0.9589672088623047,0.2582311168495804
tumor_020,val,3,Tumor,Tumor,0.9999997615814209,1.3857218031924223
tumor_021,val,3,Tumor,Tumor,0.7855862379074097,0.630297761356227
tumor_022,val,3,Tumor,Tumor,0.9848546981811523,0.0998253057149987
tumor_023,val,3,Tumor,Tumor,0.8183975219726562,0.05
tumor_024,val,3,Tumor,Normal,0.3552323579788208,0.0239520958083832
tumor_025,val,3,Tumor,Tumor,0.9998568296432495,2.24848659556068
tumor_026,val,3,Tumor,Tumor,0.9935277104377747,10.99199542595769
tumor_027,val,3,Tumor,Normal,0.45401066541671753,0.0447127207690588
tumor_028,val,3,Tumor,Tumor,0.5736403465270996,0.0347101700798333
tumor_030,val,3,Tumor,Normal,0.1049339771270752,0.0
tumor_031,val,3,Tumor,Tumor,0.9999935626983643,8.194343727338651
tumor_032,val,3,Tumor,Normal,0.45251795649528503,0.0844059928254906
tumor_033,val,3,Tumor,Tumor,1.0,1.970350910114468
tumor_034,val,3,Tumor,Tumor,0.9999146461486816,4.166666666666667
tumor_035,val,3,Tumor,Normal,0.21890851855278015,0.0507614213197969
tumor_036,val,3,Tumor,Tumor,0.8504552245140076,1.5802269043760129
tumor_037,val,3,Tumor,Tumor,0.9299914836883545,0.5393180236604036
tumor_038,val,3,Tumor,Tumor,0.9999992847442627,3.099510603588907
tumor_039,val,3,Tumor,Tumor,0.9999998807907104,5.697674418604652
tumor_040,val,3,Tumor,Tumor,0.9194943904876709,0.0212675457252233
tumor_041,val,3,Tumor,Tumor,0.671126127243042,0.045526974732529
tumor_042,val,3,Tumor,Tumor,0.8439337611198425,0.8340113913751017
tumor_043,val,3,Tumor,Normal,0.09438428282737732,0.0
tumor_045,val,3,Tumor,Tumor,0.7441280484199524,0.2795899347623485
tumor_046,val,3,Tumor,Tumor,1.0,14.24847958297133
tumor_047,val,3,Tumor,Tumor,0.9999996423721313,13.118527042577677
tumor_048,val,3,Tumor,Normal,0.49723532795906067,0.037821482602118
tumor_050,val,3,Tumor,Normal,0.23121850192546844,0.155902004454343
tumor_051,val,3,Tumor,Tumor,0.9790225625038147,1.7123954076668613
tumor_052,val,3,Tumor,Tumor,0.9776261448860168,1.4260768335273577
tumor_053,val,3,Tumor,Tumor,0.718356728553772,0.0315059861373661
tumor_054,val,3,Tumor,Tumor,0.999998927116394,24.94393651888908
tumor_055,val,3,Tumor,Tumor,0.9999974966049194,11.261816687217427
tumor_056,val,3,Tumor,Tumor,0.9522709250450134,0.8527131782945736
tumor_057,val,3,Tumor,Normal,0.23357145488262177,0.0851788756388415
tumor_058,val,3,Tumor,Tumor,0.9999998807907104,21.57115260785576
tumor_059,val,3,Tumor,Normal,0.24359336495399475,0.0873362445414847
tumor_060,val,3,Tumor,Tumor,0.6962453722953796,0.0
tumor_061,val,3,Tumor,Tumor,0.9978258013725281,2.5535207634769157
tumor_062,val,3,Tumor,Tumor,0.8369751572608948,0.8601553829078802
tumor_063,val,3,Tumor,Normal,0.41904279589653015,0.0132643586682583
tumor_064,val,3,Tumor,Tumor,0.9995678067207336,4.073383084577115
tumor_065,val,3,Tumor,Normal,0.06758724898099899,0.0973709834469328
tumor_066,val,3,Tumor,Normal,0.18867717683315277,0.0
tumor_067,val,3,Tumor,Tumor,0.640143871307373,0.0
tumor_068,val,3,Tumor,Tumor,0.9999858140945435,4.937486755668574
tumor_069,val,3,Tumor,Normal,0.35847190022468567,0.2581477896095515
tumor_070,val,3,Tumor,Normal,0.1423671543598175,0.0269832703723691
tumor_071,val,3,Tumor,Tumor,0.9996945858001709,1.3419713095788988
tumor_072,val,3,Tumor,Tumor,0.9999468326568604,1.9753086419753083
tumor_073,val,3,Tumor,Tumor,0.9942070245742798,0.1549053356282272
tumor_074,val,3,Tumor,Tumor,0.9997749924659729,0.1306457633445315
tumor_075,val,3,Tumor,Tumor,0.8013917803764343,1.4255383682135274
tumor_076,val,3,Tumor,Tumor,1.0,39.84681154257214
tumor_077,val,3,Tumor,Tumor,0.6211209297180176,0.1979805979014056
tumor_078,val,3,Tumor,Tumor,1.0,19.859961807765757
tumor_079,val,3,Tumor,Tumor,0.9992412328720093,0.4898359049718344
tumor_080,val,3,Tumor,Tumor,0.8706002831459045,0.0646725949878739
tumor_081,val,3,Tumor,Tumor,0.56024169921875,0.0
tumor_083,val,3,Tumor,Tumor,0.9430491328239441,0.6153846153846154
tumor_084,val,3,Tumor,Tumor,0.9983518123626709,1.4640638864241349
tumor_085,val,3,Tumor,Tumor,1.0,15.891741845940318
tumor_086,val,3,Tumor,Normal,0.39494991302490234,0.028604118993135
tumor_087,val,3,Tumor,Tumor,0.7800819277763367,0.0828271673108779
tumor_088,val,3,Tumor,Tumor,0.9868054389953613,3.5076795350767958
tumor_089,val,3,Tumor,Tumor,1.0,17.817324185248715
tumor_091,val,3,Tumor,Tumor,0.9997871518135071,3.3682634730538923
tumor_092,val,3,Tumor,Normal,0.37556082010269165,0.1994813484939158
tumor_093,val,3,Tumor,Normal,0.29412081837654114,0.1205545509342977
tumor_094,val,3,Tumor,Tumor,0.9931713342666626,1.1533107973752237
tumor_095,val,3,Tumor,Tumor,1.0,9.094804499196572
tumor_096,val,3,Tumor,Tumor,0.7293969988822937,0.6086266207991532
tumor_097,val,3,Tumor,Tumor,0.9477975964546204,0.0172532781228433
tumor_098,val,3,Tumor,Normal,0.220705047249794,0.0344827586206896
tumor_099,val,3,Tumor,Tumor,0.9924157857894897,0.3459409594095941
tumor_100,val,3,Tumor,Tumor,0.9599711298942566,0.1020929045431342
tumor_101,val,3,Tumor,Tumor,0.9999743700027466,5.8042605742513125
tumor_102,val,3,Tumor,Tumor,0.9995143413543701,3.227802413117459
tumor_104,val,3,Tumor,Tumor,0.9969593286514282,1.4397120575884823
tumor_105,val,3,Tumor,Tumor,0.999305248260498,1.9146482122260668
tumor_106,val,3,Tumor,Tumor,0.9963014125823975,0.975531744762514
tumor_107,val,3,Tumor,Tumor,0.9634451270103455,0.1149425287356321
tumor_108,val,3,Tumor,Tumor,0.9994426369667053,0.9541397353031702
tumor_109,val,3,Tumor,Tumor,1.0,2.2341745966073643
tumor_110,val,3,Tumor,Tumor,0.9999997615814209,30.696969696969692
tumor_111,val,3,Tumor,Tumor,0.7745572328567505,0.2079482439926062
test_003,val,3,Normal,Normal,0.15586057305335999,0.0
test_004,val,3,Tumor,Normal,0.18633121252059937,0.0
test_005,val,3,Normal,Normal,0.32526472210884094,0.0
test_006,val,3,Normal,Tumor,0.9166514873504639,0.0
test_007,val,3,Normal,Tumor,0.5024397373199463,0.0
test_008,val,3,Tumor,Tumor,0.9074047803878784,0.0152091254752851
test_009,val,3,Normal,Normal,0.1631324589252472,0.0
test_011,val,3,Tumor,Normal,0.048667386174201965,0.0
test_012,val,3,Normal,Normal,0.27804088592529297,0.0
test_013,val,3,Tumor,Normal,0.3921615183353424,0.08130081300813
test_014,val,3,Normal,Normal,0.18822458386421204,0.0
test_015,val,3,Normal,Normal,0.18527498841285706,0.0
test_016,val,3,Tumor,Tumor,1.0,10.554649265905384
test_017,val,3,Normal,Tumor,0.5331472754478455,0.0
test_018,val,3,Normal,Normal,0.2969847321510315,0.0
test_019,val,3,Normal,Normal,0.31606292724609375,0.0
test_020,val,3,Normal,Tumor,0.9747206568717957,0.0
test_021,val,3,Tumor,Tumor,1.0,52.2167487684729
test_022,val,3,Normal,Tumor,0.6025524139404297,0.0
test_023,val,3,Normal,Tumor,0.7950460314750671,0.0
test_024,val,3,Normal,Tumor,0.6256592869758606,0.0
test_025,val,3,Normal,Normal,0.4607554078102112,0.0
test_026,val,3,Tumor,Tumor,0.999996542930603,4.99304105775922
test_027,val,3,Tumor,Tumor,0.9085665941238403,1.5288394718554552
test_028,val,3,Normal,Normal,0.17856639623641968,0.0
test_029,val,3,Tumor,Normal,0.0890999287366867,0.0895656068069861
test_030,val,3,Tumor,Tumor,0.7918215394020081,0.2566923359002567
test_031,val,3,Normal,Normal,0.2170165777206421,0.0
test_032,val,3,Normal,Normal,0.27104759216308594,0.0
test_033,val,3,Tumor,Tumor,0.7552372813224792,0.0189089533894298
test_034,val,3,Normal,Normal,0.1825353056192398,0.0
test_035,val,3,Normal,Tumor,0.5830920934677124,0.0
test_036,val,3,Normal,Normal,0.20206990838050842,0.0
test_037,val,3,Normal,Normal,0.2988792061805725,0.0
test_038,val,3,Tumor,Tumor,0.818085253238678,0.2326483132997285
test_039,val,3,Normal,Normal,0.01400566753000021,0.0
test_040,val,3,Tumor,Tumor,0.9999997615814209,20.407040704070408
test_042,val,3,Normal,Tumor,0.8205140233039856,0.0
test_043,val,3,Normal,Normal,0.07837943732738495,0.0
test_044,val,3,Normal,Normal,0.10025423020124435,0.0
test_045,val,3,Normal,Tumor,0.739067792892456,0.0
test_046,val,3,Tumor,Tumor,0.8269901871681213,0.0552181115405853
test_047,val,3,Normal,Normal,0.1061328649520874,0.0
test_051,val,3,Tumor,Tumor,0.9998152852058411,3.020318506315212
test_052,val,3,Tumor,Tumor,0.7253485321998596,0.0487567040468064
test_053,val,3,Normal,Normal,0.08149462938308716,0.0
test_054,val,3,Normal,Normal,0.1421051174402237,0.0
test_056,val,3,Normal,Normal,0.3359658420085907,0.0
test_057,val,3,Normal,Normal,0.3701355755329132,0.0
test_059,val,3,Normal,Normal,0.08159490674734116,0.0
test_061,val,3,Tumor,Normal,0.48620906472206116,0.6552262090483619
test_062,val,3,Normal,Tumor,0.9184659123420715,0.0
test_063,val,3,Normal,Normal,0.14996692538261414,0.0
test_064,val,3,Tumor,Tumor,0.6324739456176758,0.0720980533525594
test_066,val,3,Tumor,Tumor,0.5602364540100098,0.0517866390471258
test_067,val,3,Normal,Normal,0.12772920727729797,0.0
test_068,val,3,Tumor,Tumor,0.9999122619628906,3.155339805825242
test_069,val,3,Tumor,Tumor,0.9965231418609619,0.2094789211835559
test_070,val,3,Normal,Normal,0.06510717421770096,0.0
test_071,val,3,Tumor,Tumor,1.0,4.893403920446416
test_072,val,3,Normal,Normal,0.15799544751644135,0.0
test_073,val,3,Tumor,Tumor,0.9999921321868896,13.865284974093264
test_074,val,3,Tumor,Tumor,0.9647336602210999,0.1355748373101952
test_075,val,3,Tumor,Tumor,0.9999909400939941,3.189493433395872
test_076,val,3,Normal,Tumor,0.5478512644767761,0.0
test_077,val,3,Normal,Tumor,0.680469274520874,0.0
test_078,val,3,Normal,Normal,0.24522274732589722,0.0
test_079,val,3,Tumor,Tumor,0.9099686741828918,0.4285714285714285
test_081,val,3,Normal,Tumor,0.7291093468666077,0.0
test_082,val,3,Tumor,Tumor,0.9937419295310974,1.7209729233593392
test_083,val,3,Normal,Tumor,0.7875620126724243,0.0
test_084,val,3,Tumor,Tumor,0.5059331059455872,0.2335084646818447
test_085,val,3,Normal,Tumor,0.8387060761451721,0.0
test_086,val,3,Normal,Tumor,0.6999347805976868,0.0
test_087,val,3,Normal,Normal,0.09652041643857956,0.0
test_088,val,3,Normal,Normal,0.15180285274982452,0.0
test_089,val,3,Normal,Normal,0.03574971854686737,0.0
test_090,val,3,Tumor,Tumor,0.9999995231628418,34.18817118127905
test_091,val,3,Normal,Tumor,0.8364881873130798,0.0
test_092,val,3,Tumor,Tumor,0.9930320978164673,0.2054895053574049
test_093,val,3,Normal,Normal,0.47687798738479614,0.0
test_094,val,3,Tumor,Tumor,0.9999997615814209,1.955614150736102
test_095,val,3,Normal,Tumor,0.7547263503074646,0.0
test_096,val,3,Normal,Tumor,0.7670038938522339,0.0
test_097,val,3,Tumor,Normal,0.15228286385536194,0.0
test_098,val,3,Normal,Tumor,0.6452768445014954,0.0
test_099,val,3,Tumor,Tumor,0.7233310341835022,0.0
test_100,val,3,Normal,Normal,0.17027196288108826,0.0
test_101,val,3,Normal,Normal,0.36654478311538696,0.0
test_102,val,3,Tumor,Tumor,0.998295247554779,0.121334681496461
test_104,val,3,Tumor,Tumor,0.9827747941017151,1.3926084627745046
test_105,val,3,Tumor,Tumor,1.0,68.18663838812301
test_106,val,3,Normal,Normal,0.04698365181684494,0.0
test_107,val,3,Normal,Normal,0.12533193826675415,0.0
test_108,val,3,Tumor,Tumor,0.9999874830245972,0.5213270142180095
test_109,val,3,Normal,Normal,0.11991804838180542,0.0
test_110,val,3,Tumor,Normal,0.27170154452323914,0.0
test_111,val,3,Normal,Normal,0.25773295760154724,0.0
test_112,val,3,Normal,Tumor,0.9371788501739502,0.0
test_113,val,3,Tumor,Tumor,1.0,24.304783092324804
test_115,val,3,Normal,Normal,0.15418250858783722,0.0
test_117,val,3,Tumor,Normal,0.05840513855218887,0.0
test_118,val,3,Normal,Normal,0.18559838831424713,0.0
test_119,val,3,Normal,Normal,0.30548322200775146,0.0
test_120,val,3,Normal,Tumor,0.6764297485351562,0.0
test_121,val,3,Tumor,Tumor,0.9221950769424438,0.5915100904662491
test_122,val,3,Tumor,Tumor,0.9783798456192017,0.2521613832853026
test_123,val,3,Normal,Tumor,0.897079586982727,0.0
test_124,val,3,Normal,Normal,0.207353875041008,0.0
test_125,val,3,Normal,Normal,0.16714748740196228,0.0
test_126,val,3,Normal,Tumor,0.5934727787971497,0.0
test_127,val,3,Normal,Tumor,0.7185667157173157,0.0
test_128,val,3,Normal,Normal,0.23313049972057343,0.0
test_129,val,3,Normal,Normal,0.051190927624702454,0.0
test_130,val,3,Normal,Normal,0.07524465769529343,0.0
normal_001,val,4,Normal,Normal,0.12285297363996506,0.0
normal_002,val,4,Normal,Normal,0.010859399102628231,0.0
normal_003,val,4,Normal,Normal,0.07950927317142487,0.0
normal_004,val,4,Normal,Normal,0.02110266499221325,0.0
normal_005,val,4,Normal,Normal,0.01883772760629654,0.0
normal_006,val,4,Normal,Normal,0.23658306896686554,0.0
normal_007,val,4,Normal,Tumor,0.9628594517707825,0.0
normal_008,val,4,Normal,Normal,0.19159327447414398,0.0
normal_009,val,4,Normal,Normal,0.28356629610061646,0.0
normal_010,val,4,Normal,Normal,0.1635686457157135,0.0
normal_011,val,4,Normal,Normal,0.4828394055366516,0.0
normal_013,val,4,Normal,Normal,0.022190507501363754,0.0
normal_014,val,4,Normal,Normal,0.10217052698135376,0.0
normal_015,val,4,Normal,Normal,0.48667675256729126,0.0
normal_016,val,4,Normal,Normal,0.13385598361492157,0.0
normal_017,val,4,Normal,Tumor,0.5101686716079712,0.0
normal_018,val,4,Normal,Normal,0.07621028274297714,0.0
normal_019,val,4,Normal,Normal,0.06220494210720062,0.0
normal_020,val,4,Normal,Normal,0.0263078473508358,0.0
normal_021,val,4,Normal,Normal,0.015571734867990017,0.0
normal_022,val,4,Normal,Tumor,0.6231731176376343,0.0
normal_023,val,4,Normal,Normal,0.013256062753498554,0.0
normal_024,val,4,Normal,Normal,0.0720616802573204,0.0
normal_025,val,4,Normal,Normal,0.2146119326353073,0.0
normal_026,val,4,Normal,Normal,0.06592246145009995,0.0
normal_027,val,4,Normal,Normal,0.0032878017518669367,0.0
normal_028,val,4,Normal,Normal,0.38477104902267456,0.0
normal_029,val,4,Normal,Tumor,0.6712616682052612,0.0
normal_030,val,4,Normal,Normal,0.03650564327836037,0.0
normal_031,val,4,Normal,Normal,0.25096064805984497,0.0
normal_032,val,4,Normal,Tumor,0.7082931995391846,0.0
normal_033,val,4,Normal,Normal,0.10849063098430634,0.0
normal_035,val,4,Normal,Tumor,0.8864173293113708,0.0
normal_036,val,4,Normal,Normal,0.22774799168109894,0.0
normal_037,val,4,Normal,Normal,0.1182740181684494,0.0
normal_038,val,4,Normal,Normal,0.005017740186303854,0.0
normal_039,val,4,Normal,Normal,0.4004649221897125,0.0
normal_040,val,4,Normal,Normal,0.37319090962409973,0.0
normal_041,val,4,Normal,Normal,0.14137354493141174,0.0
normal_042,val,4,Normal,Normal,0.008241494186222553,0.0
normal_043,val,4,Normal,Tumor,0.7100675106048584,0.0
normal_044,val,4,Normal,Normal,0.09300216287374496,0.0
normal_045,val,4,Normal,Normal,5.160534055903554e-05,0.0
normal_046,val,4,Normal,Tumor,0.9391210675239563,0.0
normal_047,val,4,Normal,Tumor,0.507225513458252,0.0
normal_048,val,4,Normal,Tumor,0.8023329973220825,0.0
normal_049,val,4,Normal,Normal,0.4997243881225586,0.0
normal_050,val,4,Normal,Normal,0.3528410792350769,0.0
normal_051,val,4,Normal,Normal,0.01889713481068611,0.0
normal_052,val,4,Normal,Normal,0.43216168880462646,0.0
normal_053,val,4,Normal,Tumor,0.8054478168487549,0.0
normal_054,val,4,Normal,Normal,0.03728243336081505,0.0
normal_055,val,4,Normal,Normal,0.20744793117046356,0.0
normal_056,val,4,Normal,Normal,0.09582434594631195,0.0
normal_057,val,4,Normal,Normal,0.1344771534204483,0.0
normal_058,val,4,Normal,Normal,0.06162094697356224,0.0
normal_059,val,4,Normal,Normal,0.0018732784083113074,0.0
normal_060,val,4,Normal,Tumor,0.8634753823280334,0.0
normal_061,val,4,Normal,Normal,0.10829693078994751,0.0
normal_062,val,4,Normal,Normal,0.06930814683437347,0.0
normal_063,val,4,Normal,Tumor,0.88221275806427,0.0
normal_064,val,4,Normal,Tumor,0.8902036547660828,0.0
normal_065,val,4,Normal,Normal,0.10996391624212265,0.0
normal_066,val,4,Normal,Normal,0.08127886801958084,0.0
normal_067,val,4,Normal,Normal,0.02322223223745823,0.0
normal_068,val,4,Normal,Normal,0.3721069395542145,0.0
normal_073,val,4,Normal,Normal,0.0597403310239315,0.0
normal_074,val,4,Normal,Normal,0.26410216093063354,0.0
normal_075,val,4,Normal,Normal,0.04085999354720116,0.0
normal_076,val,4,Normal,Normal,0.19830422103405,0.0
normal_077,val,4,Normal,Normal,0.14900125563144684,0.0
normal_078,val,4,Normal,Normal,0.11800593882799149,0.0
normal_079,val,4,Normal,Normal,0.3598785400390625,0.0
normal_080,val,4,Normal,Normal,0.1454056352376938,0.0
normal_081,val,4,Normal,Normal,0.02170727029442787,0.0
normal_082,val,4,Normal,Normal,0.35571542382240295,0.0
normal_083,val,4,Normal,Tumor,0.7017725706100464,0.0
normal_084,val,4,Normal,Normal,0.11792918294668198,0.0
normal_085,val,4,Normal,Normal,0.04814315214753151,0.0
normal_087,val,4,Normal,Tumor,0.5056312084197998,0.0
normal_088,val,4,Normal,Normal,0.4964235723018646,0.0
normal_089,val,4,Normal,Tumor,0.5271251797676086,0.0
normal_090,val,4,Normal,Normal,0.3664219081401825,0.0
normal_094,val,4,Normal,Normal,0.09432879090309143,0.0
normal_095,val,4,Normal,Normal,0.0964246541261673,0.0
normal_096,val,4,Normal,Tumor,0.9211318492889404,0.0
normal_097,val,4,Normal,Normal,0.20381414890289307,0.0
normal_098,val,4,Normal,Tumor,0.7155671119689941,0.0
normal_099,val,4,Normal,Normal,0.055927079170942307,0.0
normal_100,val,4,Normal,Normal,0.14153209328651428,0.0
normal_101,val,4,Normal,Normal,0.0661807581782341,0.0
normal_102,val,4,Normal,Normal,0.05023011565208435,0.0
normal_103,val,4,Normal,Normal,0.13831466436386108,0.0
normal_104,val,4,Normal,Normal,0.19779975712299347,0.0
normal_105,val,4,Normal,Normal,0.24071234464645386,0.0
normal_106,val,4,Normal,Normal,0.10644257068634033,0.0
normal_107,val,4,Normal,Normal,0.42972010374069214,0.0
normal_108,val,4,Normal,Normal,0.04754304885864258,0.0
normal_109,val,4,Normal,Normal,0.23144271969795227,0.0
normal_110,val,4,Normal,Normal,0.09723824262619019,0.0
normal_111,val,4,Normal,Normal,0.21592260897159576,0.0
normal_112,val,4,Normal,Normal,0.31859302520751953,0.0
normal_113,val,4,Normal,Normal,0.4971999526023865,0.0
normal_114,val,4,Normal,Tumor,0.7378466725349426,0.0
normal_115,val,4,Normal,Normal,0.08725593239068985,0.0
normal_116,val,4,Normal,Normal,0.3591166138648987,0.0
normal_117,val,4,Normal,Tumor,0.9735389947891235,0.0
normal_118,val,4,Normal,Normal,0.4126228392124176,0.0
normal_119,val,4,Normal,Normal,0.13106189668178558,0.0
normal_120,val,4,Normal,Normal,0.3770442605018616,0.0
normal_121,val,4,Normal,Normal,0.08982290327548981,0.0
normal_122,val,4,Normal,Normal,0.041402824223041534,0.0
normal_123,val,4,Normal,Normal,0.3178841173648834,0.0
normal_124,val,4,Normal,Tumor,0.679151713848114,0.0
normal_125,val,4,Normal,Tumor,0.706162691116333,0.0
normal_126,val,4,Normal,Normal,0.3693684935569763,0.0
normal_127,val,4,Normal,Normal,0.008264126256108284,0.0
normal_128,val,4,Normal,Normal,0.2657493054866791,0.0
normal_129,val,4,Normal,Normal,0.3805328905582428,0.0
normal_130,val,4,Normal,Normal,0.3689427375793457,0.0
normal_131,val,4,Normal,Normal,0.2878262996673584,0.0
normal_132,val,4,Normal,Normal,0.06951795518398285,0.0
normal_133,val,4,Normal,Normal,0.24063582718372345,0.0
normal_134,val,4,Normal,Normal,0.0015922831371426582,0.0
normal_135,val,4,Normal,Normal,0.4098038673400879,0.0
normal_136,val,4,Normal,Normal,0.19579440355300903,0.0
normal_137,val,4,Normal,Tumor,0.6572716236114502,0.0
normal_138,val,4,Normal,Normal,0.004234282299876213,0.0
normal_139,val,4,Normal,Normal,0.10734950006008148,0.0
normal_140,val,4,Normal,Normal,0.04521665349602699,0.0
normal_141,val,4,Normal,Normal,0.014223247766494751,0.0
normal_142,val,4,Normal,Normal,0.0970989465713501,0.0
normal_143,val,4,Normal,Tumor,0.6011998057365417,0.0
normal_144,val,4,Normal,Tumor,0.977893054485321,0.0
normal_145,val,4,Normal,Normal,0.3106059432029724,0.0
normal_147,val,4,Normal,Normal,0.23068247735500336,0.0
normal_148,val,4,Normal,Normal,0.22566556930541992,0.0
normal_149,val,4,Normal,Normal,0.2930959165096283,0.0
normal_150,val,4,Normal,Normal,0.07002029567956924,0.0
normal_151,val,4,Normal,Tumor,0.821995198726654,0.0
normal_152,val,4,Normal,Normal,0.49602827429771423,0.0
normal_153,val,4,Normal,Tumor,0.7095794081687927,0.0
normal_154,val,4,Normal,Normal,0.19612005352973938,0.0
normal_155,val,4,Normal,Normal,0.2949067950248718,0.0
normal_156,val,4,Normal,Normal,0.14461323618888855,0.0
normal_157,val,4,Normal,Normal,0.4283645451068878,0.0
normal_158,val,4,Normal,Normal,0.030676376074552536,0.0
normal_159,val,4,Normal,Normal,0.10882720351219177,0.0
normal_160,val,4,Normal,Normal,0.17641879618167877,0.0
tumor_001,val,4,Tumor,Tumor,0.9640961289405823,0.1692307692307692
tumor_002,val,4,Tumor,Normal,0.3742373287677765,0.0375798571965426
tumor_003,val,4,Tumor,Tumor,0.6424601078033447,0.2224340641881156
tumor_004,val,4,Tumor,Normal,0.06264306604862213,0.667302192564347
tumor_005,val,4,Tumor,Tumor,0.6491159200668335,0.2349256068911511
tumor_006,val,4,Tumor,Normal,0.1149965450167656,0.0356760613628255
tumor_007,val,4,Tumor,Tumor,0.8713986277580261,0.1017639077340569
tumor_008,val,4,Tumor,Tumor,0.7176874279975891,0.0
tumor_009,val,4,Tumor,Tumor,0.9999997615814209,16.618437370814387
tumor_010,val,4,Tumor,Normal,0.3894449472427368,0.0
tumor_011,val,4,Tumor,Tumor,0.9999978542327881,4.91358024691358
tumor_013,val,4,Tumor,Tumor,0.5159038305282593,0.3076923076923077
tumor_014,val,4,Tumor,Tumor,0.9939315319061279,1.6724053123462863
tumor_015,val,4,Tumor,Tumor,0.9784101843833923,0.1716604244694132
tumor_017,val,4,Tumor,Normal,0.20637717843055725,0.0
tumor_018,val,4,Tumor,Tumor,0.9999765157699585,0.9770603228547152
tumor_019,val,4,Tumor,Tumor,0.9812875390052795,0.2582311168495804
tumor_020,val,4,Tumor,Tumor,0.9999997615814209,1.3857218031924223
tumor_021,val,4,Tumor,Tumor,0.9772832989692688,0.630297761356227
tumor_022,val,4,Tumor,Tumor,0.9943552017211914,0.0998253057149987
tumor_023,val,4,Tumor,Tumor,0.9166342616081238,0.05
tumor_024,val,4,Tumor,Normal,0.3219519555568695,0.0239520958083832
tumor_025,val,4,Tumor,Tumor,0.999874472618103,2.24848659556068
tumor_026,val,4,Tumor,Tumor,0.9997653365135193,10.99199542595769
tumor_028,val,4,Tumor,Tumor,0.6063295602798462,0.0347101700798333
tumor_029,val,4,Tumor,Tumor,0.9999598264694214,0.9448515233320478
tumor_030,val,4,Tumor,Normal,0.06764791905879974,0.0
tumor_032,val,4,Tumor,Tumor,0.7124203443527222,0.0844059928254906
tumor_033,val,4,Tumor,Tumor,1.0,1.970350910114468
tumor_034,val,4,Tumor,Tumor,0.9999831914901733,4.166666666666667
tumor_035,val,4,Tumor,Normal,0.1059146299958229,0.0507614213197969
tumor_036,val,4,Tumor,Tumor,0.9270225167274475,1.5802269043760129
tumor_037,val,4,Tumor,Tumor,0.9986060261726379,0.5393180236604036
tumor_038,val,4,Tumor,Tumor,0.9999995231628418,3.099510603588907
tumor_039,val,4,Tumor,Tumor,0.9999997615814209,5.697674418604652
tumor_040,val,4,Tumor,Tumor,0.7948909401893616,0.0212675457252233
tumor_041,val,4,Tumor,Tumor,0.7946261763572693,0.045526974732529
tumor_042,val,4,Tumor,Tumor,0.9303954243659973,0.8340113913751017
tumor_043,val,4,Tumor,Normal,0.09030245989561081,0.0
tumor_044,val,4,Tumor,Tumor,1.0,27.64403570462537
tumor_045,val,4,Tumor,Tumor,0.8790599703788757,0.2795899347623485
tumor_046,val,4,Tumor,Tumor,1.0,14.24847958297133
tumor_047,val,4,Tumor,Tumor,1.0,13.118527042577677
tumor_048,val,4,Tumor,Normal,0.3213657736778259,0.037821482602118
tumor_049,val,4,Tumor,Normal,0.11940288543701172,0.0899820035992801
tumor_050,val,4,Tumor,Normal,0.33857327699661255,0.155902004454343
tumor_051,val,4,Tumor,Tumor,0.9993830919265747,1.7123954076668613
tumor_052,val,4,Tumor,Tumor,0.9938919544219971,1.4260768335273577
tumor_053,val,4,Tumor,Tumor,0.6524903774261475,0.0315059861373661
tumor_054,val,4,Tumor,Tumor,0.9999806880950928,24.94393651888908
tumor_055,val,4,Tumor,Tumor,0.9999996423721313,11.261816687217427
tumor_056,val,4,Tumor,Tumor,0.993278443813324,0.8527131782945736
tumor_057,val,4,Tumor,Normal,0.17201074957847595,0.0851788756388415
tumor_058,val,4,Tumor,Tumor,1.0,21.57115260785576
tumor_059,val,4,Tumor,Normal,0.20715969800949097,0.0873362445414847
tumor_060,val,4,Tumor,Normal,0.426009863615036,0.0
tumor_061,val,4,Tumor,Tumor,0.9998540878295898,2.5535207634769157
tumor_062,val,4,Tumor,Tumor,0.9979460835456848,0.8601553829078802
tumor_064,val,4,Tumor,Tumor,0.9996013045310974,4.073383084577115
tumor_065,val,4,Tumor,Normal,0.20416681468486786,0.0973709834469328
tumor_066,val,4,Tumor,Normal,0.19303786754608154,0.0
tumor_068,val,4,Tumor,Tumor,0.9999996423721313,4.937486755668574
tumor_069,val,4,Tumor,Tumor,0.7443416118621826,0.2581477896095515
tumor_070,val,4,Tumor,Normal,0.12451261281967163,0.0269832703723691
tumor_071,val,4,Tumor,Tumor,0.9999980926513672,1.3419713095788988
tumor_072,val,4,Tumor,Tumor,0.9999988079071045,1.9753086419753083
tumor_073,val,4,Tumor,Tumor,0.9995855689048767,0.1549053356282272
tumor_074,val,4,Tumor,Tumor,0.999998927116394,0.1306457633445315
tumor_075,val,4,Tumor,Tumor,0.9717831611633301,1.4255383682135274
tumor_076,val,4,Tumor,Tumor,1.0,39.84681154257214
tumor_077,val,4,Tumor,Tumor,0.9663788080215454,0.1979805979014056
tumor_079,val,4,Tumor,Tumor,0.9999983310699463,0.4898359049718344
tumor_080,val,4,Tumor,Tumor,0.8803447484970093,0.0646725949878739
tumor_081,val,4,Tumor,Normal,0.41167300939559937,0.0
tumor_082,val,4,Tumor,Tumor,0.999067485332489,8.661997788426097
tumor_085,val,4,Tumor,Tumor,1.0,15.891741845940318
tumor_086,val,4,Tumor,Normal,0.16166207194328308,0.028604118993135
tumor_087,val,4,Tumor,Tumor,0.686234176158905,0.0828271673108779
tumor_088,val,4,Tumor,Tumor,0.9999977350234985,3.5076795350767958
tumor_089,val,4,Tumor,Tumor,1.0,17.817324185248715
tumor_090,val,4,Tumor,Tumor,1.0,3.051126992853216
tumor_091,val,4,Tumor,Tumor,0.9999892711639404,3.3682634730538923
tumor_092,val,4,Tumor,Tumor,0.6599134206771851,0.1994813484939158
tumor_093,val,4,Tumor,Normal,0.39819014072418213,0.1205545509342977
tumor_094,val,4,Tumor,Tumor,0.9753108620643616,1.1533107973752237
tumor_095,val,4,Tumor,Tumor,1.0,9.094804499196572
tumor_096,val,4,Tumor,Tumor,0.7394161224365234,0.6086266207991532
tumor_097,val,4,Tumor,Tumor,0.9951687455177307,0.0172532781228433
tumor_098,val,4,Tumor,Normal,0.1632584035396576,0.0344827586206896
tumor_099,val,4,Tumor,Tumor,0.999823272228241,0.3459409594095941
tumor_100,val,4,Tumor,Tumor,0.9816753268241882,0.1020929045431342
tumor_101,val,4,Tumor,Tumor,0.9999996423721313,5.8042605742513125
tumor_102,val,4,Tumor,Tumor,0.9999936819076538,3.227802413117459
tumor_103,val,4,Tumor,Normal,0.14764396846294403,0.078354554358472
tumor_104,val,4,Tumor,Tumor,0.999861478805542,1.4397120575884823
tumor_105,val,4,Tumor,Tumor,0.9999555349349976,1.9146482122260668
tumor_107,val,4,Tumor,Tumor,0.9628147482872009,0.1149425287356321
tumor_108,val,4,Tumor,Tumor,0.9999406337738037,0.9541397353031702
tumor_109,val,4,Tumor,Tumor,1.0,2.2341745966073643
tumor_110,val,4,Tumor,Tumor,1.0,30.696969696969692
tumor_111,val,4,Tumor,Tumor,0.8421159982681274,0.2079482439926062
test_001,val,4,Tumor,Tumor,0.9999971389770508,2.2790697674418605
test_002,val,4,Tumor,Tumor,0.9550110697746277,1.0288653901114604
test_003,val,4,Normal,Normal,0.06591711938381195,0.0
test_004,val,4,Tumor,Normal,0.2147495597600937,0.0
test_005,val,4,Normal,Normal,0.0729173868894577,0.0
test_006,val,4,Normal,Tumor,0.8643400073051453,0.0
test_007,val,4,Normal,Normal,0.21679197251796722,0.0
test_008,val,4,Tumor,Tumor,0.9195196628570557,0.0152091254752851
test_009,val,4,Normal,Normal,0.04458169266581535,0.0
test_010,val,4,Tumor,Normal,0.43687641620635986,0.0220312844238819
test_012,val,4,Normal,Normal,0.09297297149896622,0.0
test_013,val,4,Tumor,Normal,0.3608846664428711,0.08130081300813
test_014,val,4,Normal,Normal,0.05919213593006134,0.0
test_015,val,4,Normal,Normal,0.22666558623313904,0.0
test_016,val,4,Tumor,Tumor,1.0,10.554649265905384
test_017,val,4,Normal,Tumor,0.511032223701477,0.0
test_018,val,4,Normal,Normal,0.11980333179235458,0.0
test_019,val,4,Normal,Normal,0.18161989748477936,0.0
test_020,val,4,Normal,Tumor,0.5033575892448425,0.0
test_021,val,4,Tumor,Tumor,1.0,52.2167487684729
test_022,val,4,Normal,Tumor,0.6434314846992493,0.0
test_023,val,4,Normal,Tumor,0.8077091574668884,0.0
test_024,val,4,Normal,Normal,0.372566282749176,0.0
test_025,val,4,Normal,Normal,0.35470259189605713,0.0
test_026,val,4,Tumor,Tumor,0.9999665021896362,4.99304105775922
test_027,val,4,Tumor,Tumor,0.9650941491127014,1.5288394718554552
test_028,val,4,Normal,Normal,0.13415153324604034,0.0
test_029,val,4,Tumor,Normal,0.09644652158021927,0.0895656068069861
test_030,val,4,Tumor,Tumor,0.9012239575386047,0.2566923359002567
test_031,val,4,Normal,Normal,0.26529815793037415,0.0
test_032,val,4,Normal,Normal,0.30646219849586487,0.0
test_033,val,4,Tumor,Tumor,0.6133960485458374,0.0189089533894298
test_034,val,4,Normal,Normal,0.09999927133321762,0.0
test_035,val,4,Normal,Tumor,0.5034775137901306,0.0
test_036,val,4,Normal,Normal,0.15284088253974915,0.0
test_037,val,4,Normal,Normal,0.1638721227645874,0.0
test_038,val,4,Tumor,Tumor,0.7437591552734375,0.2326483132997285
test_039,val,4,Normal,Normal,0.01832306571304798,0.0
test_040,val,4,Tumor,Tumor,0.9999998807907104,20.407040704070408
test_041,val,4,Normal,Normal,0.11001128703355789,0.0
test_042,val,4,Normal,Tumor,0.742204487323761,0.0
test_044,val,4,Normal,Normal,0.04152696207165718,0.0
test_045,val,4,Normal,Tumor,0.7541478276252747,0.0
test_046,val,4,Tumor,Tumor,0.7282291054725647,0.0552181115405853
test_047,val,4,Normal,Normal,0.06975756585597992,0.0
test_048,val,4,Tumor,Tumor,0.8909833431243896,0.0978665100802505
test_050,val,4,Normal,Normal,0.23164241015911102,0.0
test_051,val,4,Tumor,Tumor,0.9994564652442932,3.020318506315212
test_052,val,4,Tumor,Tumor,0.5580223798751831,0.0487567040468064
test_053,val,4,Normal,Normal,0.150503471493721,0.0
test_054,val,4,Normal,Normal,0.07237955182790756,0.0
test_055,val,4,Normal,Normal,0.30774614214897156,0.0
test_056,val,4,Normal,Normal,0.21915116906166077,0.0
test_057,val,4,Normal,Normal,0.10327114909887314,0.0
test_058,val,4,Normal,Normal,0.3296869099140167,0.0
test_059,val,4,Normal,Normal,0.11000371724367142,0.0
test_060,val,4,Normal,Normal,0.015832331031560898,0.0
test_061,val,4,Tumor,Tumor,0.9991675615310669,0.6552262090483619
test_063,val,4,Normal,Normal,0.13454227149486542,0.0
test_065,val,4,Tumor,Normal,0.020679602399468422,0.1262626262626262
test_066,val,4,Tumor,Normal,0.378335177898407,0.0517866390471258
test_067,val,4,Normal,Normal,0.055880870670080185,0.0
test_068,val,4,Tumor,Tumor,0.9999991655349731,3.155339805825242
test_069,val,4,Tumor,Tumor,0.9970836043357849,0.2094789211835559
test_070,val,4,Normal,Normal,0.04739255830645561,0.0
test_071,val,4,Tumor,Tumor,1.0,4.893403920446416
test_073,val,4,Tumor,Tumor,0.9999979734420776,13.865284974093264
test_074,val,4,Tumor,Tumor,0.9263105392456055,0.1355748373101952
test_075,val,4,Tumor,Tumor,0.9999998807907104,3.189493433395872
test_076,val,4,Normal,Normal,0.47383174300193787,0.0
test_077,val,4,Normal,Normal,0.47106578946113586,0.0
test_078,val,4,Normal,Normal,0.1143186166882515,0.0
test_080,val,4,Normal,Normal,0.10003674030303955,0.0
test_081,val,4,Normal,Tumor,0.799439549446106,0.0
test_084,val,4,Tumor,Normal,0.4414021968841553,0.2335084646818447
test_085,val,4,Normal,Tumor,0.7319667935371399,0.0
test_086,val,4,Normal,Tumor,0.6329494118690491,0.0
test_087,val,4,Normal,Normal,0.07875349372625351,0.0
test_088,val,4,Normal,Normal,0.09271969646215439,0.0
test_089,val,4,Normal,Normal,0.03585873171687126,0.0
test_090,val,4,Tumor,Tumor,0.9999994039535522,34.18817118127905
test_091,val,4,Normal,Normal,0.43311816453933716,0.0
test_093,val,4,Normal,Normal,0.3203776180744171,0.0
test_094,val,4,Tumor,Tumor,1.0,1.955614150736102
test_095,val,4,Normal,Tumor,0.7348160743713379,0.0
test_096,val,4,Normal,Tumor,0.8030101656913757,0.0
test_097,val,4,Tumor,Normal,0.26877081394195557,0.0
test_098,val,4,Normal,Tumor,0.6257549524307251,0.0
test_099,val,4,Tumor,Tumor,0.545195996761322,0.0
test_100,val,4,Normal,Normal,0.035060908645391464,0.0
test_101,val,4,Normal,Normal,0.22745844721794128,0.0
test_102,val,4,Tumor,Tumor,0.9999375343322754,0.121334681496461
test_103,val,4,Normal,Normal,0.0606083981692791,0.0
test_104,val,4,Tumor,Tumor,0.9992660880088806,1.3926084627745046
test_105,val,4,Tumor,Tumor,1.0,68.18663838812301
test_106,val,4,Normal,Normal,0.036790985614061356,0.0
test_107,val,4,Normal,Normal,0.07043985277414322,0.0
test_108,val,4,Tumor,Tumor,0.9999918937683105,0.5213270142180095
test_110,val,4,Tumor,Normal,0.19264119863510132,0.0
test_111,val,4,Normal,Normal,0.014342982321977615,0.0
test_112,val,4,Normal,Tumor,0.6762747764587402,0.0
test_113,val,4,Tumor,Tumor,1.0,24.304783092324804
test_114,val,4,Tumor,Tumor,1.0,32.49844752639205
test_115,val,4,Normal,Normal,0.043932266533374786,0.0
test_116,val,4,Tumor,Normal,0.08015630394220352,0.0
test_117,val,4,Tumor,Normal,0.048692166805267334,0.0
test_118,val,4,Normal,Normal,0.15040414035320282,0.0
test_119,val,4,Normal,Normal,0.1690385788679123,0.0
test_120,val,4,Normal,Tumor,0.6454231142997742,0.0
test_121,val,4,Tumor,Tumor,0.9950490593910217,0.5915100904662491
test_124,val,4,Normal,Normal,0.09750590473413467,0.0
test_125,val,4,Normal,Normal,0.08780407160520554,0.0
test_126,val,4,Normal,Tumor,0.509891152381897,0.0
test_127,val,4,Normal,Tumor,0.5978288054466248,0.0
test_128,val,4,Normal,Normal,0.07246284186840057,0.0
test_129,val,4,Normal,Normal,0.021826529875397682,0.0
test_130,val,4,Normal,Normal,0.06014053523540497,0.0
normal_001,val,5,Normal,Normal,0.06187598407268524,0.0
normal_002,val,5,Normal,Normal,0.003702803049236536,0.0
normal_003,val,5,Normal,Normal,0.02201468124985695,0.0
normal_004,val,5,Normal,Normal,0.04266022890806198,0.0
normal_005,val,5,Normal,Normal,0.013048218563199043,0.0
normal_006,val,5,Normal,Normal,0.2001257687807083,0.0
normal_007,val,5,Normal,Tumor,0.9010655879974365,0.0
normal_008,val,5,Normal,Normal,0.26987001299858093,0.0
normal_009,val,5,Normal,Normal,0.111068494617939,0.0
normal_010,val,5,Normal,Normal,0.14824235439300537,0.0
normal_011,val,5,Normal,Normal,0.12898194789886475,0.0
normal_012,val,5,Normal,Normal,0.08327408134937286,0.0
normal_013,val,5,Normal,Normal,0.01536178681999445,0.0
normal_014,val,5,Normal,Normal,0.028126617893576622,0.0
normal_015,val,5,Normal,Tumor,0.5354756116867065,0.0
normal_016,val,5,Normal,Normal,0.26403912901878357,0.0
normal_017,val,5,Normal,Tumor,0.5929006934165955,0.0
normal_018,val,5,Normal,Normal,0.025326402857899666,0.0
normal_019,val,5,Normal,Normal,0.05651349574327469,0.0
normal_020,val,5,Normal,Normal,0.033384524285793304,0.0
normal_021,val,5,Normal,Normal,0.02333483099937439,0.0
normal_022,val,5,Normal,Tumor,0.671991229057312,0.0
normal_023,val,5,Normal,Normal,0.005049769766628742,0.0
normal_024,val,5,Normal,Normal,0.04257155582308769,0.0
normal_025,val,5,Normal,Normal,0.2778107821941376,0.0
normal_026,val,5,Normal,Normal,0.029231127351522446,0.0
normal_027,val,5,Normal,Normal,0.008196340873837471,0.0
normal_028,val,5,Normal,Normal,0.3102878928184509,0.0
normal_029,val,5,Normal,Tumor,0.6076943278312683,0.0
normal_030,val,5,Normal,Normal,0.2413088083267212,0.0
normal_031,val,5,Normal,Tumor,0.5014851093292236,0.0
normal_032,val,5,Normal,Tumor,0.616278886795044,0.0
normal_033,val,5,Normal,Normal,0.030550427734851837,0.0
normal_034,val,5,Normal,Tumor,0.5914278626441956,0.0
normal_035,val,5,Normal,Tumor,0.9085718989372253,0.0
normal_036,val,5,Normal,Normal,0.14366045594215393,0.0
normal_037,val,5,Normal,Normal,0.08067596703767776,0.0
normal_038,val,5,Normal,Normal,0.004586018156260252,0.0
normal_039,val,5,Normal,Normal,0.25577038526535034,0.0
normal_040,val,5,Normal,Normal,0.16635245084762573,0.0
normal_041,val,5,Normal,Normal,0.1002267375588417,0.0
normal_042,val,5,Normal,Normal,0.017267342656850815,0.0
normal_043,val,5,Normal,Tumor,0.6055052280426025,0.0
normal_044,val,5,Normal,Normal,0.051645562052726746,0.0
normal_045,val,5,Normal,Normal,5.3163068514550105e-05,0.0
normal_046,val,5,Normal,Tumor,0.9798390865325928,0.0
normal_048,val,5,Normal,Tumor,0.6941055059432983,0.0
normal_049,val,5,Normal,Tumor,0.7331116199493408,0.0
normal_050,val,5,Normal,Normal,0.2939647138118744,0.0
normal_051,val,5,Normal,Normal,0.057365357875823975,0.0
normal_052,val,5,Normal,Normal,0.34905973076820374,0.0
normal_053,val,5,Normal,Tumor,0.6495636701583862,0.0
normal_054,val,5,Normal,Normal,0.006312907673418522,0.0
normal_055,val,5,Normal,Normal,0.39146775007247925,0.0
normal_058,val,5,Normal,Normal,0.016581278294324875,0.0
normal_059,val,5,Normal,Normal,0.00027407941524870694,0.0
normal_060,val,5,Normal,Tumor,0.7791269421577454,0.0
normal_062,val,5,Normal,Normal,0.015662530437111855,0.0
normal_063,val,5,Normal,Tumor,0.9059615731239319,0.0
normal_064,val,5,Normal,Tumor,0.8054441213607788,0.0
normal_065,val,5,Normal,Normal,0.037312138825654984,0.0
normal_066,val,5,Normal,Normal,0.07404029369354248,0.0
normal_067,val,5,Normal,Normal,0.007868628948926926,0.0
normal_068,val,5,Normal,Normal,0.2278476506471634,0.0
normal_069,val,5,Normal,Normal,0.04180275276303291,0.0
normal_070,val,5,Normal,Normal,0.06474535912275314,0.0
normal_071,val,5,Normal,Normal,0.01340711023658514,0.0
normal_072,val,5,Normal,Normal,0.0015831198543310165,0.0
normal_073,val,5,Normal,Normal,0.030581174418330193,0.0
normal_074,val,5,Normal,Normal,0.14374294877052307,0.0
normal_075,val,5,Normal,Normal,0.018897930160164833,0.0
normal_076,val,5,Normal,Normal,0.06090058013796806,0.0
normal_077,val,5,Normal,Normal,0.20342768728733063,0.0
normal_078,val,5,Normal,Normal,0.03928624466061592,0.0
normal_079,val,5,Normal,Normal,0.29620495438575745,0.0
normal_080,val,5,Normal,Normal,0.11230284720659256,0.0
normal_081,val,5,Normal,Normal,0.007077919319272041,0.0
normal_082,val,5,Normal,Normal,0.16514518857002258,0.0
normal_083,val,5,Normal,Tumor,0.6190056204795837,0.0
normal_084,val,5,Normal,Normal,0.05289965495467186,0.0
normal_085,val,5,Normal,Normal,0.05347501486539841,0.0
normal_087,val,5,Normal,Normal,0.354362815618515,0.0
normal_088,val,5,Normal,Normal,0.35296937823295593,0.0
normal_089,val,5,Normal,Normal,0.364626407623291,0.0
normal_090,val,5,Normal,Normal,0.4704795479774475,0.0
normal_092,val,5,Normal,Normal,0.07019390165805817,0.0
normal_093,val,5,Normal,Normal,0.019589398056268692,0.0
normal_094,val,5,Normal,Tumor,0.6465539336204529,0.0
normal_095,val,5,Normal,Normal,0.07228609919548035,0.0
normal_096,val,5,Normal,Tumor,0.9653457999229431,0.0
normal_097,val,5,Normal,Normal,0.08284305036067963,0.0
normal_099,val,5,Normal,Normal,0.024702560156583786,0.0
normal_100,val,5,Normal,Normal,0.22535499930381775,0.0
normal_101,val,5,Normal,Normal,0.06715153902769089,0.0
normal_102,val,5,Normal,Normal,0.1328379213809967,0.0
normal_103,val,5,Normal,Normal,0.13790488243103027,0.0
normal_105,val,5,Normal,Normal,0.09258348494768143,0.0
normal_106,val,5,Normal,Normal,0.022776881232857704,0.0
normal_107,val,5,Normal,Normal,0.12289619445800781,0.0
normal_108,val,5,Normal,Normal,0.026108693331480026,0.0
normal_109,val,5,Normal,Normal,0.1971260905265808,0.0
normal_110,val,5,Normal,Normal,0.07441451400518417,0.0
normal_111,val,5,Normal,Normal,0.24432861804962158,0.0
normal_112,val,5,Normal,Normal,0.10872431844472885,0.0
normal_113,val,5,Normal,Normal,0.208632230758667,0.0
normal_114,val,5,Normal,Normal,0.4562539756298065,0.0
normal_115,val,5,Normal,Normal,0.028800105676054955,0.0
normal_116,val,5,Normal,Normal,0.085196852684021,0.0
normal_117,val,5,Normal,Tumor,0.9962847232818604,0.0
normal_118,val,5,Normal,Normal,0.18925544619560242,0.0
normal_119,val,5,Normal,Normal,0.04911642149090767,0.0
normal_120,val,5,Normal,Normal,0.3359094560146332,0.0
normal_122,val,5,Normal,Normal,0.0066121844574809074,0.0
normal_123,val,5,Normal,Normal,0.12811946868896484,0.0
normal_125,val,5,Normal,Tumor,0.5745396614074707,0.0
normal_126,val,5,Normal,Normal,0.21371832489967346,0.0
normal_127,val,5,Normal,Normal,0.001109219272620976,0.0
normal_128,val,5,Normal,Normal,0.24977310001850128,0.0
normal_129,val,5,Normal,Normal,0.27101707458496094,0.0
normal_130,val,5,Normal,Normal,0.20441177487373352,0.0
normal_131,val,5,Normal,Normal,0.07117893546819687,0.0
normal_132,val,5,Normal,Normal,0.02959938533604145,0.0
normal_133,val,5,Normal,Normal,0.14151854813098907,0.0
normal_134,val,5,Normal,Normal,0.0015919844154268503,0.0
normal_135,val,5,Normal,Normal,0.38135626912117004,0.0
normal_136,val,5,Normal,Normal,0.02106754668056965,0.0
normal_137,val,5,Normal,Normal,0.4378190040588379,0.0
normal_138,val,5,Normal,Normal,0.0016651904443278909,0.0
normal_139,val,5,Normal,Normal,0.1544409990310669,0.0
normal_140,val,5,Normal,Normal,0.015960589051246643,0.0
normal_141,val,5,Normal,Normal,0.004650093149393797,0.0
normal_142,val,5,Normal,Normal,0.29903313517570496,0.0
normal_143,val,5,Normal,Normal,0.34742471575737,0.0
normal_144,val,5,Normal,Tumor,0.9771090149879456,0.0
normal_145,val,5,Normal,Normal,0.0645919218659401,0.0
normal_146,val,5,Normal,Normal,0.10245469957590103,0.0
normal_147,val,5,Normal,Normal,0.07234220206737518,0.0
normal_148,val,5,Normal,Normal,0.1588672548532486,0.0
normal_149,val,5,Normal,Normal,0.1393672376871109,0.0
normal_150,val,5,Normal,Normal,0.020122231915593147,0.0
normal_151,val,5,Normal,Tumor,0.717504620552063,0.0
normal_152,val,5,Normal,Normal,0.1667352169752121,0.0
normal_153,val,5,Normal,Normal,0.42903998494148254,0.0
normal_154,val,5,Normal,Normal,0.14360454678535461,0.0
normal_155,val,5,Normal,Normal,0.11482711881399155,0.0
normal_156,val,5,Normal,Normal,0.057319704443216324,0.0
normal_157,val,5,Normal,Normal,0.3087184429168701,0.0
normal_158,val,5,Normal,Normal,0.04314886033535004,0.0
normal_159,val,5,Normal,Normal,0.05477007105946541,0.0
normal_160,val,5,Normal,Normal,0.07009534537792206,0.0
tumor_001,val,5,Tumor,Tumor,0.9552714228630066,0.1692307692307692
tumor_002,val,5,Tumor,Normal,0.15619713068008423,0.0375798571965426
tumor_003,val,5,Tumor,Normal,0.4184313714504242,0.2224340641881156
tumor_004,val,5,Tumor,Normal,0.018083034083247185,0.667302192564347
tumor_005,val,5,Tumor,Tumor,0.757351279258728,0.2349256068911511
tumor_006,val,5,Tumor,Normal,0.06526442617177963,0.0356760613628255
tumor_007,val,5,Tumor,Normal,0.4010207951068878,0.1017639077340569
tumor_009,val,5,Tumor,Tumor,0.9999998807907104,16.618437370814387
tumor_010,val,5,Tumor,Normal,0.16865253448486328,0.0
tumor_011,val,5,Tumor,Tumor,0.9999977350234985,4.91358024691358
tumor_012,val,5,Tumor,Normal,0.022243687883019447,0.0544959128065395
tumor_013,val,5,Tumor,Normal,0.2856265902519226,0.3076923076923077
tumor_014,val,5,Tumor,Tumor,0.9952803254127502,1.6724053123462863
tumor_015,val,5,Tumor,Tumor,0.8588058948516846,0.1716604244694132
tumor_016,val,5,Tumor,Tumor,0.9999959468841553,9.478970495919649
tumor_017,val,5,Tumor,Normal,0.10802748054265976,0.0
tumor_018,val,5,Tumor,Tumor,0.9999741315841675,0.9770603228547152
tumor_019,val,5,Tumor,Tumor,0.9646835923194885,0.2582311168495804
tumor_020,val,5,Tumor,Tumor,0.9999998807907104,1.3857218031924223
tumor_021,val,5,Tumor,Tumor,0.9391035437583923,0.630297761356227
tumor_022,val,5,Tumor,Tumor,0.9523142576217651,0.0998253057149987
tumor_023,val,5,Tumor,Tumor,0.8598273396492004,0.05
tumor_025,val,5,Tumor,Tumor,0.9999898672103882,2.24848659556068
tumor_026,val,5,Tumor,Tumor,0.998855710029602,10.99199542595769
tumor_027,val,5,Tumor,Normal,0.3159276247024536,0.0447127207690588
tumor_029,val,5,Tumor,Tumor,0.999985933303833,0.9448515233320478
tumor_030,val,5,Tumor,Normal,0.025065889582037926,0.0
tumor_031,val,5,Tumor,Tumor,0.9999983310699463,8.194343727338651
tumor_032,val,5,Tumor,Normal,0.30022820830345154,0.0844059928254906
tumor_034,val,5,Tumor,Tumor,0.9999539852142334,4.166666666666667
tumor_035,val,5,Tumor,Normal,0.12289156764745712,0.0507614213197969
tumor_036,val,5,Tumor,Tumor,0.9332693219184875,1.5802269043760129
tumor_037,val,5,Tumor,Tumor,0.9760233163833618,0.5393180236604036
tumor_038,val,5,Tumor,Tumor,1.0,3.099510603588907
tumor_039,val,5,Tumor,Tumor,0.9999998807907104,5.697674418604652
tumor_040,val,5,Tumor,Tumor,0.8680479526519775,0.0212675457252233
tumor_041,val,5,Tumor,Tumor,0.547950029373169,0.045526974732529
tumor_042,val,5,Tumor,Tumor,0.7621399760246277,0.8340113913751017
tumor_043,val,5,Tumor,Normal,0.025425462052226067,0.0
tumor_044,val,5,Tumor,Tumor,1.0,27.64403570462537
tumor_045,val,5,Tumor,Tumor,0.6267065405845642,0.2795899347623485
tumor_046,val,5,Tumor,Tumor,1.0,14.24847958297133
tumor_047,val,5,Tumor,Tumor,1.0,13.118527042577677
tumor_048,val,5,Tumor,Normal,0.21175536513328552,0.037821482602118
tumor_049,val,5,Tumor,Normal,0.04494793340563774,0.0899820035992801
tumor_050,val,5,Tumor,Normal,0.07388998568058014,0.155902004454343
tumor_052,val,5,Tumor,Tumor,0.988329291343689,1.4260768335273577
tumor_054,val,5,Tumor,Tumor,0.999994158744812,24.94393651888908
tumor_055,val,5,Tumor,Tumor,0.999998927116394,11.261816687217427
tumor_056,val,5,Tumor,Tumor,0.99469393491745,0.8527131782945736
tumor_057,val,5,Tumor,Normal,0.12573038041591644,0.0851788756388415
tumor_058,val,5,Tumor,Tumor,1.0,21.57115260785576
tumor_059,val,5,Tumor,Normal,0.09876833111047745,0.0873362445414847
tumor_060,val,5,Tumor,Normal,0.16241297125816345,0.0
tumor_061,val,5,Tumor,Tumor,0.9997684359550476,2.5535207634769157
tumor_062,val,5,Tumor,Tumor,0.9851083159446716,0.8601553829078802
tumor_063,val,5,Tumor,Normal,0.142327681183815,0.0132643586682583
tumor_065,val,5,Tumor,Normal,0.015179215930402279,0.0973709834469328
tumor_066,val,5,Tumor,Normal,0.09784597158432007,0.0
tumor_067,val,5,Tumor,Tumor,0.5292477011680603,0.0
tumor_068,val,5,Tumor,Tumor,0.9999998807907104,4.937486755668574
tumor_069,val,5,Tumor,Tumor,0.7324881553649902,0.2581477896095515
tumor_070,val,5,Tumor,Normal,0.062015190720558167,0.0269832703723691
tumor_071,val,5,Tumor,Tumor,0.9999821186065674,1.3419713095788988
tumor_072,val,5,Tumor,Tumor,0.9999251365661621,1.9753086419753083
tumor_073,val,5,Tumor,Tumor,0.989569365978241,0.1549053356282272
tumor_074,val,5,Tumor,Tumor,0.999948263168335,0.1306457633445315
tumor_075,val,5,Tumor,Tumor,0.6924037933349609,1.4255383682135274
tumor_076,val,5,Tumor,Tumor,1.0,39.84681154257214
tumor_077,val,5,Tumor,Tumor,0.891459047794342,0.1979805979014056
tumor_078,val,5,Tumor,Tumor,1.0,19.859961807765757
tumor_079,val,5,Tumor,Tumor,1.0,0.4898359049718344
tumor_080,val,5,Tumor,Tumor,0.6823245882987976,0.0646725949878739
tumor_081,val,5,Tumor,Normal,0.36608222126960754,0.0
tumor_082,val,5,Tumor,Tumor,0.9975837469100952,8.661997788426097
tumor_083,val,5,Tumor,Tumor,0.9862388968467712,0.6153846153846154
tumor_084,val,5,Tumor,Tumor,0.9994189739227295,1.4640638864241349
tumor_085,val,5,Tumor,Tumor,1.0,15.891741845940318
tumor_086,val,5,Tumor,Normal,0.25970470905303955,0.028604118993135
tumor_087,val,5,Tumor,Tumor,0.6262472867965698,0.0828271673108779
tumor_088,val,5,Tumor,Tumor,0.9999998807907104,3.5076795350767958
tumor_089,val,5,Tumor,Tumor,1.0,17.817324185248715
tumor_090,val,5,Tumor,Tumor,0.9999998807907104,3.051126992853216
tumor_091,val,5,Tumor,Tumor,0.9999904632568359,3.3682634730538923
tumor_092,val,5,Tumor,Tumor,0.5938268899917603,0.1994813484939158
tumor_093,val,5,Tumor,Normal,0.2290373593568802,0.1205545509342977
tumor_094,val,5,Tumor,Tumor,0.912833571434021,1.1533107973752237
tumor_095,val,5,Tumor,Tumor,1.0,9.094804499196572
tumor_096,val,5,Tumor,Tumor,0.5194454193115234,0.6086266207991532
tumor_097,val,5,Tumor,Tumor,0.9874818325042725,0.0172532781228433
tumor_098,val,5,Tumor,Normal,0.05301537737250328,0.0344827586206896
tumor_099,val,5,Tumor,Tumor,0.9938136339187622,0.3459409594095941
tumor_100,val,5,Tumor,Tumor,0.9746702909469604,0.1020929045431342
tumor_101,val,5,Tumor,Tumor,0.9999765157699585,5.8042605742513125
tumor_102,val,5,Tumor,Tumor,0.9998393058776855,3.227802413117459
tumor_103,val,5,Tumor,Normal,0.032950811088085175,0.078354554358472
tumor_104,val,5,Tumor,Tumor,0.9993688464164734,1.4397120575884823
tumor_105,val,5,Tumor,Tumor,0.9984714388847351,1.9146482122260668
tumor_106,val,5,Tumor,Tumor,0.9999887943267822,0.975531744762514
tumor_107,val,5,Tumor,Tumor,0.9677147269248962,0.1149425287356321
tumor_108,val,5,Tumor,Tumor,0.9999433755874634,0.9541397353031702
tumor_109,val,5,Tumor,Tumor,1.0,2.2341745966073643
tumor_110,val,5,Tumor,Tumor,0.9999998807907104,30.696969696969692
tumor_111,val,5,Tumor,Tumor,0.998999297618866,0.2079482439926062
test_002,val,5,Tumor,Tumor,0.9841310381889343,1.0288653901114604
test_003,val,5,Normal,Normal,0.11141660809516907,0.0
test_004,val,5,Tumor,Normal,0.06524389237165451,0.0
test_005,val,5,Normal,Normal,0.09035923331975937,0.0
test_008,val,5,Tumor,Tumor,0.8632829189300537,0.0152091254752851
test_009,val,5,Normal,Normal,0.0289026889950037,0.0
test_010,val,5,Tumor,Normal,0.3067266047000885,0.0220312844238819
test_011,val,5,Tumor,Normal,0.007446081377565861,0.0
test_012,val,5,Normal,Normal,0.1376221477985382,0.0
test_014,val,5,Normal,Normal,0.025974834337830544,0.0
test_015,val,5,Normal,Normal,0.08527529239654541,0.0
test_016,val,5,Tumor,Tumor,1.0,10.554649265905384
test_017,val,5,Normal,Normal,0.29547780752182007,0.0
test_018,val,5,Normal,Normal,0.26093313097953796,0.0
test_019,val,5,Normal,Normal,0.19058743119239807,0.0
test_020,val,5,Normal,Tumor,0.9003434777259827,0.0
test_022,val,5,Normal,Normal,0.21994860470294952,0.0
test_023,val,5,Normal,Tumor,0.7609895467758179,0.0
test_024,val,5,Normal,Normal,0.4502128064632416,0.0
test_025,val,5,Normal,Normal,0.3050297796726227,0.0
test_027,val,5,Tumor,Tumor,0.8273115158081055,1.5288394718554552
test_028,val,5,Normal,Normal,0.04162388667464256,0.0
test_029,val,5,Tumor,Normal,0.02965022809803486,0.0895656068069861
test_031,val,5,Normal,Normal,0.0944850891828537,0.0
test_033,val,5,Tumor,Normal,0.4800150394439697,0.0189089533894298
test_034,val,5,Normal,Normal,0.08410380780696869,0.0
test_035,val,5,Normal,Normal,0.386016845703125,0.0
test_037,val,5,Normal,Normal,0.024335039779543877,0.0
test_039,val,5,Normal,Normal,0.004062305670231581,0.0
test_040,val,5,Tumor,Tumor,1.0,20.407040704070408
test_041,val,5,Normal,Normal,0.05046627297997475,0.0
test_042,val,5,Normal,Tumor,0.5639309287071228,0.0
test_043,val,5,Normal,Normal,0.0759340301156044,0.0
test_044,val,5,Normal,Normal,0.032714467495679855,0.0
test_046,val,5,Tumor,Tumor,0.8779147267341614,0.0552181115405853
test_047,val,5,Normal,Normal,0.018180781975388527,0.0
test_050,val,5,Normal,Normal,0.1209539845585823,0.0
test_051,val,5,Tumor,Tumor,0.9997521042823792,3.020318506315212
test_052,val,5,Tumor,Tumor,0.6706095337867737,0.0487567040468064
test_053,val,5,Normal,Normal,0.021681420505046844,0.0
test_054,val,5,Normal,Normal,0.05290641635656357,0.0
test_056,val,5,Normal,Normal,0.13251182436943054,0.0
test_057,val,5,Normal,Normal,0.12830974161624908,0.0
test_058,val,5,Normal,Normal,0.3216768801212311,0.0
test_059,val,5,Normal,Normal,0.036690548062324524,0.0
test_060,val,5,Normal,Normal,0.0023670762311667204,0.0
test_061,val,5,Tumor,Tumor,0.9744768738746643,0.6552262090483619
test_062,val,5,Normal,Tumor,0.7619125247001648,0.0
test_063,val,5,Normal,Normal,0.18317481875419617,0.0
test_064,val,5,Tumor,Tumor,0.733577311038971,0.0720980533525594
test_065,val,5,Tumor,Normal,0.14437803626060486,0.1262626262626262
test_066,val,5,Tumor,Tumor,0.53052818775177,0.0517866390471258
test_067,val,5,Normal,Normal,0.059375789016485214,0.0
test_068,val,5,Tumor,Tumor,0.9999998807907104,3.155339805825242
test_069,val,5,Tumor,Tumor,0.9950065612792969,0.2094789211835559
test_070,val,5,Normal,Normal,0.022648444399237633,0.0
test_071,val,5,Tumor,Tumor,1.0,4.893403920446416
test_072,val,5,Normal,Normal,0.019115744158625603,0.0
test_073,val,5,Tumor,Tumor,0.9999812841415405,13.865284974093264
test_075,val,5,Tumor,Tumor,0.9999995231628418,3.189493433395872
test_076,val,5,Normal,Normal,0.25116580724716187,0.0
test_077,val,5,Normal,Normal,0.43814486265182495,0.0
test_078,val,5,Normal,Normal,0.08188112080097198,0.0
test_079,val,5,Tumor,Tumor,0.8615569472312927,0.4285714285714285
test_080,val,5,Normal,Normal,0.14664918184280396,0.0
test_081,val,5,Normal,Normal,0.49043962359428406,0.0
test_082,val,5,Tumor,Tumor,0.9998960494995117,1.7209729233593392
test_083,val,5,Normal,Tumor,0.6617337465286255,0.0
test_085,val,5,Normal,Tumor,0.842230498790741,0.0
test_086,val,5,Normal,Normal,0.27215439081192017,0.0
test_087,val,5,Normal,Normal,0.060792841017246246,0.0
test_088,val,5,Normal,Normal,0.07469242811203003,0.0
test_089,val,5,Normal,Normal,0.006509457249194384,0.0
test_090,val,5,Tumor,Tumor,1.0,34.18817118127905
test_091,val,5,Normal,Tumor,0.6902180314064026,0.0
test_092,val,5,Tumor,Tumor,0.9993258714675903,0.2054895053574049
test_093,val,5,Normal,Normal,0.2578944265842438,0.0
test_094,val,5,Tumor,Tumor,0.9999977350234985,1.955614150736102
test_095,val,5,Normal,Normal,0.45788466930389404,0.0
test_096,val,5,Normal,Tumor,0.5452604293823242,0.0
test_097,val,5,Tumor,Normal,0.15379413962364197,0.0
test_098,val,5,Normal,Normal,0.3376154601573944,0.0
test_099,val,5,Tumor,Tumor,0.5763868689537048,0.0
test_100,val,5,Normal,Normal,0.05116449296474457,0.0
test_101,val,5,Normal,Normal,0.14563463628292084,0.0
test_102,val,5,Tumor,Tumor,0.9994215965270996,0.121334681496461
test_103,val,5,Normal,Normal,0.032765913754701614,0.0
test_104,val,5,Tumor,Tumor,0.9997596144676208,1.3926084627745046
test_105,val,5,Tumor,Tumor,1.0,68.18663838812301
test_106,val,5,Normal,Normal,0.00822985265403986,0.0
test_107,val,5,Normal,Normal,0.03651030361652374,0.0
test_108,val,5,Tumor,Tumor,0.9999955892562866,0.5213270142180095
test_109,val,5,Normal,Normal,0.04023436829447746,0.0
test_110,val,5,Tumor,Normal,0.197346031665802,0.0
test_111,val,5,Normal,Normal,0.006688442546874285,0.0
test_112,val,5,Normal,Tumor,0.8129237294197083,0.0
test_113,val,5,Tumor,Tumor,1.0,24.304783092324804
test_114,val,5,Tumor,Tumor,1.0,32.49844752639205
test_115,val,5,Normal,Normal,0.044220808893442154,0.0
test_116,val,5,Tumor,Normal,0.054145440459251404,0.0
test_117,val,5,Tumor,Normal,0.037535734474658966,0.0
test_118,val,5,Normal,Normal,0.08065403252840042,0.0
test_119,val,5,Normal,Normal,0.15864349901676178,0.0
test_120,val,5,Normal,Normal,0.27656233310699463,0.0
test_121,val,5,Tumor,Tumor,0.9808805584907532,0.5915100904662491
test_122,val,5,Tumor,Tumor,0.9835242033004761,0.2521613832853026
test_123,val,5,Normal,Tumor,0.6801356673240662,0.0
test_124,val,5,Normal,Normal,0.14464795589447021,0.0
test_125,val,5,Normal,Normal,0.07263796031475067,0.0
test_126,val,5,Normal,Normal,0.22930751740932465,0.0
test_127,val,5,Normal,Tumor,0.5277262926101685,0.0
test_129,val,5,Normal,Normal,0.010461302474141121,0.0
test_130,val,5,Normal,Normal,0.022599900141358376,0.0
normal_001,val,6,Normal,Normal,0.14990191161632538,0.0
normal_002,val,6,Normal,Normal,0.012095000594854355,0.0
normal_003,val,6,Normal,Normal,0.021620748564600945,0.0
normal_004,val,6,Normal,Normal,0.057339176535606384,0.0
normal_005,val,6,Normal,Normal,0.0069950660690665245,0.0
normal_006,val,6,Normal,Normal,0.03781016916036606,0.0
normal_007,val,6,Normal,Tumor,0.7391650080680847,0.0
normal_008,val,6,Normal,Normal,0.2976052761077881,0.0
normal_009,val,6,Normal,Normal,0.1048574224114418,0.0
normal_010,val,6,Normal,Normal,0.16365019977092743,0.0
normal_011,val,6,Normal,Normal,0.11561469733715057,0.0
normal_012,val,6,Normal,Normal,0.10175642371177673,0.0
normal_013,val,6,Normal,Normal,0.02026737481355667,0.0
normal_015,val,6,Normal,Normal,0.35689088702201843,0.0
normal_016,val,6,Normal,Normal,0.24242661893367767,0.0
normal_017,val,6,Normal,Tumor,0.6696874499320984,0.0
normal_019,val,6,Normal,Normal,0.11649274080991745,0.0
normal_021,val,6,Normal,Normal,0.0038236116524785757,0.0
normal_022,val,6,Normal,Tumor,0.746950626373291,0.0
normal_023,val,6,Normal,Normal,0.0019087963737547398,0.0
normal_024,val,6,Normal,Normal,0.07582790404558182,0.0
normal_025,val,6,Normal,Normal,0.38614410161972046,0.0
normal_026,val,6,Normal,Normal,0.018158424645662308,0.0
normal_027,val,6,Normal,Normal,0.21463844180107117,0.0
normal_028,val,6,Normal,Tumor,0.5180344581604004,0.0
normal_029,val,6,Normal,Normal,0.4395257830619812,0.0
normal_030,val,6,Normal,Normal,0.37947338819503784,0.0
normal_031,val,6,Normal,Tumor,0.8861595392227173,0.0
normal_032,val,6,Normal,Tumor,0.9422012567520142,0.0
normal_033,val,6,Normal,Normal,0.09308964759111404,0.0
normal_034,val,6,Normal,Tumor,0.7347007989883423,0.0
normal_035,val,6,Normal,Tumor,0.9614556431770325,0.0
normal_036,val,6,Normal,Tumor,0.7703477144241333,0.0
normal_037,val,6,Normal,Normal,0.28450748324394226,0.0
normal_038,val,6,Normal,Normal,0.002616778714582324,0.0
normal_040,val,6,Normal,Normal,0.3385974168777466,0.0
normal_041,val,6,Normal,Normal,0.173721045255661,0.0
normal_042,val,6,Normal,Normal,0.029912808910012245,0.0
normal_043,val,6,Normal,Normal,0.4970892071723938,0.0
normal_044,val,6,Normal,Normal,0.08602195233106613,0.0
normal_045,val,6,Normal,Normal,6.805753946537152e-05,0.0
normal_046,val,6,Normal,Tumor,0.9618897438049316,0.0
normal_047,val,6,Normal,Tumor,0.668602466583252,0.0
normal_048,val,6,Normal,Normal,0.31828293204307556,0.0
normal_049,val,6,Normal,Tumor,0.9784712195396423,0.0
normal_050,val,6,Normal,Tumor,0.9681941270828247,0.0
normal_051,val,6,Normal,Normal,0.012907520867884159,0.0
normal_052,val,6,Normal,Normal,0.22588378190994263,0.0
normal_053,val,6,Normal,Tumor,0.6599288582801819,0.0
normal_054,val,6,Normal,Normal,0.009384097531437874,0.0
normal_055,val,6,Normal,Tumor,0.9344006776809692,0.0
normal_056,val,6,Normal,Normal,0.13272202014923096,0.0
normal_057,val,6,Normal,Tumor,0.531889021396637,0.0
normal_058,val,6,Normal,Normal,0.07401343435049057,0.0
normal_059,val,6,Normal,Normal,0.0009145753574557602,0.0
normal_060,val,6,Normal,Tumor,0.9921922087669373,0.0
normal_061,val,6,Normal,Normal,0.09596127271652222,0.0
normal_062,val,6,Normal,Normal,0.034802623093128204,0.0
normal_063,val,6,Normal,Tumor,0.9980142116546631,0.0
normal_064,val,6,Normal,Tumor,0.9555584788322449,0.0
normal_065,val,6,Normal,Normal,0.07004662603139877,0.0
normal_066,val,6,Normal,Normal,0.2841397523880005,0.0
normal_067,val,6,Normal,Normal,0.0036871207412332296,0.0
normal_068,val,6,Normal,Normal,0.316032350063324,0.0
normal_069,val,6,Normal,Normal,0.059397950768470764,0.0
normal_070,val,6,Normal,Normal,0.11136997491121292,0.0
normal_071,val,6,Normal,Normal,0.03049432672560215,0.0
normal_072,val,6,Normal,Normal,0.0008167046471498907,0.0
normal_073,val,6,Normal,Normal,0.02089788019657135,0.0
normal_074,val,6,Normal,Normal,0.10629522055387497,0.0
normal_076,val,6,Normal,Normal,0.16423770785331726,0.0
normal_077,val,6,Normal,Tumor,0.609149158000946,0.0
normal_078,val,6,Normal,Normal,0.03357686102390289,0.0
normal_079,val,6,Normal,Tumor,0.63564133644104,0.0
normal_080,val,6,Normal,Normal,0.1750970035791397,0.0
normal_081,val,6,Normal,Normal,0.018156714737415314,0.0
normal_082,val,6,Normal,Tumor,0.9201291799545288,0.0
normal_083,val,6,Normal,Normal,0.48699769377708435,0.0
normal_084,val,6,Normal,Normal,0.03286410868167877,0.0
normal_087,val,6,Normal,Tumor,0.9631630778312683,0.0
normal_088,val,6,Normal,Tumor,0.9195240139961243,0.0
normal_089,val,6,Normal,Normal,0.25790995359420776,0.0
normal_090,val,6,Normal,Tumor,0.9058110117912292,0.0
normal_091,val,6,Normal,Normal,0.07111737877130508,0.0
normal_092,val,6,Normal,Normal,0.07861004024744034,0.0
normal_093,val,6,Normal,Normal,0.01132258027791977,0.0
normal_094,val,6,Normal,Tumor,0.6073188781738281,0.0
normal_095,val,6,Normal,Normal,0.36790522933006287,0.0
normal_096,val,6,Normal,Tumor,0.9845900535583496,0.0
normal_097,val,6,Normal,Normal,0.15045855939388275,0.0
normal_098,val,6,Normal,Tumor,0.7571229934692383,0.0
normal_099,val,6,Normal,Normal,0.08690448850393295,0.0
normal_100,val,6,Normal,Tumor,0.9207050204277039,0.0
normal_102,val,6,Normal,Tumor,0.5618346929550171,0.0
normal_103,val,6,Normal,Normal,0.24414418637752533,0.0
normal_104,val,6,Normal,Normal,0.05730708688497543,0.0
normal_105,val,6,Normal,Normal,0.07563617825508118,0.0
normal_106,val,6,Normal,Normal,0.013365192338824272,0.0
normal_107,val,6,Normal,Normal,0.48071804642677307,0.0
normal_108,val,6,Normal,Normal,0.05792292580008507,0.0
normal_109,val,6,Normal,Normal,0.4440605342388153,0.0
normal_110,val,6,Normal,Normal,0.11829902231693268,0.0
normal_111,val,6,Normal,Normal,0.23963552713394165,0.0
normal_112,val,6,Normal,Normal,0.05349074304103851,0.0
normal_113,val,6,Normal,Normal,0.13332344591617584,0.0
normal_114,val,6,Normal,Tumor,0.584152102470398,0.0
normal_115,val,6,Normal,Normal,0.0108153922483325,0.0
normal_116,val,6,Normal,Normal,0.026497498154640198,0.0
normal_117,val,6,Normal,Tumor,0.9999963045120239,0.0
normal_118,val,6,Normal,Normal,0.47041991353034973,0.0
normal_119,val,6,Normal,Normal,0.03822711855173111,0.0
normal_121,val,6,Normal,Normal,0.034872788935899734,0.0
normal_122,val,6,Normal,Normal,0.014713399112224579,0.0
normal_123,val,6,Normal,Normal,0.2571489214897156,0.0
normal_124,val,6,Normal,Tumor,0.9306442141532898,0.0
normal_125,val,6,Normal,Normal,0.14372725784778595,0.0
normal_126,val,6,Normal,Normal,0.12653164565563202,0.0
normal_127,val,6,Normal,Normal,0.0005359914503060281,0.0
normal_128,val,6,Normal,Normal,0.49402058124542236,0.0
normal_129,val,6,Normal,Normal,0.2414674460887909,0.0
normal_130,val,6,Normal,Normal,0.37637069821357727,0.0
normal_131,val,6,Normal,Normal,0.1036088615655899,0.0
normal_132,val,6,Normal,Normal,0.04069637879729271,0.0
normal_134,val,6,Normal,Normal,0.00011697634181473404,0.0
normal_135,val,6,Normal,Normal,0.3213549852371216,0.0
normal_136,val,6,Normal,Normal,0.023915216326713562,0.0
normal_137,val,6,Normal,Normal,0.4274505078792572,0.0
normal_138,val,6,Normal,Normal,0.0022676317021250725,0.0
normal_139,val,6,Normal,Tumor,0.5800185799598694,0.0
normal_140,val,6,Normal,Normal,0.007200248073786497,0.0
normal_141,val,6,Normal,Normal,0.001229472691193223,0.0
normal_142,val,6,Normal,Normal,0.09573105722665787,0.0
normal_143,val,6,Normal,Normal,0.22512714564800262,0.0
normal_144,val,6,Normal,Tumor,0.9960137605667114,0.0
normal_145,val,6,Normal,Normal,0.11274005472660065,0.0
normal_146,val,6,Normal,Normal,0.13893567025661469,0.0
normal_147,val,6,Normal,Tumor,0.8198755979537964,0.0
normal_148,val,6,Normal,Normal,0.04140594229102135,0.0
normal_149,val,6,Normal,Normal,0.18746842443943024,0.0
normal_151,val,6,Normal,Tumor,0.8193666934967041,0.0
normal_152,val,6,Normal,Normal,0.4151552617549896,0.0
normal_153,val,6,Normal,Tumor,0.5199899673461914,0.0
normal_154,val,6,Normal,Normal,0.2587234377861023,0.0
normal_155,val,6,Normal,Normal,0.18979574739933014,0.0
normal_156,val,6,Normal,Normal,0.12380347400903702,0.0
normal_157,val,6,Normal,Tumor,0.8617830276489258,0.0
normal_158,val,6,Normal,Normal,0.019341429695487022,0.0
normal_159,val,6,Normal,Normal,0.03433866426348686,0.0
tumor_001,val,6,Tumor,Tumor,0.9418710470199585,0.1692307692307692
tumor_002,val,6,Tumor,Normal,0.05216550827026367,0.0375798571965426
tumor_003,val,6,Tumor,Normal,0.3349226713180542,0.2224340641881156
tumor_004,val,6,Tumor,Normal,0.00944692175835371,0.667302192564347
tumor_005,val,6,Tumor,Tumor,0.792418897151947,0.2349256068911511
tumor_006,val,6,Tumor,Normal,0.12326912581920624,0.0356760613628255
tumor_007,val,6,Tumor,Tumor,0.6067650318145752,0.1017639077340569
tumor_008,val,6,Tumor,Tumor,0.7876573204994202,0.0
tumor_009,val,6,Tumor,Tumor,0.9999998807907104,16.618437370814387
tumor_010,val,6,Tumor,Normal,0.1668255478143692,0.0
tumor_011,val,6,Tumor,Tumor,0.9999983310699463,4.91358024691358
tumor_012,val,6,Tumor,Normal,0.026382580399513245,0.0544959128065395
tumor_015,val,6,Tumor,Tumor,0.9313358068466187,0.1716604244694132
tumor_016,val,6,Tumor,Tumor,0.9999969005584717,9.478970495919649
tumor_017,val,6,Tumor,Normal,0.2072788029909134,0.0
tumor_018,val,6,Tumor,Tumor,0.9999834299087524,0.9770603228547152
tumor_019,val,6,Tumor,Tumor,0.9922469854354858,0.2582311168495804
tumor_020,val,6,Tumor,Tumor,0.9999997615814209,1.3857218031924223
tumor_021,val,6,Tumor,Tumor,0.9556741714477539,0.630297761356227
tumor_022,val,6,Tumor,Tumor,0.9952269792556763,0.0998253057149987
tumor_023,val,6,Tumor,Tumor,0.7862817645072937,0.05
tumor_024,val,6,Tumor,Tumor,0.8909989595413208,0.0239520958083832
tumor_026,val,6,Tumor,Tumor,0.99974125623703,10.99199542595769
tumor_027,val,6,Tumor,Tumor,0.6011855006217957,0.0447127207690588
tumor_028,val,6,Tumor,Normal,0.3044452369213104,0.0347101700798333
tumor_029,val,6,Tumor,Tumor,0.999972939491272,0.9448515233320478
tumor_030,val,6,Tumor,Normal,0.019213832914829254,0.0
tumor_032,val,6,Tumor,Normal,0.3570427894592285,0.0844059928254906
tumor_034,val,6,Tumor,Tumor,0.9999586343765259,4.166666666666667
tumor_035,val,6,Tumor,Normal,0.055859293788671494,0.0507614213197969
tumor_036,val,6,Tumor,Tumor,0.921066164970398,1.5802269043760129
tumor_037,val,6,Tumor,Tumor,0.9899653196334839,0.5393180236604036
tumor_038,val,6,Tumor,Tumor,0.9999998807907104,3.099510603588907
tumor_039,val,6,Tumor,Tumor,0.9999998807907104,5.697674418604652
tumor_040,val,6,Tumor,Tumor,0.987533688545227,0.0212675457252233
tumor_041,val,6,Tumor,Tumor,0.6322472095489502,0.045526974732529
tumor_042,val,6,Tumor,Tumor,0.897243320941925,0.8340113913751017
tumor_043,val,6,Tumor,Normal,0.01731419749557972,0.0
tumor_044,val,6,Tumor,Tumor,1.0,27.64403570462537
tumor_045,val,6,Tumor,Tumor,0.9245627522468567,0.2795899347623485
tumor_046,val,6,Tumor,Tumor,1.0,14.24847958297133
tumor_047,val,6,Tumor,Tumor,1.0,13.118527042577677
tumor_048,val,6,Tumor,Normal,0.09958251565694809,0.037821482602118
tumor_049,val,6,Tumor,Normal,0.05845494195818901,0.0899820035992801
tumor_050,val,6,Tumor,Normal,0.10093356668949127,0.155902004454343
tumor_051,val,6,Tumor,Tumor,0.999293327331543,1.7123954076668613
tumor_052,val,6,Tumor,Tumor,0.995658278465271,1.4260768335273577
tumor_053,val,6,Tumor,Tumor,0.8072853684425354,0.0315059861373661
tumor_054,val,6,Tumor,Tumor,0.9999970197677612,24.94393651888908
tumor_055,val,6,Tumor,Tumor,0.9999995231628418,11.261816687217427
tumor_056,val,6,Tumor,Tumor,0.995368480682373,0.8527131782945736
tumor_058,val,6,Tumor,Tumor,1.0,21.57115260785576
tumor_059,val,6,Tumor,Normal,0.07459305226802826,0.0873362445414847
tumor_060,val,6,Tumor,Normal,0.3011448383331299,0.0
tumor_061,val,6,Tumor,Tumor,0.9996209144592285,2.5535207634769157
tumor_062,val,6,Tumor,Tumor,0.9280233383178711,0.8601553829078802
tumor_063,val,6,Tumor,Normal,0.14312131702899933,0.0132643586682583
tumor_064,val,6,Tumor,Tumor,0.9998038411140442,4.073383084577115
tumor_065,val,6,Tumor,Normal,0.024877898395061493,0.0973709834469328
tumor_066,val,6,Tumor,Normal,0.11873550713062286,0.0
tumor_067,val,6,Tumor,Tumor,0.6791706681251526,0.0
tumor_068,val,6,Tumor,Tumor,0.9999996423721313,4.937486755668574
tumor_069,val,6,Tumor,Tumor,0.8854401707649231,0.2581477896095515
tumor_070,val,6,Tumor,Normal,0.057123150676488876,0.0269832703723691
tumor_071,val,6,Tumor,Tumor,0.9999392032623291,1.3419713095788988
tumor_072,val,6,Tumor,Tumor,0.9999979734420776,1.9753086419753083
tumor_073,val,6,Tumor,Tumor,0.9628419280052185,0.1549053356282272
tumor_074,val,6,Tumor,Tumor,0.9999969005584717,0.1306457633445315
tumor_075,val,6,Tumor,Tumor,0.9128906726837158,1.4255383682135274
tumor_077,val,6,Tumor,Tumor,0.7942457795143127,0.1979805979014056
tumor_078,val,6,Tumor,Tumor,1.0,19.859961807765757
tumor_079,val,6,Tumor,Tumor,0.9999997615814209,0.4898359049718344
tumor_080,val,6,Tumor,Normal,0.494836688041687,0.0646725949878739
tumor_081,val,6,Tumor,Normal,0.17042067646980286,0.0
tumor_082,val,6,Tumor,Tumor,0.9991700649261475,8.661997788426097
tumor_083,val,6,Tumor,Tumor,0.9914685487747192,0.6153846153846154
tumor_084,val,6,Tumor,Tumor,0.9998142123222351,1.4640638864241349
tumor_085,val,6,Tumor,Tumor,1.0,15.891741845940318
tumor_087,val,6,Tumor,Tumor,0.6995573043823242,0.0828271673108779
tumor_088,val,6,Tumor,Tumor,0.999778687953949,3.5076795350767958
tumor_089,val,6,Tumor,Tumor,1.0,17.817324185248715
tumor_090,val,6,Tumor,Tumor,0.9999998807907104,3.051126992853216
tumor_091,val,6,Tumor,Tumor,0.9999645948410034,3.3682634730538923
tumor_092,val,6,Tumor,Normal,0.15450997650623322,0.1994813484939158
tumor_093,val,6,Tumor,Normal,0.12477633357048035,0.1205545509342977
tumor_094,val,6,Tumor,Tumor,0.8860210180282593,1.1533107973752237
tumor_096,val,6,Tumor,Tumor,0.5291700959205627,0.6086266207991532
tumor_097,val,6,Tumor,Tumor,0.9953385591506958,0.0172532781228433
tumor_098,val,6,Tumor,Normal,0.03965657204389572,0.0344827586206896
tumor_099,val,6,Tumor,Tumor,0.9933130145072937,0.3459409594095941
tumor_100,val,6,Tumor,Tumor,0.915058970451355,0.1020929045431342
tumor_101,val,6,Tumor,Tumor,0.9999983310699463,5.8042605742513125
tumor_102,val,6,Tumor,Tumor,0.999996542930603,3.227802413117459
tumor_103,val,6,Tumor,Normal,0.036559972912073135,0.078354554358472
tumor_105,val,6,Tumor,Tumor,0.9996395111083984,1.9146482122260668
tumor_106,val,6,Tumor,Tumor,0.9997596144676208,0.975531744762514
tumor_107,val,6,Tumor,Tumor,0.9923136830329895,0.1149425287356321
tumor_108,val,6,Tumor,Tumor,0.999744713306427,0.9541397353031702
tumor_110,val,6,Tumor,Tumor,0.9999998807907104,30.696969696969692
tumor_111,val,6,Tumor,Tumor,0.995275616645813,0.2079482439926062
test_002,val,6,Tumor,Tumor,0.9881546497344971,1.0288653901114604
test_003,val,6,Normal,Normal,0.43136921525001526,0.0
test_004,val,6,Tumor,Normal,0.40322718024253845,0.0
test_005,val,6,Normal,Normal,0.3800284266471863,0.0
test_006,val,6,Normal,Tumor,0.9841692447662354,0.0
test_008,val,6,Tumor,Tumor,0.9054256081581116,0.0152091254752851
test_009,val,6,Normal,Normal,0.046756528317928314,0.0
test_010,val,6,Tumor,Normal,0.18813997507095337,0.0220312844238819
test_011,val,6,Tumor,Normal,0.01329174917191267,0.0
test_012,val,6,Normal,Normal,0.2317049503326416,0.0
test_013,val,6,Tumor,Normal,0.12607409060001373,0.08130081300813
test_014,val,6,Normal,Normal,0.009692301042377949,0.0
test_015,val,6,Normal,Normal,0.24144649505615234,0.0
test_016,val,6,Tumor,Tumor,1.0,10.554649265905384
test_017,val,6,Normal,Normal,0.32474714517593384,0.0
test_018,val,6,Normal,Normal,0.4736706614494324,0.0
test_019,val,6,Normal,Normal,0.13527369499206543,0.0
test_020,val,6,Normal,Tumor,0.9953384399414062,0.0
test_022,val,6,Normal,Tumor,0.9635663032531738,0.0
test_023,val,6,Normal,Tumor,0.6760731339454651,0.0
test_024,val,6,Normal,Tumor,0.8078727126121521,0.0
test_025,val,6,Normal,Normal,0.1131426990032196,0.0
test_026,val,6,Tumor,Tumor,0.9999958276748657,4.99304105775922
test_027,val,6,Tumor,Tumor,0.9679685235023499,1.5288394718554552
test_028,val,6,Normal,Normal,0.024454500526189804,0.0
test_029,val,6,Tumor,Normal,0.019017476588487625,0.0895656068069861
test_030,val,6,Tumor,Tumor,0.6707804203033447,0.2566923359002567
test_031,val,6,Normal,Normal,0.07396958023309708,0.0
test_032,val,6,Normal,Normal,0.19656462967395782,0.0
test_033,val,6,Tumor,Normal,0.42959293723106384,0.0189089533894298
test_034,val,6,Normal,Normal,0.10602153092622757,0.0
test_035,val,6,Normal,Tumor,0.7291424870491028,0.0
test_036,val,6,Normal,Normal,0.05964678153395653,0.0
test_037,val,6,Normal,Normal,0.06937268376350403,0.0
test_038,val,6,Tumor,Tumor,0.9675915241241455,0.2326483132997285
test_039,val,6,Normal,Normal,0.002870950847864151,0.0
test_040,val,6,Tumor,Tumor,0.9999998807907104,20.407040704070408
test_041,val,6,Normal,Normal,0.02308625914156437,0.0
test_042,val,6,Normal,Tumor,0.8816213607788086,0.0
test_043,val,6,Normal,Normal,0.1766229271888733,0.0
test_044,val,6,Normal,Normal,0.008860163390636444,0.0
test_045,val,6,Normal,Normal,0.35925984382629395,0.0
test_046,val,6,Tumor,Tumor,0.9943183064460754,0.0552181115405853
test_047,val,6,Normal,Normal,0.010141808539628983,0.0
test_048,val,6,Tumor,Tumor,0.9729574918746948,0.0978665100802505
test_050,val,6,Normal,Normal,0.37557291984558105,0.0
test_051,val,6,Tumor,Tumor,0.9995160102844238,3.020318506315212
test_052,val,6,Tumor,Tumor,0.8835208415985107,0.0487567040468064
test_053,val,6,Normal,Normal,0.02285367250442505,0.0
test_054,val,6,Normal,Normal,0.038004081696271896,0.0
test_056,val,6,Normal,Tumor,0.610385000705719,0.0
test_057,val,6,Normal,Normal,0.3762054145336151,0.0
test_058,val,6,Normal,Tumor,0.6975196003913879,0.0
test_059,val,6,Normal,Normal,0.03339307755231857,0.0
test_060,val,6,Normal,Normal,0.005650063045322895,0.0
test_061,val,6,Tumor,Tumor,0.9974516034126282,0.6552262090483619
test_062,val,6,Normal,Tumor,0.9697262048721313,0.0
test_064,val,6,Tumor,Tumor,0.8143041729927063,0.0720980533525594
test_065,val,6,Tumor,Normal,0.37231385707855225,0.1262626262626262
test_066,val,6,Tumor,Tumor,0.6092793345451355,0.0517866390471258
test_067,val,6,Normal,Normal,0.20853570103645325,0.0
test_068,val,6,Tumor,Tumor,0.9999985694885254,3.155339805825242
test_069,val,6,Tumor,Tumor,0.9980791807174683,0.2094789211835559
test_070,val,6,Normal,Normal,0.055956289172172546,0.0
test_071,val,6,Tumor,Tumor,1.0,4.893403920446416
test_072,val,6,Normal,Normal,0.028838159516453743,0.0
test_073,val,6,Tumor,Tumor,0.9999991655349731,13.865284974093264
test_074,val,6,Tumor,Tumor,0.9595052599906921,0.1355748373101952
test_075,val,6,Tumor,Tumor,0.9999997615814209,3.189493433395872
test_076,val,6,Normal,Normal,0.38984978199005127,0.0
test_077,val,6,Normal,Tumor,0.7423285245895386,0.0
test_078,val,6,Normal,Normal,0.0799461081624031,0.0
test_079,val,6,Tumor,Tumor,0.9867411255836487,0.4285714285714285
test_080,val,6,Normal,Normal,0.16873319447040558,0.0
test_081,val,6,Normal,Tumor,0.9160330891609192,0.0
test_082,val,6,Tumor,Tumor,0.9990314245223999,1.7209729233593392
test_084,val,6,Tumor,Tumor,0.6089106798171997,0.2335084646818447
test_085,val,6,Normal,Tumor,0.6034755110740662,0.0
test_086,val,6,Normal,Tumor,0.9050990343093872,0.0
test_087,val,6,Normal,Normal,0.04316345229744911,0.0
test_088,val,6,Normal,Normal,0.20986145734786987,0.0
test_089,val,6,Normal,Normal,0.15448415279388428,0.0
test_090,val,6,Tumor,Tumor,0.9999998807907104,34.18817118127905
test_091,val,6,Normal,Tumor,0.6295393705368042,0.0
test_092,val,6,Tumor,Tumor,0.9999995231628418,0.2054895053574049
test_093,val,6,Normal,Normal,0.3636007606983185,0.0
test_094,val,6,Tumor,Tumor,0.9999998807907104,1.955614150736102
test_095,val,6,Normal,Normal,0.37783849239349365,0.0
test_096,val,6,Normal,Tumor,0.6983243823051453,0.0
test_097,val,6,Tumor,Normal,0.29162663221359253,0.0
test_100,val,6,Normal,Normal,0.35409316420555115,0.0
test_101,val,6,Normal,Tumor,0.8631988763809204,0.0
test_102,val,6,Tumor,Tumor,0.9994797110557556,0.121334681496461
test_103,val,6,Normal,Normal,0.04708778113126755,0.0
test_104,val,6,Tumor,Tumor,0.9990171194076538,1.3926084627745046
test_105,val,6,Tumor,Tumor,1.0,68.18663838812301
test_106,val,6,Normal,Normal,0.017720596864819527,0.0
test_107,val,6,Normal,Normal,0.04537186771631241,0.0
test_108,val,6,Tumor,Tumor,0.9999916553497314,0.5213270142180095
test_109,val,6,Normal,Normal,0.028055913746356964,0.0
test_111,val,6,Normal,Normal,0.01285115908831358,0.0
test_112,val,6,Normal,Tumor,0.9862655997276306,0.0
test_113,val,6,Tumor,Tumor,1.0,24.304783092324804
test_114,val,6,Tumor,Tumor,1.0,32.49844752639205
test_115,val,6,Normal,Normal,0.07451380789279938,0.0
test_116,val,6,Tumor,Normal,0.02202940732240677,0.0
test_117,val,6,Tumor,Normal,0.06041606515645981,0.0
test_118,val,6,Normal,Normal,0.01629180647432804,0.0
test_119,val,6,Normal,Normal,0.13865439593791962,0.0
test_120,val,6,Normal,Normal,0.3702049255371094,0.0
test_121,val,6,Tumor,Tumor,0.9745246767997742,0.5915100904662491
test_123,val,6,Normal,Tumor,0.9390972256660461,0.0
test_124,val,6,Normal,Normal,0.29449662566185,0.0
test_125,val,6,Normal,Normal,0.041592713445425034,0.0
test_126,val,6,Normal,Normal,0.33369943499565125,0.0
test_127,val,6,Normal,Tumor,0.6997095346450806,0.0
test_128,val,6,Normal,Normal,0.33572643995285034,0.0
test_129,val,6,Normal,Normal,0.006218618713319302,0.0
test_130,val,6,Normal,Normal,0.04031406715512276,0.0
normal_001,val,7,Normal,Normal,0.09029600024223328,0.0
normal_002,val,7,Normal,Normal,0.006154704373329878,0.0
normal_005,val,7,Normal,Normal,0.02670157514512539,0.0
normal_006,val,7,Normal,Normal,0.29280003905296326,0.0
normal_007,val,7,Normal,Tumor,0.9687803387641907,0.0
normal_008,val,7,Normal,Normal,0.2608998119831085,0.0
normal_009,val,7,Normal,Normal,0.1831163913011551,0.0
normal_010,val,7,Normal,Normal,0.4245191812515259,0.0
normal_011,val,7,Normal,Normal,0.18541884422302246,0.0
normal_013,val,7,Normal,Normal,0.023253466933965683,0.0
normal_014,val,7,Normal,Normal,0.04243156313896179,0.0
normal_015,val,7,Normal,Tumor,0.7609706521034241,0.0
normal_016,val,7,Normal,Normal,0.41095873713493347,0.0
normal_017,val,7,Normal,Tumor,0.764487624168396,0.0
normal_018,val,7,Normal,Normal,0.024729007855057716,0.0
normal_019,val,7,Normal,Normal,0.0332755409181118,0.0
normal_020,val,7,Normal,Normal,0.009080208837985992,0.0
normal_021,val,7,Normal,Normal,0.016847962513566017,0.0
normal_022,val,7,Normal,Tumor,0.9738340973854065,0.0
normal_023,val,7,Normal,Normal,0.006755699869245291,0.0
normal_024,val,7,Normal,Normal,0.06245020031929016,0.0
normal_025,val,7,Normal,Tumor,0.5178523659706116,0.0
normal_026,val,7,Normal,Normal,0.04654310643672943,0.0
normal_027,val,7,Normal,Normal,0.037615418434143066,0.0
normal_028,val,7,Normal,Normal,0.24586327373981476,0.0
normal_029,val,7,Normal,Tumor,0.6165501475334167,0.0
normal_030,val,7,Normal,Normal,0.1749819815158844,0.0
normal_031,val,7,Normal,Normal,0.44546520709991455,0.0
normal_032,val,7,Normal,Tumor,0.5620267391204834,0.0
normal_033,val,7,Normal,Normal,0.05626743286848068,0.0
normal_034,val,7,Normal,Tumor,0.6916540265083313,0.0
normal_035,val,7,Normal,Tumor,0.9611078500747681,0.0
normal_036,val,7,Normal,Normal,0.14934058487415314,0.0
normal_037,val,7,Normal,Normal,0.37498894333839417,0.0
normal_038,val,7,Normal,Normal,0.006425310857594013,0.0
normal_039,val,7,Normal,Normal,0.3548881411552429,0.0
normal_040,val,7,Normal,Normal,0.3065609037876129,0.0
normal_041,val,7,Normal,Normal,0.17182917892932892,0.0
normal_042,val,7,Normal,Normal,0.03643884137272835,0.0
normal_043,val,7,Normal,Tumor,0.6330946683883667,0.0
normal_044,val,7,Normal,Normal,0.1364716738462448,0.0
normal_045,val,7,Normal,Normal,0.000812940823379904,0.0
normal_046,val,7,Normal,Tumor,0.9876421689987183,0.0
normal_048,val,7,Normal,Tumor,0.8338873386383057,0.0
normal_049,val,7,Normal,Tumor,0.8128658533096313,0.0
normal_050,val,7,Normal,Normal,0.24330464005470276,0.0
normal_051,val,7,Normal,Normal,0.445954829454422,0.0
normal_052,val,7,Normal,Tumor,0.6530756950378418,0.0
normal_053,val,7,Normal,Tumor,0.8367569446563721,0.0
normal_054,val,7,Normal,Normal,0.029378274455666542,0.0
normal_055,val,7,Normal,Tumor,0.7726844549179077,0.0
normal_056,val,7,Normal,Normal,0.022696835920214653,0.0
normal_057,val,7,Normal,Normal,0.11611057817935944,0.0
normal_059,val,7,Normal,Normal,0.0007880582707002759,0.0
normal_060,val,7,Normal,Tumor,0.7514581680297852,0.0
normal_061,val,7,Normal,Normal,0.0455922931432724,0.0
normal_062,val,7,Normal,Normal,0.011928233318030834,0.0
normal_063,val,7,Normal,Tumor,0.7569888234138489,0.0
normal_064,val,7,Normal,Tumor,0.8883649110794067,0.0
normal_065,val,7,Normal,Normal,0.037849441170692444,0.0
normal_066,val,7,Normal,Normal,0.04053806513547897,0.0
normal_067,val,7,Normal,Normal,0.013954699970781803,0.0
normal_068,val,7,Normal,Normal,0.4727935492992401,0.0
normal_069,val,7,Normal,Normal,0.018047524616122246,0.0
normal_070,val,7,Normal,Normal,0.059645552188158035,0.0
normal_071,val,7,Normal,Normal,0.021089229732751846,0.0
normal_072,val,7,Normal,Normal,0.005328506231307983,0.0
normal_073,val,7,Normal,Normal,0.036080025136470795,0.0
normal_074,val,7,Normal,Normal,0.09541734308004379,0.0
normal_075,val,7,Normal,Normal,0.016243046149611473,0.0
normal_076,val,7,Normal,Normal,0.04076799750328064,0.0
normal_077,val,7,Normal,Normal,0.12110372632741928,0.0
normal_079,val,7,Normal,Normal,0.30992940068244934,0.0
normal_080,val,7,Normal,Normal,0.08247345685958862,0.0
normal_081,val,7,Normal,Normal,0.01543017290532589,0.0
normal_082,val,7,Normal,Normal,0.08051788061857224,0.0
normal_083,val,7,Normal,Tumor,0.689091145992279,0.0
normal_084,val,7,Normal,Normal,0.060945019125938416,0.0
normal_087,val,7,Normal,Normal,0.24030455946922302,0.0
normal_088,val,7,Normal,Normal,0.23535354435443878,0.0
normal_089,val,7,Normal,Normal,0.3096083700656891,0.0
normal_090,val,7,Normal,Normal,0.272332102060318,0.0
normal_091,val,7,Normal,Normal,0.025544030591845512,0.0
normal_092,val,7,Normal,Normal,0.026317572221159935,0.0
normal_093,val,7,Normal,Normal,0.029057350009679794,0.0
normal_094,val,7,Normal,Tumor,0.5628916025161743,0.0
normal_095,val,7,Normal,Normal,0.02806289866566658,0.0
normal_096,val,7,Normal,Tumor,0.9670799374580383,0.0
normal_097,val,7,Normal,Normal,0.05362272262573242,0.0
normal_098,val,7,Normal,Normal,0.37283116579055786,0.0
normal_100,val,7,Normal,Normal,0.2081625759601593,0.0
normal_101,val,7,Normal,Normal,0.04145393893122673,0.0
normal_102,val,7,Normal,Normal,0.07894597202539444,0.0
normal_103,val,7,Normal,Normal,0.0967690572142601,0.0
normal_104,val,7,Normal,Normal,0.012750685214996338,0.0
normal_105,val,7,Normal,Normal,0.025695526972413063,0.0
normal_106,val,7,Normal,Normal,0.006834403611719608,0.0
normal_107,val,7,Normal,Normal,0.04465673491358757,0.0
normal_108,val,7,Normal,Normal,0.01058624405413866,0.0
normal_109,val,7,Normal,Normal,0.1073378324508667,0.0
normal_110,val,7,Normal,Normal,0.07805803418159485,0.0
normal_111,val,7,Normal,Normal,0.16812774538993835,0.0
normal_112,val,7,Normal,Normal,0.04974856972694397,0.0
normal_113,val,7,Normal,Normal,0.14148744940757751,0.0
normal_114,val,7,Normal,Normal,0.2476615607738495,0.0
normal_115,val,7,Normal,Normal,0.05082913115620613,0.0
normal_116,val,7,Normal,Normal,0.05541491508483887,0.0
normal_117,val,7,Normal,Tumor,0.9850986003875732,0.0
normal_118,val,7,Normal,Normal,0.10595379769802094,0.0
normal_119,val,7,Normal,Normal,0.03805714473128319,0.0
normal_120,val,7,Normal,Normal,0.2285708338022232,0.0
normal_121,val,7,Normal,Normal,0.06705603748559952,0.0
normal_122,val,7,Normal,Normal,0.00226555485278368,0.0
normal_124,val,7,Normal,Normal,0.3775530159473419,0.0
normal_125,val,7,Normal,Tumor,0.929070770740509,0.0
normal_126,val,7,Normal,Normal,0.05148160830140114,0.0
normal_127,val,7,Normal,Normal,0.0018087003845721483,0.0
normal_128,val,7,Normal,Normal,0.1378210186958313,0.0
normal_129,val,7,Normal,Normal,0.2860943377017975,0.0
normal_132,val,7,Normal,Normal,0.014868727885186672,0.0
normal_133,val,7,Normal,Normal,0.15450352430343628,0.0
normal_134,val,7,Normal,Normal,0.009084505029022694,0.0
normal_135,val,7,Normal,Normal,0.1551952064037323,0.0
normal_137,val,7,Normal,Normal,0.4295252859592438,0.0
normal_138,val,7,Normal,Normal,0.002185148186981678,0.0
normal_139,val,7,Normal,Normal,0.058827146887779236,0.0
normal_140,val,7,Normal,Normal,0.007235425058752298,0.0
normal_141,val,7,Normal,Normal,0.010558162815868855,0.0
normal_142,val,7,Normal,Normal,0.16413550078868866,0.0
normal_143,val,7,Normal,Normal,0.21736398339271545,0.0
normal_144,val,7,Normal,Tumor,0.9825001358985901,0.0
normal_146,val,7,Normal,Normal,0.04702118784189224,0.0
normal_147,val,7,Normal,Normal,0.015568958595395088,0.0
normal_148,val,7,Normal,Normal,0.09065283089876175,0.0
normal_150,val,7,Normal,Normal,0.006761067546904087,0.0
normal_151,val,7,Normal,Normal,0.4929295778274536,0.0
normal_152,val,7,Normal,Normal,0.0815354660153389,0.0
normal_153,val,7,Normal,Normal,0.27269771695137024,0.0
normal_154,val,7,Normal,Normal,0.1166122704744339,0.0
normal_155,val,7,Normal,Normal,0.048405639827251434,0.0
normal_156,val,7,Normal,Normal,0.04755331575870514,0.0
normal_157,val,7,Normal,Normal,0.12167207151651382,0.0
normal_158,val,7,Normal,Normal,0.24496667087078094,0.0
normal_159,val,7,Normal,Normal,0.02771604247391224,0.0
normal_160,val,7,Normal,Normal,0.03874121233820915,0.0
tumor_001,val,7,Tumor,Tumor,0.9999139308929443,0.1692307692307692
tumor_002,val,7,Tumor,Normal,0.3492138683795929,0.0375798571965426
tumor_003,val,7,Tumor,Tumor,0.9967148303985596,0.2224340641881156
tumor_004,val,7,Tumor,Normal,0.05668357014656067,0.667302192564347
tumor_005,val,7,Tumor,Tumor,0.9480807185173035,0.2349256068911511
tumor_006,val,7,Tumor,Normal,0.24051232635974884,0.0356760613628255
tumor_008,val,7,Tumor,Tumor,0.6190667152404785,0.0
tumor_009,val,7,Tumor,Tumor,1.0,16.618437370814387
tumor_010,val,7,Tumor,Normal,0.27182629704475403,0.0
tumor_011,val,7,Tumor,Tumor,0.9999997615814209,4.91358024691358
tumor_012,val,7,Tumor,Normal,0.014097016304731369,0.0544959128065395
tumor_013,val,7,Tumor,Tumor,0.5714392066001892,0.3076923076923077
tumor_014,val,7,Tumor,Tumor,0.9999755620956421,1.6724053123462863
tumor_016,val,7,Tumor,Tumor,0.9999996423721313,9.478970495919649
tumor_017,val,7,Tumor,Normal,0.11287875473499298,0.0
tumor_018,val,7,Tumor,Tumor,1.0,0.9770603228547152
tumor_019,val,7,Tumor,Tumor,0.999994158744812,0.2582311168495804
tumor_020,val,7,Tumor,Tumor,1.0,1.3857218031924223
tumor_021,val,7,Tumor,Tumor,0.9999892711639404,0.630297761356227
tumor_022,val,7,Tumor,Tumor,0.9999653100967407,0.0998253057149987
tumor_023,val,7,Tumor,Tumor,0.9952784776687622,0.05
tumor_025,val,7,Tumor,Tumor,0.9999996423721313,2.24848659556068
tumor_026,val,7,Tumor,Tumor,0.9999986886978149,10.99199542595769
tumor_027,val,7,Tumor,Tumor,0.9656195044517517,0.0447127207690588
tumor_028,val,7,Tumor,Tumor,0.5319298505783081,0.0347101700798333
tumor_029,val,7,Tumor,Tumor,0.9999996423721313,0.9448515233320478
tumor_030,val,7,Tumor,Normal,0.017791885882616043,0.0
tumor_033,val,7,Tumor,Tumor,1.0,1.970350910114468
tumor_034,val,7,Tumor,Tumor,1.0,4.166666666666667
tumor_035,val,7,Tumor,Normal,0.24953758716583252,0.0507614213197969
tumor_036,val,7,Tumor,Tumor,0.9999213218688965,1.5802269043760129
tumor_037,val,7,Tumor,Tumor,0.9999984502792358,0.5393180236604036
tumor_038,val,7,Tumor,Tumor,1.0,3.099510603588907
tumor_039,val,7,Tumor,Tumor,1.0,5.697674418604652
tumor_040,val,7,Tumor,Tumor,0.8595348596572876,0.0212675457252233
tumor_041,val,7,Tumor,Tumor,0.8643717765808105,0.045526974732529
tumor_042,val,7,Tumor,Tumor,0.9999817609786987,0.8340113913751017
tumor_043,val,7,Tumor,Normal,0.05775846913456917,0.0
tumor_044,val,7,Tumor,Tumor,1.0,27.64403570462537
tumor_045,val,7,Tumor,Tumor,0.9997437596321106,0.2795899347623485
tumor_046,val,7,Tumor,Tumor,1.0,14.24847958297133
tumor_047,val,7,Tumor,Tumor,1.0,13.118527042577677
tumor_048,val,7,Tumor,Normal,0.3214223384857178,0.037821482602118
tumor_050,val,7,Tumor,Tumor,0.9332218766212463,0.155902004454343
tumor_051,val,7,Tumor,Tumor,0.9999992847442627,1.7123954076668613
tumor_052,val,7,Tumor,Tumor,0.9999990463256836,1.4260768335273577
tumor_053,val,7,Tumor,Tumor,0.7435398697853088,0.0315059861373661
tumor_054,val,7,Tumor,Tumor,0.9999986886978149,24.94393651888908
tumor_055,val,7,Tumor,Tumor,0.9999998807907104,11.261816687217427
tumor_056,val,7,Tumor,Tumor,0.9999995231628418,0.8527131782945736
tumor_057,val,7,Tumor,Tumor,0.5492313504219055,0.0851788756388415
tumor_058,val,7,Tumor,Tumor,1.0,21.57115260785576
tumor_059,val,7,Tumor,Normal,0.16152337193489075,0.0873362445414847
tumor_061,val,7,Tumor,Tumor,0.999995231628418,2.5535207634769157
tumor_062,val,7,Tumor,Tumor,1.0,0.8601553829078802
tumor_063,val,7,Tumor,Normal,0.25378698110580444,0.0132643586682583
tumor_064,val,7,Tumor,Tumor,0.9999985694885254,4.073383084577115
tumor_065,val,7,Tumor,Normal,0.21885380148887634,0.0973709834469328
tumor_066,val,7,Tumor,Tumor,0.6439741253852844,0.0
tumor_067,val,7,Tumor,Tumor,0.6339688301086426,0.0
tumor_068,val,7,Tumor,Tumor,1.0,4.937486755668574
tumor_069,val,7,Tumor,Tumor,0.9878195524215698,0.2581477896095515
tumor_070,val,7,Tumor,Normal,0.10026345402002335,0.0269832703723691
tumor_071,val,7,Tumor,Tumor,1.0,1.3419713095788988
tumor_072,val,7,Tumor,Tumor,1.0,1.9753086419753083
tumor_073,val,7,Tumor,Tumor,0.9999997615814209,0.1549053356282272
tumor_074,val,7,Tumor,Tumor,1.0,0.1306457633445315
tumor_075,val,7,Tumor,Tumor,0.9999839067459106,1.4255383682135274
tumor_076,val,7,Tumor,Tumor,1.0,39.84681154257214
tumor_077,val,7,Tumor,Tumor,0.9992594122886658,0.1979805979014056
tumor_078,val,7,Tumor,Tumor,1.0,19.859961807765757
tumor_079,val,7,Tumor,Tumor,1.0,0.4898359049718344
tumor_080,val,7,Tumor,Tumor,0.9979719519615173,0.0646725949878739
tumor_081,val,7,Tumor,Normal,0.22392350435256958,0.0
tumor_082,val,7,Tumor,Tumor,0.9995532631874084,8.661997788426097
tumor_083,val,7,Tumor,Tumor,0.9999998807907104,0.6153846153846154
tumor_084,val,7,Tumor,Tumor,0.9999990463256836,1.4640638864241349
tumor_085,val,7,Tumor,Tumor,1.0,15.891741845940318
tumor_086,val,7,Tumor,Normal,0.14436236023902893,0.028604118993135
tumor_088,val,7,Tumor,Tumor,1.0,3.5076795350767958
tumor_089,val,7,Tumor,Tumor,1.0,17.817324185248715
tumor_090,val,7,Tumor,Tumor,1.0,3.051126992853216
tumor_092,val,7,Tumor,Tumor,0.9961299896240234,0.1994813484939158
tumor_093,val,7,Tumor,Normal,0.28460952639579773,0.1205545509342977
tumor_094,val,7,Tumor,Tumor,0.9836191534996033,1.1533107973752237
tumor_095,val,7,Tumor,Tumor,1.0,9.094804499196572
tumor_096,val,7,Tumor,Tumor,0.9987646341323853,0.6086266207991532
tumor_097,val,7,Tumor,Tumor,0.9999215602874756,0.0172532781228433
tumor_098,val,7,Tumor,Normal,0.02007301151752472,0.0344827586206896
tumor_099,val,7,Tumor,Tumor,0.9999998807907104,0.3459409594095941
tumor_101,val,7,Tumor,Tumor,1.0,5.8042605742513125
tumor_102,val,7,Tumor,Tumor,1.0,3.227802413117459
tumor_103,val,7,Tumor,Normal,0.0964706689119339,0.078354554358472
tumor_104,val,7,Tumor,Tumor,1.0,1.4397120575884823
tumor_105,val,7,Tumor,Tumor,0.9999932050704956,1.9146482122260668
tumor_106,val,7,Tumor,Tumor,1.0,0.975531744762514
tumor_107,val,7,Tumor,Tumor,0.999945878982544,0.1149425287356321
tumor_108,val,7,Tumor,Tumor,0.9999998807907104,0.9541397353031702
tumor_109,val,7,Tumor,Tumor,1.0,2.2341745966073643
tumor_110,val,7,Tumor,Tumor,1.0,30.696969696969692
tumor_111,val,7,Tumor,Tumor,0.9999998807907104,0.2079482439926062
test_002,val,7,Tumor,Tumor,0.9999985694885254,1.0288653901114604
test_003,val,7,Normal,Normal,0.06357572972774506,0.0
test_004,val,7,Tumor,Normal,0.021614164113998413,0.0
test_005,val,7,Normal,Normal,0.07271994650363922,0.0
test_007,val,7,Normal,Normal,0.4426008462905884,0.0
test_008,val,7,Tumor,Tumor,0.8125311136245728,0.0152091254752851
test_009,val,7,Normal,Normal,0.04672406613826752,0.0
test_010,val,7,Tumor,Normal,0.43178388476371765,0.0220312844238819
test_011,val,7,Tumor,Normal,0.008376721292734146,0.0
test_012,val,7,Normal,Normal,0.0505925789475441,0.0
test_013,val,7,Tumor,Normal,0.07821691781282425,0.08130081300813
test_014,val,7,Normal,Normal,0.022698767483234406,0.0
test_015,val,7,Normal,Normal,0.03879940137267113,0.0
test_016,val,7,Tumor,Tumor,1.0,10.554649265905384
test_017,val,7,Normal,Tumor,0.6224494576454163,0.0
test_018,val,7,Normal,Normal,0.1189279854297638,0.0
test_019,val,7,Normal,Normal,0.06515886634588242,0.0
test_020,val,7,Normal,Tumor,0.8509575724601746,0.0
test_022,val,7,Normal,Normal,0.07875245809555054,0.0
test_023,val,7,Normal,Tumor,0.9322599172592163,0.0
test_024,val,7,Normal,Normal,0.41498637199401855,0.0
test_025,val,7,Normal,Tumor,0.5277655124664307,0.0
test_027,val,7,Tumor,Tumor,0.9999969005584717,1.5288394718554552
test_028,val,7,Normal,Normal,0.017652077600359917,0.0
test_029,val,7,Tumor,Normal,0.3901533782482147,0.0895656068069861
test_030,val,7,Tumor,Tumor,0.9921493530273438,0.2566923359002567
test_031,val,7,Normal,Normal,0.03100547380745411,0.0
test_032,val,7,Normal,Normal,0.13013669848442078,0.0
test_033,val,7,Tumor,Normal,0.4986889958381653,0.0189089533894298
test_034,val,7,Normal,Normal,0.017650367692112923,0.0
test_035,val,7,Normal,Normal,0.38792306184768677,0.0
test_036,val,7,Normal,Normal,0.08060187101364136,0.0
test_037,val,7,Normal,Normal,0.02212996408343315,0.0
test_038,val,7,Tumor,Tumor,0.9180783629417419,0.2326483132997285
test_039,val,7,Normal,Normal,0.005965070798993111,0.0
test_040,val,7,Tumor,Tumor,1.0,20.407040704070408
test_041,val,7,Normal,Normal,0.023603064939379692,0.0
test_042,val,7,Normal,Normal,0.25128409266471863,0.0
test_043,val,7,Normal,Normal,0.039017777889966965,0.0
test_044,val,7,Normal,Normal,0.013916919007897377,0.0
test_045,val,7,Normal,Tumor,0.7876173853874207,0.0
test_046,val,7,Tumor,Tumor,0.9422383904457092,0.0552181115405853
test_047,val,7,Normal,Normal,0.00756531348451972,0.0
test_050,val,7,Normal,Normal,0.0812557265162468,0.0
test_051,val,7,Tumor,Tumor,0.9999994039535522,3.020318506315212
test_052,val,7,Tumor,Tumor,0.680209755897522,0.0487567040468064
test_053,val,7,Normal,Normal,0.01310720108449459,0.0
test_054,val,7,Normal,Normal,0.07044754177331924,0.0
test_055,val,7,Normal,Normal,0.032653845846652985,0.0
test_056,val,7,Normal,Normal,0.0637771487236023,0.0
test_057,val,7,Normal,Normal,0.10200940817594528,0.0
test_058,val,7,Normal,Normal,0.06440841406583786,0.0
test_059,val,7,Normal,Normal,0.029058856889605522,0.0
test_060,val,7,Normal,Normal,0.0027461620047688484,0.0
test_061,val,7,Tumor,Tumor,0.9999737739562988,0.6552262090483619
test_062,val,7,Normal,Tumor,0.8304994106292725,0.0
test_063,val,7,Normal,Normal,0.05876811966300011,0.0
test_064,val,7,Tumor,Tumor,0.9987805485725403,0.0720980533525594
test_066,val,7,Tumor,Tumor,0.5901280045509338,0.0517866390471258
test_067,val,7,Normal,Normal,0.038177959620952606,0.0
test_068,val,7,Tumor,Tumor,1.0,3.155339805825242
test_069,val,7,Tumor,Tumor,0.9999967813491821,0.2094789211835559
test_070,val,7,Normal,Normal,0.020222816616296768,0.0
test_071,val,7,Tumor,Tumor,1.0,4.893403920446416
test_072,val,7,Normal,Normal,0.07775110751390457,0.0
test_073,val,7,Tumor,Tumor,0.9999996423721313,13.865284974093264
test_074,val,7,Tumor,Tumor,0.9876442551612854,0.1355748373101952
test_075,val,7,Tumor,Tumor,1.0,3.189493433395872
test_076,val,7,Normal,Normal,0.2371034473180771,0.0
test_077,val,7,Normal,Normal,0.1471693068742752,0.0
test_078,val,7,Normal,Normal,0.039578456431627274,0.0
test_079,val,7,Tumor,Tumor,0.7207608819007874,0.4285714285714285
test_080,val,7,Normal,Normal,0.04915875568985939,0.0
test_081,val,7,Normal,Normal,0.42506012320518494,0.0
test_082,val,7,Tumor,Tumor,0.9999982118606567,1.7209729233593392
test_083,val,7,Normal,Tumor,0.7669601440429688,0.0
test_084,val,7,Tumor,Tumor,0.551622211933136,0.2335084646818447
test_085,val,7,Normal,Tumor,0.9435403943061829,0.0
test_086,val,7,Normal,Normal,0.17668214440345764,0.0
test_087,val,7,Normal,Normal,0.024128172546625137,0.0
test_088,val,7,Normal,Normal,0.06208112835884094,0.0
test_089,val,7,Normal,Normal,0.004156480077654123,0.0
test_090,val,7,Tumor,Tumor,1.0,34.18817118127905
test_091,val,7,Normal,Tumor,0.9373095035552979,0.0
test_092,val,7,Tumor,Tumor,1.0,0.2054895053574049
test_093,val,7,Normal,Tumor,0.5230206847190857,0.0
test_094,val,7,Tumor,Tumor,1.0,1.955614150736102
test_095,val,7,Normal,Normal,0.30512505769729614,0.0
test_096,val,7,Normal,Normal,0.4517386257648468,0.0
test_097,val,7,Tumor,Normal,0.09495411068201065,0.0
test_098,val,7,Normal,Normal,0.1311895102262497,0.0
test_099,val,7,Tumor,Normal,0.3820096254348755,0.0
test_100,val,7,Normal,Normal,0.04228849336504936,0.0
test_102,val,7,Tumor,Tumor,0.9999953508377075,0.121334681496461
test_103,val,7,Normal,Normal,0.030032256618142128,0.0
test_105,val,7,Tumor,Tumor,1.0,68.18663838812301
test_106,val,7,Normal,Normal,0.0057197860442101955,0.0
test_107,val,7,Normal,Normal,0.13352617621421814,0.0
test_108,val,7,Tumor,Tumor,0.9999997615814209,0.5213270142180095
test_109,val,7,Normal,Normal,0.012071758508682251,0.0
test_110,val,7,Tumor,Normal,0.19964836537837982,0.0
test_111,val,7,Normal,Normal,0.08820507675409317,0.0
test_112,val,7,Normal,Tumor,0.8042994737625122,0.0
test_113,val,7,Tumor,Tumor,1.0,24.304783092324804
test_114,val,7,Tumor,Tumor,1.0,32.49844752639205
test_115,val,7,Normal,Normal,0.06983515620231628,0.0
test_116,val,7,Tumor,Normal,0.042307429015636444,0.0
test_117,val,7,Tumor,Normal,0.051001254469156265,0.0
test_118,val,7,Normal,Normal,0.13000234961509705,0.0
test_119,val,7,Normal,Normal,0.16861002147197723,0.0
test_120,val,7,Normal,Normal,0.14272820949554443,0.0
test_121,val,7,Tumor,Tumor,0.9999579191207886,0.5915100904662491
test_122,val,7,Tumor,Tumor,0.9999943971633911,0.2521613832853026
test_123,val,7,Normal,Tumor,0.7559340596199036,0.0
test_124,val,7,Normal,Normal,0.11795081943273544,0.0
test_125,val,7,Normal,Normal,0.021572202444076538,0.0
test_126,val,7,Normal,Normal,0.23708708584308624,0.0
test_127,val,7,Normal,Normal,0.4918536841869354,0.0
test_128,val,7,Normal,Normal,0.016405293717980385,0.0
test_129,val,7,Normal,Normal,0.021092677488923073,0.0
test_130,val,7,Normal,Normal,0.0838213711977005,0.0
normal_001,val,8,Normal,Normal,0.1410377472639084,0.0
normal_002,val,8,Normal,Normal,0.001690513570792973,0.0
normal_003,val,8,Normal,Normal,0.06566525995731354,0.0
normal_006,val,8,Normal,Normal,0.03161162883043289,0.0
normal_007,val,8,Normal,Tumor,0.8329629302024841,0.0
normal_008,val,8,Normal,Normal,0.0066856746561825275,0.0
normal_009,val,8,Normal,Normal,0.16016337275505066,0.0
normal_010,val,8,Normal,Normal,0.12171368300914764,0.0
normal_011,val,8,Normal,Normal,0.23894329369068146,0.0
normal_012,val,8,Normal,Normal,0.08833363652229309,0.0
normal_013,val,8,Normal,Normal,0.005995445419102907,0.0
normal_014,val,8,Normal,Normal,0.044719088822603226,0.0
normal_015,val,8,Normal,Normal,0.24505731463432312,0.0
normal_016,val,8,Normal,Normal,0.0006899895379319787,0.0
normal_017,val,8,Normal,Normal,0.4389871656894684,0.0
normal_018,val,8,Normal,Normal,0.09814219921827316,0.0
normal_019,val,8,Normal,Normal,0.10570395737886429,0.0
normal_020,val,8,Normal,Normal,0.017894450575113297,0.0
normal_021,val,8,Normal,Normal,0.004544743802398443,0.0
normal_022,val,8,Normal,Normal,0.23437507450580597,0.0
normal_023,val,8,Normal,Normal,0.00042358419159427285,0.0
normal_024,val,8,Normal,Normal,0.00537123391404748,0.0
normal_025,val,8,Normal,Normal,0.11864013969898224,0.0
normal_028,val,8,Normal,Tumor,0.5184923410415649,0.0
normal_029,val,8,Normal,Normal,0.16854146122932434,0.0
normal_030,val,8,Normal,Normal,0.005219942890107632,0.0
normal_032,val,8,Normal,Tumor,0.8380376100540161,0.0
normal_033,val,8,Normal,Normal,0.06279585510492325,0.0
normal_034,val,8,Normal,Tumor,0.6152111291885376,0.0
normal_035,val,8,Normal,Normal,0.1267690360546112,0.0
normal_036,val,8,Normal,Normal,0.3161958158016205,0.0
normal_037,val,8,Normal,Normal,0.10578448325395584,0.0
normal_038,val,8,Normal,Normal,0.0005541670834645629,0.0
normal_039,val,8,Normal,Normal,0.23416219651699066,0.0
normal_040,val,8,Normal,Normal,0.3349810838699341,0.0
normal_041,val,8,Normal,Normal,0.17725025117397308,0.0
normal_042,val,8,Normal,Normal,0.014418990351259708,0.0
normal_044,val,8,Normal,Normal,0.03160848841071129,0.0
normal_045,val,8,Normal,Normal,2.637930265336763e-06,0.0
normal_046,val,8,Normal,Tumor,0.8921456336975098,0.0
normal_047,val,8,Normal,Tumor,0.5331933498382568,0.0
normal_048,val,8,Normal,Normal,0.4514993727207184,0.0
normal_049,val,8,Normal,Tumor,0.837369441986084,0.0
normal_050,val,8,Normal,Tumor,0.653854250907898,0.0
normal_051,val,8,Normal,Normal,0.003308709245175123,0.0
normal_052,val,8,Normal,Normal,0.34254348278045654,0.0
normal_053,val,8,Normal,Tumor,0.7964137196540833,0.0
normal_054,val,8,Normal,Normal,0.03056623414158821,0.0
normal_055,val,8,Normal,Normal,0.3735477030277252,0.0
normal_056,val,8,Normal,Normal,0.22353677451610565,0.0
normal_057,val,8,Normal,Normal,0.3019545078277588,0.0
normal_058,val,8,Normal,Normal,0.07655782997608185,0.0
normal_059,val,8,Normal,Normal,0.00012544119090307504,0.0
normal_060,val,8,Normal,Tumor,0.943526029586792,0.0
normal_061,val,8,Normal,Normal,0.10593166947364807,0.0
normal_062,val,8,Normal,Normal,0.05106925591826439,0.0
normal_063,val,8,Normal,Tumor,0.9800295233726501,0.0
normal_064,val,8,Normal,Tumor,0.8951714634895325,0.0
normal_065,val,8,Normal,Normal,0.10963034629821777,0.0
normal_066,val,8,Normal,Normal,0.08393313735723495,0.0
normal_067,val,8,Normal,Normal,0.005262326914817095,0.0
normal_068,val,8,Normal,Normal,0.17460976541042328,0.0
normal_069,val,8,Normal,Normal,0.06268692016601562,0.0
normal_070,val,8,Normal,Normal,0.26928573846817017,0.0
normal_071,val,8,Normal,Normal,0.018983427435159683,0.0
normal_072,val,8,Normal,Normal,0.000685417209751904,0.0
normal_073,val,8,Normal,Normal,0.04728256165981293,0.0
normal_074,val,8,Normal,Normal,0.220939040184021,0.0
normal_075,val,8,Normal,Normal,0.057466670870780945,0.0
normal_076,val,8,Normal,Normal,0.22477509081363678,0.0
normal_077,val,8,Normal,Normal,0.09587795287370682,0.0
normal_078,val,8,Normal,Normal,0.08645681291818619,0.0
normal_079,val,8,Normal,Normal,0.40008148550987244,0.0
normal_080,val,8,Normal,Normal,0.1463756263256073,0.0
normal_081,val,8,Normal,Normal,0.006540309172123671,0.0
normal_082,val,8,Normal,Normal,0.4497775435447693,0.0
normal_083,val,8,Normal,Normal,0.4104345440864563,0.0
normal_084,val,8,Normal,Normal,0.03475990891456604,0.0
normal_085,val,8,Normal,Normal,0.08233244717121124,0.0
normal_087,val,8,Normal,Tumor,0.705005943775177,0.0
normal_088,val,8,Normal,Tumor,0.7545197010040283,0.0
normal_090,val,8,Normal,Tumor,0.5954709649085999,0.0
normal_092,val,8,Normal,Normal,0.03199844807386398,0.0
normal_093,val,8,Normal,Normal,0.010929475538432598,0.0
normal_094,val,8,Normal,Normal,0.014575679786503315,0.0
normal_095,val,8,Normal,Normal,0.08052009344100952,0.0
normal_096,val,8,Normal,Tumor,0.9452047348022461,0.0
normal_097,val,8,Normal,Normal,0.22437115013599396,0.0
normal_098,val,8,Normal,Tumor,0.8145096302032471,0.0
normal_099,val,8,Normal,Normal,0.08329170197248459,0.0
normal_100,val,8,Normal,Tumor,0.6309177279472351,0.0
normal_101,val,8,Normal,Normal,0.054579541087150574,0.0
normal_102,val,8,Normal,Normal,6.810480408603325e-05,0.0
normal_103,val,8,Normal,Normal,0.026230277493596077,0.0
normal_104,val,8,Normal,Normal,0.058559827506542206,0.0
normal_105,val,8,Normal,Normal,0.13546177744865417,0.0
normal_106,val,8,Normal,Normal,0.02303619682788849,0.0
normal_107,val,8,Normal,Normal,0.3382751941680908,0.0
normal_108,val,8,Normal,Normal,0.012353966943919659,0.0
normal_109,val,8,Normal,Normal,0.16486255824565887,0.0
normal_110,val,8,Normal,Normal,0.040336448699235916,0.0
normal_111,val,8,Normal,Normal,0.30033472180366516,0.0
normal_112,val,8,Normal,Normal,0.23053091764450073,0.0
normal_113,val,8,Normal,Normal,0.2230338305234909,0.0
normal_114,val,8,Normal,Normal,0.43660396337509155,0.0
normal_115,val,8,Normal,Normal,4.0836392145138234e-05,0.0
normal_116,val,8,Normal,Normal,0.06777152419090271,0.0
normal_117,val,8,Normal,Tumor,0.9997205138206482,0.0
normal_118,val,8,Normal,Tumor,0.5861606001853943,0.0
normal_119,val,8,Normal,Normal,0.05834212154150009,0.0
normal_120,val,8,Normal,Normal,0.2693401873111725,0.0
normal_121,val,8,Normal,Normal,0.035788580775260925,0.0
normal_122,val,8,Normal,Normal,0.020677203312516212,0.0
normal_123,val,8,Normal,Normal,0.10953635722398758,0.0
normal_124,val,8,Normal,Normal,0.48456957936286926,0.0
normal_125,val,8,Normal,Normal,0.005221088882535696,0.0
normal_126,val,8,Normal,Normal,0.3650389611721039,0.0
normal_127,val,8,Normal,Normal,0.00038711648085154593,0.0
normal_128,val,8,Normal,Normal,0.32601767778396606,0.0
normal_129,val,8,Normal,Normal,0.10940209776163101,0.0
normal_130,val,8,Normal,Normal,0.3086346983909607,0.0
normal_131,val,8,Normal,Normal,0.08473466336727142,0.0
normal_132,val,8,Normal,Normal,0.013016055338084698,0.0
normal_133,val,8,Normal,Normal,0.15308229625225067,0.0
normal_134,val,8,Normal,Normal,8.362694075003674e-07,0.0
normal_135,val,8,Normal,Normal,0.4239368438720703,0.0
normal_136,val,8,Normal,Normal,0.02942606993019581,0.0
normal_137,val,8,Normal,Normal,0.3086293339729309,0.0
normal_138,val,8,Normal,Normal,3.8983307604212314e-05,0.0
normal_139,val,8,Normal,Normal,0.01187291368842125,0.0
normal_140,val,8,Normal,Normal,0.007124632131308317,0.0
normal_141,val,8,Normal,Normal,0.00045715857413597405,0.0
normal_143,val,8,Normal,Normal,0.4405936896800995,0.0
normal_144,val,8,Normal,Tumor,0.9839006662368774,0.0
normal_145,val,8,Normal,Normal,0.0785357877612114,0.0
normal_146,val,8,Normal,Normal,0.22189508378505707,0.0
normal_147,val,8,Normal,Normal,0.2004622519016266,0.0
normal_148,val,8,Normal,Normal,0.05234576761722565,0.0
normal_149,val,8,Normal,Normal,0.1087195873260498,0.0
normal_150,val,8,Normal,Normal,0.027978314086794853,0.0
normal_151,val,8,Normal,Tumor,0.8668200969696045,0.0
normal_152,val,8,Normal,Normal,0.20415574312210083,0.0
normal_153,val,8,Normal,Tumor,0.6375482678413391,0.0
normal_155,val,8,Normal,Normal,0.31494587659835815,0.0
normal_156,val,8,Normal,Normal,0.07209502905607224,0.0
normal_157,val,8,Normal,Tumor,0.6160517930984497,0.0
normal_158,val,8,Normal,Normal,0.00135114137083292,0.0
normal_159,val,8,Normal,Normal,0.07268424332141876,0.0
normal_160,val,8,Normal,Normal,0.06218307092785835,0.0
tumor_002,val,8,Tumor,Normal,0.056998565793037415,0.0375798571965426
tumor_003,val,8,Tumor,Normal,0.48197099566459656,0.2224340641881156
tumor_004,val,8,Tumor,Normal,0.026133740320801735,0.667302192564347
tumor_006,val,8,Tumor,Normal,0.07801736146211624,0.0356760613628255
tumor_007,val,8,Tumor,Tumor,0.717619001865387,0.1017639077340569
tumor_008,val,8,Tumor,Tumor,0.5358551740646362,0.0
tumor_009,val,8,Tumor,Tumor,1.0,16.618437370814387
tumor_010,val,8,Tumor,Normal,0.17564286291599274,0.0
tumor_011,val,8,Tumor,Tumor,0.9999995231628418,4.91358024691358
tumor_013,val,8,Tumor,Normal,0.3485753834247589,0.3076923076923077
tumor_014,val,8,Tumor,Tumor,0.9998759031295776,1.6724053123462863
tumor_015,val,8,Tumor,Tumor,0.9920973777770996,0.1716604244694132
tumor_016,val,8,Tumor,Tumor,0.9999992847442627,9.478970495919649
tumor_018,val,8,Tumor,Tumor,0.9999992847442627,0.9770603228547152
tumor_019,val,8,Tumor,Tumor,0.9705899357795715,0.2582311168495804
tumor_020,val,8,Tumor,Tumor,0.9999998807907104,1.3857218031924223
tumor_021,val,8,Tumor,Tumor,0.9720453023910522,0.630297761356227
tumor_022,val,8,Tumor,Tumor,0.9772595167160034,0.0998253057149987
tumor_023,val,8,Tumor,Tumor,0.7769787311553955,0.05
tumor_024,val,8,Tumor,Tumor,0.6869039535522461,0.0239520958083832
tumor_025,val,8,Tumor,Tumor,0.9999377727508545,2.24848659556068
tumor_027,val,8,Tumor,Tumor,0.5251079797744751,0.0447127207690588
tumor_028,val,8,Tumor,Normal,0.36669227480888367,0.0347101700798333
tumor_029,val,8,Tumor,Tumor,0.9999967813491821,0.9448515233320478
tumor_030,val,8,Tumor,Normal,0.054675232619047165,0.0
tumor_031,val,8,Tumor,Tumor,0.9999997615814209,8.194343727338651
tumor_032,val,8,Tumor,Normal,0.4388183057308197,0.0844059928254906
tumor_033,val,8,Tumor,Tumor,1.0,1.970350910114468
tumor_034,val,8,Tumor,Tumor,0.9999992847442627,4.166666666666667
tumor_035,val,8,Tumor,Normal,0.027459479868412018,0.0507614213197969
tumor_036,val,8,Tumor,Tumor,0.9495738744735718,1.5802269043760129
tumor_037,val,8,Tumor,Tumor,0.9855974316596985,0.5393180236604036
tumor_040,val,8,Tumor,Tumor,0.7845674157142639,0.0212675457252233
tumor_041,val,8,Tumor,Tumor,0.5910645723342896,0.045526974732529
tumor_042,val,8,Tumor,Tumor,0.9745264649391174,0.8340113913751017
tumor_043,val,8,Tumor,Normal,0.050027940422296524,0.0
tumor_044,val,8,Tumor,Tumor,1.0,27.64403570462537
tumor_045,val,8,Tumor,Tumor,0.8872497081756592,0.2795899347623485
tumor_046,val,8,Tumor,Tumor,1.0,14.24847958297133
tumor_047,val,8,Tumor,Tumor,1.0,13.118527042577677
tumor_048,val,8,Tumor,Normal,0.1673622876405716,0.037821482602118
tumor_049,val,8,Tumor,Normal,0.08066961169242859,0.0899820035992801
tumor_050,val,8,Tumor,Normal,0.12329340726137161,0.155902004454343
tumor_051,val,8,Tumor,Tumor,0.9998958110809326,1.7123954076668613
tumor_052,val,8,Tumor,Tumor,0.9994500279426575,1.4260768335273577
tumor_053,val,8,Tumor,Tumor,0.5430852770805359,0.0315059861373661
tumor_055,val,8,Tumor,Tumor,0.9999998807907104,11.261816687217427
tumor_056,val,8,Tumor,Tumor,0.9972942471504211,0.8527131782945736
tumor_057,val,8,Tumor,Normal,0.2589488923549652,0.0851788756388415
tumor_058,val,8,Tumor,Tumor,1.0,21.57115260785576
tumor_059,val,8,Tumor,Normal,0.22469660639762878,0.0873362445414847
tumor_060,val,8,Tumor,Normal,0.12938183546066284,0.0
tumor_061,val,8,Tumor,Tumor,0.9993770718574524,2.5535207634769157
tumor_062,val,8,Tumor,Tumor,0.9997678399085999,0.8601553829078802
tumor_063,val,8,Tumor,Normal,0.24278214573860168,0.0132643586682583
tumor_064,val,8,Tumor,Tumor,0.9999395608901978,4.073383084577115
tumor_065,val,8,Tumor,Normal,0.04975816607475281,0.0973709834469328
tumor_066,val,8,Tumor,Normal,0.05426522716879845,0.0
tumor_067,val,8,Tumor,Tumor,0.6304742097854614,0.0
tumor_069,val,8,Tumor,Tumor,0.597586989402771,0.2581477896095515
tumor_070,val,8,Tumor,Normal,0.04946961998939514,0.0269832703723691
tumor_071,val,8,Tumor,Tumor,0.9999997615814209,1.3419713095788988
tumor_072,val,8,Tumor,Tumor,1.0,1.9753086419753083
tumor_073,val,8,Tumor,Tumor,0.9971832633018494,0.1549053356282272
tumor_074,val,8,Tumor,Tumor,0.9999977350234985,0.1306457633445315
tumor_075,val,8,Tumor,Tumor,0.9810791015625,1.4255383682135274
tumor_076,val,8,Tumor,Tumor,1.0,39.84681154257214
tumor_078,val,8,Tumor,Tumor,1.0,19.859961807765757
tumor_079,val,8,Tumor,Tumor,0.9999996423721313,0.4898359049718344
tumor_080,val,8,Tumor,Normal,0.07476381212472916,0.0646725949878739
tumor_081,val,8,Tumor,Normal,0.1886703222990036,0.0
tumor_082,val,8,Tumor,Tumor,0.9834049940109253,8.661997788426097
tumor_083,val,8,Tumor,Tumor,0.9187949299812317,0.6153846153846154
tumor_084,val,8,Tumor,Tumor,0.9995089769363403,1.4640638864241349
tumor_085,val,8,Tumor,Tumor,1.0,15.891741845940318
tumor_086,val,8,Tumor,Normal,0.09465616196393967,0.028604118993135
tumor_087,val,8,Tumor,Tumor,0.6342137455940247,0.0828271673108779
tumor_088,val,8,Tumor,Tumor,1.0,3.5076795350767958
tumor_089,val,8,Tumor,Tumor,1.0,17.817324185248715
tumor_090,val,8,Tumor,Tumor,1.0,3.051126992853216
tumor_091,val,8,Tumor,Tumor,0.9999970197677612,3.3682634730538923
tumor_092,val,8,Tumor,Normal,0.2998207211494446,0.1994813484939158
tumor_093,val,8,Tumor,Normal,0.18769864737987518,0.1205545509342977
tumor_094,val,8,Tumor,Tumor,0.5250482559204102,1.1533107973752237
tumor_095,val,8,Tumor,Tumor,1.0,9.094804499196572
tumor_096,val,8,Tumor,Tumor,0.6179299354553223,0.6086266207991532
tumor_097,val,8,Tumor,Tumor,0.822770357131958,0.0172532781228433
tumor_098,val,8,Tumor,Normal,0.026214493438601494,0.0344827586206896
tumor_099,val,8,Tumor,Tumor,0.9991225600242615,0.3459409594095941
tumor_100,val,8,Tumor,Tumor,0.9926385879516602,0.1020929045431342
tumor_101,val,8,Tumor,Tumor,1.0,5.8042605742513125
tumor_102,val,8,Tumor,Tumor,0.9999603033065796,3.227802413117459
tumor_103,val,8,Tumor,Normal,0.05344346538186073,0.078354554358472
tumor_104,val,8,Tumor,Tumor,0.999998927116394,1.4397120575884823
tumor_105,val,8,Tumor,Tumor,0.9999094009399414,1.9146482122260668
tumor_106,val,8,Tumor,Tumor,0.9999349117279053,0.975531744762514
tumor_107,val,8,Tumor,Tumor,0.9726850390434265,0.1149425287356321
tumor_108,val,8,Tumor,Tumor,0.999983549118042,0.9541397353031702
tumor_109,val,8,Tumor,Tumor,1.0,2.2341745966073643
tumor_110,val,8,Tumor,Tumor,1.0,30.696969696969692
tumor_111,val,8,Tumor,Tumor,0.8531286120414734,0.2079482439926062
test_001,val,8,Tumor,Tumor,0.9999994039535522,2.2790697674418605
test_002,val,8,Tumor,Tumor,0.9699373841285706,1.0288653901114604
test_003,val,8,Normal,Normal,0.12115504592657089,0.0
test_004,val,8,Tumor,Normal,0.10111210495233536,0.0
test_005,val,8,Normal,Normal,0.08809039741754532,0.0
test_006,val,8,Normal,Tumor,0.9080829620361328,0.0
test_009,val,8,Normal,Normal,0.020548364147543907,0.0
test_010,val,8,Tumor,Normal,0.28971779346466064,0.0220312844238819
test_011,val,8,Tumor,Normal,0.0016748146153986454,0.0
test_012,val,8,Normal,Normal,0.10503749549388885,0.0
test_013,val,8,Tumor,Normal,0.18136954307556152,0.08130081300813
test_014,val,8,Normal,Normal,0.016096938401460648,0.0
test_015,val,8,Normal,Normal,0.2095186561346054,0.0
test_016,val,8,Tumor,Tumor,1.0,10.554649265905384
test_017,val,8,Normal,Normal,0.4449041485786438,0.0
test_018,val,8,Normal,Normal,0.4549579918384552,0.0
test_020,val,8,Normal,Tumor,0.9340416193008423,0.0
test_022,val,8,Normal,Tumor,0.5129619240760803,0.0
test_023,val,8,Normal,Tumor,0.7465848922729492,0.0
test_024,val,8,Normal,Tumor,0.5359756350517273,0.0
test_026,val,8,Tumor,Tumor,0.9999879598617554,4.99304105775922
test_028,val,8,Normal,Normal,0.01992972381412983,0.0
test_029,val,8,Tumor,Normal,0.023782353848218918,0.0895656068069861
test_030,val,8,Tumor,Tumor,0.7522969841957092,0.2566923359002567
test_031,val,8,Normal,Normal,0.19284118711948395,0.0
test_032,val,8,Normal,Normal,0.10187791287899017,0.0
test_033,val,8,Tumor,Tumor,0.5606638193130493,0.0189089533894298
test_034,val,8,Normal,Normal,0.011331342160701752,0.0
test_035,val,8,Normal,Tumor,0.6403035521507263,0.0
test_037,val,8,Normal,Normal,0.01149071753025055,0.0
test_038,val,8,Tumor,Tumor,0.8327281475067139,0.2326483132997285
test_039,val,8,Normal,Normal,0.0010267493780702353,0.0
test_040,val,8,Tumor,Tumor,1.0,20.407040704070408
test_041,val,8,Normal,Normal,0.06431251019239426,0.0
test_042,val,8,Normal,Tumor,0.8880412578582764,0.0
test_043,val,8,Normal,Normal,0.06120895594358444,0.0
test_044,val,8,Normal,Normal,0.012499473057687283,0.0
test_045,val,8,Normal,Tumor,0.563208818435669,0.0
test_046,val,8,Tumor,Normal,0.3269931972026825,0.0552181115405853
test_050,val,8,Normal,Normal,0.26202890276908875,0.0
test_051,val,8,Tumor,Tumor,0.9996374845504761,3.020318506315212
test_052,val,8,Tumor,Normal,0.45306503772735596,0.0487567040468064
test_053,val,8,Normal,Normal,0.06296762824058533,0.0
test_054,val,8,Normal,Normal,0.05623660236597061,0.0
test_055,val,8,Normal,Normal,0.0199409332126379,0.0
test_056,val,8,Normal,Normal,0.23800115287303925,0.0
test_057,val,8,Normal,Normal,0.08615543693304062,0.0
test_058,val,8,Normal,Normal,0.46006762981414795,0.0
test_059,val,8,Normal,Normal,0.07896138727664948,0.0
test_060,val,8,Normal,Normal,0.004102743696421385,0.0
test_062,val,8,Normal,Normal,0.4293450713157654,0.0
test_063,val,8,Normal,Normal,0.2283814400434494,0.0
test_064,val,8,Tumor,Tumor,0.7798550724983215,0.0720980533525594
test_065,val,8,Tumor,Normal,6.074244811316021e-05,0.1262626262626262
test_067,val,8,Normal,Normal,0.12318958342075348,0.0
test_068,val,8,Tumor,Tumor,0.9999998807907104,3.155339805825242
test_069,val,8,Tumor,Tumor,0.9982606768608093,0.2094789211835559
test_070,val,8,Normal,Normal,0.04075334593653679,0.0
test_071,val,8,Tumor,Tumor,1.0,4.893403920446416
test_072,val,8,Normal,Normal,0.0020144334994256496,0.0
test_073,val,8,Tumor,Tumor,0.9999995231628418,13.865284974093264
test_074,val,8,Tumor,Tumor,0.9687174558639526,0.1355748373101952
test_075,val,8,Tumor,Tumor,1.0,3.189493433395872
test_076,val,8,Normal,Normal,0.41771620512008667,0.0
test_077,val,8,Normal,Tumor,0.5092092752456665,0.0
test_078,val,8,Normal,Normal,0.03447289019823074,0.0
test_079,val,8,Tumor,Tumor,0.9286326169967651,0.4285714285714285
test_080,val,8,Normal,Normal,0.06895657628774643,0.0
test_081,val,8,Normal,Tumor,0.7614240646362305,0.0
test_082,val,8,Tumor,Tumor,0.9993078708648682,1.7209729233593392
test_083,val,8,Normal,Tumor,0.5857663750648499,0.0
test_084,val,8,Tumor,Normal,0.47516292333602905,0.2335084646818447
test_085,val,8,Normal,Normal,0.25990432500839233,0.0
test_086,val,8,Normal,Tumor,0.5184690356254578,0.0
test_087,val,8,Normal,Normal,0.1355520337820053,0.0
test_088,val,8,Normal,Normal,0.05419148877263069,0.0
test_089,val,8,Normal,Normal,0.006652358919382095,0.0
test_090,val,8,Tumor,Tumor,1.0,34.18817118127905
test_091,val,8,Normal,Normal,0.06420234590768814,0.0
test_092,val,8,Tumor,Tumor,0.9996989965438843,0.2054895053574049
test_093,val,8,Normal,Normal,0.18095529079437256,0.0
test_094,val,8,Tumor,Tumor,0.9999996423721313,1.955614150736102
test_095,val,8,Normal,Tumor,0.6584012508392334,0.0
test_097,val,8,Tumor,Normal,0.4233313798904419,0.0
test_098,val,8,Normal,Normal,0.33566999435424805,0.0
test_099,val,8,Tumor,Tumor,0.6281057000160217,0.0
test_100,val,8,Normal,Normal,0.06468919664621353,0.0
test_101,val,8,Normal,Normal,0.16798077523708344,0.0
test_102,val,8,Tumor,Tumor,0.9985124468803406,0.121334681496461
test_103,val,8,Normal,Normal,0.03784114494919777,0.0
test_104,val,8,Tumor,Tumor,0.9999352693557739,1.3926084627745046
test_105,val,8,Tumor,Tumor,1.0,68.18663838812301
test_106,val,8,Normal,Normal,0.012303365394473076,0.0
test_107,val,8,Normal,Normal,0.029133308678865433,0.0
test_108,val,8,Tumor,Tumor,0.996088981628418,0.5213270142180095
test_109,val,8,Normal,Normal,0.028442027047276497,0.0
test_110,val,8,Tumor,Normal,0.11386048048734665,0.0
test_111,val,8,Normal,Normal,7.042793731670827e-05,0.0
test_112,val,8,Normal,Tumor,0.8909468054771423,0.0
test_113,val,8,Tumor,Tumor,1.0,24.304783092324804
test_114,val,8,Tumor,Tumor,1.0,32.49844752639205
test_115,val,8,Normal,Normal,0.040373850613832474,0.0
test_116,val,8,Tumor,Normal,0.021737301722168922,0.0
test_117,val,8,Tumor,Normal,0.05082281678915024,0.0
test_118,val,8,Normal,Normal,0.033377986401319504,0.0
test_119,val,8,Normal,Normal,0.0077250367030501366,0.0
test_120,val,8,Normal,Normal,0.2689363658428192,0.0
test_121,val,8,Tumor,Tumor,0.9971087574958801,0.5915100904662491
test_122,val,8,Tumor,Tumor,0.9851107597351074,0.2521613832853026
test_123,val,8,Normal,Tumor,0.774819552898407,0.0
test_124,val,8,Normal,Normal,0.23419058322906494,0.0
test_125,val,8,Normal,Normal,0.10088822990655899,0.0
test_126,val,8,Normal,Tumor,0.6602303385734558,0.0
test_127,val,8,Normal,Tumor,0.7638159394264221,0.0
test_128,val,8,Normal,Normal,0.03535723313689232,0.0
test_129,val,8,Normal,Normal,0.024043995887041092,0.0
test_130,val,8,Normal,Normal,0.03368354216217995,0.0
normal_001,val,9,Normal,Normal,0.08462998270988464,0.0
normal_002,val,9,Normal,Normal,0.012966218404471874,0.0
normal_003,val,9,Normal,Normal,0.07556906342506409,0.0
normal_004,val,9,Normal,Normal,0.051858361810445786,0.0
normal_005,val,9,Normal,Normal,0.07416091859340668,0.0
normal_006,val,9,Normal,Tumor,0.5617856383323669,0.0
normal_007,val,9,Normal,Tumor,0.9586343169212341,0.0
normal_008,val,9,Normal,Normal,0.356769859790802,0.0
normal_009,val,9,Normal,Normal,0.3402363955974579,0.0
normal_010,val,9,Normal,Normal,0.38778814673423767,0.0
normal_011,val,9,Normal,Tumor,0.6498913764953613,0.0
normal_012,val,9,Normal,Normal,0.10495179891586304,0.0
normal_013,val,9,Normal,Normal,0.044914375990629196,0.0
normal_014,val,9,Normal,Normal,0.10016156733036041,0.0
normal_015,val,9,Normal,Tumor,0.5128746032714844,0.0
normal_016,val,9,Normal,Normal,0.03819259628653526,0.0
normal_017,val,9,Normal,Normal,0.44799914956092834,0.0
normal_019,val,9,Normal,Normal,0.024707721546292305,0.0
normal_020,val,9,Normal,Normal,0.03718995302915573,0.0
normal_021,val,9,Normal,Normal,0.06950268894433975,0.0
normal_022,val,9,Normal,Tumor,0.7229713201522827,0.0
normal_023,val,9,Normal,Normal,0.012845558114349842,0.0
normal_024,val,9,Normal,Normal,0.06770682334899902,0.0
normal_025,val,9,Normal,Normal,0.3689734935760498,0.0
normal_026,val,9,Normal,Normal,0.07575254887342453,0.0
normal_027,val,9,Normal,Normal,0.03924147039651871,0.0
normal_028,val,9,Normal,Normal,0.3718738853931427,0.0
normal_029,val,9,Normal,Tumor,0.6637366414070129,0.0
normal_030,val,9,Normal,Normal,0.13602778315544128,0.0
normal_031,val,9,Normal,Normal,0.4509350061416626,0.0
normal_033,val,9,Normal,Normal,0.11989454180002213,0.0
normal_034,val,9,Normal,Tumor,0.6497025489807129,0.0
normal_035,val,9,Normal,Tumor,0.9069792032241821,0.0
normal_036,val,9,Normal,Normal,0.29421359300613403,0.0
normal_037,val,9,Normal,Normal,0.18250605463981628,0.0
normal_038,val,9,Normal,Normal,0.017329951748251915,0.0
normal_039,val,9,Normal,Normal,0.473063588142395,0.0
normal_041,val,9,Normal,Normal,0.2415989339351654,0.0
normal_042,val,9,Normal,Normal,0.016992300748825073,0.0
normal_043,val,9,Normal,Tumor,0.8461984395980835,0.0
normal_044,val,9,Normal,Normal,0.15731894969940186,0.0
normal_046,val,9,Normal,Tumor,0.9604443311691284,0.0
normal_047,val,9,Normal,Tumor,0.5286203622817993,0.0
normal_048,val,9,Normal,Tumor,0.8174635171890259,0.0
normal_049,val,9,Normal,Tumor,0.7431858777999878,0.0
normal_050,val,9,Normal,Normal,0.48090052604675293,0.0
normal_051,val,9,Normal,Normal,0.0517783984541893,0.0
normal_052,val,9,Normal,Tumor,0.5856624841690063,0.0
normal_053,val,9,Normal,Tumor,0.8388752341270447,0.0
normal_055,val,9,Normal,Normal,0.43076789379119873,0.0
normal_056,val,9,Normal,Normal,0.13306498527526855,0.0
normal_057,val,9,Normal,Normal,0.12030592560768127,0.0
normal_058,val,9,Normal,Normal,0.15299443900585175,0.0
normal_059,val,9,Normal,Normal,0.0020240922458469868,0.0
normal_060,val,9,Normal,Tumor,0.9014735221862793,0.0
normal_062,val,9,Normal,Normal,0.05598007142543793,0.0
normal_063,val,9,Normal,Tumor,0.9449725151062012,0.0
normal_064,val,9,Normal,Tumor,0.9396289587020874,0.0
normal_065,val,9,Normal,Normal,0.13889819383621216,0.0
normal_066,val,9,Normal,Normal,0.16976593434810638,0.0
normal_067,val,9,Normal,Normal,0.03914739564061165,0.0
normal_068,val,9,Normal,Normal,0.3731403052806854,0.0
normal_069,val,9,Normal,Normal,0.09288783371448517,0.0
normal_070,val,9,Normal,Normal,0.16640497744083405,0.0
normal_071,val,9,Normal,Normal,0.17597174644470215,0.0
normal_073,val,9,Normal,Normal,0.07843246310949326,0.0
normal_074,val,9,Normal,Normal,0.3677958846092224,0.0
normal_075,val,9,Normal,Normal,0.022416118532419205,0.0
normal_076,val,9,Normal,Normal,0.17284558713436127,0.0
normal_077,val,9,Normal,Normal,0.22979402542114258,0.0
normal_078,val,9,Normal,Normal,0.24450549483299255,0.0
normal_079,val,9,Normal,Tumor,0.518582820892334,0.0
normal_080,val,9,Normal,Normal,0.19659896194934845,0.0
normal_081,val,9,Normal,Normal,0.030086738988757133,0.0
normal_082,val,9,Normal,Normal,0.39729106426239014,0.0
normal_083,val,9,Normal,Tumor,0.6600897908210754,0.0
normal_084,val,9,Normal,Normal,0.4835865795612335,0.0
normal_085,val,9,Normal,Normal,0.1278364509344101,0.0
normal_087,val,9,Normal,Tumor,0.6732569336891174,0.0
normal_088,val,9,Normal,Tumor,0.5364101529121399,0.0
normal_089,val,9,Normal,Tumor,0.5088831782341003,0.0
normal_090,val,9,Normal,Tumor,0.5044463872909546,0.0
normal_091,val,9,Normal,Normal,0.2948439121246338,0.0
normal_092,val,9,Normal,Normal,0.18247731029987335,0.0
normal_093,val,9,Normal,Normal,0.06639618426561356,0.0
normal_094,val,9,Normal,Tumor,0.8682066798210144,0.0
normal_095,val,9,Normal,Normal,0.09759413450956345,0.0
normal_096,val,9,Normal,Tumor,0.9747161269187927,0.0
normal_097,val,9,Normal,Normal,0.17518901824951172,0.0
normal_098,val,9,Normal,Tumor,0.6441975831985474,0.0
normal_099,val,9,Normal,Normal,0.053600460290908813,0.0
normal_100,val,9,Normal,Normal,0.21394950151443481,0.0
normal_101,val,9,Normal,Normal,0.061282701790332794,0.0
normal_102,val,9,Normal,Normal,0.10019057244062424,0.0
normal_103,val,9,Normal,Normal,0.2644956409931183,0.0
normal_104,val,9,Normal,Normal,0.39130792021751404,0.0
normal_105,val,9,Normal,Normal,0.3735414743423462,0.0
normal_106,val,9,Normal,Normal,0.1256485879421234,0.0
normal_107,val,9,Normal,Normal,0.3060224950313568,0.0
normal_108,val,9,Normal,Normal,0.10354015976190567,0.0
normal_109,val,9,Normal,Normal,0.3132495582103729,0.0
normal_110,val,9,Normal,Normal,0.2644747197628021,0.0
normal_111,val,9,Normal,Normal,0.33058080077171326,0.0
normal_112,val,9,Normal,Normal,0.4587101638317108,0.0
normal_113,val,9,Normal,Normal,0.4189160466194153,0.0
normal_114,val,9,Normal,Tumor,0.857217013835907,0.0
normal_115,val,9,Normal,Normal,0.21693377196788788,0.0
normal_116,val,9,Normal,Normal,0.38725653290748596,0.0
normal_117,val,9,Normal,Tumor,0.9922163486480713,0.0
normal_118,val,9,Normal,Tumor,0.7146279811859131,0.0
normal_119,val,9,Normal,Normal,0.17398867011070251,0.0
normal_120,val,9,Normal,Tumor,0.8519434928894043,0.0
normal_121,val,9,Normal,Normal,0.25184008479118347,0.0
normal_122,val,9,Normal,Normal,0.07353140413761139,0.0
normal_123,val,9,Normal,Tumor,0.5253837704658508,0.0
normal_124,val,9,Normal,Tumor,0.6493414044380188,0.0
normal_125,val,9,Normal,Tumor,0.9121003746986389,0.0
normal_126,val,9,Normal,Normal,0.3938656449317932,0.0
normal_127,val,9,Normal,Normal,0.013771667145192623,0.0
normal_128,val,9,Normal,Normal,0.2528064548969269,0.0
normal_129,val,9,Normal,Normal,0.2957368791103363,0.0
normal_130,val,9,Normal,Normal,0.4068988859653473,0.0
normal_131,val,9,Normal,Normal,0.26687049865722656,0.0
normal_132,val,9,Normal,Normal,0.26317569613456726,0.0
normal_133,val,9,Normal,Normal,0.48006969690322876,0.0
normal_134,val,9,Normal,Normal,0.0021157516166567802,0.0
normal_135,val,9,Normal,Normal,0.46822330355644226,0.0
normal_137,val,9,Normal,Tumor,0.9323666095733643,0.0
normal_138,val,9,Normal,Normal,0.003591482760384679,0.0
normal_139,val,9,Normal,Normal,0.18062834441661835,0.0
normal_141,val,9,Normal,Normal,0.04283011332154274,0.0
normal_142,val,9,Normal,Normal,0.3875044882297516,0.0
normal_143,val,9,Normal,Tumor,0.6622825264930725,0.0
normal_144,val,9,Normal,Tumor,0.9674765467643738,0.0
normal_145,val,9,Normal,Normal,0.48193514347076416,0.0
normal_146,val,9,Normal,Normal,0.2345762997865677,0.0
normal_147,val,9,Normal,Normal,0.2129996418952942,0.0
normal_148,val,9,Normal,Normal,0.3223034143447876,0.0
normal_149,val,9,Normal,Normal,0.37095072865486145,0.0
normal_150,val,9,Normal,Normal,0.13667301833629608,0.0
normal_151,val,9,Normal,Tumor,0.9188231229782104,0.0
normal_152,val,9,Normal,Tumor,0.5220697522163391,0.0
normal_153,val,9,Normal,Tumor,0.6047261953353882,0.0
normal_154,val,9,Normal,Normal,0.25420671701431274,0.0
normal_156,val,9,Normal,Normal,0.19674964249134064,0.0
normal_157,val,9,Normal,Tumor,0.508217990398407,0.0
normal_158,val,9,Normal,Normal,0.012588990852236748,0.0
normal_159,val,9,Normal,Normal,0.15619999170303345,0.0
normal_160,val,9,Normal,Normal,0.34898608922958374,0.0
tumor_002,val,9,Tumor,Normal,0.46792957186698914,0.0375798571965426
tumor_003,val,9,Tumor,Tumor,0.9495532512664795,0.2224340641881156
tumor_004,val,9,Tumor,Normal,0.1008419543504715,0.667302192564347
tumor_005,val,9,Tumor,Tumor,0.8210359215736389,0.2349256068911511
tumor_006,val,9,Tumor,Normal,0.10691294074058533,0.0356760613628255
tumor_007,val,9,Tumor,Tumor,0.8588323593139648,0.1017639077340569
tumor_008,val,9,Tumor,Tumor,0.7280364632606506,0.0
tumor_009,val,9,Tumor,Tumor,1.0,16.618437370814387
tumor_010,val,9,Tumor,Normal,0.4842890799045563,0.0
tumor_011,val,9,Tumor,Tumor,0.9999996423721313,4.91358024691358
tumor_012,val,9,Tumor,Normal,0.09263958781957626,0.0544959128065395
tumor_013,val,9,Tumor,Normal,0.498349666595459,0.3076923076923077
tumor_014,val,9,Tumor,Tumor,0.9952217936515808,1.6724053123462863
tumor_015,val,9,Tumor,Tumor,0.9990704655647278,0.1716604244694132
tumor_016,val,9,Tumor,Tumor,0.9999997615814209,9.478970495919649
tumor_017,val,9,Tumor,Normal,0.19186711311340332,0.0
tumor_018,val,9,Tumor,Tumor,0.9999991655349731,0.9770603228547152
tumor_020,val,9,Tumor,Tumor,1.0,1.3857218031924223
tumor_021,val,9,Tumor,Tumor,0.9988601207733154,0.630297761356227
tumor_022,val,9,Tumor,Tumor,0.999175488948822,0.0998253057149987
tumor_023,val,9,Tumor,Tumor,0.9314113259315491,0.05
tumor_026,val,9,Tumor,Tumor,0.9998891353607178,10.99199542595769
tumor_027,val,9,Tumor,Tumor,0.5382755398750305,0.0447127207690588
tumor_028,val,9,Tumor,Tumor,0.7480950355529785,0.0347101700798333
tumor_029,val,9,Tumor,Tumor,0.9999351501464844,0.9448515233320478
tumor_031,val,9,Tumor,Tumor,0.999998927116394,8.194343727338651
tumor_032,val,9,Tumor,Tumor,0.7633330225944519,0.0844059928254906
tumor_033,val,9,Tumor,Tumor,1.0,1.970350910114468
tumor_034,val,9,Tumor,Tumor,0.9999963045120239,4.166666666666667
tumor_035,val,9,Tumor,Normal,0.2847605049610138,0.0507614213197969
tumor_036,val,9,Tumor,Tumor,0.9980021119117737,1.5802269043760129
tumor_037,val,9,Tumor,Tumor,0.9992650151252747,0.5393180236604036
tumor_038,val,9,Tumor,Tumor,1.0,3.099510603588907
tumor_039,val,9,Tumor,Tumor,1.0,5.697674418604652
tumor_040,val,9,Tumor,Tumor,0.924871563911438,0.0212675457252233
tumor_041,val,9,Tumor,Tumor,0.8947314023971558,0.045526974732529
tumor_042,val,9,Tumor,Tumor,0.9995688796043396,0.8340113913751017
tumor_043,val,9,Tumor,Normal,0.12205924838781357,0.0
tumor_044,val,9,Tumor,Tumor,0.9999998807907104,27.64403570462537
tumor_045,val,9,Tumor,Tumor,0.9504169225692749,0.2795899347623485
tumor_046,val,9,Tumor,Tumor,0.9999998807907104,14.24847958297133
tumor_047,val,9,Tumor,Tumor,1.0,13.118527042577677
tumor_048,val,9,Tumor,Tumor,0.6099717020988464,0.037821482602118
tumor_049,val,9,Tumor,Normal,0.09203660488128662,0.0899820035992801
tumor_050,val,9,Tumor,Normal,0.4261699914932251,0.155902004454343
tumor_051,val,9,Tumor,Tumor,0.9997795224189758,1.7123954076668613
tumor_052,val,9,Tumor,Tumor,0.9974730610847473,1.4260768335273577
tumor_053,val,9,Tumor,Tumor,0.7150434255599976,0.0315059861373661
tumor_054,val,9,Tumor,Tumor,0.9999982118606567,24.94393651888908
tumor_055,val,9,Tumor,Tumor,0.9999997615814209,11.261816687217427
tumor_057,val,9,Tumor,Normal,0.4516598582267761,0.0851788756388415
tumor_059,val,9,Tumor,Normal,0.10733748972415924,0.0873362445414847
tumor_060,val,9,Tumor,Normal,0.4094151556491852,0.0
tumor_061,val,9,Tumor,Tumor,0.99986732006073,2.5535207634769157
tumor_062,val,9,Tumor,Tumor,0.9997093081474304,0.8601553829078802
tumor_063,val,9,Tumor,Normal,0.49970105290412903,0.0132643586682583
tumor_064,val,9,Tumor,Tumor,0.9999703168869019,4.073383084577115
tumor_065,val,9,Tumor,Normal,0.16102717816829681,0.0973709834469328
tumor_066,val,9,Tumor,Tumor,0.5191190242767334,0.0
tumor_067,val,9,Tumor,Tumor,0.6042822003364563,0.0
tumor_068,val,9,Tumor,Tumor,0.9999998807907104,4.937486755668574
tumor_069,val,9,Tumor,Tumor,0.6805177330970764,0.2581477896095515
tumor_070,val,9,Tumor,Normal,0.2927941083908081,0.0269832703723691
tumor_071,val,9,Tumor,Tumor,0.9999995231628418,1.3419713095788988
tumor_072,val,9,Tumor,Tumor,1.0,1.9753086419753083
tumor_073,val,9,Tumor,Tumor,0.999995231628418,0.1549053356282272
tumor_074,val,9,Tumor,Tumor,0.9999995231628418,0.1306457633445315
tumor_075,val,9,Tumor,Tumor,0.995469331741333,1.4255383682135274
tumor_076,val,9,Tumor,Tumor,1.0,39.84681154257214
tumor_077,val,9,Tumor,Tumor,0.9967255592346191,0.1979805979014056
tumor_078,val,9,Tumor,Tumor,1.0,19.859961807765757
tumor_079,val,9,Tumor,Tumor,1.0,0.4898359049718344
tumor_080,val,9,Tumor,Tumor,0.9702466726303101,0.0646725949878739
tumor_082,val,9,Tumor,Tumor,0.9987921118736267,8.661997788426097
tumor_083,val,9,Tumor,Tumor,0.9693377017974854,0.6153846153846154
tumor_084,val,9,Tumor,Tumor,0.9999923706054688,1.4640638864241349
tumor_085,val,9,Tumor,Tumor,1.0,15.891741845940318
tumor_086,val,9,Tumor,Normal,0.24973946809768677,0.028604118993135
tumor_087,val,9,Tumor,Tumor,0.9026622176170349,0.0828271673108779
tumor_088,val,9,Tumor,Tumor,0.9999995231628418,3.5076795350767958
tumor_089,val,9,Tumor,Tumor,1.0,17.817324185248715
tumor_090,val,9,Tumor,Tumor,1.0,3.051126992853216
tumor_091,val,9,Tumor,Tumor,0.9999994039535522,3.3682634730538923
tumor_092,val,9,Tumor,Tumor,0.8379812836647034,0.1994813484939158
tumor_093,val,9,Tumor,Normal,0.38745740056037903,0.1205545509342977
tumor_094,val,9,Tumor,Tumor,0.9964146614074707,1.1533107973752237
tumor_095,val,9,Tumor,Tumor,1.0,9.094804499196572
tumor_096,val,9,Tumor,Tumor,0.9813343286514282,0.6086266207991532
tumor_097,val,9,Tumor,Tumor,0.9962652325630188,0.0172532781228433
tumor_099,val,9,Tumor,Tumor,0.9999990463256836,0.3459409594095941
tumor_100,val,9,Tumor,Tumor,0.9944494962692261,0.1020929045431342
tumor_101,val,9,Tumor,Tumor,0.9999998807907104,5.8042605742513125
tumor_104,val,9,Tumor,Tumor,0.9999994039535522,1.4397120575884823
tumor_105,val,9,Tumor,Tumor,0.9999827146530151,1.9146482122260668
tumor_107,val,9,Tumor,Tumor,0.999468982219696,0.1149425287356321
tumor_108,val,9,Tumor,Tumor,0.9999862909317017,0.9541397353031702
tumor_109,val,9,Tumor,Tumor,1.0,2.2341745966073643
tumor_110,val,9,Tumor,Tumor,1.0,30.696969696969692
tumor_111,val,9,Tumor,Tumor,0.9998986721038818,0.2079482439926062
test_001,val,9,Tumor,Tumor,0.9999998807907104,2.2790697674418605
test_002,val,9,Tumor,Tumor,0.9746266007423401,1.0288653901114604
test_003,val,9,Normal,Normal,0.14139507710933685,0.0
test_004,val,9,Tumor,Normal,0.4381725490093231,0.0
test_005,val,9,Normal,Normal,0.12246601283550262,0.0
test_006,val,9,Normal,Tumor,0.8763282299041748,0.0
test_007,val,9,Normal,Tumor,0.6150140166282654,0.0
test_008,val,9,Tumor,Tumor,0.9090659618377686,0.0152091254752851
test_009,val,9,Normal,Normal,0.09080836921930313,0.0
test_011,val,9,Tumor,Normal,0.007892809808254242,0.0
test_012,val,9,Normal,Normal,0.12487666308879852,0.0
test_013,val,9,Tumor,Normal,0.32900676131248474,0.08130081300813
test_014,val,9,Normal,Normal,0.09394731372594833,0.0
test_015,val,9,Normal,Normal,0.2936616837978363,0.0
test_016,val,9,Tumor,Tumor,1.0,10.554649265905384
test_017,val,9,Normal,Tumor,0.5786051154136658,0.0
test_018,val,9,Normal,Normal,0.266938716173172,0.0
test_019,val,9,Normal,Normal,0.34093332290649414,0.0
test_020,val,9,Normal,Tumor,0.8000591993331909,0.0
test_021,val,9,Tumor,Tumor,1.0,52.2167487684729
test_022,val,9,Normal,Normal,0.4728558361530304,0.0
test_023,val,9,Normal,Tumor,0.7554599642753601,0.0
test_024,val,9,Normal,Tumor,0.5102417469024658,0.0
test_025,val,9,Normal,Normal,0.3899625539779663,0.0
test_026,val,9,Tumor,Tumor,0.9999996423721313,4.99304105775922
test_027,val,9,Tumor,Tumor,0.997367799282074,1.5288394718554552
test_029,val,9,Tumor,Normal,0.30328547954559326,0.0895656068069861
test_030,val,9,Tumor,Tumor,0.9653394818305969,0.2566923359002567
test_032,val,9,Normal,Normal,0.39951807260513306,0.0
test_033,val,9,Tumor,Tumor,0.737639307975769,0.0189089533894298
test_034,val,9,Normal,Normal,0.1775510609149933,0.0
test_035,val,9,Normal,Tumor,0.7395080327987671,0.0
test_036,val,9,Normal,Normal,0.22261083126068115,0.0
test_038,val,9,Tumor,Tumor,0.8853430151939392,0.2326483132997285
test_039,val,9,Normal,Normal,0.013031045906245708,0.0
test_041,val,9,Normal,Normal,0.2693815529346466,0.0
test_042,val,9,Normal,Tumor,0.8799945712089539,0.0
test_043,val,9,Normal,Normal,0.09684175997972488,0.0
test_044,val,9,Normal,Normal,0.07928936183452606,0.0
test_045,val,9,Normal,Tumor,0.7801416516304016,0.0
test_046,val,9,Tumor,Tumor,0.7943243980407715,0.0552181115405853
test_047,val,9,Normal,Normal,0.12183740735054016,0.0
test_048,val,9,Tumor,Tumor,0.8293234705924988,0.0978665100802505
test_050,val,9,Normal,Normal,0.24984417855739594,0.0
test_052,val,9,Tumor,Tumor,0.7303732633590698,0.0487567040468064
test_053,val,9,Normal,Normal,0.25494545698165894,0.0
test_054,val,9,Normal,Normal,0.12832500040531158,0.0
test_055,val,9,Normal,Normal,0.24558258056640625,0.0
test_056,val,9,Normal,Normal,0.1724216789007187,0.0
test_057,val,9,Normal,Normal,0.26526981592178345,0.0
test_059,val,9,Normal,Normal,0.18313422799110413,0.0
test_060,val,9,Normal,Normal,0.012765605002641678,0.0
test_061,val,9,Tumor,Tumor,0.9998325109481812,0.6552262090483619
test_062,val,9,Normal,Tumor,0.7674856781959534,0.0
test_063,val,9,Normal,Normal,0.07243379205465317,0.0
test_064,val,9,Tumor,Tumor,0.9125856757164001,0.0720980533525594
test_065,val,9,Tumor,Normal,0.1043531745672226,0.1262626262626262
test_066,val,9,Tumor,Normal,0.3804858922958374,0.0517866390471258
test_067,val,9,Normal,Normal,0.06260891258716583,0.0
test_068,val,9,Tumor,Tumor,0.9999998807907104,3.155339805825242
test_069,val,9,Tumor,Tumor,0.9999450445175171,0.2094789211835559
test_070,val,9,Normal,Normal,0.04828253388404846,0.0
test_071,val,9,Tumor,Tumor,1.0,4.893403920446416
test_072,val,9,Normal,Normal,0.06776614487171173,0.0
test_073,val,9,Tumor,Tumor,0.9999986886978149,13.865284974093264
test_074,val,9,Tumor,Tumor,0.9868799448013306,0.1355748373101952
test_075,val,9,Tumor,Tumor,1.0,3.189493433395872
test_076,val,9,Normal,Tumor,0.7275009155273438,0.0
test_077,val,9,Normal,Normal,0.44666215777397156,0.0
test_078,val,9,Normal,Normal,0.22532910108566284,0.0
test_079,val,9,Tumor,Tumor,0.9113432168960571,0.4285714285714285
test_080,val,9,Normal,Normal,0.28055450320243835,0.0
test_081,val,9,Normal,Tumor,0.8054404854774475,0.0
test_082,val,9,Tumor,Tumor,0.9999645948410034,1.7209729233593392
test_083,val,9,Normal,Tumor,0.8475209474563599,0.0
test_084,val,9,Tumor,Normal,0.38005197048187256,0.2335084646818447
test_085,val,9,Normal,Tumor,0.8471505641937256,0.0
test_086,val,9,Normal,Tumor,0.5339264869689941,0.0
test_087,val,9,Normal,Normal,0.20287975668907166,0.0
test_088,val,9,Normal,Normal,0.12463462352752686,0.0
test_089,val,9,Normal,Normal,0.024075156077742577,0.0
test_090,val,9,Tumor,Tumor,0.9999998807907104,34.18817118127905
test_091,val,9,Normal,Tumor,0.7399283051490784,0.0
test_092,val,9,Tumor,Tumor,0.9999932050704956,0.2054895053574049
test_094,val,9,Tumor,Tumor,1.0,1.955614150736102
test_095,val,9,Normal,Tumor,0.7314776182174683,0.0
test_096,val,9,Normal,Tumor,0.8444998860359192,0.0
test_097,val,9,Tumor,Normal,0.2969151735305786,0.0
test_098,val,9,Normal,Tumor,0.6740569472312927,0.0
test_099,val,9,Tumor,Tumor,0.7574915289878845,0.0
test_100,val,9,Normal,Normal,0.059290334582328796,0.0
test_101,val,9,Normal,Normal,0.3550414443016052,0.0
test_102,val,9,Tumor,Tumor,0.999964714050293,0.121334681496461
test_103,val,9,Normal,Normal,0.11219583451747894,0.0
test_104,val,9,Tumor,Tumor,0.999883770942688,1.3926084627745046
test_107,val,9,Normal,Normal,0.1277485489845276,0.0
test_108,val,9,Tumor,Tumor,0.9999986886978149,0.5213270142180095
test_109,val,9,Normal,Normal,0.22746542096138,0.0
test_110,val,9,Tumor,Normal,0.3023528754711151,0.0
test_111,val,9,Normal,Normal,0.05612585321068764,0.0
test_112,val,9,Normal,Tumor,0.8941525220870972,0.0
test_113,val,9,Tumor,Tumor,1.0,24.304783092324804
test_114,val,9,Tumor,Tumor,1.0,32.49844752639205
test_115,val,9,Normal,Normal,0.12756338715553284,0.0
test_116,val,9,Tumor,Normal,0.2677382528781891,0.0
test_117,val,9,Tumor,Normal,0.10179836302995682,0.0
test_118,val,9,Normal,Normal,0.2616828680038452,0.0
test_119,val,9,Normal,Normal,0.17270620167255402,0.0
test_120,val,9,Normal,Tumor,0.677553117275238,0.0
test_121,val,9,Tumor,Tumor,0.9933751225471497,0.5915100904662491
test_122,val,9,Tumor,Tumor,0.9997574687004089,0.2521613832853026
test_123,val,9,Normal,Tumor,0.7288436889648438,0.0
test_124,val,9,Normal,Normal,0.19240832328796387,0.0
test_125,val,9,Normal,Normal,0.26614880561828613,0.0
test_126,val,9,Normal,Tumor,0.5403721332550049,0.0
test_127,val,9,Normal,Normal,0.48275279998779297,0.0
test_128,val,9,Normal,Normal,0.21542689204216003,0.0
test_129,val,9,Normal,Normal,0.04518544301390648,0.0
test_130,val,9,Normal,Normal,0.077789306640625,0.0
